timestamp,protocol,run_id,position_in_run,sample_index,worker_pid,worker_cpu_percent,worker_rss_bytes,mosquitto_pid,mosquitto_cpu_percent,mosquitto_rss_bytes,system_cpu_percent
2026-09-05T23:53:09.388333,http,1,1,1,56338,34.900,26509312,52701,0.000,8798208,10.100
2026-09-05T23:53:09.588700,http,1,1,2,56338,5.000,26509312,52701,0.000,8798208,0.000
2026-09-05T23:53:09.789045,http,1,1,3,56338,0.000,26509312,52701,0.000,8798208,0.000
2026-09-05T23:53:09.989381,http,1,1,4,56338,0.000,26509312,52701,0.000,8798208,0.000
2026-09-05T23:53:10.189687,http,1,1,5,56338,0.000,26509312,52701,0.000,8798208,1.200
2026-09-05T23:53:10.389972,http,1,1,6,56338,0.000,26509312,52701,0.000,8798208,0.000
2026-09-05T23:53:10.590236,http,1,1,7,56338,0.000,26509312,52701,0.000,8798208,0.000
2026-09-05T23:53:10.790592,http,1,1,8,56338,0.000,26509312,52701,0.000,8798208,0.000
2026-09-05T23:53:10.990950,http,1,1,9,56338,0.000,26509312,52701,0.000,8798208,1.200
2026-09-05T23:53:11.191279,http,1,1,10,56338,0.000,26509312,52701,0.000,8798208,0.000
2026-09-05T23:53:11.391599,http,1,1,11,56338,0.000,26509312,52701,0.000,8798208,0.000
2026-09-05T23:53:11.591909,http,1,1,12,56338,0.000,26509312,52701,0.000,8798208,0.000
2026-09-05T23:53:11.792276,http,1,1,13,56338,0.000,26509312,52701,0.000,8798208,0.000
2026-09-05T23:53:11.992623,http,1,1,14,56338,0.000,26509312,52701,0.000,8798208,0.000
2026-09-05T23:53:12.192948,http,1,1,15,56338,0.000,26509312,52701,0.000,8798208,0.000
2026-09-05T23:53:12.393262,http,1,1,16,56338,0.000,26509312,52701,0.000,8798208,0.000
2026-09-05T23:53:12.593560,http,1,1,17,56338,0.000,26509312,52701,0.000,8798208,0.000
2026-09-05T23:53:12.793919,http,1,1,18,56338,0.000,26509312,52701,0.000,8798208,0.000
2026-09-05T23:53:12.994256,http,1,1,19,56338,0.000,26509312,52701,0.000,8798208,0.000
2026-09-05T23:53:13.194577,http,1,1,20,56338,0.000,26509312,52701,0.000,8798208,0.000
2026-09-05T23:53:13.394900,http,1,1,21,56338,0.000,26509312,52701,0.000,8798208,1.200
2026-09-05T23:53:13.595202,http,1,1,22,56338,0.000,26525696,52701,0.000,8798208,0.000
2026-09-05T23:53:13.795560,http,1,1,23,56338,0.000,26525696,52701,0.000,8798208,0.000
2026-09-05T23:53:13.995895,http,1,1,24,56338,0.000,26525696,52701,0.000,8798208,0.000
2026-09-05T23:53:14.196308,http,1,1,25,56338,0.000,26525696,52701,0.000,8798208,0.000
2026-09-05T23:53:14.396737,http,1,1,26,56338,0.000,26525696,52701,0.000,8798208,0.000
2026-09-05T23:53:14.597142,http,1,1,27,56338,0.000,26525696,52701,0.000,8798208,0.000
2026-09-05T23:53:14.797608,http,1,1,28,56338,0.000,26525696,52701,0.000,8798208,0.000
2026-09-05T23:53:14.998064,http,1,1,29,56338,0.000,26525696,52701,0.000,8798208,0.000
2026-09-05T23:53:15.198490,http,1,1,30,56338,0.000,26525696,52701,0.000,8798208,0.000
2026-09-05T23:53:15.398912,http,1,1,31,56338,0.000,26525696,52701,0.000,8798208,0.000
2026-09-05T23:53:15.599314,http,1,1,32,56338,0.000,26525696,52701,0.000,8798208,0.000
2026-09-05T23:53:15.799789,http,1,1,33,56338,5.000,26525696,52701,0.000,8798208,0.000
2026-09-05T23:53:16.000263,http,1,1,34,56338,0.000,26525696,52701,0.000,8798208,0.000
2026-09-05T23:53:16.200697,http,1,1,35,56338,0.000,26525696,52701,0.000,8798208,0.000
2026-09-05T23:53:16.401110,http,1,1,36,56338,0.000,26525696,52701,0.000,8798208,0.000
2026-09-05T23:53:16.601513,http,1,1,37,56338,0.000,26525696,52701,0.000,8798208,0.000
2026-09-05T23:53:16.801986,http,1,1,38,56338,0.000,26525696,52701,0.000,8798208,0.000
2026-09-05T23:53:17.002415,http,1,1,39,56338,0.000,26525696,52701,0.000,8798208,0.000
2026-09-05T23:53:17.202837,http,1,1,40,56338,0.000,26525696,52701,0.000,8798208,1.200
2026-09-05T23:53:17.403262,http,1,1,41,56338,0.000,26525696,52701,0.000,8798208,0.000
2026-09-05T23:53:17.603667,http,1,1,42,56338,0.000,26542080,52701,0.000,8798208,0.000
2026-09-05T23:53:17.804145,http,1,1,43,56338,0.000,26542080,52701,0.000,8798208,0.000
2026-09-05T23:53:18.004598,http,1,1,44,56338,0.000,26542080,52701,0.000,8798208,0.000
2026-09-05T23:53:18.205053,http,1,1,45,56338,0.000,26542080,52701,0.000,8798208,0.000
2026-09-05T23:53:18.405488,http,1,1,46,56338,0.000,26542080,52701,0.000,8798208,0.000
2026-09-05T23:53:18.605909,http,1,1,47,56338,0.000,26542080,52701,0.000,8798208,0.000
2026-09-05T23:53:18.806393,http,1,1,48,56338,0.000,26542080,52701,0.000,8798208,0.000
2026-09-05T23:53:19.006841,http,1,1,49,56338,0.000,26542080,52701,0.000,8798208,0.000
2026-09-05T23:53:19.207245,http,1,1,50,56338,0.000,26542080,52701,0.000,8798208,0.000
2026-09-05T23:53:19.407645,http,1,1,51,56338,0.000,26542080,52701,0.000,8798208,0.000
2026-09-05T23:53:19.608056,http,1,1,52,56338,0.000,26542080,52701,0.000,8798208,0.000
2026-09-05T23:53:19.808547,http,1,1,53,56338,0.000,26542080,52701,0.000,8798208,0.000
2026-09-05T23:53:20.009001,http,1,1,54,56338,0.000,26542080,52701,0.000,8798208,0.000
2026-09-05T23:53:20.209431,http,1,1,55,56338,0.000,26542080,52701,0.000,8798208,0.000
2026-09-05T23:53:20.409840,http,1,1,56,56338,0.000,26542080,52701,0.000,8798208,0.000
2026-09-05T23:53:20.610244,http,1,1,57,56338,0.000,26542080,52701,0.000,8798208,0.000
2026-09-05T23:53:20.810737,http,1,1,58,56338,5.000,26542080,52701,0.000,8798208,1.200
2026-09-05T23:53:21.011186,http,1,1,59,56338,0.000,26542080,52701,0.000,8798208,0.000
2026-09-05T23:53:21.211578,http,1,1,60,56338,0.000,26542080,52701,0.000,8798208,0.000
2026-09-05T23:53:21.411942,http,1,1,61,56338,0.000,26558464,52701,0.000,8798208,0.000
2026-09-05T23:53:21.612292,http,1,1,62,56338,0.000,26558464,52701,0.000,8798208,0.000
2026-09-05T23:53:21.812706,http,1,1,63,56338,0.000,26558464,52701,0.000,8798208,1.200
2026-09-05T23:53:22.013129,http,1,1,64,56338,0.000,26558464,52701,0.000,8798208,0.000
2026-09-05T23:53:22.213508,http,1,1,65,56338,0.000,26558464,52701,0.000,8798208,0.000
2026-09-05T23:53:22.413864,http,1,1,66,56338,0.000,26558464,52701,0.000,8798208,0.000
2026-09-05T23:53:22.614218,http,1,1,67,56338,0.000,26558464,52701,0.000,8798208,0.000
2026-09-05T23:53:22.814667,http,1,1,68,56338,0.000,26558464,52701,0.000,8798208,0.000
2026-09-05T23:53:23.015105,http,1,1,69,56338,0.000,26558464,52701,0.000,8798208,0.000
2026-09-05T23:53:23.215479,http,1,1,70,56338,0.000,26558464,52701,0.000,8798208,0.000
2026-09-05T23:53:23.415831,http,1,1,71,56338,0.000,26558464,52701,0.000,8798208,0.000
2026-09-05T23:53:23.616170,http,1,1,72,56338,0.000,26558464,52701,0.000,8798208,0.000
2026-09-05T23:53:23.816578,http,1,1,73,56338,0.000,26558464,52701,0.000,8798208,1.200
2026-09-05T23:53:24.017006,http,1,1,74,56338,0.000,26558464,52701,0.000,8798208,0.000
2026-09-05T23:53:24.217413,http,1,1,75,56338,0.000,26558464,52701,0.000,8798208,0.000
2026-09-05T23:53:24.417812,http,1,1,76,56338,0.000,26558464,52701,0.000,8798208,0.000
2026-09-05T23:53:24.618213,http,1,1,77,56338,0.000,26558464,52701,0.000,8798208,0.000
2026-09-05T23:53:24.818703,http,1,1,78,56338,0.000,26558464,52701,0.000,8798208,0.000
2026-09-05T23:53:25.019176,http,1,1,79,56338,0.000,26558464,52701,0.000,8798208,0.000
2026-09-05T23:53:25.219604,http,1,1,80,56338,0.000,26558464,52701,0.000,8798208,0.000
2026-09-05T23:53:25.420009,http,1,1,81,56338,0.000,26558464,52701,0.000,8798208,1.200
2026-09-05T23:53:25.620396,http,1,1,82,56338,0.000,26558464,52701,0.000,8798208,0.000
2026-09-05T23:53:25.820863,http,1,1,83,56338,0.000,26558464,52701,0.000,8798208,0.000
2026-09-05T23:53:26.021307,http,1,1,84,56338,5.000,26558464,52701,0.000,8798208,0.000
2026-09-05T23:53:26.221725,http,1,1,85,56338,0.000,26558464,52701,0.000,8798208,0.000
2026-09-05T23:53:26.422135,http,1,1,86,56338,0.000,26558464,52701,0.000,8798208,0.000
2026-09-05T23:53:26.622540,http,1,1,87,56338,0.000,26558464,52701,0.000,8798208,0.000
2026-09-05T23:53:26.823030,http,1,1,88,56338,0.000,26558464,52701,0.000,8798208,0.000
2026-09-05T23:53:27.023475,http,1,1,89,56338,0.000,26558464,52701,0.000,8798208,0.000
2026-09-05T23:53:27.223893,http,1,1,90,56338,0.000,26558464,52701,0.000,8798208,0.000
2026-09-05T23:53:27.424297,http,1,1,91,56338,0.000,26558464,52701,0.000,8798208,0.000
2026-09-05T23:53:27.624686,http,1,1,92,56338,0.000,26558464,52701,0.000,8798208,0.000
2026-09-05T23:53:27.825151,http,1,1,93,56338,0.000,26558464,52701,0.000,8798208,0.000
2026-09-05T23:53:28.025615,http,1,1,94,56338,0.000,26558464,52701,0.000,8798208,1.200
2026-09-05T23:53:28.226050,http,1,1,95,56338,5.000,26558464,52701,0.000,8798208,0.000
2026-09-05T23:53:28.426466,http,1,1,96,56338,0.000,26558464,52701,0.000,8798208,0.000
2026-09-05T23:53:28.626882,http,1,1,97,56338,0.000,26558464,52701,0.000,8798208,0.000
2026-09-05T23:53:28.827364,http,1,1,98,56338,0.000,26558464,52701,0.000,8798208,0.000
2026-09-05T23:53:29.027811,http,1,1,99,56338,0.000,26558464,52701,0.000,8798208,0.000
2026-09-05T23:53:29.228223,http,1,1,100,56338,0.000,26574848,52701,0.000,8798208,0.000
2026-09-05T23:53:29.428625,http,1,1,101,56338,0.000,26574848,52701,0.000,8798208,1.200
2026-09-05T23:53:29.629017,http,1,1,102,56338,0.000,26574848,52701,0.000,8798208,0.000
2026-09-05T23:53:29.829484,http,1,1,103,56338,0.000,26574848,52701,0.000,8798208,0.000
2026-09-05T23:53:30.029936,http,1,1,104,56338,0.000,26574848,52701,0.000,8798208,0.000
2026-09-05T23:53:30.230358,http,1,1,105,56338,0.000,26591232,52701,0.000,8798208,0.000
2026-09-05T23:53:30.430780,http,1,1,106,56338,0.000,26591232,52701,0.000,8798208,0.000
2026-09-05T23:53:30.631178,http,1,1,107,56338,0.000,26591232,52701,0.000,8798208,1.200
2026-09-05T23:53:30.831652,http,1,1,108,56338,0.000,26607616,52701,0.000,8798208,0.000
2026-09-05T23:53:31.032098,http,1,1,109,56338,0.000,26607616,52701,0.000,8798208,0.000
2026-09-05T23:53:31.232515,http,1,1,110,56338,0.000,26607616,52701,0.000,8798208,0.000
2026-09-05T23:53:31.432919,http,1,1,111,56338,0.000,26607616,52701,0.000,8798208,0.000
2026-09-05T23:53:31.633313,http,1,1,112,56338,0.000,26607616,52701,0.000,8798208,0.000
2026-09-05T23:53:31.833764,http,1,1,113,56338,0.000,26607616,52701,0.000,8798208,0.000
2026-09-05T23:53:32.034178,http,1,1,114,56338,0.000,26607616,52701,0.000,8798208,0.000
2026-09-05T23:53:32.234574,http,1,1,115,56338,0.000,26607616,52701,0.000,8798208,1.200
2026-09-05T23:53:32.434988,http,1,1,116,56338,5.000,26607616,52701,0.000,8798208,0.000
2026-09-05T23:53:32.635385,http,1,1,117,56338,0.000,26607616,52701,0.000,8798208,0.000
2026-09-05T23:53:32.835862,http,1,1,118,56338,0.000,26607616,52701,0.000,8798208,0.000
2026-09-05T23:53:33.036317,http,1,1,119,56338,0.000,26607616,52701,0.000,8798208,0.000
2026-09-05T23:53:33.236743,http,1,1,120,56338,0.000,26607616,52701,0.000,8798208,0.000
2026-09-05T23:53:33.437158,http,1,1,121,56338,0.000,26607616,52701,0.000,8798208,0.000
2026-09-05T23:53:33.637562,http,1,1,122,56338,0.000,26607616,52701,0.000,8798208,0.000
2026-09-05T23:53:33.838039,http,1,1,123,56338,0.000,26607616,52701,0.000,8798208,0.000
2026-09-05T23:53:34.038499,http,1,1,124,56338,0.000,26607616,52701,0.000,8798208,0.000
2026-09-05T23:53:34.238926,http,1,1,125,56338,0.000,26607616,52701,0.000,8798208,0.000
2026-09-05T23:53:34.439316,http,1,1,126,56338,0.000,26607616,52701,0.000,8798208,0.000
2026-09-05T23:53:34.639709,http,1,1,127,56338,0.000,26607616,52701,0.000,8798208,0.000
2026-09-05T23:53:34.840196,http,1,1,128,56338,0.000,26607616,52701,0.000,8798208,0.000
2026-09-05T23:53:35.040650,http,1,1,129,56338,0.000,26607616,52701,0.000,8798208,0.000
2026-09-05T23:53:35.241089,http,1,1,130,56338,0.000,26607616,52701,0.000,8798208,0.000
2026-09-05T23:53:35.441516,http,1,1,131,56338,0.000,26607616,52701,0.000,8798208,1.200
2026-09-05T23:53:35.641927,http,1,1,132,56338,0.000,26607616,52701,0.000,8798208,1.200
2026-09-05T23:53:35.842404,http,1,1,133,56338,0.000,26607616,52701,0.000,8798208,0.000
2026-09-05T23:53:36.042872,http,1,1,134,56338,0.000,26607616,52701,0.000,8798208,0.000
2026-09-05T23:53:36.243288,http,1,1,135,56338,0.000,26607616,52701,0.000,8798208,0.000
2026-09-05T23:53:36.443684,http,1,1,136,56338,0.000,26607616,52701,0.000,8798208,0.000
2026-09-05T23:53:36.644073,http,1,1,137,56338,0.000,26607616,52701,0.000,8798208,0.000
2026-09-05T23:53:36.844539,http,1,1,138,56338,0.000,26607616,52701,0.000,8798208,0.000
2026-09-05T23:53:37.044991,http,1,1,139,56338,0.000,26607616,52701,0.000,8798208,0.000
2026-09-05T23:53:37.245420,http,1,1,140,56338,0.000,26607616,52701,0.000,8798208,0.000
2026-09-05T23:53:37.445828,http,1,1,141,56338,0.000,26607616,52701,0.000,8798208,0.000
2026-09-05T23:53:37.646232,http,1,1,142,56338,0.000,26607616,52701,0.000,8798208,0.000
2026-09-05T23:53:37.846708,http,1,1,143,56338,0.000,26607616,52701,0.000,8798208,1.200
2026-09-05T23:53:38.047167,http,1,1,144,56338,0.000,26607616,52701,0.000,8798208,0.000
2026-09-05T23:53:38.247585,http,1,1,145,56338,0.000,26607616,52701,0.000,8798208,0.000
2026-09-05T23:53:38.447983,http,1,1,146,56338,0.000,26607616,52701,0.000,8798208,0.000
2026-09-05T23:53:38.648373,http,1,1,147,56338,0.000,26607616,52701,0.000,8798208,0.000
2026-09-05T23:53:38.848819,http,1,1,148,56338,0.000,26607616,52701,0.000,8798208,0.000
2026-09-05T23:53:39.049237,http,1,1,149,56338,5.000,26607616,52701,0.000,8798208,0.000
2026-09-05T23:53:39.249638,http,1,1,150,56338,0.000,26607616,52701,0.000,8798208,0.000
2026-09-05T23:53:39.450031,http,1,1,151,56338,0.000,26607616,52701,0.000,8798208,0.000
2026-09-05T23:53:39.650426,http,1,1,152,56338,0.000,26624000,52701,0.000,8798208,0.000
2026-09-05T23:53:39.850906,http,1,1,153,56338,0.000,26624000,52701,0.000,8798208,1.200
2026-09-05T23:53:40.051340,http,1,1,154,56338,0.000,26624000,52701,0.000,8798208,0.000
2026-09-05T23:53:40.251740,http,1,1,155,56338,0.000,26624000,52701,0.000,8798208,0.000
2026-09-05T23:53:40.452140,http,1,1,156,56338,0.000,26624000,52701,0.000,8798208,0.000
2026-09-05T23:53:40.652526,http,1,1,157,56338,0.000,26624000,52701,0.000,8798208,0.000
2026-09-05T23:53:40.852972,http,1,1,158,56338,0.000,26624000,52701,0.000,8798208,0.000
2026-09-05T23:53:41.053390,http,1,1,159,56338,0.000,26624000,52701,0.000,8798208,0.000
2026-09-05T23:53:41.253780,http,1,1,160,56338,0.000,26624000,52701,0.000,8798208,0.000
2026-09-05T23:53:41.454173,http,1,1,161,56338,0.000,26624000,52701,0.000,8798208,0.000
2026-09-05T23:53:41.654573,http,1,1,162,56338,0.000,26624000,52701,0.000,8798208,1.200
2026-09-05T23:53:41.855051,http,1,1,163,56338,0.000,26624000,52701,0.000,8798208,0.000
2026-09-05T23:53:42.055472,http,1,1,164,56338,0.000,26624000,52701,0.000,8798208,0.000
2026-09-05T23:53:42.255859,http,1,1,165,56338,0.000,26624000,52701,0.000,8798208,0.000
2026-09-05T23:53:42.456245,http,1,1,166,56338,0.000,26624000,52701,0.000,8798208,0.000
2026-09-05T23:53:42.656619,http,1,1,167,56338,0.000,26624000,52701,0.000,8798208,0.000
2026-09-05T23:53:42.857055,http,1,1,168,56338,0.000,26624000,52701,0.000,8798208,0.000
2026-09-05T23:53:43.057454,http,1,1,169,56338,0.000,26624000,52701,0.000,8798208,0.000
2026-09-05T23:53:43.257838,http,1,1,170,56338,0.000,26624000,52701,0.000,8798208,0.000
2026-09-05T23:53:43.458210,http,1,1,171,56338,0.000,26624000,52701,0.000,8798208,0.000
2026-09-05T23:53:43.658584,http,1,1,172,56338,0.000,26624000,52701,5.000,8798208,0.000
2026-09-05T23:53:43.859030,http,1,1,173,56338,0.000,26624000,52701,0.000,8798208,1.200
2026-09-05T23:53:44.059432,http,1,1,174,56338,0.000,26624000,52701,0.000,8798208,0.000
2026-09-05T23:53:44.259821,http,1,1,175,56338,0.000,26624000,52701,0.000,8798208,0.000
2026-09-05T23:53:44.460208,http,1,1,176,56338,5.000,26624000,52701,0.000,8798208,0.000
2026-09-05T23:53:44.660593,http,1,1,177,56338,0.000,26624000,52701,0.000,8798208,0.000
2026-09-05T23:53:44.861040,http,1,1,178,56338,0.000,26624000,52701,0.000,8798208,1.200
2026-09-05T23:53:45.061428,http,1,1,179,56338,0.000,26624000,52701,0.000,8798208,0.000
2026-09-05T23:53:45.261815,http,1,1,180,56338,0.000,26624000,52701,0.000,8798208,1.200
2026-09-05T23:53:45.462205,http,1,1,181,56338,0.000,26624000,52701,0.000,8798208,0.000
2026-09-05T23:53:45.662599,http,1,1,182,56338,0.000,26624000,52701,0.000,8798208,0.000
2026-09-05T23:53:45.863089,http,1,1,183,56338,0.000,26624000,52701,0.000,8798208,0.000
2026-09-05T23:53:46.063502,http,1,1,184,56338,0.000,26624000,52701,0.000,8798208,0.000
2026-09-05T23:53:46.263900,http,1,1,185,56338,0.000,26624000,52701,0.000,8798208,0.000
2026-09-05T23:53:46.464294,http,1,1,186,56338,0.000,26624000,52701,0.000,8798208,0.000
2026-09-05T23:53:46.664700,http,1,1,187,56338,0.000,26624000,52701,0.000,8798208,0.000
2026-09-05T23:53:46.865143,http,1,1,188,56338,0.000,26624000,52701,0.000,8798208,0.000
2026-09-05T23:53:47.065539,http,1,1,189,56338,0.000,26624000,52701,0.000,8798208,0.000
2026-09-05T23:53:47.265925,http,1,1,190,56338,0.000,26624000,52701,0.000,8798208,0.000
2026-09-05T23:53:47.466296,http,1,1,191,56338,0.000,26624000,52701,0.000,8798208,0.000
2026-09-05T23:53:47.666677,http,1,1,192,56338,0.000,26624000,52701,0.000,8798208,0.000
2026-09-05T23:53:47.867151,http,1,1,193,56338,0.000,26624000,52701,0.000,8798208,1.200
2026-09-05T23:53:48.067549,http,1,1,194,56338,0.000,26624000,52701,0.000,8798208,0.000
2026-09-05T23:53:48.267931,http,1,1,195,56338,0.000,26624000,52701,0.000,8798208,1.200
2026-09-05T23:53:48.468318,http,1,1,196,56338,0.000,26624000,52701,0.000,8798208,0.000
2026-09-05T23:53:48.668703,http,1,1,197,56338,0.000,26624000,52701,0.000,8798208,0.000
2026-09-05T23:53:48.869145,http,1,1,198,56338,0.000,26624000,52701,0.000,8798208,0.000
2026-09-05T23:53:49.069545,http,1,1,199,56338,0.000,26624000,52701,0.000,8798208,0.000
2026-09-05T23:53:49.269921,http,1,1,200,56338,0.000,26624000,52701,0.000,8798208,0.000
2026-09-05T23:53:49.470305,http,1,1,201,56338,0.000,26624000,52701,0.000,8798208,0.000
2026-09-05T23:53:49.670692,http,1,1,202,56338,0.000,26624000,52701,0.000,8798208,0.000
2026-09-05T23:53:49.871163,http,1,1,203,56338,5.000,26624000,52701,0.000,8798208,1.200
2026-09-05T23:53:50.071581,http,1,1,204,56338,0.000,26624000,52701,0.000,8798208,0.000
2026-09-05T23:53:50.271966,http,1,1,205,56338,0.000,26624000,52701,0.000,8798208,0.000
2026-09-05T23:53:50.472353,http,1,1,206,56338,0.000,26624000,52701,0.000,8798208,0.000
2026-09-05T23:53:50.672736,http,1,1,207,56338,0.000,26624000,52701,0.000,8798208,0.000
2026-09-05T23:53:50.873196,http,1,1,208,56338,0.000,26624000,52701,0.000,8798208,0.000
2026-09-05T23:53:51.073607,http,1,1,209,56338,0.000,26624000,52701,0.000,8798208,0.000
2026-09-05T23:53:51.273994,http,1,1,210,56338,0.000,26624000,52701,0.000,8798208,0.000
2026-09-05T23:53:51.474377,http,1,1,211,56338,0.000,26624000,52701,0.000,8798208,0.000
2026-09-05T23:53:51.674782,http,1,1,212,56338,0.000,26624000,52701,0.000,8798208,0.000
2026-09-05T23:53:51.875240,http,1,1,213,56338,0.000,26624000,52701,0.000,8798208,1.300
2026-09-05T23:53:52.075649,http,1,1,214,56338,0.000,26624000,52701,0.000,8798208,0.000
2026-09-05T23:53:52.276037,http,1,1,215,56338,0.000,26624000,52701,0.000,8798208,0.000
2026-09-05T23:53:52.476427,http,1,1,216,56338,0.000,26624000,52701,0.000,8798208,0.000
2026-09-05T23:53:52.676828,http,1,1,217,56338,0.000,26624000,52701,0.000,8798208,1.200
2026-09-05T23:53:52.877286,http,1,1,218,56338,0.000,26624000,52701,0.000,8798208,0.000
2026-09-05T23:53:53.077708,http,1,1,219,56338,0.000,26624000,52701,0.000,8798208,0.000
2026-09-05T23:53:53.278105,http,1,1,220,56338,0.000,26624000,52701,0.000,8798208,0.000
2026-09-05T23:53:53.478487,http,1,1,221,56338,0.000,26624000,52701,0.000,8798208,0.000
2026-09-05T23:53:53.679037,http,1,1,222,56338,20.000,0,52701,0.000,8798208,4.900
2026-09-05T23:53:56.881307,mqtt_qos0,1,2,1,56339,49.900,24510464,52701,0.000,8798208,12.700
2026-09-05T23:53:57.081623,mqtt_qos0,1,2,2,56339,0.000,24510464,52701,0.000,8798208,0.000
2026-09-05T23:53:57.281896,mqtt_qos0,1,2,3,56339,0.000,24510464,52701,0.000,8798208,0.000
2026-09-05T23:53:57.482159,mqtt_qos0,1,2,4,56339,0.000,24510464,52701,0.000,8798208,0.000
2026-09-05T23:53:57.682421,mqtt_qos0,1,2,5,56339,0.000,24510464,52701,0.000,8798208,0.000
2026-09-05T23:53:57.882792,mqtt_qos0,1,2,6,56339,0.000,24576000,52701,0.000,8798208,0.000
2026-09-05T23:53:58.083114,mqtt_qos0,1,2,7,56339,0.000,24576000,52701,0.000,8798208,0.000
2026-09-05T23:53:58.283398,mqtt_qos0,1,2,8,56339,0.000,24576000,52701,0.000,8798208,0.000
2026-09-05T23:53:58.483669,mqtt_qos0,1,2,9,56339,0.000,24576000,52701,0.000,8798208,0.000
2026-09-05T23:53:58.683934,mqtt_qos0,1,2,10,56339,0.000,24576000,52701,0.000,8798208,0.000
2026-09-05T23:53:58.884276,mqtt_qos0,1,2,11,56339,0.000,24576000,52701,0.000,8798208,0.000
2026-09-05T23:53:59.084585,mqtt_qos0,1,2,12,56339,0.000,24576000,52701,0.000,8798208,0.000
2026-09-05T23:53:59.284870,mqtt_qos0,1,2,13,56339,0.000,24576000,52701,0.000,8798208,0.000
2026-09-05T23:53:59.485148,mqtt_qos0,1,2,14,56339,0.000,24576000,52701,0.000,8798208,0.000
2026-09-05T23:53:59.685415,mqtt_qos0,1,2,15,56339,0.000,24576000,52701,0.000,8798208,0.000
2026-09-05T23:53:59.885768,mqtt_qos0,1,2,16,56339,0.000,24576000,52701,0.000,8798208,1.200
2026-09-05T23:54:00.086082,mqtt_qos0,1,2,17,56339,0.000,24576000,52701,0.000,8798208,1.200
2026-09-05T23:54:00.286365,mqtt_qos0,1,2,18,56339,0.000,24576000,52701,0.000,8798208,0.000
2026-09-05T23:54:00.486638,mqtt_qos0,1,2,19,56339,0.000,24576000,52701,0.000,8798208,0.000
2026-09-05T23:54:00.686912,mqtt_qos0,1,2,20,56339,0.000,24592384,52701,0.000,8798208,0.000
2026-09-05T23:54:00.887272,mqtt_qos0,1,2,21,56339,0.000,24592384,52701,0.000,8798208,1.200
2026-09-05T23:54:01.087577,mqtt_qos0,1,2,22,56339,0.000,24592384,52701,0.000,8798208,0.000
2026-09-05T23:54:01.287852,mqtt_qos0,1,2,23,56339,0.000,24592384,52701,5.000,8798208,0.000
2026-09-05T23:54:01.488122,mqtt_qos0,1,2,24,56339,0.000,24592384,52701,0.000,8798208,0.000
2026-09-05T23:54:01.688393,mqtt_qos0,1,2,25,56339,0.000,24592384,52701,0.000,8798208,0.000
2026-09-05T23:54:01.888794,mqtt_qos0,1,2,26,56339,0.000,24592384,52701,0.000,8798208,0.000
2026-09-05T23:54:02.089213,mqtt_qos0,1,2,27,56339,0.000,24592384,52701,0.000,8798208,0.000
2026-09-05T23:54:02.289613,mqtt_qos0,1,2,28,56339,0.000,24592384,52701,0.000,8798208,0.000
2026-09-05T23:54:02.490007,mqtt_qos0,1,2,29,56339,0.000,24592384,52701,0.000,8798208,0.000
2026-09-05T23:54:02.690395,mqtt_qos0,1,2,30,56339,0.000,24592384,52701,0.000,8798208,0.000
2026-09-05T23:54:02.890824,mqtt_qos0,1,2,31,56339,0.000,24592384,52701,0.000,8798208,0.000
2026-09-05T23:54:03.091220,mqtt_qos0,1,2,32,56339,0.000,24592384,52701,0.000,8798208,0.000
2026-09-05T23:54:03.291608,mqtt_qos0,1,2,33,56339,0.000,24592384,52701,0.000,8798208,0.000
2026-09-05T23:54:03.491991,mqtt_qos0,1,2,34,56339,0.000,24592384,52701,0.000,8798208,0.000
2026-09-05T23:54:03.692373,mqtt_qos0,1,2,35,56339,0.000,24592384,52701,0.000,8798208,0.000
2026-09-05T23:54:03.892807,mqtt_qos0,1,2,36,56339,0.000,24592384,52701,0.000,8798208,0.000
2026-09-05T23:54:04.093215,mqtt_qos0,1,2,37,56339,0.000,24592384,52701,0.000,8798208,0.000
2026-09-05T23:54:04.293606,mqtt_qos0,1,2,38,56339,0.000,24592384,52701,0.000,8798208,0.000
2026-09-05T23:54:04.493989,mqtt_qos0,1,2,39,56339,0.000,24592384,52701,0.000,8798208,0.000
2026-09-05T23:54:04.694369,mqtt_qos0,1,2,40,56339,0.000,24592384,52701,0.000,8798208,0.000
2026-09-05T23:54:04.894809,mqtt_qos0,1,2,41,56339,0.000,24592384,52701,0.000,8798208,0.000
2026-09-05T23:54:05.095216,mqtt_qos0,1,2,42,56339,0.000,24592384,52701,0.000,8798208,0.000
2026-09-05T23:54:05.295618,mqtt_qos0,1,2,43,56339,0.000,24592384,52701,0.000,8798208,0.000
2026-09-05T23:54:05.496007,mqtt_qos0,1,2,44,56339,5.000,24592384,52701,0.000,8798208,0.000
2026-09-05T23:54:05.696379,mqtt_qos0,1,2,45,56339,0.000,24608768,52701,0.000,8798208,0.000
2026-09-05T23:54:05.896774,mqtt_qos0,1,2,46,56339,0.000,24608768,52701,0.000,8798208,0.000
2026-09-05T23:54:06.097178,mqtt_qos0,1,2,47,56339,0.000,24608768,52701,0.000,8798208,1.200
2026-09-05T23:54:06.297558,mqtt_qos0,1,2,48,56339,0.000,24608768,52701,0.000,8798208,0.000
2026-09-05T23:54:06.497922,mqtt_qos0,1,2,49,56339,0.000,24608768,52701,0.000,8798208,0.000
2026-09-05T23:54:06.698277,mqtt_qos0,1,2,50,56339,0.000,24608768,52701,0.000,8798208,0.000
2026-09-05T23:54:06.898658,mqtt_qos0,1,2,51,56339,0.000,24608768,52701,0.000,8798208,0.000
2026-09-05T23:54:07.099052,mqtt_qos0,1,2,52,56339,0.000,24625152,52701,0.000,8798208,0.000
2026-09-05T23:54:07.299454,mqtt_qos0,1,2,53,56339,0.000,24625152,52701,0.000,8798208,1.200
2026-09-05T23:54:07.499826,mqtt_qos0,1,2,54,56339,0.000,24625152,52701,0.000,8798208,0.000
2026-09-05T23:54:07.700189,mqtt_qos0,1,2,55,56339,0.000,24625152,52701,0.000,8798208,0.000
2026-09-05T23:54:07.900595,mqtt_qos0,1,2,56,56339,0.000,24625152,52701,0.000,8798208,0.000
2026-09-05T23:54:08.100984,mqtt_qos0,1,2,57,56339,0.000,24625152,52701,0.000,8798208,0.000
2026-09-05T23:54:08.301367,mqtt_qos0,1,2,58,56339,0.000,24625152,52701,0.000,8798208,1.200
2026-09-05T23:54:08.501729,mqtt_qos0,1,2,59,56339,0.000,24625152,52701,0.000,8798208,0.000
2026-09-05T23:54:08.702089,mqtt_qos0,1,2,60,56339,0.000,24625152,52701,0.000,8798208,0.000
2026-09-05T23:54:08.902478,mqtt_qos0,1,2,61,56339,0.000,24625152,52701,0.000,8798208,0.000
2026-09-05T23:54:09.102881,mqtt_qos0,1,2,62,56339,0.000,24625152,52701,0.000,8798208,1.200
2026-09-05T23:54:09.303258,mqtt_qos0,1,2,63,56339,0.000,24625152,52701,0.000,8798208,0.000
2026-09-05T23:54:09.503618,mqtt_qos0,1,2,64,56339,0.000,24625152,52701,0.000,8798208,0.000
2026-09-05T23:54:09.703966,mqtt_qos0,1,2,65,56339,0.000,24625152,52701,0.000,8798208,0.000
2026-09-05T23:54:09.904392,mqtt_qos0,1,2,66,56339,0.000,24625152,52701,0.000,8798208,0.000
2026-09-05T23:54:10.104796,mqtt_qos0,1,2,67,56339,0.000,24625152,52701,0.000,8798208,1.200
2026-09-05T23:54:10.305173,mqtt_qos0,1,2,68,56339,0.000,24625152,52701,0.000,8798208,0.000
2026-09-05T23:54:10.505533,mqtt_qos0,1,2,69,56339,0.000,24625152,52701,0.000,8798208,0.000
2026-09-05T23:54:10.705907,mqtt_qos0,1,2,70,56339,0.000,24625152,52701,0.000,8798208,0.000
2026-09-05T23:54:10.906309,mqtt_qos0,1,2,71,56339,0.000,24625152,52701,0.000,8798208,0.000
2026-09-05T23:54:11.106702,mqtt_qos0,1,2,72,56339,0.000,24625152,52701,0.000,8798208,0.000
2026-09-05T23:54:11.307100,mqtt_qos0,1,2,73,56339,0.000,24625152,52701,0.000,8798208,0.000
2026-09-05T23:54:11.507469,mqtt_qos0,1,2,74,56339,0.000,24625152,52701,0.000,8798208,0.000
2026-09-05T23:54:11.707830,mqtt_qos0,1,2,75,56339,0.000,24625152,52701,0.000,8798208,0.000
2026-09-05T23:54:11.908239,mqtt_qos0,1,2,76,56339,0.000,24625152,52701,0.000,8798208,0.000
2026-09-05T23:54:12.108636,mqtt_qos0,1,2,77,56339,0.000,24625152,52701,0.000,8798208,0.000
2026-09-05T23:54:12.309018,mqtt_qos0,1,2,78,56339,0.000,24625152,52701,0.000,8798208,1.200
2026-09-05T23:54:12.509382,mqtt_qos0,1,2,79,56339,0.000,24625152,52701,0.000,8798208,0.000
2026-09-05T23:54:12.709739,mqtt_qos0,1,2,80,56339,0.000,24625152,52701,0.000,8798208,0.000
2026-09-05T23:54:12.910137,mqtt_qos0,1,2,81,56339,0.000,24625152,52701,0.000,8798208,0.000
2026-09-05T23:54:13.110532,mqtt_qos0,1,2,82,56339,0.000,24641536,52701,0.000,8798208,0.000
2026-09-05T23:54:13.310927,mqtt_qos0,1,2,83,56339,0.000,24641536,52701,0.000,8798208,0.000
2026-09-05T23:54:13.511286,mqtt_qos0,1,2,84,56339,0.000,24641536,52701,0.000,8798208,0.000
2026-09-05T23:54:13.711639,mqtt_qos0,1,2,85,56339,0.000,24641536,52701,0.000,8798208,0.000
2026-09-05T23:54:13.912030,mqtt_qos0,1,2,86,56339,0.000,24641536,52701,0.000,8798208,0.000
2026-09-05T23:54:14.112426,mqtt_qos0,1,2,87,56339,0.000,24641536,52701,0.000,8798208,0.000
2026-09-05T23:54:14.312820,mqtt_qos0,1,2,88,56339,0.000,24641536,52701,0.000,8798208,0.000
2026-09-05T23:54:14.513204,mqtt_qos0,1,2,89,56339,0.000,24641536,52701,0.000,8798208,0.000
2026-09-05T23:54:14.713590,mqtt_qos0,1,2,90,56339,0.000,24641536,52701,0.000,8798208,0.000
2026-09-05T23:54:14.914007,mqtt_qos0,1,2,91,56339,0.000,24641536,52701,0.000,8798208,0.000
2026-09-05T23:54:15.114406,mqtt_qos0,1,2,92,56339,0.000,24641536,52701,0.000,8798208,0.000
2026-09-05T23:54:15.314812,mqtt_qos0,1,2,93,56339,0.000,24641536,52701,0.000,8798208,0.000
2026-09-05T23:54:15.515196,mqtt_qos0,1,2,94,56339,0.000,24641536,52701,0.000,8798208,0.000
2026-09-05T23:54:15.715571,mqtt_qos0,1,2,95,56339,0.000,24641536,52701,0.000,8798208,0.000
2026-09-05T23:54:15.916068,mqtt_qos0,1,2,96,56339,0.000,24641536,52701,0.000,8798208,0.000
2026-09-05T23:54:16.116525,mqtt_qos0,1,2,97,56339,0.000,24641536,52701,0.000,8798208,0.000
2026-09-05T23:54:16.316932,mqtt_qos0,1,2,98,56339,0.000,24641536,52701,0.000,8798208,0.000
2026-09-05T23:54:16.517323,mqtt_qos0,1,2,99,56339,5.000,24641536,52701,0.000,8798208,0.000
2026-09-05T23:54:16.717713,mqtt_qos0,1,2,100,56339,0.000,24641536,52701,0.000,8798208,0.000
2026-09-05T23:54:16.918135,mqtt_qos0,1,2,101,56339,0.000,24641536,52701,0.000,8798208,0.000
2026-09-05T23:54:17.118537,mqtt_qos0,1,2,102,56339,0.000,24641536,52701,0.000,8798208,1.200
2026-09-05T23:54:17.318942,mqtt_qos0,1,2,103,56339,0.000,24641536,52701,0.000,8798208,1.200
2026-09-05T23:54:17.519330,mqtt_qos0,1,2,104,56339,0.000,24641536,52701,0.000,8798208,0.000
2026-09-05T23:54:17.719726,mqtt_qos0,1,2,105,56339,0.000,24641536,52701,0.000,8798208,0.000
2026-09-05T23:54:17.920143,mqtt_qos0,1,2,106,56339,0.000,24641536,52701,0.000,8798208,0.000
2026-09-05T23:54:18.120541,mqtt_qos0,1,2,107,56339,5.000,24641536,52701,0.000,8798208,0.000
2026-09-05T23:54:18.320932,mqtt_qos0,1,2,108,56339,0.000,24641536,52701,0.000,8798208,0.000
2026-09-05T23:54:18.521314,mqtt_qos0,1,2,109,56339,0.000,24641536,52701,0.000,8798208,1.200
2026-09-05T23:54:18.721684,mqtt_qos0,1,2,110,56339,0.000,24641536,52701,0.000,8798208,0.000
2026-09-05T23:54:18.922080,mqtt_qos0,1,2,111,56339,0.000,24641536,52701,0.000,8798208,0.000
2026-09-05T23:54:19.122464,mqtt_qos0,1,2,112,56339,0.000,24641536,52701,0.000,8798208,0.000
2026-09-05T23:54:19.322840,mqtt_qos0,1,2,113,56339,0.000,24641536,52701,0.000,8798208,0.000
2026-09-05T23:54:19.523199,mqtt_qos0,1,2,114,56339,0.000,24641536,52701,0.000,8798208,0.000
2026-09-05T23:54:19.723553,mqtt_qos0,1,2,115,56339,0.000,24641536,52701,0.000,8798208,0.000
2026-09-05T23:54:19.923959,mqtt_qos0,1,2,116,56339,0.000,24641536,52701,0.000,8798208,0.000
2026-09-05T23:54:20.124346,mqtt_qos0,1,2,117,56339,0.000,24657920,52701,0.000,8798208,0.000
2026-09-05T23:54:20.324709,mqtt_qos0,1,2,118,56339,0.000,24657920,52701,0.000,8798208,0.000
2026-09-05T23:54:20.525069,mqtt_qos0,1,2,119,56339,0.000,24657920,52701,0.000,8798208,0.000
2026-09-05T23:54:20.725423,mqtt_qos0,1,2,120,56339,0.000,24657920,52701,0.000,8798208,0.000
2026-09-05T23:54:20.925814,mqtt_qos0,1,2,121,56339,0.000,24657920,52701,0.000,8798208,0.000
2026-09-05T23:54:21.126195,mqtt_qos0,1,2,122,56339,0.000,24657920,52701,0.000,8798208,0.000
2026-09-05T23:54:21.326571,mqtt_qos0,1,2,123,56339,0.000,24657920,52701,0.000,8798208,0.000
2026-09-05T23:54:21.526948,mqtt_qos0,1,2,124,56339,0.000,24657920,52701,0.000,8798208,0.000
2026-09-05T23:54:21.727321,mqtt_qos0,1,2,125,56339,0.000,24657920,52701,0.000,8798208,0.000
2026-09-05T23:54:21.927816,mqtt_qos0,1,2,126,56339,0.000,24657920,52701,0.000,8798208,1.200
2026-09-05T23:54:22.128264,mqtt_qos0,1,2,127,56339,0.000,24657920,52701,0.000,8798208,0.000
2026-09-05T23:54:22.328663,mqtt_qos0,1,2,128,56339,0.000,24657920,52701,0.000,8798208,0.000
2026-09-05T23:54:22.529055,mqtt_qos0,1,2,129,56339,0.000,24657920,52701,0.000,8798208,2.400
2026-09-05T23:54:22.729441,mqtt_qos0,1,2,130,56339,0.000,24657920,52701,0.000,8798208,0.000
2026-09-05T23:54:22.929867,mqtt_qos0,1,2,131,56339,0.000,24657920,52701,0.000,8798208,0.000
2026-09-05T23:54:23.130269,mqtt_qos0,1,2,132,56339,0.000,24657920,52701,0.000,8798208,0.000
2026-09-05T23:54:23.330652,mqtt_qos0,1,2,133,56339,0.000,24657920,52701,0.000,8798208,0.000
2026-09-05T23:54:23.531031,mqtt_qos0,1,2,134,56339,0.000,24657920,52701,0.000,8798208,0.000
2026-09-05T23:54:23.731415,mqtt_qos0,1,2,135,56339,0.000,24657920,52701,0.000,8798208,0.000
2026-09-05T23:54:23.931833,mqtt_qos0,1,2,136,56339,0.000,24657920,52701,0.000,8798208,0.000
2026-09-05T23:54:24.132223,mqtt_qos0,1,2,137,56339,0.000,24657920,52701,0.000,8798208,0.000
2026-09-05T23:54:24.332595,mqtt_qos0,1,2,138,56339,0.000,24657920,52701,0.000,8798208,0.000
2026-09-05T23:54:24.532968,mqtt_qos0,1,2,139,56339,0.000,24657920,52701,0.000,8798208,0.000
2026-09-05T23:54:24.733346,mqtt_qos0,1,2,140,56339,0.000,24657920,52701,0.000,8798208,0.000
2026-09-05T23:54:24.933767,mqtt_qos0,1,2,141,56339,0.000,24657920,52701,0.000,8798208,0.000
2026-09-05T23:54:25.134178,mqtt_qos0,1,2,142,56339,0.000,24690688,52701,0.000,8798208,0.000
2026-09-05T23:54:25.334570,mqtt_qos0,1,2,143,56339,0.000,24690688,52701,0.000,8798208,0.000
2026-09-05T23:54:25.534973,mqtt_qos0,1,2,144,56339,0.000,24690688,52701,0.000,8798208,0.000
2026-09-05T23:54:25.735349,mqtt_qos0,1,2,145,56339,0.000,24690688,52701,0.000,8798208,0.000
2026-09-05T23:54:25.935743,mqtt_qos0,1,2,146,56339,0.000,24690688,52701,0.000,8798208,0.000
2026-09-05T23:54:26.136118,mqtt_qos0,1,2,147,56339,0.000,24690688,52701,0.000,8798208,0.000
2026-09-05T23:54:26.336502,mqtt_qos0,1,2,148,56339,0.000,24690688,52701,0.000,8798208,0.000
2026-09-05T23:54:26.536886,mqtt_qos0,1,2,149,56339,0.000,24690688,52701,0.000,8798208,0.000
2026-09-05T23:54:26.737266,mqtt_qos0,1,2,150,56339,0.000,24690688,52701,0.000,8798208,0.000
2026-09-05T23:54:26.937672,mqtt_qos0,1,2,151,56339,0.000,24690688,52701,0.000,8798208,0.000
2026-09-05T23:54:27.138064,mqtt_qos0,1,2,152,56339,0.000,24690688,52701,0.000,8798208,0.000
2026-09-05T23:54:27.338446,mqtt_qos0,1,2,153,56339,0.000,24690688,52701,0.000,8798208,0.000
2026-09-05T23:54:27.538845,mqtt_qos0,1,2,154,56339,0.000,24690688,52701,0.000,8798208,0.000
2026-09-05T23:54:27.739232,mqtt_qos0,1,2,155,56339,5.000,24707072,52701,0.000,8798208,1.200
2026-09-05T23:54:27.939683,mqtt_qos0,1,2,156,56339,0.000,24707072,52701,0.000,8798208,0.000
2026-09-05T23:54:28.140119,mqtt_qos0,1,2,157,56339,0.000,24707072,52701,0.000,8798208,0.000
2026-09-05T23:54:28.340522,mqtt_qos0,1,2,158,56339,0.000,24707072,52701,0.000,8798208,0.000
2026-09-05T23:54:28.540916,mqtt_qos0,1,2,159,56339,0.000,24707072,52701,0.000,8798208,0.000
2026-09-05T23:54:28.741301,mqtt_qos0,1,2,160,56339,0.000,24707072,52701,0.000,8798208,0.000
2026-09-05T23:54:28.941723,mqtt_qos0,1,2,161,56339,0.000,24707072,52701,0.000,8798208,0.000
2026-09-05T23:54:29.142122,mqtt_qos0,1,2,162,56339,0.000,24707072,52701,0.000,8798208,0.000
2026-09-05T23:54:29.342510,mqtt_qos0,1,2,163,56339,0.000,24707072,52701,0.000,8798208,0.000
2026-09-05T23:54:29.542909,mqtt_qos0,1,2,164,56339,0.000,24707072,52701,0.000,8798208,1.200
2026-09-05T23:54:29.743326,mqtt_qos0,1,2,165,56339,0.000,24707072,52701,0.000,8798208,0.000
2026-09-05T23:54:29.943751,mqtt_qos0,1,2,166,56339,0.000,24707072,52701,0.000,8798208,0.000
2026-09-05T23:54:30.144140,mqtt_qos0,1,2,167,56339,0.000,24707072,52701,0.000,8798208,0.000
2026-09-05T23:54:30.344525,mqtt_qos0,1,2,168,56339,0.000,24707072,52701,0.000,8798208,0.000
2026-09-05T23:54:30.544896,mqtt_qos0,1,2,169,56339,0.000,24707072,52701,0.000,8798208,0.000
2026-09-05T23:54:30.745263,mqtt_qos0,1,2,170,56339,0.000,24707072,52701,0.000,8798208,0.000
2026-09-05T23:54:30.945649,mqtt_qos0,1,2,171,56339,0.000,24707072,52701,0.000,8798208,0.000
2026-09-05T23:54:31.146019,mqtt_qos0,1,2,172,56339,0.000,24707072,52701,0.000,8798208,0.000
2026-09-05T23:54:31.346389,mqtt_qos0,1,2,173,56339,0.000,24707072,52701,0.000,8798208,0.000
2026-09-05T23:54:31.546758,mqtt_qos0,1,2,174,56339,0.000,24707072,52701,0.000,8798208,0.000
2026-09-05T23:54:31.747141,mqtt_qos0,1,2,175,56339,0.000,24707072,52701,0.000,8798208,1.200
2026-09-05T23:54:31.947556,mqtt_qos0,1,2,176,56339,0.000,24707072,52701,0.000,8798208,0.000
2026-09-05T23:54:32.147955,mqtt_qos0,1,2,177,56339,0.000,24707072,52701,5.000,8798208,0.000
2026-09-05T23:54:32.348342,mqtt_qos0,1,2,178,56339,0.000,24707072,52701,0.000,8798208,0.000
2026-09-05T23:54:32.548721,mqtt_qos0,1,2,179,56339,0.000,24707072,52701,0.000,8798208,0.000
2026-09-05T23:54:32.749104,mqtt_qos0,1,2,180,56339,0.000,24707072,52701,0.000,8798208,0.000
2026-09-05T23:54:32.949528,mqtt_qos0,1,2,181,56339,5.000,24707072,52701,0.000,8798208,0.000
2026-09-05T23:54:33.149912,mqtt_qos0,1,2,182,56339,0.000,24707072,52701,0.000,8798208,0.000
2026-09-05T23:54:33.350303,mqtt_qos0,1,2,183,56339,0.000,24707072,52701,0.000,8798208,0.000
2026-09-05T23:54:33.550692,mqtt_qos0,1,2,184,56339,0.000,24707072,52701,0.000,8798208,0.000
2026-09-05T23:54:33.751082,mqtt_qos0,1,2,185,56339,0.000,24707072,52701,0.000,8798208,0.000
2026-09-05T23:54:33.951515,mqtt_qos0,1,2,186,56339,0.000,24707072,52701,0.000,8798208,0.000
2026-09-05T23:54:34.151925,mqtt_qos0,1,2,187,56339,0.000,24707072,52701,0.000,8798208,0.000
2026-09-05T23:54:34.352328,mqtt_qos0,1,2,188,56339,0.000,24707072,52701,0.000,8798208,0.000
2026-09-05T23:54:34.552714,mqtt_qos0,1,2,189,56339,0.000,24707072,52701,0.000,8798208,0.000
2026-09-05T23:54:34.753096,mqtt_qos0,1,2,190,56339,0.000,24707072,52701,0.000,8798208,0.000
2026-09-05T23:54:34.953512,mqtt_qos0,1,2,191,56339,0.000,24707072,52701,0.000,8798208,0.000
2026-09-05T23:54:35.153909,mqtt_qos0,1,2,192,56339,0.000,24707072,52701,0.000,8798208,0.000
2026-09-05T23:54:35.354293,mqtt_qos0,1,2,193,56339,0.000,24707072,52701,0.000,8798208,0.000
2026-09-05T23:54:35.554669,mqtt_qos0,1,2,194,56339,0.000,24707072,52701,0.000,8798208,0.000
2026-09-05T23:54:35.755003,mqtt_qos0,1,2,195,56339,0.000,24707072,52701,0.000,8798208,0.000
2026-09-05T23:54:35.955418,mqtt_qos0,1,2,196,56339,0.000,24707072,52701,0.000,8798208,1.200
2026-09-05T23:54:36.155805,mqtt_qos0,1,2,197,56339,0.000,24707072,52701,0.000,8798208,0.000
2026-09-05T23:54:36.356185,mqtt_qos0,1,2,198,56339,0.000,24707072,52701,0.000,8798208,0.000
2026-09-05T23:54:36.556564,mqtt_qos0,1,2,199,56339,0.000,24707072,52701,0.000,8798208,0.000
2026-09-05T23:54:36.756940,mqtt_qos0,1,2,200,56339,0.000,24707072,52701,0.000,8798208,0.000
2026-09-05T23:54:36.957370,mqtt_qos0,1,2,201,56339,0.000,24707072,52701,0.000,8798208,0.000
2026-09-05T23:54:37.157791,mqtt_qos0,1,2,202,56339,0.000,24707072,52701,0.000,8798208,0.000
2026-09-05T23:54:37.358186,mqtt_qos0,1,2,203,56339,0.000,24707072,52701,0.000,8798208,0.000
2026-09-05T23:54:37.558570,mqtt_qos0,1,2,204,56339,0.000,24707072,52701,0.000,8798208,0.000
2026-09-05T23:54:37.758964,mqtt_qos0,1,2,205,56339,0.000,24707072,52701,0.000,8798208,0.000
2026-09-05T23:54:37.959383,mqtt_qos0,1,2,206,56339,0.000,24707072,52701,0.000,8798208,0.000
2026-09-05T23:54:38.159785,mqtt_qos0,1,2,207,56339,0.000,24707072,52701,0.000,8798208,0.000
2026-09-05T23:54:38.360175,mqtt_qos0,1,2,208,56339,0.000,24707072,52701,0.000,8798208,0.000
2026-09-05T23:54:38.560566,mqtt_qos0,1,2,209,56339,0.000,24707072,52701,0.000,8798208,0.000
2026-09-05T23:54:38.760947,mqtt_qos0,1,2,210,56339,0.000,24707072,52701,0.000,8798208,0.000
2026-09-05T23:54:38.961350,mqtt_qos0,1,2,211,56339,0.000,24707072,52701,0.000,8798208,0.000
2026-09-05T23:54:39.161748,mqtt_qos0,1,2,212,56339,0.000,24707072,52701,0.000,8798208,0.000
2026-09-05T23:54:39.362134,mqtt_qos0,1,2,213,56339,0.000,24707072,52701,0.000,8798208,0.000
2026-09-05T23:54:39.562516,mqtt_qos0,1,2,214,56339,0.000,24707072,52701,0.000,8798208,0.000
2026-09-05T23:54:39.762940,mqtt_qos0,1,2,215,56339,0.000,24707072,52701,0.000,8798208,1.200
2026-09-05T23:54:39.963423,mqtt_qos0,1,2,216,56339,0.000,24707072,52701,0.000,8798208,1.200
2026-09-05T23:54:40.163860,mqtt_qos0,1,2,217,56339,0.000,24707072,52701,0.000,8798208,0.000
2026-09-05T23:54:40.364266,mqtt_qos0,1,2,218,56339,0.000,24707072,52701,0.000,8798208,0.000
2026-09-05T23:54:40.564651,mqtt_qos0,1,2,219,56339,0.000,24707072,52701,0.000,8798208,0.000
2026-09-05T23:54:40.765029,mqtt_qos0,1,2,220,56339,0.000,24707072,52701,0.000,8798208,0.000
2026-09-05T23:54:40.965435,mqtt_qos0,1,2,221,56339,0.000,24707072,52701,0.000,8798208,0.000
2026-09-05T23:54:41.165790,mqtt_qos0,1,2,222,56339,0.000,24707072,52701,0.000,8798208,0.000
2026-09-05T23:54:41.366123,mqtt_qos0,1,2,223,56339,0.000,24707072,52701,0.000,8798208,0.000
2026-09-05T23:54:41.566458,mqtt_qos0,1,2,224,56339,0.000,24707072,52701,0.000,8798208,0.000
2026-09-05T23:54:41.767062,mqtt_qos0,1,2,225,56339,15.000,0,52701,0.000,8798208,3.800
2026-09-05T23:54:44.969428,mqtt_qos1,1,3,1,56343,44.900,24526848,52701,0.000,8798208,12.500
2026-09-05T23:54:45.169736,mqtt_qos1,1,3,2,56343,0.000,24526848,52701,0.000,8798208,0.000
2026-09-05T23:54:45.369983,mqtt_qos1,1,3,3,56343,0.000,24526848,52701,0.000,8798208,0.000
2026-09-05T23:54:45.570222,mqtt_qos1,1,3,4,56343,0.000,24526848,52701,0.000,8798208,0.000
2026-09-05T23:54:45.770458,mqtt_qos1,1,3,5,56343,0.000,24526848,52701,0.000,8798208,0.000
2026-09-05T23:54:45.970773,mqtt_qos1,1,3,6,56343,0.000,24592384,52701,0.000,8798208,0.000
2026-09-05T23:54:46.171070,mqtt_qos1,1,3,7,56343,0.000,24592384,52701,0.000,8798208,0.000
2026-09-05T23:54:46.371336,mqtt_qos1,1,3,8,56343,0.000,24592384,52701,0.000,8798208,0.000
2026-09-05T23:54:46.571596,mqtt_qos1,1,3,9,56343,0.000,24592384,52701,0.000,8798208,0.000
2026-09-05T23:54:46.771863,mqtt_qos1,1,3,10,56343,0.000,24592384,52701,0.000,8798208,0.000
2026-09-05T23:54:46.972160,mqtt_qos1,1,3,11,56343,0.000,24592384,52701,0.000,8798208,0.000
2026-09-05T23:54:47.172432,mqtt_qos1,1,3,12,56343,0.000,24592384,52701,0.000,8798208,0.000
2026-09-05T23:54:47.372689,mqtt_qos1,1,3,13,56343,0.000,24592384,52701,0.000,8798208,0.000
2026-09-05T23:54:47.572952,mqtt_qos1,1,3,14,56343,0.000,24592384,52701,0.000,8798208,0.000
2026-09-05T23:54:47.773216,mqtt_qos1,1,3,15,56343,0.000,24592384,52701,0.000,8798208,0.000
2026-09-05T23:54:47.973520,mqtt_qos1,1,3,16,56343,0.000,24592384,52701,0.000,8798208,0.000
2026-09-05T23:54:48.173800,mqtt_qos1,1,3,17,56343,0.000,24592384,52701,0.000,8798208,0.000
2026-09-05T23:54:48.374062,mqtt_qos1,1,3,18,56343,0.000,24592384,52701,0.000,8798208,0.000
2026-09-05T23:54:48.574322,mqtt_qos1,1,3,19,56343,0.000,24592384,52701,0.000,8798208,0.000
2026-09-05T23:54:48.774583,mqtt_qos1,1,3,20,56343,0.000,24592384,52701,0.000,8798208,0.000
2026-09-05T23:54:48.974917,mqtt_qos1,1,3,21,56343,0.000,24592384,52701,0.000,8798208,2.500
2026-09-05T23:54:49.175211,mqtt_qos1,1,3,22,56343,0.000,24608768,52701,0.000,8798208,0.000
2026-09-05T23:54:49.375478,mqtt_qos1,1,3,23,56343,0.000,24608768,52701,0.000,8798208,0.000
2026-09-05T23:54:49.575736,mqtt_qos1,1,3,24,56343,0.000,24608768,52701,0.000,8798208,0.000
2026-09-05T23:54:49.775994,mqtt_qos1,1,3,25,56343,0.000,24608768,52701,0.000,8798208,0.000
2026-09-05T23:54:49.976390,mqtt_qos1,1,3,26,56343,0.000,24608768,52701,0.000,8798208,0.000
2026-09-05T23:54:50.176773,mqtt_qos1,1,3,27,56343,0.000,24608768,52701,0.000,8798208,0.000
2026-09-05T23:54:50.377140,mqtt_qos1,1,3,28,56343,0.000,24608768,52701,0.000,8798208,0.000
2026-09-05T23:54:50.577501,mqtt_qos1,1,3,29,56343,0.000,24608768,52701,0.000,8798208,0.000
2026-09-05T23:54:50.777867,mqtt_qos1,1,3,30,56343,0.000,24608768,52701,0.000,8798208,0.000
2026-09-05T23:54:50.978280,mqtt_qos1,1,3,31,56343,0.000,24608768,52701,0.000,8798208,0.000
2026-09-05T23:54:51.178662,mqtt_qos1,1,3,32,56343,0.000,24608768,52701,0.000,8798208,0.000
2026-09-05T23:54:51.379028,mqtt_qos1,1,3,33,56343,0.000,24608768,52701,0.000,8798208,0.000
2026-09-05T23:54:51.579386,mqtt_qos1,1,3,34,56343,0.000,24608768,52701,0.000,8798208,0.000
2026-09-05T23:54:51.779755,mqtt_qos1,1,3,35,56343,0.000,24608768,52701,0.000,8798208,1.200
2026-09-05T23:54:51.980212,mqtt_qos1,1,3,36,56343,0.000,24608768,52701,0.000,8798208,0.000
2026-09-05T23:54:52.180611,mqtt_qos1,1,3,37,56343,5.000,24608768,52701,0.000,8798208,0.000
2026-09-05T23:54:52.380974,mqtt_qos1,1,3,38,56343,0.000,24608768,52701,0.000,8798208,0.000
2026-09-05T23:54:52.581326,mqtt_qos1,1,3,39,56343,0.000,24608768,52701,0.000,8798208,0.000
2026-09-05T23:54:52.781680,mqtt_qos1,1,3,40,56343,0.000,24608768,52701,0.000,8798208,0.000
2026-09-05T23:54:52.982111,mqtt_qos1,1,3,41,56343,0.000,24608768,52701,0.000,8798208,0.000
2026-09-05T23:54:53.182503,mqtt_qos1,1,3,42,56343,0.000,24608768,52701,0.000,8798208,0.000
2026-09-05T23:54:53.382912,mqtt_qos1,1,3,43,56343,5.000,24608768,52701,0.000,8798208,0.000
2026-09-05T23:54:53.583275,mqtt_qos1,1,3,44,56343,0.000,24608768,52701,0.000,8798208,1.200
2026-09-05T23:54:53.783631,mqtt_qos1,1,3,45,56343,0.000,24608768,52701,0.000,8798208,0.000
2026-09-05T23:54:53.984023,mqtt_qos1,1,3,46,56343,0.000,24608768,52701,0.000,8798208,0.000
2026-09-05T23:54:54.184441,mqtt_qos1,1,3,47,56343,0.000,24608768,52701,0.000,8798208,0.000
2026-09-05T23:54:54.384818,mqtt_qos1,1,3,48,56343,0.000,24608768,52701,0.000,8798208,0.000
2026-09-05T23:54:54.585181,mqtt_qos1,1,3,49,56343,0.000,24608768,52701,0.000,8798208,0.000
2026-09-05T23:54:54.785620,mqtt_qos1,1,3,50,56343,0.000,24625152,52701,0.000,8798208,1.200
2026-09-05T23:54:54.986008,mqtt_qos1,1,3,51,56343,0.000,24625152,52701,0.000,8798208,0.000
2026-09-05T23:54:55.186370,mqtt_qos1,1,3,52,56343,0.000,24625152,52701,0.000,8798208,1.200
2026-09-05T23:54:55.386756,mqtt_qos1,1,3,53,56343,0.000,24625152,52701,0.000,8798208,0.000
2026-09-05T23:54:55.587110,mqtt_qos1,1,3,54,56343,0.000,24625152,52701,0.000,8798208,0.000
2026-09-05T23:54:55.787498,mqtt_qos1,1,3,55,56343,0.000,24625152,52701,0.000,8798208,0.000
2026-09-05T23:54:55.987897,mqtt_qos1,1,3,56,56343,0.000,24625152,52701,0.000,8798208,0.000
2026-09-05T23:54:56.188255,mqtt_qos1,1,3,57,56343,0.000,24625152,52701,0.000,8798208,0.000
2026-09-05T23:54:56.388606,mqtt_qos1,1,3,58,56343,0.000,24625152,52701,0.000,8798208,0.000
2026-09-05T23:54:56.588949,mqtt_qos1,1,3,59,56343,0.000,24625152,52701,0.000,8798208,0.000
2026-09-05T23:54:56.789368,mqtt_qos1,1,3,60,56343,0.000,24625152,52701,0.000,8798208,1.200
2026-09-05T23:54:56.989784,mqtt_qos1,1,3,61,56343,0.000,24641536,52701,0.000,8798208,0.000
2026-09-05T23:54:57.190151,mqtt_qos1,1,3,62,56343,0.000,24641536,52701,0.000,8798208,0.000
2026-09-05T23:54:57.390505,mqtt_qos1,1,3,63,56343,0.000,24641536,52701,0.000,8798208,0.000
2026-09-05T23:54:57.590868,mqtt_qos1,1,3,64,56343,0.000,24641536,52701,0.000,8798208,0.000
2026-09-05T23:54:57.791261,mqtt_qos1,1,3,65,56343,0.000,24641536,52701,0.000,8798208,0.000
2026-09-05T23:54:57.991726,mqtt_qos1,1,3,66,56343,0.000,24641536,52701,0.000,8798208,0.000
2026-09-05T23:54:58.192141,mqtt_qos1,1,3,67,56343,0.000,24641536,52701,0.000,8798208,0.000
2026-09-05T23:54:58.392534,mqtt_qos1,1,3,68,56343,0.000,24641536,52701,0.000,8798208,0.000
2026-09-05T23:54:58.592924,mqtt_qos1,1,3,69,56343,0.000,24641536,52701,0.000,8798208,0.000
2026-09-05T23:54:58.793392,mqtt_qos1,1,3,70,56343,0.000,24641536,52701,0.000,8798208,0.000
2026-09-05T23:54:58.993829,mqtt_qos1,1,3,71,56343,0.000,24641536,52701,0.000,8798208,0.000
2026-09-05T23:54:59.194221,mqtt_qos1,1,3,72,56343,0.000,24641536,52701,0.000,8798208,0.000
2026-09-05T23:54:59.394624,mqtt_qos1,1,3,73,56343,0.000,24641536,52701,0.000,8798208,0.000
2026-09-05T23:54:59.595027,mqtt_qos1,1,3,74,56343,0.000,24641536,52701,0.000,8798208,0.000
2026-09-05T23:54:59.795491,mqtt_qos1,1,3,75,56343,0.000,24641536,52701,0.000,8798208,0.000
2026-09-05T23:54:59.995931,mqtt_qos1,1,3,76,56343,0.000,24641536,52701,5.000,8798208,0.000
2026-09-05T23:55:00.196330,mqtt_qos1,1,3,77,56343,0.000,24641536,52701,0.000,8798208,0.000
2026-09-05T23:55:00.396718,mqtt_qos1,1,3,78,56343,0.000,24641536,52701,0.000,8798208,1.200
2026-09-05T23:55:00.597112,mqtt_qos1,1,3,79,56343,0.000,24641536,52701,0.000,8798208,0.000
2026-09-05T23:55:00.797572,mqtt_qos1,1,3,80,56343,0.000,24641536,52701,0.000,8798208,0.000
2026-09-05T23:55:00.997997,mqtt_qos1,1,3,81,56343,5.000,24641536,52701,0.000,8798208,0.000
2026-09-05T23:55:01.198400,mqtt_qos1,1,3,82,56343,0.000,24641536,52701,0.000,8798208,0.000
2026-09-05T23:55:01.398813,mqtt_qos1,1,3,83,56343,0.000,24641536,52701,0.000,8798208,0.000
2026-09-05T23:55:01.599210,mqtt_qos1,1,3,84,56343,0.000,24641536,52701,0.000,8798208,1.200
2026-09-05T23:55:01.799666,mqtt_qos1,1,3,85,56343,0.000,24641536,52701,0.000,8798208,0.000
2026-09-05T23:55:02.000093,mqtt_qos1,1,3,86,56343,0.000,24641536,52701,0.000,8798208,0.000
2026-09-05T23:55:02.200494,mqtt_qos1,1,3,87,56343,0.000,24641536,52701,0.000,8798208,0.000
2026-09-05T23:55:02.400880,mqtt_qos1,1,3,88,56343,0.000,24641536,52701,0.000,8798208,0.000
2026-09-05T23:55:02.601269,mqtt_qos1,1,3,89,56343,0.000,24641536,52701,0.000,8798208,0.000
2026-09-05T23:55:02.801702,mqtt_qos1,1,3,90,56343,0.000,24641536,52701,0.000,8798208,0.000
2026-09-05T23:55:03.002133,mqtt_qos1,1,3,91,56343,0.000,24641536,52701,0.000,8798208,0.000
2026-09-05T23:55:03.202534,mqtt_qos1,1,3,92,56343,0.000,24641536,52701,0.000,8798208,0.000
2026-09-05T23:55:03.402939,mqtt_qos1,1,3,93,56343,0.000,24641536,52701,0.000,8798208,0.000
2026-09-05T23:55:03.603326,mqtt_qos1,1,3,94,56343,0.000,24641536,52701,0.000,8798208,0.000
2026-09-05T23:55:03.803766,mqtt_qos1,1,3,95,56343,0.000,24641536,52701,0.000,8798208,0.000
2026-09-05T23:55:04.004217,mqtt_qos1,1,3,96,56343,0.000,24657920,52701,0.000,8798208,2.500
2026-09-05T23:55:04.204642,mqtt_qos1,1,3,97,56343,0.000,24657920,52701,0.000,8798208,0.000
2026-09-05T23:55:04.405034,mqtt_qos1,1,3,98,56343,0.000,24657920,52701,0.000,8798208,0.000
2026-09-05T23:55:04.605430,mqtt_qos1,1,3,99,56343,0.000,24657920,52701,0.000,8798208,0.000
2026-09-05T23:55:04.805890,mqtt_qos1,1,3,100,56343,0.000,24657920,52701,0.000,8798208,0.000
2026-09-05T23:55:05.006330,mqtt_qos1,1,3,101,56343,0.000,24657920,52701,0.000,8798208,0.000
2026-09-05T23:55:05.206737,mqtt_qos1,1,3,102,56343,0.000,24657920,52701,0.000,8798208,0.000
2026-09-05T23:55:05.407131,mqtt_qos1,1,3,103,56343,0.000,24657920,52701,0.000,8798208,0.000
2026-09-05T23:55:05.607519,mqtt_qos1,1,3,104,56343,0.000,24657920,52701,0.000,8798208,0.000
2026-09-05T23:55:05.807984,mqtt_qos1,1,3,105,56343,0.000,24657920,52701,0.000,8798208,0.000
2026-09-05T23:55:06.008415,mqtt_qos1,1,3,106,56343,0.000,24657920,52701,0.000,8798208,0.000
2026-09-05T23:55:06.208803,mqtt_qos1,1,3,107,56343,0.000,24657920,52701,0.000,8798208,0.000
2026-09-05T23:55:06.409189,mqtt_qos1,1,3,108,56343,5.000,24657920,52701,0.000,8798208,0.000
2026-09-05T23:55:06.609597,mqtt_qos1,1,3,109,56343,0.000,24657920,52701,0.000,8798208,0.000
2026-09-05T23:55:06.810051,mqtt_qos1,1,3,110,56343,0.000,24657920,52701,0.000,8798208,0.000
2026-09-05T23:55:07.010466,mqtt_qos1,1,3,111,56343,0.000,24657920,52701,0.000,8798208,0.000
2026-09-05T23:55:07.210880,mqtt_qos1,1,3,112,56343,0.000,24657920,52701,0.000,8798208,1.200
2026-09-05T23:55:07.411269,mqtt_qos1,1,3,113,56343,0.000,24657920,52701,0.000,8798208,0.000
2026-09-05T23:55:07.611665,mqtt_qos1,1,3,114,56343,0.000,24657920,52701,0.000,8798208,0.000
2026-09-05T23:55:07.812103,mqtt_qos1,1,3,115,56343,0.000,24657920,52701,0.000,8798208,0.000
2026-09-05T23:55:08.012521,mqtt_qos1,1,3,116,56343,0.000,24657920,52701,0.000,8798208,0.000
2026-09-05T23:55:08.212927,mqtt_qos1,1,3,117,56343,0.000,24657920,52701,0.000,8798208,0.000
2026-09-05T23:55:08.413317,mqtt_qos1,1,3,118,56343,0.000,24657920,52701,0.000,8798208,0.000
2026-09-05T23:55:08.613704,mqtt_qos1,1,3,119,56343,0.000,24657920,52701,0.000,8798208,0.000
2026-09-05T23:55:08.814139,mqtt_qos1,1,3,120,56343,0.000,24657920,52701,0.000,8798208,0.000
2026-09-05T23:55:09.014581,mqtt_qos1,1,3,121,56343,5.000,24657920,52701,0.000,8798208,0.000
2026-09-05T23:55:09.215007,mqtt_qos1,1,3,122,56343,0.000,24657920,52701,0.000,8798208,0.000
2026-09-05T23:55:09.415404,mqtt_qos1,1,3,123,56343,0.000,24657920,52701,0.000,8798208,0.000
2026-09-05T23:55:09.615792,mqtt_qos1,1,3,124,56343,0.000,24657920,52701,0.000,8798208,0.000
2026-09-05T23:55:09.816250,mqtt_qos1,1,3,125,56343,0.000,24657920,52701,0.000,8798208,0.000
2026-09-05T23:55:10.016693,mqtt_qos1,1,3,126,56343,0.000,24657920,52701,0.000,8798208,0.000
2026-09-05T23:55:10.217100,mqtt_qos1,1,3,127,56343,0.000,24657920,52701,0.000,8798208,0.000
2026-09-05T23:55:10.417481,mqtt_qos1,1,3,128,56343,0.000,24657920,52701,0.000,8798208,0.000
2026-09-05T23:55:10.617870,mqtt_qos1,1,3,129,56343,0.000,24657920,52701,0.000,8798208,0.000
2026-09-05T23:55:10.818334,mqtt_qos1,1,3,130,56343,0.000,24657920,52701,0.000,8798208,0.000
2026-09-05T23:55:11.018795,mqtt_qos1,1,3,131,56343,0.000,24657920,52701,0.000,8798208,0.000
2026-09-05T23:55:11.219204,mqtt_qos1,1,3,132,56343,0.000,24657920,52701,0.000,8798208,0.000
2026-09-05T23:55:11.419586,mqtt_qos1,1,3,133,56343,0.000,24657920,52701,0.000,8798208,0.000
2026-09-05T23:55:11.619963,mqtt_qos1,1,3,134,56343,0.000,24657920,52701,0.000,8798208,0.000
2026-09-05T23:55:11.820442,mqtt_qos1,1,3,135,56343,0.000,24674304,52701,0.000,8798208,0.000
2026-09-05T23:55:12.020879,mqtt_qos1,1,3,136,56343,0.000,24674304,52701,0.000,8798208,0.000
2026-09-05T23:55:12.221285,mqtt_qos1,1,3,137,56343,0.000,24674304,52701,0.000,8798208,0.000
2026-09-05T23:55:12.421689,mqtt_qos1,1,3,138,56343,0.000,24690688,52701,0.000,8798208,0.000
2026-09-05T23:55:12.622084,mqtt_qos1,1,3,139,56343,0.000,24690688,52701,0.000,8798208,0.000
2026-09-05T23:55:12.822545,mqtt_qos1,1,3,140,56343,0.000,24690688,52701,0.000,8798208,0.000
2026-09-05T23:55:13.022996,mqtt_qos1,1,3,141,56343,0.000,24690688,52701,0.000,8798208,0.000
2026-09-05T23:55:13.223394,mqtt_qos1,1,3,142,56343,0.000,24690688,52701,0.000,8798208,0.000
2026-09-05T23:55:13.423789,mqtt_qos1,1,3,143,56343,0.000,24690688,52701,0.000,8798208,0.000
2026-09-05T23:55:13.624178,mqtt_qos1,1,3,144,56343,0.000,24690688,52701,0.000,8798208,0.000
2026-09-05T23:55:13.824631,mqtt_qos1,1,3,145,56343,0.000,24690688,52701,0.000,8798208,1.200
2026-09-05T23:55:14.025042,mqtt_qos1,1,3,146,56343,0.000,24690688,52701,0.000,8798208,0.000
2026-09-05T23:55:14.225447,mqtt_qos1,1,3,147,56343,0.000,24690688,52701,0.000,8798208,0.000
2026-09-05T23:55:14.425849,mqtt_qos1,1,3,148,56343,0.000,24690688,52701,0.000,8798208,0.000
2026-09-05T23:55:14.626240,mqtt_qos1,1,3,149,56343,0.000,24690688,52701,0.000,8798208,0.000
2026-09-05T23:55:14.826683,mqtt_qos1,1,3,150,56343,0.000,24690688,52701,0.000,8798208,0.000
2026-09-05T23:55:15.027135,mqtt_qos1,1,3,151,56343,0.000,24690688,52701,0.000,8798208,1.200
2026-09-05T23:55:15.227545,mqtt_qos1,1,3,152,56343,5.000,24690688,52701,0.000,8798208,0.000
2026-09-05T23:55:15.427942,mqtt_qos1,1,3,153,56343,0.000,24690688,52701,0.000,8798208,0.000
2026-09-05T23:55:15.628329,mqtt_qos1,1,3,154,56343,0.000,24690688,52701,0.000,8798208,0.000
2026-09-05T23:55:15.828765,mqtt_qos1,1,3,155,56343,0.000,24690688,52701,0.000,8798208,0.000
2026-09-05T23:55:16.029207,mqtt_qos1,1,3,156,56343,0.000,24690688,52701,0.000,8798208,0.000
2026-09-05T23:55:16.229616,mqtt_qos1,1,3,157,56343,0.000,24690688,52701,0.000,8798208,0.000
2026-09-05T23:55:16.429999,mqtt_qos1,1,3,158,56343,0.000,24690688,52701,0.000,8798208,0.000
2026-09-05T23:55:16.630386,mqtt_qos1,1,3,159,56343,0.000,24690688,52701,0.000,8798208,0.000
2026-09-05T23:55:16.830871,mqtt_qos1,1,3,160,56343,0.000,24690688,52701,0.000,8798208,1.200
2026-09-05T23:55:17.031313,mqtt_qos1,1,3,161,56343,0.000,24690688,52701,0.000,8798208,0.000
2026-09-05T23:55:17.231717,mqtt_qos1,1,3,162,56343,0.000,24690688,52701,0.000,8798208,0.000
2026-09-05T23:55:17.432101,mqtt_qos1,1,3,163,56343,0.000,24690688,52701,0.000,8798208,1.200
2026-09-05T23:55:17.632492,mqtt_qos1,1,3,164,56343,0.000,24690688,52701,0.000,8798208,0.000
2026-09-05T23:55:17.832954,mqtt_qos1,1,3,165,56343,0.000,24690688,52701,0.000,8798208,0.000
2026-09-05T23:55:18.033376,mqtt_qos1,1,3,166,56343,0.000,24690688,52701,0.000,8798208,0.000
2026-09-05T23:55:18.233786,mqtt_qos1,1,3,167,56343,0.000,24690688,52701,0.000,8798208,0.000
2026-09-05T23:55:18.434195,mqtt_qos1,1,3,168,56343,0.000,24690688,52701,0.000,8798208,0.000
2026-09-05T23:55:18.634597,mqtt_qos1,1,3,169,56343,0.000,24707072,52701,0.000,8798208,0.000
2026-09-05T23:55:18.835090,mqtt_qos1,1,3,170,56343,0.000,24723456,52701,0.000,8798208,0.000
2026-09-05T23:55:19.035531,mqtt_qos1,1,3,171,56343,0.000,24723456,52701,0.000,8798208,0.000
2026-09-05T23:55:19.235934,mqtt_qos1,1,3,172,56343,0.000,24723456,52701,0.000,8798208,0.000
2026-09-05T23:55:19.436340,mqtt_qos1,1,3,173,56343,0.000,24723456,52701,0.000,8798208,0.000
2026-09-05T23:55:19.636734,mqtt_qos1,1,3,174,56343,0.000,24723456,52701,0.000,8798208,0.000
2026-09-05T23:55:19.837187,mqtt_qos1,1,3,175,56343,0.000,24723456,52701,0.000,8798208,0.000
2026-09-05T23:55:20.037611,mqtt_qos1,1,3,176,56343,0.000,24723456,52701,0.000,8798208,0.000
2026-09-05T23:55:20.238029,mqtt_qos1,1,3,177,56343,0.000,24723456,52701,0.000,8798208,0.000
2026-09-05T23:55:20.438436,mqtt_qos1,1,3,178,56343,0.000,24723456,52701,0.000,8798208,0.000
2026-09-05T23:55:20.638850,mqtt_qos1,1,3,179,56343,0.000,24723456,52701,0.000,8798208,1.200
2026-09-05T23:55:20.839300,mqtt_qos1,1,3,180,56343,5.000,24723456,52701,0.000,8798208,0.000
2026-09-05T23:55:21.039743,mqtt_qos1,1,3,181,56343,0.000,24723456,52701,0.000,8798208,0.000
2026-09-05T23:55:21.240160,mqtt_qos1,1,3,182,56343,0.000,24723456,52701,0.000,8798208,0.000
2026-09-05T23:55:21.440566,mqtt_qos1,1,3,183,56343,0.000,24723456,52701,0.000,8798208,0.000
2026-09-05T23:55:21.640964,mqtt_qos1,1,3,184,56343,0.000,24723456,52701,0.000,8798208,0.000
2026-09-05T23:55:21.841430,mqtt_qos1,1,3,185,56343,0.000,24739840,52701,0.000,8798208,0.000
2026-09-05T23:55:22.041886,mqtt_qos1,1,3,186,56343,0.000,24739840,52701,5.000,8798208,0.000
2026-09-05T23:55:22.242309,mqtt_qos1,1,3,187,56343,0.000,24739840,52701,0.000,8798208,0.000
2026-09-05T23:55:22.442785,mqtt_qos1,1,3,188,56343,0.000,24739840,52701,0.000,8798208,0.000
2026-09-05T23:55:22.643192,mqtt_qos1,1,3,189,56343,0.000,24739840,52701,0.000,8798208,2.400
2026-09-05T23:55:22.843678,mqtt_qos1,1,3,190,56343,0.000,24739840,52701,0.000,8798208,0.000
2026-09-05T23:55:23.044123,mqtt_qos1,1,3,191,56343,0.000,24739840,52701,0.000,8798208,0.000
2026-09-05T23:55:23.244535,mqtt_qos1,1,3,192,56343,0.000,24739840,52701,0.000,8798208,0.000
2026-09-05T23:55:23.444929,mqtt_qos1,1,3,193,56343,0.000,24739840,52701,0.000,8798208,0.000
2026-09-05T23:55:23.645313,mqtt_qos1,1,3,194,56343,0.000,24739840,52701,0.000,8798208,0.000
2026-09-05T23:55:23.845761,mqtt_qos1,1,3,195,56343,0.000,24739840,52701,0.000,8798208,0.000
2026-09-05T23:55:24.046189,mqtt_qos1,1,3,196,56343,0.000,24739840,52701,0.000,8798208,0.000
2026-09-05T23:55:24.246595,mqtt_qos1,1,3,197,56343,0.000,24739840,52701,0.000,8798208,0.000
2026-09-05T23:55:24.447019,mqtt_qos1,1,3,198,56343,0.000,24739840,52701,0.000,8798208,0.000
2026-09-05T23:55:24.647416,mqtt_qos1,1,3,199,56343,0.000,24739840,52701,0.000,8798208,0.000
2026-09-05T23:55:24.847887,mqtt_qos1,1,3,200,56343,0.000,24739840,52701,0.000,8798208,0.000
2026-09-05T23:55:25.048336,mqtt_qos1,1,3,201,56343,0.000,24739840,52701,0.000,8798208,0.000
2026-09-05T23:55:25.248756,mqtt_qos1,1,3,202,56343,0.000,24739840,52701,0.000,8798208,0.000
2026-09-05T23:55:25.449171,mqtt_qos1,1,3,203,56343,0.000,24739840,52701,0.000,8798208,0.000
2026-09-05T23:55:25.649574,mqtt_qos1,1,3,204,56343,0.000,24739840,52701,0.000,8798208,0.000
2026-09-05T23:55:25.850039,mqtt_qos1,1,3,205,56343,0.000,24739840,52701,0.000,8798208,0.000
2026-09-05T23:55:26.050477,mqtt_qos1,1,3,206,56343,0.000,24739840,52701,0.000,8798208,0.000
2026-09-05T23:55:26.250904,mqtt_qos1,1,3,207,56343,0.000,24739840,52701,0.000,8798208,0.000
2026-09-05T23:55:26.451307,mqtt_qos1,1,3,208,56343,0.000,24739840,52701,0.000,8798208,0.000
2026-09-05T23:55:26.651702,mqtt_qos1,1,3,209,56343,0.000,24739840,52701,0.000,8798208,0.000
2026-09-05T23:55:26.852175,mqtt_qos1,1,3,210,56343,0.000,24739840,52701,0.000,8798208,0.000
2026-09-05T23:55:27.052610,mqtt_qos1,1,3,211,56343,0.000,24739840,52701,0.000,8798208,0.000
2026-09-05T23:55:27.253019,mqtt_qos1,1,3,212,56343,0.000,24739840,52701,0.000,8798208,0.000
2026-09-05T23:55:27.453417,mqtt_qos1,1,3,213,56343,0.000,24739840,52701,0.000,8798208,0.000
2026-09-05T23:55:27.653818,mqtt_qos1,1,3,214,56343,0.000,24739840,52701,0.000,8798208,0.000
2026-09-05T23:55:27.854289,mqtt_qos1,1,3,215,56343,0.000,24739840,52701,0.000,8798208,0.000
2026-09-05T23:55:28.054721,mqtt_qos1,1,3,216,56343,5.000,24739840,52701,0.000,8798208,0.000
2026-09-05T23:55:28.255135,mqtt_qos1,1,3,217,56343,0.000,24739840,52701,0.000,8798208,0.000
2026-09-05T23:55:28.455519,mqtt_qos1,1,3,218,56343,0.000,24739840,52701,0.000,8798208,0.000
2026-09-05T23:55:28.655902,mqtt_qos1,1,3,219,56343,0.000,24739840,52701,0.000,8798208,0.000
2026-09-05T23:55:28.856368,mqtt_qos1,1,3,220,56343,0.000,24739840,52701,0.000,8798208,0.000
2026-09-05T23:55:29.056818,mqtt_qos1,1,3,221,56343,0.000,24739840,52701,0.000,8798208,0.000
2026-09-05T23:55:29.257242,mqtt_qos1,1,3,222,56343,0.000,24739840,52701,0.000,8798208,0.000
2026-09-05T23:55:29.457645,mqtt_qos1,1,3,223,56343,0.000,24739840,52701,0.000,8798208,0.000
2026-09-05T23:55:29.658041,mqtt_qos1,1,3,224,56343,0.000,24739840,52701,0.000,8798208,0.000
2026-09-05T23:55:29.858503,mqtt_qos1,1,3,225,56343,0.000,24739840,52701,0.000,8798208,0.000
2026-09-05T23:55:30.058949,mqtt_qos1,1,3,226,56343,0.000,24739840,52701,0.000,8798208,2.400
2026-09-05T23:55:30.259367,mqtt_qos1,1,3,227,56343,0.000,24739840,52701,0.000,8798208,0.000
2026-09-05T23:55:30.459769,mqtt_qos1,1,3,228,56343,0.000,24739840,52701,0.000,8798208,0.000
2026-09-05T23:55:30.660182,mqtt_qos1,1,3,229,56343,0.000,24739840,52701,0.000,8798208,0.000
2026-09-05T23:55:30.860650,mqtt_qos1,1,3,230,56343,0.000,24739840,52701,0.000,8798208,0.000
2026-09-05T23:55:31.061081,mqtt_qos1,1,3,231,56343,0.000,24739840,52701,0.000,8798208,0.000
2026-09-05T23:55:31.261490,mqtt_qos1,1,3,232,56343,0.000,24739840,52701,0.000,8798208,0.000
2026-09-05T23:55:31.461894,mqtt_qos1,1,3,233,56343,0.000,24739840,52701,0.000,8798208,1.200
2026-09-05T23:55:31.662296,mqtt_qos1,1,3,234,56343,0.000,24739840,52701,0.000,8798208,0.000
2026-09-05T23:55:31.862772,mqtt_qos1,1,3,235,56343,0.000,24739840,52701,0.000,8798208,0.000
2026-09-05T23:55:32.063206,mqtt_qos1,1,3,236,56343,0.000,24739840,52701,0.000,8798208,0.000
2026-09-05T23:55:32.263614,mqtt_qos1,1,3,237,56343,0.000,24739840,52701,0.000,8798208,0.000
2026-09-05T23:55:32.464002,mqtt_qos1,1,3,238,56343,0.000,24739840,52701,0.000,8798208,0.000
2026-09-05T23:55:32.664391,mqtt_qos1,1,3,239,56343,0.000,24739840,52701,0.000,8798208,0.000
2026-09-05T23:55:32.864854,mqtt_qos1,1,3,240,56343,0.000,24739840,52701,0.000,8798208,0.000
2026-09-05T23:55:33.065292,mqtt_qos1,1,3,241,56343,0.000,24739840,52701,0.000,8798208,0.000
2026-09-05T23:55:33.265700,mqtt_qos1,1,3,242,56343,0.000,24739840,52701,0.000,8798208,0.000
2026-09-05T23:55:33.466090,mqtt_qos1,1,3,243,56343,0.000,24739840,52701,0.000,8798208,0.000
2026-09-05T23:55:33.666487,mqtt_qos1,1,3,244,56343,0.000,24739840,52701,0.000,8798208,0.000
2026-09-05T23:55:33.866990,mqtt_qos1,1,3,245,56343,0.000,24739840,52701,0.000,8798208,0.000
2026-09-05T23:55:34.067434,mqtt_qos1,1,3,246,56343,5.000,24739840,52701,0.000,8798208,0.000
2026-09-05T23:55:34.267840,mqtt_qos1,1,3,247,56343,0.000,24739840,52701,0.000,8798208,0.000
2026-09-05T23:55:34.468220,mqtt_qos1,1,3,248,56343,0.000,24739840,52701,0.000,8798208,0.000
2026-09-05T23:55:34.668609,mqtt_qos1,1,3,249,56343,0.000,24739840,52701,0.000,8798208,0.000
2026-09-05T23:55:34.869074,mqtt_qos1,1,3,250,56343,0.000,24739840,52701,0.000,8798208,0.000
2026-09-05T23:55:35.069513,mqtt_qos1,1,3,251,56343,0.000,24739840,52701,0.000,8798208,0.000
2026-09-05T23:55:35.269922,mqtt_qos1,1,3,252,56343,0.000,24739840,52701,0.000,8798208,0.000
2026-09-05T23:55:35.470308,mqtt_qos1,1,3,253,56343,0.000,24739840,52701,0.000,8798208,0.000
2026-09-05T23:55:35.670714,mqtt_qos1,1,3,254,56343,0.000,24739840,52701,0.000,8798208,1.200
2026-09-05T23:55:35.871231,mqtt_qos1,1,3,255,56343,0.000,24739840,52701,0.000,8798208,1.200
2026-09-05T23:55:36.071672,mqtt_qos1,1,3,256,56343,0.000,24739840,52701,0.000,8798208,0.000
2026-09-05T23:55:36.272086,mqtt_qos1,1,3,257,56343,0.000,24739840,52701,0.000,8798208,0.000
2026-09-05T23:55:36.472479,mqtt_qos1,1,3,258,56343,0.000,24739840,52701,0.000,8798208,0.000
2026-09-05T23:55:36.672863,mqtt_qos1,1,3,259,56343,0.000,24739840,52701,0.000,8798208,0.000
2026-09-05T23:55:36.873328,mqtt_qos1,1,3,260,56343,0.000,24739840,52701,0.000,8798208,0.000
2026-09-05T23:55:37.073756,mqtt_qos1,1,3,261,56343,0.000,24739840,52701,0.000,8798208,0.000
2026-09-05T23:55:37.274161,mqtt_qos1,1,3,262,56343,0.000,24739840,52701,0.000,8798208,0.000
2026-09-05T23:55:37.474561,mqtt_qos1,1,3,263,56343,0.000,24739840,52701,0.000,8798208,0.000
2026-09-05T23:55:37.674967,mqtt_qos1,1,3,264,56343,0.000,24739840,52701,0.000,8798208,0.000
2026-09-05T23:55:37.875430,mqtt_qos1,1,3,265,56343,0.000,24739840,52701,0.000,8798208,0.000
2026-09-05T23:55:38.075852,mqtt_qos1,1,3,266,56343,0.000,24739840,52701,0.000,8798208,0.000
2026-09-05T23:55:38.276227,mqtt_qos1,1,3,267,56343,0.000,24739840,52701,0.000,8798208,0.000
2026-09-05T23:55:38.476583,mqtt_qos1,1,3,268,56343,0.000,24739840,52701,0.000,8798208,0.000
2026-09-05T23:55:38.676934,mqtt_qos1,1,3,269,56343,0.000,24739840,52701,0.000,8798208,0.000
2026-09-05T23:55:38.877338,mqtt_qos1,1,3,270,56343,0.000,24739840,52701,0.000,8798208,0.000
2026-09-05T23:55:39.077826,mqtt_qos1,1,3,271,56343,15.000,0,52701,0.000,8798208,3.700
2026-09-05T23:55:42.280266,mqtt_qos0,2,1,1,56345,49.900,24510464,52701,0.000,8798208,12.700
2026-09-05T23:55:42.480615,mqtt_qos0,2,1,2,56345,0.000,24510464,52701,0.000,8798208,0.000
2026-09-05T23:55:42.680890,mqtt_qos0,2,1,3,56345,0.000,24510464,52701,0.000,8798208,0.000
2026-09-05T23:55:42.881205,mqtt_qos0,2,1,4,56345,0.000,24510464,52701,0.000,8798208,0.000
2026-09-05T23:55:43.081479,mqtt_qos0,2,1,5,56345,0.000,24510464,52701,0.000,8798208,0.000
2026-09-05T23:55:43.281770,mqtt_qos0,2,1,6,56345,0.000,24576000,52701,0.000,8798208,0.000
2026-09-05T23:55:43.482060,mqtt_qos0,2,1,7,56345,5.000,24576000,52701,0.000,8798208,0.000
2026-09-05T23:55:43.682342,mqtt_qos0,2,1,8,56345,0.000,24576000,52701,0.000,8798208,0.000
2026-09-05T23:55:43.882662,mqtt_qos0,2,1,9,56345,0.000,24576000,52701,0.000,8798208,0.000
2026-09-05T23:55:44.082931,mqtt_qos0,2,1,10,56345,0.000,24576000,52701,0.000,8798208,0.000
2026-09-05T23:55:44.283231,mqtt_qos0,2,1,11,56345,0.000,24576000,52701,0.000,8798208,0.000
2026-09-05T23:55:44.483524,mqtt_qos0,2,1,12,56345,0.000,24576000,52701,0.000,8798208,0.000
2026-09-05T23:55:44.683815,mqtt_qos0,2,1,13,56345,0.000,24576000,52701,0.000,8798208,0.000
2026-09-05T23:55:44.884173,mqtt_qos0,2,1,14,56345,0.000,24576000,52701,0.000,8798208,0.000
2026-09-05T23:55:45.084512,mqtt_qos0,2,1,15,56345,0.000,24576000,52701,0.000,8798208,0.000
2026-09-05T23:55:45.284830,mqtt_qos0,2,1,16,56345,0.000,24576000,52701,0.000,8798208,0.000
2026-09-05T23:55:45.485133,mqtt_qos0,2,1,17,56345,0.000,24576000,52701,0.000,8798208,0.000
2026-09-05T23:55:45.685426,mqtt_qos0,2,1,18,56345,0.000,24576000,52701,0.000,8798208,0.000
2026-09-05T23:55:45.885781,mqtt_qos0,2,1,19,56345,0.000,24576000,52701,0.000,8798208,0.000
2026-09-05T23:55:46.086110,mqtt_qos0,2,1,20,56345,0.000,24592384,52701,0.000,8798208,0.000
2026-09-05T23:55:46.286419,mqtt_qos0,2,1,21,56345,0.000,24592384,52701,0.000,8798208,0.000
2026-09-05T23:55:46.486715,mqtt_qos0,2,1,22,56345,0.000,24592384,52701,0.000,8798208,0.000
2026-09-05T23:55:46.687011,mqtt_qos0,2,1,23,56345,0.000,24592384,52701,0.000,8798208,1.200
2026-09-05T23:55:46.887358,mqtt_qos0,2,1,24,56345,0.000,24592384,52701,0.000,8798208,0.000
2026-09-05T23:55:47.087685,mqtt_qos0,2,1,25,56345,0.000,24592384,52701,0.000,8798208,0.000
2026-09-05T23:55:47.288094,mqtt_qos0,2,1,26,56345,0.000,24592384,52701,0.000,8798208,0.000
2026-09-05T23:55:47.488521,mqtt_qos0,2,1,27,56345,0.000,24592384,52701,0.000,8798208,0.000
2026-09-05T23:55:47.688934,mqtt_qos0,2,1,28,56345,0.000,24592384,52701,0.000,8798208,0.000
2026-09-05T23:55:47.889409,mqtt_qos0,2,1,29,56345,0.000,24592384,52701,0.000,8798208,0.000
2026-09-05T23:55:48.089865,mqtt_qos0,2,1,30,56345,0.000,24592384,52701,5.000,8798208,0.000
2026-09-05T23:55:48.290296,mqtt_qos0,2,1,31,56345,0.000,24592384,52701,0.000,8798208,0.000
2026-09-05T23:55:48.490711,mqtt_qos0,2,1,32,56345,0.000,24592384,52701,0.000,8798208,0.000
2026-09-05T23:55:48.691134,mqtt_qos0,2,1,33,56345,0.000,24592384,52701,0.000,8798208,1.200
2026-09-05T23:55:48.891595,mqtt_qos0,2,1,34,56345,0.000,24592384,52701,0.000,8798208,0.000
2026-09-05T23:55:49.092032,mqtt_qos0,2,1,35,56345,0.000,24592384,52701,0.000,8798208,0.000
2026-09-05T23:55:49.292448,mqtt_qos0,2,1,36,56345,0.000,24592384,52701,0.000,8798208,0.000
2026-09-05T23:55:49.492852,mqtt_qos0,2,1,37,56345,0.000,24592384,52701,0.000,8798208,0.000
2026-09-05T23:55:49.693249,mqtt_qos0,2,1,38,56345,0.000,24592384,52701,0.000,8798208,0.000
2026-09-05T23:55:49.893697,mqtt_qos0,2,1,39,56345,0.000,24592384,52701,0.000,8798208,0.000
2026-09-05T23:55:50.094124,mqtt_qos0,2,1,40,56345,0.000,24592384,52701,0.000,8798208,0.000
2026-09-05T23:55:50.294523,mqtt_qos0,2,1,41,56345,0.000,24592384,52701,0.000,8798208,0.000
2026-09-05T23:55:50.494927,mqtt_qos0,2,1,42,56345,0.000,24592384,52701,0.000,8798208,0.000
2026-09-05T23:55:50.695304,mqtt_qos0,2,1,43,56345,0.000,24592384,52701,0.000,8798208,0.000
2026-09-05T23:55:50.895757,mqtt_qos0,2,1,44,56345,0.000,24592384,52701,0.000,8798208,1.200
2026-09-05T23:55:51.096182,mqtt_qos0,2,1,45,56345,0.000,24608768,52701,0.000,8798208,0.000
2026-09-05T23:55:51.296579,mqtt_qos0,2,1,46,56345,0.000,24608768,52701,0.000,8798208,0.000
2026-09-05T23:55:51.496952,mqtt_qos0,2,1,47,56345,0.000,24608768,52701,0.000,8798208,0.000
2026-09-05T23:55:51.697334,mqtt_qos0,2,1,48,56345,0.000,24608768,52701,0.000,8798208,0.000
2026-09-05T23:55:51.897791,mqtt_qos0,2,1,49,56345,0.000,24608768,52701,0.000,8798208,0.000
2026-09-05T23:55:52.098219,mqtt_qos0,2,1,50,56345,5.000,24608768,52701,0.000,8798208,0.000
2026-09-05T23:55:52.298622,mqtt_qos0,2,1,51,56345,0.000,24625152,52701,0.000,8798208,0.000
2026-09-05T23:55:52.498999,mqtt_qos0,2,1,52,56345,0.000,24625152,52701,0.000,8798208,0.000
2026-09-05T23:55:52.699384,mqtt_qos0,2,1,53,56345,0.000,24625152,52701,0.000,8798208,0.000
2026-09-05T23:55:52.899842,mqtt_qos0,2,1,54,56345,0.000,24625152,52701,0.000,8798208,0.000
2026-09-05T23:55:53.100271,mqtt_qos0,2,1,55,56345,0.000,24625152,52701,0.000,8798208,0.000
2026-09-05T23:55:53.300672,mqtt_qos0,2,1,56,56345,0.000,24625152,52701,0.000,8798208,0.000
2026-09-05T23:55:53.501056,mqtt_qos0,2,1,57,56345,0.000,24625152,52701,0.000,8798208,0.000
2026-09-05T23:55:53.701435,mqtt_qos0,2,1,58,56345,0.000,24625152,52701,0.000,8798208,0.000
2026-09-05T23:55:53.901885,mqtt_qos0,2,1,59,56345,0.000,24625152,52701,0.000,8798208,0.000
2026-09-05T23:55:54.102306,mqtt_qos0,2,1,60,56345,0.000,24625152,52701,0.000,8798208,0.000
2026-09-05T23:55:54.302697,mqtt_qos0,2,1,61,56345,0.000,24625152,52701,0.000,8798208,0.000
2026-09-05T23:55:54.503087,mqtt_qos0,2,1,62,56345,0.000,24625152,52701,0.000,8798208,1.200
2026-09-05T23:55:54.703458,mqtt_qos0,2,1,63,56345,0.000,24625152,52701,0.000,8798208,0.000
2026-09-05T23:55:54.903900,mqtt_qos0,2,1,64,56345,0.000,24625152,52701,0.000,8798208,0.000
2026-09-05T23:55:55.104317,mqtt_qos0,2,1,65,56345,0.000,24625152,52701,0.000,8798208,0.000
2026-09-05T23:55:55.304710,mqtt_qos0,2,1,66,56345,0.000,24625152,52701,0.000,8798208,0.000
2026-09-05T23:55:55.505077,mqtt_qos0,2,1,67,56345,0.000,24625152,52701,0.000,8798208,0.000
2026-09-05T23:55:55.705445,mqtt_qos0,2,1,68,56345,0.000,24625152,52701,0.000,8798208,0.000
2026-09-05T23:55:55.905891,mqtt_qos0,2,1,69,56345,0.000,24625152,52701,0.000,8798208,0.000
2026-09-05T23:55:56.106313,mqtt_qos0,2,1,70,56345,0.000,24625152,52701,0.000,8798208,0.000
2026-09-05T23:55:56.306715,mqtt_qos0,2,1,71,56345,0.000,24625152,52701,0.000,8798208,0.000
2026-09-05T23:55:56.507114,mqtt_qos0,2,1,72,56345,0.000,24625152,52701,0.000,8798208,1.200
2026-09-05T23:55:56.707488,mqtt_qos0,2,1,73,56345,0.000,24625152,52701,0.000,8798208,0.000
2026-09-05T23:55:56.907941,mqtt_qos0,2,1,74,56345,0.000,24625152,52701,0.000,8798208,0.000
2026-09-05T23:55:57.108372,mqtt_qos0,2,1,75,56345,0.000,24625152,52701,0.000,8798208,1.200
2026-09-05T23:55:57.308773,mqtt_qos0,2,1,76,56345,0.000,24625152,52701,0.000,8798208,0.000
2026-09-05T23:55:57.509160,mqtt_qos0,2,1,77,56345,0.000,24625152,52701,0.000,8798208,0.000
2026-09-05T23:55:57.709531,mqtt_qos0,2,1,78,56345,0.000,24625152,52701,0.000,8798208,0.000
2026-09-05T23:55:57.910039,mqtt_qos0,2,1,79,56345,0.000,24625152,52701,0.000,8798208,0.000
2026-09-05T23:55:58.110500,mqtt_qos0,2,1,80,56345,0.000,24625152,52701,0.000,8798208,0.000
2026-09-05T23:55:58.310964,mqtt_qos0,2,1,81,56345,0.000,24641536,52701,0.000,8798208,0.000
2026-09-05T23:55:58.511368,mqtt_qos0,2,1,82,56345,0.000,24641536,52701,0.000,8798208,0.000
2026-09-05T23:55:58.711750,mqtt_qos0,2,1,83,56345,0.000,24641536,52701,0.000,8798208,0.000
2026-09-05T23:55:58.912207,mqtt_qos0,2,1,84,56345,0.000,24641536,52701,0.000,8798208,0.000
2026-09-05T23:55:59.112634,mqtt_qos0,2,1,85,56345,0.000,24641536,52701,0.000,8798208,0.000
2026-09-05T23:55:59.313047,mqtt_qos0,2,1,86,56345,0.000,24641536,52701,0.000,8798208,0.000
2026-09-05T23:55:59.513440,mqtt_qos0,2,1,87,56345,0.000,24641536,52701,0.000,8798208,0.000
2026-09-05T23:55:59.713815,mqtt_qos0,2,1,88,56345,0.000,24641536,52701,0.000,8798208,0.000
2026-09-05T23:55:59.914271,mqtt_qos0,2,1,89,56345,0.000,24641536,52701,0.000,8798208,0.000
2026-09-05T23:56:00.114697,mqtt_qos0,2,1,90,56345,0.000,24641536,52701,0.000,8798208,0.000
2026-09-05T23:56:00.315125,mqtt_qos0,2,1,91,56345,0.000,24641536,52701,0.000,8798208,0.000
2026-09-05T23:56:00.515516,mqtt_qos0,2,1,92,56345,5.000,24641536,52701,0.000,8798208,0.000
2026-09-05T23:56:00.715895,mqtt_qos0,2,1,93,56345,0.000,24641536,52701,0.000,8798208,0.000
2026-09-05T23:56:00.916349,mqtt_qos0,2,1,94,56345,0.000,24641536,52701,0.000,8798208,0.000
2026-09-05T23:56:01.116774,mqtt_qos0,2,1,95,56345,0.000,24641536,52701,0.000,8798208,0.000
2026-09-05T23:56:01.317180,mqtt_qos0,2,1,96,56345,0.000,24641536,52701,0.000,8798208,1.200
2026-09-05T23:56:01.517569,mqtt_qos0,2,1,97,56345,0.000,24641536,52701,0.000,8798208,0.000
2026-09-05T23:56:01.717935,mqtt_qos0,2,1,98,56345,0.000,24641536,52701,0.000,8798208,0.000
2026-09-05T23:56:01.918373,mqtt_qos0,2,1,99,56345,0.000,24641536,52701,0.000,8798208,0.000
2026-09-05T23:56:02.118808,mqtt_qos0,2,1,100,56345,0.000,24641536,52701,0.000,8798208,0.000
2026-09-05T23:56:02.319213,mqtt_qos0,2,1,101,56345,0.000,24641536,52701,0.000,8798208,0.000
2026-09-05T23:56:02.519602,mqtt_qos0,2,1,102,56345,0.000,24641536,52701,0.000,8798208,0.000
2026-09-05T23:56:02.719973,mqtt_qos0,2,1,103,56345,0.000,24641536,52701,0.000,8798208,0.000
2026-09-05T23:56:02.920425,mqtt_qos0,2,1,104,56345,0.000,24641536,52701,0.000,8798208,0.000
2026-09-05T23:56:03.120863,mqtt_qos0,2,1,105,56345,0.000,24641536,52701,0.000,8798208,0.000
2026-09-05T23:56:03.321289,mqtt_qos0,2,1,106,56345,0.000,24641536,52701,0.000,8798208,0.000
2026-09-05T23:56:03.521701,mqtt_qos0,2,1,107,56345,0.000,24641536,52701,0.000,8798208,0.000
2026-09-05T23:56:03.722099,mqtt_qos0,2,1,108,56345,0.000,24641536,52701,0.000,8798208,0.000
2026-09-05T23:56:03.922572,mqtt_qos0,2,1,109,56345,0.000,24641536,52701,0.000,8798208,0.000
2026-09-05T23:56:04.123018,mqtt_qos0,2,1,110,56345,0.000,24641536,52701,0.000,8798208,0.000
2026-09-05T23:56:04.323431,mqtt_qos0,2,1,111,56345,0.000,24641536,52701,0.000,8798208,0.000
2026-09-05T23:56:04.523834,mqtt_qos0,2,1,112,56345,0.000,24641536,52701,0.000,8798208,0.000
2026-09-05T23:56:04.724225,mqtt_qos0,2,1,113,56345,0.000,24641536,52701,0.000,8798208,0.000
2026-09-05T23:56:04.924671,mqtt_qos0,2,1,114,56345,0.000,24641536,52701,0.000,8798208,1.200
2026-09-05T23:56:05.125102,mqtt_qos0,2,1,115,56345,0.000,24641536,52701,0.000,8798208,0.000
2026-09-05T23:56:05.325519,mqtt_qos0,2,1,116,56345,0.000,24641536,52701,0.000,8798208,0.000
2026-09-05T23:56:05.525926,mqtt_qos0,2,1,117,56345,0.000,24657920,52701,0.000,8798208,0.000
2026-09-05T23:56:05.726330,mqtt_qos0,2,1,118,56345,0.000,24657920,52701,0.000,8798208,0.000
2026-09-05T23:56:05.926805,mqtt_qos0,2,1,119,56345,0.000,24657920,52701,0.000,8798208,1.200
2026-09-05T23:56:06.127216,mqtt_qos0,2,1,120,56345,0.000,24657920,52701,0.000,8798208,0.000
2026-09-05T23:56:06.327623,mqtt_qos0,2,1,121,56345,0.000,24657920,52701,0.000,8798208,0.000
2026-09-05T23:56:06.528017,mqtt_qos0,2,1,122,56345,0.000,24657920,52701,0.000,8798208,0.000
2026-09-05T23:56:06.728409,mqtt_qos0,2,1,123,56345,0.000,24657920,52701,0.000,8798208,0.000
2026-09-05T23:56:06.928850,mqtt_qos0,2,1,124,56345,0.000,24657920,52701,0.000,8798208,0.000
2026-09-05T23:56:07.129272,mqtt_qos0,2,1,125,56345,0.000,24657920,52701,0.000,8798208,0.000
2026-09-05T23:56:07.329678,mqtt_qos0,2,1,126,56345,0.000,24657920,52701,0.000,8798208,0.000
2026-09-05T23:56:07.530077,mqtt_qos0,2,1,127,56345,0.000,24657920,52701,0.000,8798208,0.000
2026-09-05T23:56:07.730466,mqtt_qos0,2,1,128,56345,0.000,24657920,52701,0.000,8798208,0.000
2026-09-05T23:56:07.930940,mqtt_qos0,2,1,129,56345,0.000,24657920,52701,0.000,8798208,1.200
2026-09-05T23:56:08.131349,mqtt_qos0,2,1,130,56345,0.000,24657920,52701,0.000,8798208,0.000
2026-09-05T23:56:08.331765,mqtt_qos0,2,1,131,56345,5.000,24657920,52701,0.000,8798208,0.000
2026-09-05T23:56:08.532168,mqtt_qos0,2,1,132,56345,0.000,24657920,52701,0.000,8798208,0.000
2026-09-05T23:56:08.732561,mqtt_qos0,2,1,133,56345,0.000,24657920,52701,0.000,8798208,0.000
2026-09-05T23:56:08.933014,mqtt_qos0,2,1,134,56345,0.000,24657920,52701,0.000,8798208,0.000
2026-09-05T23:56:09.133455,mqtt_qos0,2,1,135,56345,0.000,24657920,52701,0.000,8798208,0.000
2026-09-05T23:56:09.333875,mqtt_qos0,2,1,136,56345,0.000,24657920,52701,0.000,8798208,0.000
2026-09-05T23:56:09.534286,mqtt_qos0,2,1,137,56345,0.000,24657920,52701,0.000,8798208,0.000
2026-09-05T23:56:09.734683,mqtt_qos0,2,1,138,56345,0.000,24657920,52701,0.000,8798208,0.000
2026-09-05T23:56:09.935190,mqtt_qos0,2,1,139,56345,0.000,24657920,52701,0.000,8798208,1.200
2026-09-05T23:56:10.135650,mqtt_qos0,2,1,140,56345,0.000,24657920,52701,0.000,8798208,0.000
2026-09-05T23:56:10.336083,mqtt_qos0,2,1,141,56345,0.000,24690688,52701,0.000,8798208,0.000
2026-09-05T23:56:10.536494,mqtt_qos0,2,1,142,56345,0.000,24690688,52701,0.000,8798208,0.000
2026-09-05T23:56:10.736899,mqtt_qos0,2,1,143,56345,0.000,24690688,52701,0.000,8798208,0.000
2026-09-05T23:56:10.937350,mqtt_qos0,2,1,144,56345,0.000,24690688,52701,0.000,8798208,0.000
2026-09-05T23:56:11.137769,mqtt_qos0,2,1,145,56345,0.000,24690688,52701,0.000,8798208,0.000
2026-09-05T23:56:11.338176,mqtt_qos0,2,1,146,56345,0.000,24690688,52701,0.000,8798208,0.000
2026-09-05T23:56:11.538578,mqtt_qos0,2,1,147,56345,0.000,24690688,52701,0.000,8798208,0.000
2026-09-05T23:56:11.738992,mqtt_qos0,2,1,148,56345,0.000,24690688,52701,0.000,8798208,0.000
2026-09-05T23:56:11.939466,mqtt_qos0,2,1,149,56345,0.000,24690688,52701,0.000,8798208,0.000
2026-09-05T23:56:12.139915,mqtt_qos0,2,1,150,56345,0.000,24690688,52701,0.000,8798208,1.200
2026-09-05T23:56:12.340342,mqtt_qos0,2,1,151,56345,0.000,24690688,52701,0.000,8798208,0.000
2026-09-05T23:56:12.540758,mqtt_qos0,2,1,152,56345,0.000,24690688,52701,0.000,8798208,0.000
2026-09-05T23:56:12.741160,mqtt_qos0,2,1,153,56345,0.000,24690688,52701,0.000,8798208,0.000
2026-09-05T23:56:12.941617,mqtt_qos0,2,1,154,56345,0.000,24707072,52701,0.000,8798208,0.000
2026-09-05T23:56:13.142052,mqtt_qos0,2,1,155,56345,0.000,24707072,52701,0.000,8798208,0.000
2026-09-05T23:56:13.342474,mqtt_qos0,2,1,156,56345,0.000,24707072,52701,0.000,8798208,0.000
2026-09-05T23:56:13.542907,mqtt_qos0,2,1,157,56345,0.000,24707072,52701,0.000,8798208,0.000
2026-09-05T23:56:13.743318,mqtt_qos0,2,1,158,56345,0.000,24707072,52701,0.000,8798208,0.000
2026-09-05T23:56:13.943772,mqtt_qos0,2,1,159,56345,0.000,24707072,52701,0.000,8798208,0.000
2026-09-05T23:56:14.144207,mqtt_qos0,2,1,160,56345,0.000,24707072,52701,0.000,8798208,0.000
2026-09-05T23:56:14.344627,mqtt_qos0,2,1,161,56345,0.000,24707072,52701,0.000,8798208,0.000
2026-09-05T23:56:14.545036,mqtt_qos0,2,1,162,56345,0.000,24707072,52701,0.000,8798208,0.000
2026-09-05T23:56:14.745436,mqtt_qos0,2,1,163,56345,0.000,24707072,52701,0.000,8798208,0.000
2026-09-05T23:56:14.945904,mqtt_qos0,2,1,164,56345,0.000,24707072,52701,0.000,8798208,0.000
2026-09-05T23:56:15.146357,mqtt_qos0,2,1,165,56345,0.000,24707072,52701,5.000,8798208,2.400
2026-09-05T23:56:15.346797,mqtt_qos0,2,1,166,56345,0.000,24707072,52701,0.000,8798208,0.000
2026-09-05T23:56:15.547203,mqtt_qos0,2,1,167,56345,0.000,24707072,52701,0.000,8798208,0.000
2026-09-05T23:56:15.747596,mqtt_qos0,2,1,168,56345,0.000,24707072,52701,0.000,8798208,0.000
2026-09-05T23:56:15.948096,mqtt_qos0,2,1,169,56345,0.000,24707072,52701,0.000,8798208,0.000
2026-09-05T23:56:16.148558,mqtt_qos0,2,1,170,56345,0.000,24707072,52701,0.000,8798208,0.000
2026-09-05T23:56:16.348987,mqtt_qos0,2,1,171,56345,0.000,24707072,52701,0.000,8798208,0.000
2026-09-05T23:56:16.549400,mqtt_qos0,2,1,172,56345,0.000,24707072,52701,0.000,8798208,0.000
2026-09-05T23:56:16.749812,mqtt_qos0,2,1,173,56345,0.000,24707072,52701,0.000,8798208,0.000
2026-09-05T23:56:16.950270,mqtt_qos0,2,1,174,56345,0.000,24707072,52701,0.000,8798208,1.200
2026-09-05T23:56:17.150696,mqtt_qos0,2,1,175,56345,0.000,24707072,52701,0.000,8798208,0.000
2026-09-05T23:56:17.351115,mqtt_qos0,2,1,176,56345,0.000,24707072,52701,0.000,8798208,1.200
2026-09-05T23:56:17.551511,mqtt_qos0,2,1,177,56345,0.000,24707072,52701,0.000,8798208,0.000
2026-09-05T23:56:17.751907,mqtt_qos0,2,1,178,56345,0.000,24707072,52701,0.000,8798208,0.000
2026-09-05T23:56:17.952377,mqtt_qos0,2,1,179,56345,0.000,24707072,52701,0.000,8798208,0.000
2026-09-05T23:56:18.152798,mqtt_qos0,2,1,180,56345,0.000,24707072,52701,0.000,8798208,0.000
2026-09-05T23:56:18.353221,mqtt_qos0,2,1,181,56345,0.000,24707072,52701,0.000,8798208,0.000
2026-09-05T23:56:18.553627,mqtt_qos0,2,1,182,56345,0.000,24707072,52701,0.000,8798208,0.000
2026-09-05T23:56:18.754047,mqtt_qos0,2,1,183,56345,5.000,24707072,52701,0.000,8798208,0.000
2026-09-05T23:56:18.954499,mqtt_qos0,2,1,184,56345,0.000,24707072,52701,0.000,8798208,0.000
2026-09-05T23:56:19.154935,mqtt_qos0,2,1,185,56345,0.000,24707072,52701,0.000,8798208,0.000
2026-09-05T23:56:19.355336,mqtt_qos0,2,1,186,56345,0.000,24707072,52701,0.000,8798208,0.000
2026-09-05T23:56:19.555731,mqtt_qos0,2,1,187,56345,0.000,24707072,52701,0.000,8798208,0.000
2026-09-05T23:56:19.756122,mqtt_qos0,2,1,188,56345,0.000,24707072,52701,0.000,8798208,0.000
2026-09-05T23:56:19.956571,mqtt_qos0,2,1,189,56345,0.000,24707072,52701,0.000,8798208,0.000
2026-09-05T23:56:20.156982,mqtt_qos0,2,1,190,56345,0.000,24707072,52701,0.000,8798208,0.000
2026-09-05T23:56:20.357381,mqtt_qos0,2,1,191,56345,0.000,24707072,52701,0.000,8798208,0.000
2026-09-05T23:56:20.557766,mqtt_qos0,2,1,192,56345,0.000,24707072,52701,0.000,8798208,0.000
2026-09-05T23:56:20.758138,mqtt_qos0,2,1,193,56345,0.000,24707072,52701,0.000,8798208,0.000
2026-09-05T23:56:20.958590,mqtt_qos0,2,1,194,56345,0.000,24707072,52701,0.000,8798208,0.000
2026-09-05T23:56:21.159020,mqtt_qos0,2,1,195,56345,0.000,24707072,52701,0.000,8798208,1.200
2026-09-05T23:56:21.359421,mqtt_qos0,2,1,196,56345,0.000,24707072,52701,0.000,8798208,0.000
2026-09-05T23:56:21.559808,mqtt_qos0,2,1,197,56345,0.000,24707072,52701,0.000,8798208,0.000
2026-09-05T23:56:21.760191,mqtt_qos0,2,1,198,56345,0.000,24707072,52701,0.000,8798208,0.000
2026-09-05T23:56:21.960652,mqtt_qos0,2,1,199,56345,0.000,24707072,52701,0.000,8798208,1.200
2026-09-05T23:56:22.161080,mqtt_qos0,2,1,200,56345,0.000,24707072,52701,0.000,8798208,0.000
2026-09-05T23:56:22.361485,mqtt_qos0,2,1,201,56345,0.000,24707072,52701,0.000,8798208,0.000
2026-09-05T23:56:22.561875,mqtt_qos0,2,1,202,56345,0.000,24707072,52701,0.000,8798208,0.000
2026-09-05T23:56:22.762248,mqtt_qos0,2,1,203,56345,0.000,24707072,52701,0.000,8798208,1.200
2026-09-05T23:56:22.962692,mqtt_qos0,2,1,204,56345,0.000,24707072,52701,0.000,8798208,0.000
2026-09-05T23:56:23.163113,mqtt_qos0,2,1,205,56345,0.000,24707072,52701,0.000,8798208,1.200
2026-09-05T23:56:23.363509,mqtt_qos0,2,1,206,56345,0.000,24707072,52701,0.000,8798208,0.000
2026-09-05T23:56:23.563891,mqtt_qos0,2,1,207,56345,0.000,24707072,52701,0.000,8798208,0.000
2026-09-05T23:56:23.764266,mqtt_qos0,2,1,208,56345,0.000,24707072,52701,0.000,8798208,0.000
2026-09-05T23:56:23.964730,mqtt_qos0,2,1,209,56345,0.000,24707072,52701,0.000,8798208,0.000
2026-09-05T23:56:24.165161,mqtt_qos0,2,1,210,56345,0.000,24707072,52701,0.000,8798208,0.000
2026-09-05T23:56:24.365579,mqtt_qos0,2,1,211,56345,0.000,24707072,52701,0.000,8798208,0.000
2026-09-05T23:56:24.565986,mqtt_qos0,2,1,212,56345,0.000,24707072,52701,0.000,8798208,0.000
2026-09-05T23:56:24.766384,mqtt_qos0,2,1,213,56345,0.000,24707072,52701,0.000,8798208,0.000
2026-09-05T23:56:24.966853,mqtt_qos0,2,1,214,56345,0.000,24707072,52701,0.000,8798208,1.200
2026-09-05T23:56:25.167277,mqtt_qos0,2,1,215,56345,0.000,24707072,52701,0.000,8798208,0.000
2026-09-05T23:56:25.367693,mqtt_qos0,2,1,216,56345,0.000,24707072,52701,0.000,8798208,0.000
2026-09-05T23:56:25.568094,mqtt_qos0,2,1,217,56345,0.000,24707072,52701,0.000,8798208,0.000
2026-09-05T23:56:25.768480,mqtt_qos0,2,1,218,56345,0.000,24707072,52701,0.000,8798208,0.000
2026-09-05T23:56:25.968941,mqtt_qos0,2,1,219,56345,0.000,24707072,52701,0.000,8798208,0.000
2026-09-05T23:56:26.169372,mqtt_qos0,2,1,220,56345,0.000,24707072,52701,0.000,8798208,0.000
2026-09-05T23:56:26.369770,mqtt_qos0,2,1,221,56345,0.000,24707072,52701,0.000,8798208,0.000
2026-09-05T23:56:26.570154,mqtt_qos0,2,1,222,56345,0.000,24707072,52701,0.000,8798208,0.000
2026-09-05T23:56:26.770540,mqtt_qos0,2,1,223,56345,0.000,24707072,52701,0.000,8798208,0.000
2026-09-05T23:56:26.970971,mqtt_qos0,2,1,224,56345,0.000,24707072,52701,0.000,8798208,0.000
2026-09-05T23:56:27.171485,mqtt_qos0,2,1,225,56345,15.000,0,52701,0.000,8798208,2.500
2026-09-05T23:56:30.373829,mqtt_qos1,2,2,1,56347,44.900,24526848,52701,0.000,8798208,12.500
2026-09-05T23:56:30.574183,mqtt_qos1,2,2,2,56347,0.000,24526848,52701,0.000,8798208,0.000
2026-09-05T23:56:30.774496,mqtt_qos1,2,2,3,56347,0.000,24526848,52701,0.000,8798208,0.000
2026-09-05T23:56:30.974844,mqtt_qos1,2,2,4,56347,0.000,24526848,52701,0.000,8798208,1.200
2026-09-05T23:56:31.175128,mqtt_qos1,2,2,5,56347,0.000,24526848,52701,0.000,8798208,0.000
2026-09-05T23:56:31.375428,mqtt_qos1,2,2,6,56347,0.000,24592384,52701,0.000,8798208,0.000
2026-09-05T23:56:31.575722,mqtt_qos1,2,2,7,56347,0.000,24592384,52701,0.000,8798208,0.000
2026-09-05T23:56:31.776004,mqtt_qos1,2,2,8,56347,0.000,24592384,52701,0.000,8798208,0.000
2026-09-05T23:56:31.976336,mqtt_qos1,2,2,9,56347,0.000,24592384,52701,0.000,8798208,0.000
2026-09-05T23:56:32.176655,mqtt_qos1,2,2,10,56347,0.000,24592384,52701,0.000,8798208,0.000
2026-09-05T23:56:32.376959,mqtt_qos1,2,2,11,56347,0.000,24592384,52701,0.000,8798208,0.000
2026-09-05T23:56:32.577252,mqtt_qos1,2,2,12,56347,0.000,24592384,52701,0.000,8798208,0.000
2026-09-05T23:56:32.777537,mqtt_qos1,2,2,13,56347,0.000,24592384,52701,0.000,8798208,0.000
2026-09-05T23:56:32.977896,mqtt_qos1,2,2,14,56347,0.000,24592384,52701,0.000,8798208,0.000
2026-09-05T23:56:33.178234,mqtt_qos1,2,2,15,56347,0.000,24592384,52701,0.000,8798208,0.000
2026-09-05T23:56:33.378551,mqtt_qos1,2,2,16,56347,0.000,24592384,52701,0.000,8798208,0.000
2026-09-05T23:56:33.578868,mqtt_qos1,2,2,17,56347,0.000,24592384,52701,0.000,8798208,0.000
2026-09-05T23:56:33.779158,mqtt_qos1,2,2,18,56347,0.000,24592384,52701,0.000,8798208,0.000
2026-09-05T23:56:33.979540,mqtt_qos1,2,2,19,56347,0.000,24592384,52701,0.000,8798208,0.000
2026-09-05T23:56:34.179896,mqtt_qos1,2,2,20,56347,0.000,24592384,52701,0.000,8798208,0.000
2026-09-05T23:56:34.380219,mqtt_qos1,2,2,21,56347,0.000,24592384,52701,0.000,8798208,0.000
2026-09-05T23:56:34.580518,mqtt_qos1,2,2,22,56347,0.000,24608768,52701,0.000,8798208,0.000
2026-09-05T23:56:34.780817,mqtt_qos1,2,2,23,56347,0.000,24608768,52701,0.000,8798208,0.000
2026-09-05T23:56:34.981163,mqtt_qos1,2,2,24,56347,0.000,24608768,52701,0.000,8798208,1.200
2026-09-05T23:56:35.181491,mqtt_qos1,2,2,25,56347,0.000,24608768,52701,0.000,8798208,0.000
2026-09-05T23:56:35.381899,mqtt_qos1,2,2,26,56347,0.000,24608768,52701,0.000,8798208,0.000
2026-09-05T23:56:35.582323,mqtt_qos1,2,2,27,56347,0.000,24608768,52701,0.000,8798208,0.000
2026-09-05T23:56:35.782751,mqtt_qos1,2,2,28,56347,0.000,24608768,52701,0.000,8798208,0.000
2026-09-05T23:56:35.983219,mqtt_qos1,2,2,29,56347,0.000,24608768,52701,0.000,8798208,0.000
2026-09-05T23:56:36.183654,mqtt_qos1,2,2,30,56347,0.000,24608768,52701,0.000,8798208,0.000
2026-09-05T23:56:36.384075,mqtt_qos1,2,2,31,56347,5.000,24608768,52701,0.000,8798208,0.000
2026-09-05T23:56:36.584481,mqtt_qos1,2,2,32,56347,0.000,24608768,52701,0.000,8798208,0.000
2026-09-05T23:56:36.784955,mqtt_qos1,2,2,33,56347,0.000,24608768,52701,0.000,8798208,0.000
2026-09-05T23:56:36.985405,mqtt_qos1,2,2,34,56347,0.000,24608768,52701,0.000,8798208,0.000
2026-09-05T23:56:37.185831,mqtt_qos1,2,2,35,56347,0.000,24608768,52701,0.000,8798208,0.000
2026-09-05T23:56:37.386254,mqtt_qos1,2,2,36,56347,0.000,24608768,52701,0.000,8798208,0.000
2026-09-05T23:56:37.586669,mqtt_qos1,2,2,37,56347,0.000,24608768,52701,0.000,8798208,0.000
2026-09-05T23:56:37.787150,mqtt_qos1,2,2,38,56347,0.000,24608768,52701,0.000,8798208,1.200
2026-09-05T23:56:37.987596,mqtt_qos1,2,2,39,56347,0.000,24608768,52701,0.000,8798208,0.000
2026-09-05T23:56:38.188024,mqtt_qos1,2,2,40,56347,0.000,24608768,52701,0.000,8798208,0.000
2026-09-05T23:56:38.388450,mqtt_qos1,2,2,41,56347,5.000,24608768,52701,0.000,8798208,0.000
2026-09-05T23:56:38.588866,mqtt_qos1,2,2,42,56347,0.000,24608768,52701,0.000,8798208,0.000
2026-09-05T23:56:38.789337,mqtt_qos1,2,2,43,56347,0.000,24608768,52701,0.000,8798208,0.000
2026-09-05T23:56:38.989780,mqtt_qos1,2,2,44,56347,0.000,24608768,52701,0.000,8798208,0.000
2026-09-05T23:56:39.190212,mqtt_qos1,2,2,45,56347,0.000,24608768,52701,0.000,8798208,0.000
2026-09-05T23:56:39.390636,mqtt_qos1,2,2,46,56347,0.000,24608768,52701,0.000,8798208,0.000
2026-09-05T23:56:39.591046,mqtt_qos1,2,2,47,56347,0.000,24608768,52701,0.000,8798208,0.000
2026-09-05T23:56:39.791513,mqtt_qos1,2,2,48,56347,0.000,24608768,52701,0.000,8798208,0.000
2026-09-05T23:56:39.992007,mqtt_qos1,2,2,49,56347,0.000,24608768,52701,0.000,8798208,0.000
2026-09-05T23:56:40.192474,mqtt_qos1,2,2,50,56347,0.000,24625152,52701,0.000,8798208,0.000
2026-09-05T23:56:40.392922,mqtt_qos1,2,2,51,56347,0.000,24625152,52701,0.000,8798208,0.000
2026-09-05T23:56:40.593345,mqtt_qos1,2,2,52,56347,0.000,24625152,52701,0.000,8798208,0.000
2026-09-05T23:56:40.793833,mqtt_qos1,2,2,53,56347,0.000,24625152,52701,0.000,8798208,0.000
2026-09-05T23:56:40.994304,mqtt_qos1,2,2,54,56347,0.000,24625152,52701,0.000,8798208,0.000
2026-09-05T23:56:41.194752,mqtt_qos1,2,2,55,56347,0.000,24625152,52701,0.000,8798208,0.000
2026-09-05T23:56:41.395174,mqtt_qos1,2,2,56,56347,0.000,24625152,52701,0.000,8798208,0.000
2026-09-05T23:56:41.595581,mqtt_qos1,2,2,57,56347,0.000,24625152,52701,0.000,8798208,0.000
2026-09-05T23:56:41.796061,mqtt_qos1,2,2,58,56347,0.000,24625152,52701,0.000,8798208,0.000
2026-09-05T23:56:41.996518,mqtt_qos1,2,2,59,56347,0.000,24625152,52701,0.000,8798208,0.000
2026-09-05T23:56:42.196950,mqtt_qos1,2,2,60,56347,0.000,24625152,52701,0.000,8798208,0.000
2026-09-05T23:56:42.397367,mqtt_qos1,2,2,61,56347,0.000,24641536,52701,0.000,8798208,0.000
2026-09-05T23:56:42.597774,mqtt_qos1,2,2,62,56347,0.000,24641536,52701,0.000,8798208,1.200
2026-09-05T23:56:42.798244,mqtt_qos1,2,2,63,56347,0.000,24641536,52701,0.000,8798208,0.000
2026-09-05T23:56:42.998692,mqtt_qos1,2,2,64,56347,0.000,24641536,52701,0.000,8798208,0.000
2026-09-05T23:56:43.199130,mqtt_qos1,2,2,65,56347,0.000,24641536,52701,0.000,8798208,0.000
2026-09-05T23:56:43.399548,mqtt_qos1,2,2,66,56347,0.000,24641536,52701,0.000,8798208,0.000
2026-09-05T23:56:43.599956,mqtt_qos1,2,2,67,56347,0.000,24641536,52701,0.000,8798208,0.000
2026-09-05T23:56:43.800443,mqtt_qos1,2,2,68,56347,0.000,24641536,52701,0.000,8798208,0.000
2026-09-05T23:56:44.000898,mqtt_qos1,2,2,69,56347,0.000,24641536,52701,0.000,8798208,0.000
2026-09-05T23:56:44.201314,mqtt_qos1,2,2,70,56347,0.000,24641536,52701,0.000,8798208,0.000
2026-09-05T23:56:44.401744,mqtt_qos1,2,2,71,56347,0.000,24641536,52701,0.000,8798208,0.000
2026-09-05T23:56:44.602162,mqtt_qos1,2,2,72,56347,0.000,24641536,52701,0.000,8798208,0.000
2026-09-05T23:56:44.802641,mqtt_qos1,2,2,73,56347,0.000,24641536,52701,0.000,8798208,0.000
2026-09-05T23:56:45.003089,mqtt_qos1,2,2,74,56347,0.000,24641536,52701,0.000,8798208,0.000
2026-09-05T23:56:45.203519,mqtt_qos1,2,2,75,56347,0.000,24641536,52701,0.000,8798208,0.000
2026-09-05T23:56:45.403938,mqtt_qos1,2,2,76,56347,5.000,24641536,52701,0.000,8798208,0.000
2026-09-05T23:56:45.604354,mqtt_qos1,2,2,77,56347,0.000,24641536,52701,0.000,8798208,0.000
2026-09-05T23:56:45.804816,mqtt_qos1,2,2,78,56347,0.000,24641536,52701,0.000,8798208,0.000
2026-09-05T23:56:46.008125,mqtt_qos1,2,2,79,56347,0.000,24641536,52701,0.000,8798208,0.000
2026-09-05T23:56:46.208584,mqtt_qos1,2,2,80,56347,0.000,24641536,52701,0.000,8798208,0.000
2026-09-05T23:56:46.409018,mqtt_qos1,2,2,81,56347,0.000,24641536,52701,0.000,8798208,0.000
2026-09-05T23:56:46.609437,mqtt_qos1,2,2,82,56347,0.000,24641536,52701,0.000,8798208,0.000
2026-09-05T23:56:46.809902,mqtt_qos1,2,2,83,56347,0.000,24641536,52701,0.000,8798208,0.000
2026-09-05T23:56:47.010351,mqtt_qos1,2,2,84,56347,0.000,24641536,52701,0.000,8798208,0.000
2026-09-05T23:56:47.210796,mqtt_qos1,2,2,85,56347,0.000,24641536,52701,0.000,8798208,0.000
2026-09-05T23:56:47.411214,mqtt_qos1,2,2,86,56347,0.000,24641536,52701,0.000,8798208,0.000
2026-09-05T23:56:47.611628,mqtt_qos1,2,2,87,56347,0.000,24641536,52701,0.000,8798208,0.000
2026-09-05T23:56:47.812083,mqtt_qos1,2,2,88,56347,0.000,24641536,52701,0.000,8798208,0.000
2026-09-05T23:56:48.012531,mqtt_qos1,2,2,89,56347,0.000,24641536,52701,0.000,8798208,0.000
2026-09-05T23:56:48.212961,mqtt_qos1,2,2,90,56347,0.000,24641536,52701,0.000,8798208,0.000
2026-09-05T23:56:48.413379,mqtt_qos1,2,2,91,56347,0.000,24641536,52701,0.000,8798208,0.000
2026-09-05T23:56:48.613783,mqtt_qos1,2,2,92,56347,0.000,24641536,52701,0.000,8798208,0.000
2026-09-05T23:56:48.814257,mqtt_qos1,2,2,93,56347,0.000,24641536,52701,0.000,8798208,0.000
2026-09-05T23:56:49.014717,mqtt_qos1,2,2,94,56347,0.000,24641536,52701,0.000,8798208,0.000
2026-09-05T23:56:49.215165,mqtt_qos1,2,2,95,56347,0.000,24641536,52701,0.000,8798208,1.200
2026-09-05T23:56:49.415579,mqtt_qos1,2,2,96,56347,0.000,24657920,52701,0.000,8798208,0.000
2026-09-05T23:56:49.615995,mqtt_qos1,2,2,97,56347,0.000,24657920,52701,0.000,8798208,0.000
2026-09-05T23:56:49.816470,mqtt_qos1,2,2,98,56347,0.000,24657920,52701,0.000,8798208,0.000
2026-09-05T23:56:50.016921,mqtt_qos1,2,2,99,56347,0.000,24657920,52701,0.000,8798208,0.000
2026-09-05T23:56:50.217343,mqtt_qos1,2,2,100,56347,0.000,24657920,52701,0.000,8798208,0.000
2026-09-05T23:56:50.417759,mqtt_qos1,2,2,101,56347,0.000,24657920,52701,0.000,8798208,0.000
2026-09-05T23:56:50.618185,mqtt_qos1,2,2,102,56347,0.000,24657920,52701,0.000,8798208,1.200
2026-09-05T23:56:50.818674,mqtt_qos1,2,2,103,56347,0.000,24657920,52701,0.000,8798208,1.200
2026-09-05T23:56:51.019159,mqtt_qos1,2,2,104,56347,0.000,24657920,52701,0.000,8798208,0.000
2026-09-05T23:56:51.219596,mqtt_qos1,2,2,105,56347,0.000,24657920,52701,0.000,8798208,0.000
2026-09-05T23:56:51.420022,mqtt_qos1,2,2,106,56347,5.000,24657920,52701,0.000,8798208,0.000
2026-09-05T23:56:51.620441,mqtt_qos1,2,2,107,56347,0.000,24657920,52701,0.000,8798208,0.000
2026-09-05T23:56:51.820912,mqtt_qos1,2,2,108,56347,0.000,24657920,52701,0.000,8798208,0.000
2026-09-05T23:56:52.021409,mqtt_qos1,2,2,109,56347,0.000,24657920,52701,5.000,8798208,0.000
2026-09-05T23:56:52.221871,mqtt_qos1,2,2,110,56347,0.000,24657920,52701,0.000,8798208,0.000
2026-09-05T23:56:52.422314,mqtt_qos1,2,2,111,56347,0.000,24657920,52701,0.000,8798208,0.000
2026-09-05T23:56:52.622751,mqtt_qos1,2,2,112,56347,0.000,24657920,52701,0.000,8798208,0.000
2026-09-05T23:56:52.823230,mqtt_qos1,2,2,113,56347,0.000,24657920,52701,0.000,8798208,0.000
2026-09-05T23:56:53.023675,mqtt_qos1,2,2,114,56347,0.000,24657920,52701,0.000,8798208,0.000
2026-09-05T23:56:53.224106,mqtt_qos1,2,2,115,56347,0.000,24657920,52701,0.000,8798208,0.000
2026-09-05T23:56:53.424523,mqtt_qos1,2,2,116,56347,0.000,24657920,52701,0.000,8798208,0.000
2026-09-05T23:56:53.624935,mqtt_qos1,2,2,117,56347,0.000,24657920,52701,0.000,8798208,0.000
2026-09-05T23:56:53.825387,mqtt_qos1,2,2,118,56347,0.000,24657920,52701,0.000,8798208,0.000
2026-09-05T23:56:54.025824,mqtt_qos1,2,2,119,56347,0.000,24657920,52701,0.000,8798208,0.000
2026-09-05T23:56:54.226245,mqtt_qos1,2,2,120,56347,0.000,24657920,52701,0.000,8798208,0.000
2026-09-05T23:56:54.426661,mqtt_qos1,2,2,121,56347,0.000,24657920,52701,0.000,8798208,1.200
2026-09-05T23:56:54.627067,mqtt_qos1,2,2,122,56347,0.000,24657920,52701,0.000,8798208,0.000
2026-09-05T23:56:54.827521,mqtt_qos1,2,2,123,56347,0.000,24657920,52701,0.000,8798208,0.000
2026-09-05T23:56:55.027962,mqtt_qos1,2,2,124,56347,0.000,24657920,52701,0.000,8798208,0.000
2026-09-05T23:56:55.228390,mqtt_qos1,2,2,125,56347,0.000,24657920,52701,0.000,8798208,0.000
2026-09-05T23:56:55.428800,mqtt_qos1,2,2,126,56347,0.000,24657920,52701,0.000,8798208,0.000
2026-09-05T23:56:55.629200,mqtt_qos1,2,2,127,56347,0.000,24657920,52701,0.000,8798208,0.000
2026-09-05T23:56:55.829671,mqtt_qos1,2,2,128,56347,0.000,24657920,52701,0.000,8798208,0.000
2026-09-05T23:56:56.030135,mqtt_qos1,2,2,129,56347,0.000,24657920,52701,0.000,8798208,0.000
2026-09-05T23:56:56.230583,mqtt_qos1,2,2,130,56347,0.000,24657920,52701,0.000,8798208,0.000
2026-09-05T23:56:56.431022,mqtt_qos1,2,2,131,56347,0.000,24657920,52701,0.000,8798208,0.000
2026-09-05T23:56:56.631452,mqtt_qos1,2,2,132,56347,0.000,24657920,52701,0.000,8798208,0.000
2026-09-05T23:56:56.831923,mqtt_qos1,2,2,133,56347,0.000,24657920,52701,0.000,8798208,0.000
2026-09-05T23:56:57.032377,mqtt_qos1,2,2,134,56347,0.000,24657920,52701,0.000,8798208,0.000
2026-09-05T23:56:57.232801,mqtt_qos1,2,2,135,56347,0.000,24674304,52701,0.000,8798208,0.000
2026-09-05T23:56:57.433224,mqtt_qos1,2,2,136,56347,0.000,24674304,52701,0.000,8798208,0.000
2026-09-05T23:56:57.633631,mqtt_qos1,2,2,137,56347,0.000,24690688,52701,0.000,8798208,0.000
2026-09-05T23:56:57.834114,mqtt_qos1,2,2,138,56347,0.000,24690688,52701,0.000,8798208,0.000
2026-09-05T23:56:58.034584,mqtt_qos1,2,2,139,56347,0.000,24690688,52701,0.000,8798208,0.000
2026-09-05T23:56:58.235039,mqtt_qos1,2,2,140,56347,0.000,24690688,52701,0.000,8798208,1.200
2026-09-05T23:56:58.435465,mqtt_qos1,2,2,141,56347,0.000,24690688,52701,0.000,8798208,0.000
2026-09-05T23:56:58.635887,mqtt_qos1,2,2,142,56347,0.000,24690688,52701,0.000,8798208,0.000
2026-09-05T23:56:58.836373,mqtt_qos1,2,2,143,56347,0.000,24690688,52701,0.000,8798208,0.000
2026-09-05T23:56:59.036813,mqtt_qos1,2,2,144,56347,0.000,24690688,52701,0.000,8798208,0.000
2026-09-05T23:56:59.237248,mqtt_qos1,2,2,145,56347,0.000,24690688,52701,0.000,8798208,0.000
2026-09-05T23:56:59.437672,mqtt_qos1,2,2,146,56347,0.000,24690688,52701,0.000,8798208,0.000
2026-09-05T23:56:59.638093,mqtt_qos1,2,2,147,56347,0.000,24690688,52701,0.000,8798208,0.000
2026-09-05T23:56:59.838568,mqtt_qos1,2,2,148,56347,0.000,24690688,52701,0.000,8798208,0.000
2026-09-05T23:57:00.039026,mqtt_qos1,2,2,149,56347,0.000,24690688,52701,0.000,8798208,1.200
2026-09-05T23:57:00.239455,mqtt_qos1,2,2,150,56347,10.000,24690688,52701,0.000,8798208,0.000
2026-09-05T23:57:00.439875,mqtt_qos1,2,2,151,56347,0.000,24690688,52701,0.000,8798208,0.000
2026-09-05T23:57:00.640282,mqtt_qos1,2,2,152,56347,0.000,24690688,52701,0.000,8798208,0.000
2026-09-05T23:57:00.840744,mqtt_qos1,2,2,153,56347,0.000,24690688,52701,0.000,8798208,0.000
2026-09-05T23:57:01.041197,mqtt_qos1,2,2,154,56347,0.000,24690688,52701,0.000,8798208,0.000
2026-09-05T23:57:01.241634,mqtt_qos1,2,2,155,56347,0.000,24690688,52701,0.000,8798208,0.000
2026-09-05T23:57:01.442072,mqtt_qos1,2,2,156,56347,0.000,24690688,52701,0.000,8798208,0.000
2026-09-05T23:57:01.642496,mqtt_qos1,2,2,157,56347,0.000,24690688,52701,0.000,8798208,0.000
2026-09-05T23:57:01.842984,mqtt_qos1,2,2,158,56347,0.000,24690688,52701,0.000,8798208,0.000
2026-09-05T23:57:02.043428,mqtt_qos1,2,2,159,56347,0.000,24690688,52701,0.000,8798208,0.000
2026-09-05T23:57:02.243848,mqtt_qos1,2,2,160,56347,0.000,24690688,52701,0.000,8798208,0.000
2026-09-05T23:57:02.444255,mqtt_qos1,2,2,161,56347,0.000,24690688,52701,0.000,8798208,0.000
2026-09-05T23:57:02.644660,mqtt_qos1,2,2,162,56347,0.000,24690688,52701,0.000,8798208,0.000
2026-09-05T23:57:02.845126,mqtt_qos1,2,2,163,56347,0.000,24690688,52701,0.000,8798208,0.000
2026-09-05T23:57:03.045575,mqtt_qos1,2,2,164,56347,0.000,24690688,52701,0.000,8798208,0.000
2026-09-05T23:57:03.246000,mqtt_qos1,2,2,165,56347,0.000,24690688,52701,0.000,8798208,0.000
2026-09-05T23:57:03.446419,mqtt_qos1,2,2,166,56347,0.000,24690688,52701,0.000,8798208,0.000
2026-09-05T23:57:03.646856,mqtt_qos1,2,2,167,56347,0.000,24690688,52701,0.000,8798208,1.200
2026-09-05T23:57:03.847358,mqtt_qos1,2,2,168,56347,0.000,24707072,52701,5.000,8798208,0.000
2026-09-05T23:57:04.047826,mqtt_qos1,2,2,169,56347,0.000,24707072,52701,0.000,8798208,0.000
2026-09-05T23:57:04.248259,mqtt_qos1,2,2,170,56347,0.000,24723456,52701,0.000,8798208,0.000
2026-09-05T23:57:04.448682,mqtt_qos1,2,2,171,56347,0.000,24723456,52701,0.000,8798208,0.000
2026-09-05T23:57:04.649101,mqtt_qos1,2,2,172,56347,0.000,24723456,52701,0.000,8798208,0.000
2026-09-05T23:57:04.849594,mqtt_qos1,2,2,173,56347,0.000,24723456,52701,0.000,8798208,0.000
2026-09-05T23:57:05.050063,mqtt_qos1,2,2,174,56347,0.000,24723456,52701,0.000,8798208,0.000
2026-09-05T23:57:05.250496,mqtt_qos1,2,2,175,56347,0.000,24723456,52701,0.000,8798208,0.000
2026-09-05T23:57:05.450947,mqtt_qos1,2,2,176,56347,0.000,24723456,52701,0.000,8798208,0.000
2026-09-05T23:57:05.651362,mqtt_qos1,2,2,177,56347,0.000,24723456,52701,0.000,8798208,0.000
2026-09-05T23:57:05.851833,mqtt_qos1,2,2,178,56347,0.000,24723456,52701,0.000,8798208,0.000
2026-09-05T23:57:06.052269,mqtt_qos1,2,2,179,56347,0.000,24723456,52701,0.000,8798208,0.000
2026-09-05T23:57:06.252697,mqtt_qos1,2,2,180,56347,0.000,24723456,52701,0.000,8798208,1.200
2026-09-05T23:57:06.453121,mqtt_qos1,2,2,181,56347,0.000,24723456,52701,0.000,8798208,1.200
2026-09-05T23:57:06.653554,mqtt_qos1,2,2,182,56347,0.000,24723456,52701,0.000,8798208,0.000
2026-09-05T23:57:06.854024,mqtt_qos1,2,2,183,56347,0.000,24723456,52701,0.000,8798208,0.000
2026-09-05T23:57:07.054462,mqtt_qos1,2,2,184,56347,0.000,24739840,52701,0.000,8798208,0.000
2026-09-05T23:57:07.254902,mqtt_qos1,2,2,185,56347,0.000,24739840,52701,0.000,8798208,0.000
2026-09-05T23:57:07.455311,mqtt_qos1,2,2,186,56347,0.000,24739840,52701,0.000,8798208,0.000
2026-09-05T23:57:07.655713,mqtt_qos1,2,2,187,56347,0.000,24739840,52701,0.000,8798208,0.000
2026-09-05T23:57:07.856174,mqtt_qos1,2,2,188,56347,0.000,24739840,52701,0.000,8798208,0.000
2026-09-05T23:57:08.056623,mqtt_qos1,2,2,189,56347,0.000,24739840,52701,0.000,8798208,0.000
2026-09-05T23:57:08.257055,mqtt_qos1,2,2,190,56347,0.000,24739840,52701,0.000,8798208,0.000
2026-09-05T23:57:08.457475,mqtt_qos1,2,2,191,56347,0.000,24739840,52701,0.000,8798208,0.000
2026-09-05T23:57:08.657876,mqtt_qos1,2,2,192,56347,0.000,24739840,52701,0.000,8798208,0.000
2026-09-05T23:57:08.858345,mqtt_qos1,2,2,193,56347,0.000,24739840,52701,0.000,8798208,1.200
2026-09-05T23:57:09.058816,mqtt_qos1,2,2,194,56347,0.000,24739840,52701,0.000,8798208,0.000
2026-09-05T23:57:09.259244,mqtt_qos1,2,2,195,56347,0.000,24739840,52701,0.000,8798208,1.200
2026-09-05T23:57:09.459657,mqtt_qos1,2,2,196,56347,0.000,24739840,52701,0.000,8798208,0.000
2026-09-05T23:57:09.660108,mqtt_qos1,2,2,197,56347,5.000,24739840,52701,0.000,8798208,0.000
2026-09-05T23:57:09.860624,mqtt_qos1,2,2,198,56347,0.000,24739840,52701,0.000,8798208,0.000
2026-09-05T23:57:10.061114,mqtt_qos1,2,2,199,56347,0.000,24739840,52701,0.000,8798208,0.000
2026-09-05T23:57:10.261558,mqtt_qos1,2,2,200,56347,0.000,24739840,52701,0.000,8798208,0.000
2026-09-05T23:57:10.461986,mqtt_qos1,2,2,201,56347,0.000,24739840,52701,0.000,8798208,0.000
2026-09-05T23:57:10.662407,mqtt_qos1,2,2,202,56347,0.000,24739840,52701,0.000,8798208,0.000
2026-09-05T23:57:10.862907,mqtt_qos1,2,2,203,56347,0.000,24739840,52701,0.000,8798208,1.200
2026-09-05T23:57:11.063353,mqtt_qos1,2,2,204,56347,0.000,24739840,52701,0.000,8798208,0.000
2026-09-05T23:57:11.263776,mqtt_qos1,2,2,205,56347,0.000,24739840,52701,0.000,8798208,1.200
2026-09-05T23:57:11.464192,mqtt_qos1,2,2,206,56347,0.000,24739840,52701,0.000,8798208,0.000
2026-09-05T23:57:11.664604,mqtt_qos1,2,2,207,56347,0.000,24739840,52701,0.000,8798208,0.000
2026-09-05T23:57:11.865908,mqtt_qos1,2,2,208,56347,0.000,24739840,52701,0.000,8798208,0.000
2026-09-05T23:57:12.066347,mqtt_qos1,2,2,209,56347,0.000,24739840,52701,0.000,8798208,0.000
2026-09-05T23:57:12.266797,mqtt_qos1,2,2,210,56347,0.000,24739840,52701,0.000,8798208,0.000
2026-09-05T23:57:12.467218,mqtt_qos1,2,2,211,56347,0.000,24739840,52701,0.000,8798208,0.000
2026-09-05T23:57:12.667631,mqtt_qos1,2,2,212,56347,0.000,24739840,52701,0.000,8798208,0.000
2026-09-05T23:57:12.868105,mqtt_qos1,2,2,213,56347,0.000,24739840,52701,0.000,8798208,0.000
2026-09-05T23:57:13.068545,mqtt_qos1,2,2,214,56347,0.000,24739840,52701,0.000,8798208,0.000
2026-09-05T23:57:13.268973,mqtt_qos1,2,2,215,56347,0.000,24739840,52701,0.000,8798208,0.000
2026-09-05T23:57:13.469391,mqtt_qos1,2,2,216,56347,0.000,24739840,52701,0.000,8798208,0.000
2026-09-05T23:57:13.669798,mqtt_qos1,2,2,217,56347,0.000,24739840,52701,0.000,8798208,0.000
2026-09-05T23:57:13.870262,mqtt_qos1,2,2,218,56347,0.000,24739840,52701,0.000,8798208,0.000
2026-09-05T23:57:14.070708,mqtt_qos1,2,2,219,56347,0.000,24739840,52701,0.000,8798208,0.000
2026-09-05T23:57:14.271162,mqtt_qos1,2,2,220,56347,0.000,24739840,52701,0.000,8798208,0.000
2026-09-05T23:57:14.471579,mqtt_qos1,2,2,221,56347,0.000,24739840,52701,0.000,8798208,0.000
2026-09-05T23:57:14.671981,mqtt_qos1,2,2,222,56347,0.000,24739840,52701,0.000,8798208,0.000
2026-09-05T23:57:14.872453,mqtt_qos1,2,2,223,56347,0.000,24739840,52701,0.000,8798208,0.000
2026-09-05T23:57:15.072914,mqtt_qos1,2,2,224,56347,0.000,24739840,52701,0.000,8798208,0.000
2026-09-05T23:57:15.273349,mqtt_qos1,2,2,225,56347,0.000,24739840,52701,0.000,8798208,0.000
2026-09-05T23:57:15.473758,mqtt_qos1,2,2,226,56347,0.000,24739840,52701,0.000,8798208,0.000
2026-09-05T23:57:15.674170,mqtt_qos1,2,2,227,56347,0.000,24739840,52701,0.000,8798208,0.000
2026-09-05T23:57:15.874665,mqtt_qos1,2,2,228,56347,0.000,24739840,52701,0.000,8798208,0.000
2026-09-05T23:57:16.075150,mqtt_qos1,2,2,229,56347,5.000,24739840,52701,0.000,8798208,1.200
2026-09-05T23:57:16.275594,mqtt_qos1,2,2,230,56347,0.000,24739840,52701,0.000,8798208,0.000
2026-09-05T23:57:16.476012,mqtt_qos1,2,2,231,56347,0.000,24739840,52701,0.000,8798208,0.000
2026-09-05T23:57:16.676425,mqtt_qos1,2,2,232,56347,0.000,24739840,52701,0.000,8798208,0.000
2026-09-05T23:57:16.876927,mqtt_qos1,2,2,233,56347,0.000,24739840,52701,0.000,8798208,0.000
2026-09-05T23:57:17.077394,mqtt_qos1,2,2,234,56347,0.000,24739840,52701,0.000,8798208,1.200
2026-09-05T23:57:17.277824,mqtt_qos1,2,2,235,56347,0.000,24739840,52701,0.000,8798208,0.000
2026-09-05T23:57:17.478245,mqtt_qos1,2,2,236,56347,0.000,24739840,52701,0.000,8798208,0.000
2026-09-05T23:57:17.678663,mqtt_qos1,2,2,237,56347,0.000,24739840,52701,0.000,8798208,0.000
2026-09-05T23:57:17.879132,mqtt_qos1,2,2,238,56347,0.000,24739840,52701,0.000,8798208,0.000
2026-09-05T23:57:18.079570,mqtt_qos1,2,2,239,56347,0.000,24739840,52701,0.000,8798208,0.000
2026-09-05T23:57:18.280016,mqtt_qos1,2,2,240,56347,0.000,24739840,52701,0.000,8798208,0.000
2026-09-05T23:57:18.480447,mqtt_qos1,2,2,241,56347,0.000,24739840,52701,0.000,8798208,0.000
2026-09-05T23:57:18.680877,mqtt_qos1,2,2,242,56347,0.000,24739840,52701,0.000,8798208,0.000
2026-09-05T23:57:18.881343,mqtt_qos1,2,2,243,56347,0.000,24739840,52701,0.000,8798208,0.000
2026-09-05T23:57:19.081776,mqtt_qos1,2,2,244,56347,0.000,24739840,52701,0.000,8798208,0.000
2026-09-05T23:57:19.282200,mqtt_qos1,2,2,245,56347,0.000,24739840,52701,0.000,8798208,0.000
2026-09-05T23:57:19.482616,mqtt_qos1,2,2,246,56347,0.000,24739840,52701,0.000,8798208,0.000
2026-09-05T23:57:19.683021,mqtt_qos1,2,2,247,56347,0.000,24739840,52701,0.000,8798208,0.000
2026-09-05T23:57:19.883478,mqtt_qos1,2,2,248,56347,0.000,24739840,52701,0.000,8798208,0.000
2026-09-05T23:57:20.083923,mqtt_qos1,2,2,249,56347,0.000,24739840,52701,0.000,8798208,0.000
2026-09-05T23:57:20.284355,mqtt_qos1,2,2,250,56347,0.000,24739840,52701,0.000,8798208,0.000
2026-09-05T23:57:20.484767,mqtt_qos1,2,2,251,56347,0.000,24739840,52701,0.000,8798208,0.000
2026-09-05T23:57:20.685166,mqtt_qos1,2,2,252,56347,0.000,24739840,52701,0.000,8798208,0.000
2026-09-05T23:57:20.885651,mqtt_qos1,2,2,253,56347,0.000,24739840,52701,0.000,8798208,0.000
2026-09-05T23:57:21.086108,mqtt_qos1,2,2,254,56347,0.000,24739840,52701,0.000,8798208,0.000
2026-09-05T23:57:21.286552,mqtt_qos1,2,2,255,56347,0.000,24739840,52701,0.000,8798208,0.000
2026-09-05T23:57:21.486987,mqtt_qos1,2,2,256,56347,0.000,24739840,52701,0.000,8798208,0.000
2026-09-05T23:57:21.687399,mqtt_qos1,2,2,257,56347,0.000,24739840,52701,0.000,8798208,0.000
2026-09-05T23:57:21.887897,mqtt_qos1,2,2,258,56347,0.000,24739840,52701,0.000,8798208,0.000
2026-09-05T23:57:22.091100,mqtt_qos1,2,2,259,56347,9.800,24739840,52701,0.000,8798208,0.000
2026-09-05T23:57:22.291547,mqtt_qos1,2,2,260,56347,0.000,24739840,52701,0.000,8798208,0.000
2026-09-05T23:57:22.491967,mqtt_qos1,2,2,261,56347,0.000,24739840,52701,0.000,8798208,0.000
2026-09-05T23:57:22.692381,mqtt_qos1,2,2,262,56347,0.000,24739840,52701,0.000,8798208,0.000
2026-09-05T23:57:22.892854,mqtt_qos1,2,2,263,56347,0.000,24739840,52701,0.000,8798208,0.000
2026-09-05T23:57:23.093311,mqtt_qos1,2,2,264,56347,0.000,24739840,52701,0.000,8798208,0.000
2026-09-05T23:57:23.293732,mqtt_qos1,2,2,265,56347,0.000,24739840,52701,0.000,8798208,0.000
2026-09-05T23:57:23.494136,mqtt_qos1,2,2,266,56347,0.000,24739840,52701,0.000,8798208,0.000
2026-09-05T23:57:23.694498,mqtt_qos1,2,2,267,56347,0.000,24739840,52701,0.000,8798208,0.000
2026-09-05T23:57:23.894941,mqtt_qos1,2,2,268,56347,0.000,24739840,52701,0.000,8798208,0.000
2026-09-05T23:57:24.095313,mqtt_qos1,2,2,269,56347,0.000,24739840,52701,0.000,8798208,0.000
2026-09-05T23:57:24.295904,mqtt_qos1,2,2,270,56347,10.000,0,52701,0.000,8798208,3.800
2026-09-05T23:57:27.498284,http,2,3,1,56351,54.900,26542080,52701,0.000,8798208,16.000
2026-09-05T23:57:27.698675,http,2,3,2,56351,0.000,26542080,52701,0.000,8798208,0.000
2026-09-05T23:57:27.899088,http,2,3,3,56351,0.000,26542080,52701,0.000,8798208,0.000
2026-09-05T23:57:28.099436,http,2,3,4,56351,0.000,26542080,52701,0.000,8798208,0.000
2026-09-05T23:57:28.299746,http,2,3,5,56351,0.000,26542080,52701,0.000,8798208,0.000
2026-09-05T23:57:28.500045,http,2,3,6,56351,0.000,26542080,52701,0.000,8798208,0.000
2026-09-05T23:57:28.700339,http,2,3,7,56351,0.000,26542080,52701,0.000,8798208,0.000
2026-09-05T23:57:28.900707,http,2,3,8,56351,0.000,26542080,52701,0.000,8798208,1.200
2026-09-05T23:57:29.101047,http,2,3,9,56351,0.000,26542080,52701,0.000,8798208,0.000
2026-09-05T23:57:29.301360,http,2,3,10,56351,0.000,26542080,52701,0.000,8798208,0.000
2026-09-05T23:57:29.501663,http,2,3,11,56351,0.000,26542080,52701,0.000,8798208,0.000
2026-09-05T23:57:29.701957,http,2,3,12,56351,0.000,26542080,52701,0.000,8798208,0.000
2026-09-05T23:57:29.902314,http,2,3,13,56351,0.000,26542080,52701,0.000,8798208,0.000
2026-09-05T23:57:30.102633,http,2,3,14,56351,0.000,26542080,52701,0.000,8798208,0.000
2026-09-05T23:57:30.302924,http,2,3,15,56351,0.000,26542080,52701,0.000,8798208,0.000
2026-09-05T23:57:30.503209,http,2,3,16,56351,0.000,26542080,52701,0.000,8798208,0.000
2026-09-05T23:57:30.703477,http,2,3,17,56351,0.000,26542080,52701,0.000,8798208,0.000
2026-09-05T23:57:30.903817,http,2,3,18,56351,0.000,26542080,52701,0.000,8798208,0.000
2026-09-05T23:57:31.104127,http,2,3,19,56351,0.000,26542080,52701,0.000,8798208,0.000
2026-09-05T23:57:31.304409,http,2,3,20,56351,0.000,26542080,52701,0.000,8798208,0.000
2026-09-05T23:57:31.504688,http,2,3,21,56351,0.000,26542080,52701,0.000,8798208,0.000
2026-09-05T23:57:31.704960,http,2,3,22,56351,0.000,26558464,52701,0.000,8798208,0.000
2026-09-05T23:57:31.905298,http,2,3,23,56351,0.000,26558464,52701,0.000,8798208,1.200
2026-09-05T23:57:32.105606,http,2,3,24,56351,0.000,26558464,52701,0.000,8798208,0.000
2026-09-05T23:57:32.305891,http,2,3,25,56351,0.000,26558464,52701,0.000,8798208,0.000
2026-09-05T23:57:32.506262,http,2,3,26,56351,0.000,26558464,52701,0.000,8798208,0.000
2026-09-05T23:57:32.706642,http,2,3,27,56351,5.000,26558464,52701,0.000,8798208,0.000
2026-09-05T23:57:32.907102,http,2,3,28,56351,0.000,26558464,52701,0.000,8798208,0.000
2026-09-05T23:57:33.107540,http,2,3,29,56351,0.000,26558464,52701,0.000,8798208,0.000
2026-09-05T23:57:33.307945,http,2,3,30,56351,0.000,26558464,52701,0.000,8798208,0.000
2026-09-05T23:57:33.508328,http,2,3,31,56351,0.000,26558464,52701,0.000,8798208,0.000
2026-09-05T23:57:33.708705,http,2,3,32,56351,0.000,26558464,52701,0.000,8798208,1.200
2026-09-05T23:57:33.909212,http,2,3,33,56351,0.000,26558464,52701,0.000,8798208,0.000
2026-09-05T23:57:34.109692,http,2,3,34,56351,0.000,26558464,52701,0.000,8798208,0.000
2026-09-05T23:57:34.310145,http,2,3,35,56351,0.000,26558464,52701,0.000,8798208,0.000
2026-09-05T23:57:34.510584,http,2,3,36,56351,0.000,26558464,52701,0.000,8798208,0.000
2026-09-05T23:57:34.711026,http,2,3,37,56351,0.000,26558464,52701,0.000,8798208,1.200
2026-09-05T23:57:34.911486,http,2,3,38,56351,0.000,26558464,52701,0.000,8798208,0.000
2026-09-05T23:57:35.111922,http,2,3,39,56351,0.000,26558464,52701,0.000,8798208,0.000
2026-09-05T23:57:35.312356,http,2,3,40,56351,5.000,26558464,52701,0.000,8798208,0.000
2026-09-05T23:57:35.512763,http,2,3,41,56351,0.000,26558464,52701,0.000,8798208,0.000
2026-09-05T23:57:35.713144,http,2,3,42,56351,0.000,26574848,52701,0.000,8798208,0.000
2026-09-05T23:57:35.913586,http,2,3,43,56351,0.000,26574848,52701,0.000,8798208,0.000
2026-09-05T23:57:36.113991,http,2,3,44,56351,0.000,26574848,52701,0.000,8798208,0.000
2026-09-05T23:57:36.314368,http,2,3,45,56351,0.000,26574848,52701,0.000,8798208,0.000
2026-09-05T23:57:36.514752,http,2,3,46,56351,0.000,26574848,52701,0.000,8798208,0.000
2026-09-05T23:57:36.715133,http,2,3,47,56351,0.000,26574848,52701,0.000,8798208,0.000
2026-09-05T23:57:36.915580,http,2,3,48,56351,0.000,26574848,52701,0.000,8798208,0.000
2026-09-05T23:57:37.115987,http,2,3,49,56351,0.000,26574848,52701,0.000,8798208,0.000
2026-09-05T23:57:37.316371,http,2,3,50,56351,0.000,26574848,52701,0.000,8798208,1.200
2026-09-05T23:57:37.516734,http,2,3,51,56351,0.000,26574848,52701,0.000,8798208,0.000
2026-09-05T23:57:37.717098,http,2,3,52,56351,0.000,26574848,52701,0.000,8798208,0.000
2026-09-05T23:57:37.917539,http,2,3,53,56351,0.000,26574848,52701,0.000,8798208,0.000
2026-09-05T23:57:38.117958,http,2,3,54,56351,0.000,26574848,52701,0.000,8798208,0.000
2026-09-05T23:57:38.318343,http,2,3,55,56351,0.000,26574848,52701,0.000,8798208,0.000
2026-09-05T23:57:38.518722,http,2,3,56,56351,0.000,26574848,52701,0.000,8798208,0.000
2026-09-05T23:57:38.719110,http,2,3,57,56351,0.000,26574848,52701,0.000,8798208,1.200
2026-09-05T23:57:38.919546,http,2,3,58,56351,0.000,26574848,52701,0.000,8798208,0.000
2026-09-05T23:57:39.119946,http,2,3,59,56351,0.000,26574848,52701,0.000,8798208,0.000
2026-09-05T23:57:39.320322,http,2,3,60,56351,0.000,26591232,52701,0.000,8798208,0.000
2026-09-05T23:57:39.520689,http,2,3,61,56351,0.000,26591232,52701,0.000,8798208,0.000
2026-09-05T23:57:39.721051,http,2,3,62,56351,0.000,26591232,52701,0.000,8798208,0.000
2026-09-05T23:57:39.921548,http,2,3,63,56351,0.000,26591232,52701,0.000,8798208,0.000
2026-09-05T23:57:40.121983,http,2,3,64,56351,0.000,26591232,52701,0.000,8798208,0.000
2026-09-05T23:57:40.322388,http,2,3,65,56351,0.000,26591232,52701,0.000,8798208,1.200
2026-09-05T23:57:40.522790,http,2,3,66,56351,0.000,26591232,52701,0.000,8798208,0.000
2026-09-05T23:57:40.723178,http,2,3,67,56351,0.000,26591232,52701,0.000,8798208,1.200
2026-09-05T23:57:40.923625,http,2,3,68,56351,0.000,26591232,52701,0.000,8798208,0.000
2026-09-05T23:57:41.124029,http,2,3,69,56351,0.000,26591232,52701,0.000,8798208,0.000
2026-09-05T23:57:41.324415,http,2,3,70,56351,0.000,26591232,52701,0.000,8798208,0.000
2026-09-05T23:57:41.524787,http,2,3,71,56351,0.000,26591232,52701,0.000,8798208,0.000
2026-09-05T23:57:41.725157,http,2,3,72,56351,0.000,26591232,52701,0.000,8798208,0.000
2026-09-05T23:57:41.925590,http,2,3,73,56351,0.000,26591232,52701,0.000,8798208,0.000
2026-09-05T23:57:42.125979,http,2,3,74,56351,5.000,26591232,52701,0.000,8798208,0.000
2026-09-05T23:57:42.326357,http,2,3,75,56351,0.000,26591232,52701,0.000,8798208,0.000
2026-09-05T23:57:42.526736,http,2,3,76,56351,0.000,26591232,52701,0.000,8798208,0.000
2026-09-05T23:57:42.727108,http,2,3,77,56351,0.000,26591232,52701,0.000,8798208,0.000
2026-09-05T23:57:42.927549,http,2,3,78,56351,0.000,26591232,52701,0.000,8798208,0.000
2026-09-05T23:57:43.127960,http,2,3,79,56351,0.000,26591232,52701,0.000,8798208,0.000
2026-09-05T23:57:43.328371,http,2,3,80,56351,0.000,26591232,52701,0.000,8798208,0.000
2026-09-05T23:57:43.528752,http,2,3,81,56351,0.000,26591232,52701,0.000,8798208,0.000
2026-09-05T23:57:43.729154,http,2,3,82,56351,0.000,26591232,52701,0.000,8798208,0.000
2026-09-05T23:57:43.929603,http,2,3,83,56351,0.000,26591232,52701,0.000,8798208,0.000
2026-09-05T23:57:44.130033,http,2,3,84,56351,0.000,26591232,52701,0.000,8798208,0.000
2026-09-05T23:57:44.330447,http,2,3,85,56351,0.000,26591232,52701,0.000,8798208,0.000
2026-09-05T23:57:44.530878,http,2,3,86,56351,0.000,26591232,52701,0.000,8798208,1.200
2026-09-05T23:57:44.731297,http,2,3,87,56351,0.000,26591232,52701,0.000,8798208,0.000
2026-09-05T23:57:44.931749,http,2,3,88,56351,0.000,26591232,52701,0.000,8798208,0.000
2026-09-05T23:57:45.132160,http,2,3,89,56351,0.000,26591232,52701,0.000,8798208,0.000
2026-09-05T23:57:45.332559,http,2,3,90,56351,0.000,26591232,52701,0.000,8798208,0.000
2026-09-05T23:57:45.532945,http,2,3,91,56351,0.000,26591232,52701,0.000,8798208,0.000
2026-09-05T23:57:45.733321,http,2,3,92,56351,0.000,26591232,52701,0.000,8798208,0.000
2026-09-05T23:57:45.933780,http,2,3,93,56351,0.000,26591232,52701,0.000,8798208,0.000
2026-09-05T23:57:46.134183,http,2,3,94,56351,0.000,26591232,52701,0.000,8798208,0.000
2026-09-05T23:57:46.334562,http,2,3,95,56351,0.000,26591232,52701,0.000,8798208,0.000
2026-09-05T23:57:46.534941,http,2,3,96,56351,0.000,26591232,52701,0.000,8798208,0.000
2026-09-05T23:57:46.735298,http,2,3,97,56351,0.000,26591232,52701,0.000,8798208,0.000
2026-09-05T23:57:46.935749,http,2,3,98,56351,0.000,26591232,52701,0.000,8798208,0.000
2026-09-05T23:57:47.136192,http,2,3,99,56351,0.000,26591232,52701,0.000,8798208,0.000
2026-09-05T23:57:47.336622,http,2,3,100,56351,5.000,26607616,52701,0.000,8798208,0.000
2026-09-05T23:57:47.537044,http,2,3,101,56351,0.000,26607616,52701,0.000,8798208,1.200
2026-09-05T23:57:47.737464,http,2,3,102,56351,0.000,26607616,52701,0.000,8798208,0.000
2026-09-05T23:57:47.937925,http,2,3,103,56351,0.000,26607616,52701,0.000,8798208,0.000
2026-09-05T23:57:48.138341,http,2,3,104,56351,0.000,26624000,52701,0.000,8798208,0.000
2026-09-05T23:57:48.338750,http,2,3,105,56351,0.000,26624000,52701,0.000,8798208,0.000
2026-09-05T23:57:48.539152,http,2,3,106,56351,0.000,26624000,52701,0.000,8798208,0.000
2026-09-05T23:57:48.739529,http,2,3,107,56351,0.000,26624000,52701,0.000,8798208,0.000
2026-09-05T23:57:48.939972,http,2,3,108,56351,0.000,26624000,52701,0.000,8798208,0.000
2026-09-05T23:57:49.140407,http,2,3,109,56351,0.000,26624000,52701,0.000,8798208,0.000
2026-09-05T23:57:49.340816,http,2,3,110,56351,0.000,26640384,52701,0.000,8798208,0.000
2026-09-05T23:57:49.541223,http,2,3,111,56351,0.000,26640384,52701,0.000,8798208,0.000
2026-09-05T23:57:49.741625,http,2,3,112,56351,0.000,26640384,52701,0.000,8798208,0.000
2026-09-05T23:57:49.942070,http,2,3,113,56351,0.000,26640384,52701,0.000,8798208,0.000
2026-09-05T23:57:50.142493,http,2,3,114,56351,0.000,26640384,52701,0.000,8798208,0.000
2026-09-05T23:57:50.342906,http,2,3,115,56351,0.000,26640384,52701,0.000,8798208,0.000
2026-09-05T23:57:50.543304,http,2,3,116,56351,0.000,26640384,52701,0.000,8798208,1.200
2026-09-05T23:57:50.743690,http,2,3,117,56351,0.000,26640384,52701,0.000,8798208,0.000
2026-09-05T23:57:50.944144,http,2,3,118,56351,0.000,26640384,52701,0.000,8798208,0.000
2026-09-05T23:57:51.144563,http,2,3,119,56351,0.000,26640384,52701,0.000,8798208,0.000
2026-09-05T23:57:51.344965,http,2,3,120,56351,0.000,26640384,52701,0.000,8798208,0.000
2026-09-05T23:57:51.545360,http,2,3,121,56351,0.000,26640384,52701,0.000,8798208,0.000
2026-09-05T23:57:51.745749,http,2,3,122,56351,0.000,26640384,52701,0.000,8798208,0.000
2026-09-05T23:57:51.946212,http,2,3,123,56351,0.000,26640384,52701,0.000,8798208,0.000
2026-09-05T23:57:52.146631,http,2,3,124,56351,0.000,26640384,52701,0.000,8798208,0.000
2026-09-05T23:57:52.347021,http,2,3,125,56351,0.000,26640384,52701,0.000,8798208,0.000
2026-09-05T23:57:52.547407,http,2,3,126,56351,5.000,26640384,52701,0.000,8798208,1.200
2026-09-05T23:57:52.747783,http,2,3,127,56351,0.000,26640384,52701,0.000,8798208,0.000
2026-09-05T23:57:52.948223,http,2,3,128,56351,0.000,26640384,52701,0.000,8798208,0.000
2026-09-05T23:57:53.148639,http,2,3,129,56351,0.000,26640384,52701,0.000,8798208,0.000
2026-09-05T23:57:53.349026,http,2,3,130,56351,0.000,26640384,52701,0.000,8798208,0.000
2026-09-05T23:57:53.549412,http,2,3,131,56351,0.000,26640384,52701,0.000,8798208,0.000
2026-09-05T23:57:53.749811,http,2,3,132,56351,0.000,26640384,52701,0.000,8798208,0.000
2026-09-05T23:57:53.950261,http,2,3,133,56351,0.000,26640384,52701,0.000,8798208,0.000
2026-09-05T23:57:54.150679,http,2,3,134,56351,0.000,26640384,52701,0.000,8798208,0.000
2026-09-05T23:57:54.351090,http,2,3,135,56351,0.000,26640384,52701,0.000,8798208,0.000
2026-09-05T23:57:54.551476,http,2,3,136,56351,0.000,26640384,52701,0.000,8798208,0.000
2026-09-05T23:57:54.751853,http,2,3,137,56351,0.000,26640384,52701,0.000,8798208,0.000
2026-09-05T23:57:54.952285,http,2,3,138,56351,0.000,26640384,52701,0.000,8798208,0.000
2026-09-05T23:57:55.152694,http,2,3,139,56351,0.000,26640384,52701,0.000,8798208,0.000
2026-09-05T23:57:55.353074,http,2,3,140,56351,0.000,26640384,52701,0.000,8798208,0.000
2026-09-05T23:57:55.553441,http,2,3,141,56351,0.000,26640384,52701,0.000,8798208,0.000
2026-09-05T23:57:55.753806,http,2,3,142,56351,0.000,26640384,52701,0.000,8798208,0.000
2026-09-05T23:57:55.954245,http,2,3,143,56351,0.000,26640384,52701,0.000,8798208,0.000
2026-09-05T23:57:56.154662,http,2,3,144,56351,0.000,26640384,52701,0.000,8798208,0.000
2026-09-05T23:57:56.355048,http,2,3,145,56351,0.000,26640384,52701,0.000,8798208,0.000
2026-09-05T23:57:56.555425,http,2,3,146,56351,0.000,26640384,52701,0.000,8798208,0.000
2026-09-05T23:57:56.755797,http,2,3,147,56351,0.000,26640384,52701,0.000,8798208,1.200
2026-09-05T23:57:56.956238,http,2,3,148,56351,0.000,26640384,52701,0.000,8798208,0.000
2026-09-05T23:57:57.156656,http,2,3,149,56351,0.000,26640384,52701,0.000,8798208,0.000
2026-09-05T23:57:57.357038,http,2,3,150,56351,0.000,26640384,52701,0.000,8798208,0.000
2026-09-05T23:57:57.557404,http,2,3,151,56351,0.000,26640384,52701,0.000,8798208,0.000
2026-09-05T23:57:57.757771,http,2,3,152,56351,0.000,26656768,52701,0.000,8798208,0.000
2026-09-05T23:57:57.958260,http,2,3,153,56351,0.000,26656768,52701,0.000,8798208,0.000
2026-09-05T23:57:58.158716,http,2,3,154,56351,0.000,26656768,52701,0.000,8798208,0.000
2026-09-05T23:57:58.359146,http,2,3,155,56351,5.000,26656768,52701,0.000,8798208,0.000
2026-09-05T23:57:58.559536,http,2,3,156,56351,0.000,26656768,52701,0.000,8798208,0.000
2026-09-05T23:57:58.759920,http,2,3,157,56351,0.000,26656768,52701,0.000,8798208,0.000
2026-09-05T23:57:58.960374,http,2,3,158,56351,0.000,26656768,52701,0.000,8798208,0.000
2026-09-05T23:57:59.160790,http,2,3,159,56351,0.000,26656768,52701,0.000,8798208,0.000
2026-09-05T23:57:59.361176,http,2,3,160,56351,0.000,26656768,52701,0.000,8798208,0.000
2026-09-05T23:57:59.561554,http,2,3,161,56351,0.000,26656768,52701,0.000,8798208,0.000
2026-09-05T23:57:59.761925,http,2,3,162,56351,0.000,26656768,52701,0.000,8798208,0.000
2026-09-05T23:57:59.962354,http,2,3,163,56351,0.000,26656768,52701,0.000,8798208,0.000
2026-09-05T23:58:00.162773,http,2,3,164,56351,0.000,26656768,52701,0.000,8798208,0.000
2026-09-05T23:58:00.363160,http,2,3,165,56351,0.000,26656768,52701,0.000,8798208,1.200
2026-09-05T23:58:00.563534,http,2,3,166,56351,0.000,26656768,52701,0.000,8798208,0.000
2026-09-05T23:58:00.763909,http,2,3,167,56351,0.000,26656768,52701,0.000,8798208,0.000
2026-09-05T23:58:00.964346,http,2,3,168,56351,0.000,26656768,52701,0.000,8798208,0.000
2026-09-05T23:58:01.164753,http,2,3,169,56351,0.000,26656768,52701,0.000,8798208,0.000
2026-09-05T23:58:01.365137,http,2,3,170,56351,0.000,26656768,52701,0.000,8798208,0.000
2026-09-05T23:58:01.565516,http,2,3,171,56351,0.000,26656768,52701,0.000,8798208,0.000
2026-09-05T23:58:01.765889,http,2,3,172,56351,0.000,26656768,52701,0.000,8798208,0.000
2026-09-05T23:58:01.966324,http,2,3,173,56351,0.000,26656768,52701,0.000,8798208,0.000
2026-09-05T23:58:02.166739,http,2,3,174,56351,0.000,26656768,52701,0.000,8798208,0.000
2026-09-05T23:58:02.367121,http,2,3,175,56351,0.000,26656768,52701,0.000,8798208,1.200
2026-09-05T23:58:02.567505,http,2,3,176,56351,0.000,26656768,52701,0.000,8798208,0.000
2026-09-05T23:58:02.767882,http,2,3,177,56351,0.000,26656768,52701,0.000,8798208,0.000
2026-09-05T23:58:02.968329,http,2,3,178,56351,0.000,26656768,52701,0.000,8798208,0.000
2026-09-05T23:58:03.168747,http,2,3,179,56351,0.000,26656768,52701,0.000,8798208,0.000
2026-09-05T23:58:03.369140,http,2,3,180,56351,0.000,26656768,52701,0.000,8798208,0.000
2026-09-05T23:58:03.569541,http,2,3,181,56351,0.000,26656768,52701,0.000,8798208,0.000
2026-09-05T23:58:03.769932,http,2,3,182,56351,0.000,26656768,52701,0.000,8798208,0.000
2026-09-05T23:58:03.970432,http,2,3,183,56351,0.000,26656768,52701,0.000,8798208,2.400
2026-09-05T23:58:04.170904,http,2,3,184,56351,0.000,26656768,52701,0.000,8798208,0.000
2026-09-05T23:58:04.371318,http,2,3,185,56351,5.000,26656768,52701,0.000,8798208,1.200
2026-09-05T23:58:04.571718,http,2,3,186,56351,0.000,26656768,52701,0.000,8798208,1.200
2026-09-05T23:58:04.772117,http,2,3,187,56351,0.000,26656768,52701,0.000,8798208,0.000
2026-09-05T23:58:04.972573,http,2,3,188,56351,0.000,26656768,52701,0.000,8798208,0.000
2026-09-05T23:58:05.172988,http,2,3,189,56351,0.000,26656768,52701,0.000,8798208,0.000
2026-09-05T23:58:05.373378,http,2,3,190,56351,0.000,26656768,52701,0.000,8798208,0.000
2026-09-05T23:58:05.573764,http,2,3,191,56351,0.000,26656768,52701,0.000,8798208,0.000
2026-09-05T23:58:05.774171,http,2,3,192,56351,0.000,26656768,52701,0.000,8798208,0.000
2026-09-05T23:58:05.974625,http,2,3,193,56351,5.000,26656768,52701,0.000,8798208,0.000
2026-09-05T23:58:06.175054,http,2,3,194,56351,0.000,26656768,52701,0.000,8798208,0.000
2026-09-05T23:58:06.375473,http,2,3,195,56351,0.000,26656768,52701,0.000,8798208,0.000
2026-09-05T23:58:06.575883,http,2,3,196,56351,0.000,26656768,52701,0.000,8798208,0.000
2026-09-05T23:58:06.776291,http,2,3,197,56351,0.000,26656768,52701,0.000,8798208,0.000
2026-09-05T23:58:06.976740,http,2,3,198,56351,0.000,26656768,52701,0.000,8798208,0.000
2026-09-05T23:58:07.177176,http,2,3,199,56351,0.000,26656768,52701,0.000,8798208,0.000
2026-09-05T23:58:07.377583,http,2,3,200,56351,0.000,26656768,52701,0.000,8798208,0.000
2026-09-05T23:58:07.577975,http,2,3,201,56351,0.000,26656768,52701,0.000,8798208,0.000
2026-09-05T23:58:07.778349,http,2,3,202,56351,0.000,26656768,52701,0.000,8798208,0.000
2026-09-05T23:58:07.978821,http,2,3,203,56351,0.000,26656768,52701,0.000,8798208,0.000
2026-09-05T23:58:08.179238,http,2,3,204,56351,0.000,26656768,52701,0.000,8798208,1.200
2026-09-05T23:58:08.379625,http,2,3,205,56351,0.000,26656768,52701,0.000,8798208,0.000
2026-09-05T23:58:08.579996,http,2,3,206,56351,0.000,26656768,52701,0.000,8798208,0.000
2026-09-05T23:58:08.780361,http,2,3,207,56351,0.000,26656768,52701,0.000,8798208,0.000
2026-09-05T23:58:08.980798,http,2,3,208,56351,0.000,26656768,52701,0.000,8798208,1.200
2026-09-05T23:58:09.181200,http,2,3,209,56351,0.000,26656768,52701,0.000,8798208,0.000
2026-09-05T23:58:09.381602,http,2,3,210,56351,0.000,26656768,52701,0.000,8798208,0.000
2026-09-05T23:58:09.581986,http,2,3,211,56351,0.000,26656768,52701,0.000,8798208,0.000
2026-09-05T23:58:09.782355,http,2,3,212,56351,0.000,26656768,52701,0.000,8798208,0.000
2026-09-05T23:58:09.982852,http,2,3,213,56351,0.000,26656768,52701,0.000,8798208,1.200
2026-09-05T23:58:10.183293,http,2,3,214,56351,0.000,26656768,52701,0.000,8798208,0.000
2026-09-05T23:58:10.383706,http,2,3,215,56351,0.000,26656768,52701,0.000,8798208,0.000
2026-09-05T23:58:10.584092,http,2,3,216,56351,0.000,26656768,52701,0.000,8798208,0.000
2026-09-05T23:58:10.784580,http,2,3,217,56351,5.000,26656768,52701,5.000,8798208,0.000
2026-09-05T23:58:10.985020,http,2,3,218,56351,0.000,26656768,52701,0.000,8798208,0.000
2026-09-05T23:58:11.185443,http,2,3,219,56351,0.000,26656768,52701,0.000,8798208,0.000
2026-09-05T23:58:11.385852,http,2,3,220,56351,0.000,26656768,52701,0.000,8798208,0.000
2026-09-05T23:58:11.586377,http,2,3,221,56351,15.000,0,52701,0.000,8798208,3.800
2026-09-05T23:58:14.788772,mqtt_qos1,3,1,1,56352,44.900,24526848,52701,0.000,8798208,12.500
2026-09-05T23:58:14.989140,mqtt_qos1,3,1,2,56352,0.000,24526848,52701,0.000,8798208,0.000
2026-09-05T23:58:15.189447,mqtt_qos1,3,1,3,56352,0.000,24526848,52701,0.000,8798208,0.000
2026-09-05T23:58:15.389737,mqtt_qos1,3,1,4,56352,0.000,24526848,52701,0.000,8798208,0.000
2026-09-05T23:58:15.590004,mqtt_qos1,3,1,5,56352,0.000,24526848,52701,0.000,8798208,0.000
2026-09-05T23:58:15.790366,mqtt_qos1,3,1,6,56352,0.000,24592384,52701,0.000,8798208,0.000
2026-09-05T23:58:15.990735,mqtt_qos1,3,1,7,56352,0.000,24592384,52701,0.000,8798208,0.000
2026-09-05T23:58:16.191042,mqtt_qos1,3,1,8,56352,0.000,24592384,52701,0.000,8798208,0.000
2026-09-05T23:58:16.391326,mqtt_qos1,3,1,9,56352,0.000,24592384,52701,0.000,8798208,1.200
2026-09-05T23:58:16.591612,mqtt_qos1,3,1,10,56352,0.000,24592384,52701,0.000,8798208,0.000
2026-09-05T23:58:16.791938,mqtt_qos1,3,1,11,56352,0.000,24592384,52701,0.000,8798208,0.000
2026-09-05T23:58:16.992239,mqtt_qos1,3,1,12,56352,0.000,24592384,52701,0.000,8798208,0.000
2026-09-05T23:58:17.192527,mqtt_qos1,3,1,13,56352,0.000,24592384,52701,0.000,8798208,0.000
2026-09-05T23:58:17.392810,mqtt_qos1,3,1,14,56352,0.000,24592384,52701,0.000,8798208,0.000
2026-09-05T23:58:17.593092,mqtt_qos1,3,1,15,56352,5.000,24592384,52701,0.000,8798208,0.000
2026-09-05T23:58:17.793419,mqtt_qos1,3,1,16,56352,0.000,24592384,52701,0.000,8798208,0.000
2026-09-05T23:58:17.993721,mqtt_qos1,3,1,17,56352,0.000,24592384,52701,0.000,8798208,0.000
2026-09-05T23:58:18.194009,mqtt_qos1,3,1,18,56352,0.000,24592384,52701,0.000,8798208,0.000
2026-09-05T23:58:18.394302,mqtt_qos1,3,1,19,56352,0.000,24592384,52701,0.000,8798208,0.000
2026-09-05T23:58:18.594582,mqtt_qos1,3,1,20,56352,0.000,24592384,52701,0.000,8798208,0.000
2026-09-05T23:58:18.794925,mqtt_qos1,3,1,21,56352,0.000,24592384,52701,0.000,8798208,0.000
2026-09-05T23:58:18.995234,mqtt_qos1,3,1,22,56352,0.000,24608768,52701,0.000,8798208,0.000
2026-09-05T23:58:19.195524,mqtt_qos1,3,1,23,56352,0.000,24608768,52701,0.000,8798208,0.000
2026-09-05T23:58:19.395797,mqtt_qos1,3,1,24,56352,0.000,24608768,52701,0.000,8798208,0.000
2026-09-05T23:58:19.596068,mqtt_qos1,3,1,25,56352,0.000,24608768,52701,0.000,8798208,0.000
2026-09-05T23:58:19.796509,mqtt_qos1,3,1,26,56352,0.000,24608768,52701,0.000,8798208,0.000
2026-09-05T23:58:19.996955,mqtt_qos1,3,1,27,56352,0.000,24608768,52701,0.000,8798208,0.000
2026-09-05T23:58:20.197372,mqtt_qos1,3,1,28,56352,0.000,24608768,52701,0.000,8798208,0.000
2026-09-05T23:58:20.397761,mqtt_qos1,3,1,29,56352,0.000,24608768,52701,0.000,8798208,0.000
2026-09-05T23:58:20.598148,mqtt_qos1,3,1,30,56352,0.000,24608768,52701,0.000,8798208,0.000
2026-09-05T23:58:20.798597,mqtt_qos1,3,1,31,56352,0.000,24608768,52701,0.000,8798208,0.000
2026-09-05T23:58:20.999051,mqtt_qos1,3,1,32,56352,0.000,24608768,52701,0.000,8798208,1.200
2026-09-05T23:58:21.199466,mqtt_qos1,3,1,33,56352,0.000,24608768,52701,0.000,8798208,0.000
2026-09-05T23:58:21.399858,mqtt_qos1,3,1,34,56352,0.000,24608768,52701,0.000,8798208,0.000
2026-09-05T23:58:21.600250,mqtt_qos1,3,1,35,56352,0.000,24608768,52701,0.000,8798208,0.000
2026-09-05T23:58:21.800717,mqtt_qos1,3,1,36,56352,0.000,24608768,52701,0.000,8798208,0.000
2026-09-05T23:58:22.001142,mqtt_qos1,3,1,37,56352,0.000,24608768,52701,0.000,8798208,0.000
2026-09-05T23:58:22.201538,mqtt_qos1,3,1,38,56352,0.000,24608768,52701,0.000,8798208,0.000
2026-09-05T23:58:22.401934,mqtt_qos1,3,1,39,56352,0.000,24608768,52701,0.000,8798208,0.000
2026-09-05T23:58:22.602326,mqtt_qos1,3,1,40,56352,0.000,24608768,52701,0.000,8798208,0.000
2026-09-05T23:58:22.802799,mqtt_qos1,3,1,41,56352,0.000,24608768,52701,0.000,8798208,0.000
2026-09-05T23:58:23.003221,mqtt_qos1,3,1,42,56352,0.000,24608768,52701,0.000,8798208,0.000
2026-09-05T23:58:23.203627,mqtt_qos1,3,1,43,56352,0.000,24608768,52701,0.000,8798208,0.000
2026-09-05T23:58:23.404023,mqtt_qos1,3,1,44,56352,0.000,24608768,52701,0.000,8798208,0.000
2026-09-05T23:58:23.604417,mqtt_qos1,3,1,45,56352,0.000,24608768,52701,0.000,8798208,0.000
2026-09-05T23:58:23.804860,mqtt_qos1,3,1,46,56352,0.000,24608768,52701,0.000,8798208,0.000
2026-09-05T23:58:24.005277,mqtt_qos1,3,1,47,56352,0.000,24608768,52701,0.000,8798208,0.000
2026-09-05T23:58:24.205673,mqtt_qos1,3,1,48,56352,0.000,24608768,52701,0.000,8798208,0.000
2026-09-05T23:58:24.406065,mqtt_qos1,3,1,49,56352,0.000,24608768,52701,0.000,8798208,0.000
2026-09-05T23:58:24.606452,mqtt_qos1,3,1,50,56352,0.000,24625152,52701,0.000,8798208,0.000
2026-09-05T23:58:24.806916,mqtt_qos1,3,1,51,56352,0.000,24625152,52701,0.000,8798208,1.200
2026-09-05T23:58:25.007343,mqtt_qos1,3,1,52,56352,5.000,24625152,52701,0.000,8798208,0.000
2026-09-05T23:58:25.207764,mqtt_qos1,3,1,53,56352,0.000,24625152,52701,0.000,8798208,0.000
2026-09-05T23:58:25.408157,mqtt_qos1,3,1,54,56352,0.000,24625152,52701,0.000,8798208,0.000
2026-09-05T23:58:25.608539,mqtt_qos1,3,1,55,56352,0.000,24625152,52701,0.000,8798208,0.000
2026-09-05T23:58:25.808997,mqtt_qos1,3,1,56,56352,0.000,24625152,52701,0.000,8798208,0.000
2026-09-05T23:58:26.009427,mqtt_qos1,3,1,57,56352,0.000,24625152,52701,0.000,8798208,0.000
2026-09-05T23:58:26.209835,mqtt_qos1,3,1,58,56352,0.000,24625152,52701,0.000,8798208,0.000
2026-09-05T23:58:26.410223,mqtt_qos1,3,1,59,56352,0.000,24625152,52701,0.000,8798208,0.000
2026-09-05T23:58:26.610612,mqtt_qos1,3,1,60,56352,0.000,24625152,52701,0.000,8798208,0.000
2026-09-05T23:58:26.811098,mqtt_qos1,3,1,61,56352,0.000,24641536,52701,0.000,8798208,1.200
2026-09-05T23:58:27.011545,mqtt_qos1,3,1,62,56352,0.000,24641536,52701,0.000,8798208,0.000
2026-09-05T23:58:27.211945,mqtt_qos1,3,1,63,56352,0.000,24641536,52701,0.000,8798208,0.000
2026-09-05T23:58:27.412330,mqtt_qos1,3,1,64,56352,0.000,24641536,52701,0.000,8798208,0.000
2026-09-05T23:58:27.612722,mqtt_qos1,3,1,65,56352,0.000,24641536,52701,0.000,8798208,0.000
2026-09-05T23:58:27.813181,mqtt_qos1,3,1,66,56352,0.000,24641536,52701,0.000,8798208,0.000
2026-09-05T23:58:28.013669,mqtt_qos1,3,1,67,56352,0.000,24641536,52701,0.000,8798208,0.000
2026-09-05T23:58:28.214087,mqtt_qos1,3,1,68,56352,0.000,24641536,52701,0.000,8798208,0.000
2026-09-05T23:58:28.414469,mqtt_qos1,3,1,69,56352,0.000,24641536,52701,0.000,8798208,0.000
2026-09-05T23:58:28.614873,mqtt_qos1,3,1,70,56352,0.000,24641536,52701,0.000,8798208,1.200
2026-09-05T23:58:28.815342,mqtt_qos1,3,1,71,56352,0.000,24641536,52701,0.000,8798208,0.000
2026-09-05T23:58:29.015777,mqtt_qos1,3,1,72,56352,0.000,24641536,52701,0.000,8798208,0.000
2026-09-05T23:58:29.216182,mqtt_qos1,3,1,73,56352,0.000,24641536,52701,0.000,8798208,0.000
2026-09-05T23:58:29.416583,mqtt_qos1,3,1,74,56352,0.000,24641536,52701,0.000,8798208,0.000
2026-09-05T23:58:29.616982,mqtt_qos1,3,1,75,56352,0.000,24641536,52701,0.000,8798208,0.000
2026-09-05T23:58:29.817440,mqtt_qos1,3,1,76,56352,0.000,24641536,52701,0.000,8798208,0.000
2026-09-05T23:58:30.017866,mqtt_qos1,3,1,77,56352,0.000,24641536,52701,0.000,8798208,0.000
2026-09-05T23:58:30.218263,mqtt_qos1,3,1,78,56352,0.000,24641536,52701,0.000,8798208,0.000
2026-09-05T23:58:30.418672,mqtt_qos1,3,1,79,56352,0.000,24641536,52701,0.000,8798208,0.000
2026-09-05T23:58:30.619087,mqtt_qos1,3,1,80,56352,0.000,24641536,52701,0.000,8798208,0.000
2026-09-05T23:58:30.819529,mqtt_qos1,3,1,81,56352,0.000,24641536,52701,0.000,8798208,0.000
2026-09-05T23:58:31.019941,mqtt_qos1,3,1,82,56352,0.000,24641536,52701,0.000,8798208,0.000
2026-09-05T23:58:31.220310,mqtt_qos1,3,1,83,56352,5.000,24641536,52701,0.000,8798208,0.000
2026-09-05T23:58:31.420672,mqtt_qos1,3,1,84,56352,0.000,24641536,52701,0.000,8798208,0.000
2026-09-05T23:58:31.621023,mqtt_qos1,3,1,85,56352,0.000,24641536,52701,0.000,8798208,0.000
2026-09-05T23:58:31.821420,mqtt_qos1,3,1,86,56352,0.000,24641536,52701,0.000,8798208,0.000
2026-09-05T23:58:32.021833,mqtt_qos1,3,1,87,56352,0.000,24641536,52701,0.000,8798208,0.000
2026-09-05T23:58:32.222201,mqtt_qos1,3,1,88,56352,0.000,24641536,52701,0.000,8798208,1.200
2026-09-05T23:58:32.422561,mqtt_qos1,3,1,89,56352,0.000,24641536,52701,0.000,8798208,0.000
2026-09-05T23:58:32.622923,mqtt_qos1,3,1,90,56352,0.000,24641536,52701,0.000,8798208,0.000
2026-09-05T23:58:32.823321,mqtt_qos1,3,1,91,56352,0.000,24641536,52701,0.000,8798208,0.000
2026-09-05T23:58:33.023744,mqtt_qos1,3,1,92,56352,0.000,24641536,52701,0.000,8798208,0.000
2026-09-05T23:58:33.224125,mqtt_qos1,3,1,93,56352,0.000,24641536,52701,0.000,8798208,0.000
2026-09-05T23:58:33.424479,mqtt_qos1,3,1,94,56352,0.000,24641536,52701,0.000,8798208,0.000
2026-09-05T23:58:33.624832,mqtt_qos1,3,1,95,56352,0.000,24641536,52701,0.000,8798208,0.000
2026-09-05T23:58:33.825238,mqtt_qos1,3,1,96,56352,0.000,24657920,52701,0.000,8798208,0.000
2026-09-05T23:58:34.025632,mqtt_qos1,3,1,97,56352,0.000,24657920,52701,0.000,8798208,0.000
2026-09-05T23:58:34.225992,mqtt_qos1,3,1,98,56352,0.000,24657920,52701,0.000,8798208,0.000
2026-09-05T23:58:34.426345,mqtt_qos1,3,1,99,56352,0.000,24657920,52701,0.000,8798208,0.000
2026-09-05T23:58:34.626695,mqtt_qos1,3,1,100,56352,0.000,24657920,52701,0.000,8798208,0.000
2026-09-05T23:58:34.827107,mqtt_qos1,3,1,101,56352,0.000,24657920,52701,0.000,8798208,0.000
2026-09-05T23:58:35.027475,mqtt_qos1,3,1,102,56352,0.000,24657920,52701,0.000,8798208,0.000
2026-09-05T23:58:35.227821,mqtt_qos1,3,1,103,56352,0.000,24657920,52701,0.000,8798208,0.000
2026-09-05T23:58:35.428164,mqtt_qos1,3,1,104,56352,0.000,24657920,52701,0.000,8798208,0.000
2026-09-05T23:58:35.628528,mqtt_qos1,3,1,105,56352,0.000,24657920,52701,0.000,8798208,0.000
2026-09-05T23:58:35.828954,mqtt_qos1,3,1,106,56352,0.000,24657920,52701,0.000,8798208,0.000
2026-09-05T23:58:36.029360,mqtt_qos1,3,1,107,56352,0.000,24657920,52701,0.000,8798208,0.000
2026-09-05T23:58:36.229730,mqtt_qos1,3,1,108,56352,0.000,24657920,52701,0.000,8798208,0.000
2026-09-05T23:58:36.430087,mqtt_qos1,3,1,109,56352,0.000,24657920,52701,0.000,8798208,0.000
2026-09-05T23:58:36.630438,mqtt_qos1,3,1,110,56352,0.000,24657920,52701,0.000,8798208,0.000
2026-09-05T23:58:36.830877,mqtt_qos1,3,1,111,56352,0.000,24657920,52701,0.000,8798208,1.200
2026-09-05T23:58:37.031296,mqtt_qos1,3,1,112,56352,10.000,24657920,52701,0.000,8798208,0.000
2026-09-05T23:58:37.231672,mqtt_qos1,3,1,113,56352,0.000,24657920,52701,0.000,8798208,0.000
2026-09-05T23:58:37.432020,mqtt_qos1,3,1,114,56352,0.000,24657920,52701,0.000,8798208,0.000
2026-09-05T23:58:37.632365,mqtt_qos1,3,1,115,56352,0.000,24657920,52701,0.000,8798208,0.000
2026-09-05T23:58:37.832755,mqtt_qos1,3,1,116,56352,0.000,24657920,52701,0.000,8798208,0.000
2026-09-05T23:58:38.033131,mqtt_qos1,3,1,117,56352,0.000,24657920,52701,0.000,8798208,0.000
2026-09-05T23:58:38.233485,mqtt_qos1,3,1,118,56352,0.000,24657920,52701,0.000,8798208,0.000
2026-09-05T23:58:38.433833,mqtt_qos1,3,1,119,56352,0.000,24657920,52701,0.000,8798208,0.000
2026-09-05T23:58:38.634189,mqtt_qos1,3,1,120,56352,0.000,24657920,52701,0.000,8798208,0.000
2026-09-05T23:58:38.834592,mqtt_qos1,3,1,121,56352,0.000,24657920,52701,0.000,8798208,0.000
2026-09-05T23:58:39.034986,mqtt_qos1,3,1,122,56352,0.000,24657920,52701,0.000,8798208,0.000
2026-09-05T23:58:39.235338,mqtt_qos1,3,1,123,56352,0.000,24657920,52701,0.000,8798208,0.000
2026-09-05T23:58:39.435700,mqtt_qos1,3,1,124,56352,0.000,24657920,52701,0.000,8798208,0.000
2026-09-05T23:58:39.636056,mqtt_qos1,3,1,125,56352,0.000,24657920,52701,0.000,8798208,0.000
2026-09-05T23:58:39.836499,mqtt_qos1,3,1,126,56352,0.000,24657920,52701,0.000,8798208,0.000
2026-09-05T23:58:40.036931,mqtt_qos1,3,1,127,56352,0.000,24657920,52701,0.000,8798208,0.000
2026-09-05T23:58:40.237329,mqtt_qos1,3,1,128,56352,0.000,24657920,52701,0.000,8798208,0.000
2026-09-05T23:58:40.437719,mqtt_qos1,3,1,129,56352,0.000,24657920,52701,0.000,8798208,0.000
2026-09-05T23:58:40.638108,mqtt_qos1,3,1,130,56352,0.000,24657920,52701,0.000,8798208,0.000
2026-09-05T23:58:40.838587,mqtt_qos1,3,1,131,56352,0.000,24657920,52701,0.000,8798208,1.200
2026-09-05T23:58:41.039051,mqtt_qos1,3,1,132,56352,0.000,24657920,52701,0.000,8798208,0.000
2026-09-05T23:58:41.239442,mqtt_qos1,3,1,133,56352,0.000,24657920,52701,0.000,8798208,1.200
2026-09-05T23:58:41.439823,mqtt_qos1,3,1,134,56352,0.000,24657920,52701,0.000,8798208,1.200
2026-09-05T23:58:41.640215,mqtt_qos1,3,1,135,56352,0.000,24674304,52701,0.000,8798208,0.000
2026-09-05T23:58:41.840657,mqtt_qos1,3,1,136,56352,0.000,24674304,52701,0.000,8798208,0.000
2026-09-05T23:58:42.041058,mqtt_qos1,3,1,137,56352,0.000,24674304,52701,0.000,8798208,0.000
2026-09-05T23:58:42.241447,mqtt_qos1,3,1,138,56352,0.000,24690688,52701,0.000,8798208,0.000
2026-09-05T23:58:42.441836,mqtt_qos1,3,1,139,56352,0.000,24690688,52701,5.000,8798208,0.000
2026-09-05T23:58:42.642230,mqtt_qos1,3,1,140,56352,0.000,24690688,52701,0.000,8798208,0.000
2026-09-05T23:58:42.842683,mqtt_qos1,3,1,141,56352,0.000,24690688,52701,0.000,8798208,0.000
2026-09-05T23:58:43.043122,mqtt_qos1,3,1,142,56352,0.000,24690688,52701,0.000,8798208,1.200
2026-09-05T23:58:43.243520,mqtt_qos1,3,1,143,56352,0.000,24690688,52701,0.000,8798208,0.000
2026-09-05T23:58:43.443909,mqtt_qos1,3,1,144,56352,0.000,24690688,52701,0.000,8798208,0.000
2026-09-05T23:58:43.644290,mqtt_qos1,3,1,145,56352,0.000,24690688,52701,0.000,8798208,0.000
2026-09-05T23:58:43.844743,mqtt_qos1,3,1,146,56352,0.000,24690688,52701,0.000,8798208,0.000
2026-09-05T23:58:44.045173,mqtt_qos1,3,1,147,56352,0.000,24690688,52701,0.000,8798208,0.000
2026-09-05T23:58:44.245579,mqtt_qos1,3,1,148,56352,0.000,24690688,52701,0.000,8798208,0.000
2026-09-05T23:58:44.445965,mqtt_qos1,3,1,149,56352,0.000,24690688,52701,0.000,8798208,0.000
2026-09-05T23:58:44.646338,mqtt_qos1,3,1,150,56352,0.000,24690688,52701,0.000,8798208,0.000
2026-09-05T23:58:44.846818,mqtt_qos1,3,1,151,56352,0.000,24690688,52701,0.000,8798208,0.000
2026-09-05T23:58:45.047259,mqtt_qos1,3,1,152,56352,0.000,24690688,52701,0.000,8798208,0.000
2026-09-05T23:58:45.247658,mqtt_qos1,3,1,153,56352,0.000,24690688,52701,0.000,8798208,0.000
2026-09-05T23:58:45.448041,mqtt_qos1,3,1,154,56352,0.000,24690688,52701,0.000,8798208,0.000
2026-09-05T23:58:45.648421,mqtt_qos1,3,1,155,56352,5.000,24690688,52701,0.000,8798208,0.000
2026-09-05T23:58:45.848895,mqtt_qos1,3,1,156,56352,0.000,24690688,52701,0.000,8798208,0.000
2026-09-05T23:58:46.049341,mqtt_qos1,3,1,157,56352,0.000,24690688,52701,0.000,8798208,1.200
2026-09-05T23:58:46.249742,mqtt_qos1,3,1,158,56352,0.000,24690688,52701,0.000,8798208,0.000
2026-09-05T23:58:46.450124,mqtt_qos1,3,1,159,56352,0.000,24690688,52701,0.000,8798208,0.000
2026-09-05T23:58:46.650506,mqtt_qos1,3,1,160,56352,0.000,24690688,52701,0.000,8798208,0.000
2026-09-05T23:58:46.850987,mqtt_qos1,3,1,161,56352,0.000,24690688,52701,0.000,8798208,0.000
2026-09-05T23:58:47.051390,mqtt_qos1,3,1,162,56352,0.000,24690688,52701,0.000,8798208,0.000
2026-09-05T23:58:47.251794,mqtt_qos1,3,1,163,56352,0.000,24690688,52701,0.000,8798208,0.000
2026-09-05T23:58:47.452180,mqtt_qos1,3,1,164,56352,0.000,24690688,52701,0.000,8798208,0.000
2026-09-05T23:58:47.652566,mqtt_qos1,3,1,165,56352,0.000,24690688,52701,0.000,8798208,0.000
2026-09-05T23:58:47.853022,mqtt_qos1,3,1,166,56352,0.000,24690688,52701,0.000,8798208,0.000
2026-09-05T23:58:48.053441,mqtt_qos1,3,1,167,56352,0.000,24690688,52701,0.000,8798208,0.000
2026-09-05T23:58:48.253840,mqtt_qos1,3,1,168,56352,0.000,24690688,52701,0.000,8798208,0.000
2026-09-05T23:58:48.454241,mqtt_qos1,3,1,169,56352,0.000,24707072,52701,0.000,8798208,0.000
2026-09-05T23:58:48.654624,mqtt_qos1,3,1,170,56352,0.000,24707072,52701,0.000,8798208,0.000
2026-09-05T23:58:48.855084,mqtt_qos1,3,1,171,56352,0.000,24723456,52701,0.000,8798208,0.000
2026-09-05T23:58:49.055535,mqtt_qos1,3,1,172,56352,0.000,24723456,52701,0.000,8798208,0.000
2026-09-05T23:58:49.255949,mqtt_qos1,3,1,173,56352,0.000,24723456,52701,0.000,8798208,0.000
2026-09-05T23:58:49.456336,mqtt_qos1,3,1,174,56352,0.000,24723456,52701,0.000,8798208,0.000
2026-09-05T23:58:49.656704,mqtt_qos1,3,1,175,56352,0.000,24723456,52701,0.000,8798208,0.000
2026-09-05T23:58:49.857150,mqtt_qos1,3,1,176,56352,0.000,24723456,52701,0.000,8798208,0.000
2026-09-05T23:58:50.057566,mqtt_qos1,3,1,177,56352,0.000,24723456,52701,0.000,8798208,0.000
2026-09-05T23:58:50.257949,mqtt_qos1,3,1,178,56352,0.000,24723456,52701,0.000,8798208,0.000
2026-09-05T23:58:50.458315,mqtt_qos1,3,1,179,56352,0.000,24723456,52701,0.000,8798208,0.000
2026-09-05T23:58:50.658677,mqtt_qos1,3,1,180,56352,0.000,24723456,52701,0.000,8798208,0.000
2026-09-05T23:58:50.859116,mqtt_qos1,3,1,181,56352,0.000,24723456,52701,0.000,8798208,0.000
2026-09-05T23:58:51.059538,mqtt_qos1,3,1,182,56352,0.000,24723456,52701,0.000,8798208,0.000
2026-09-05T23:58:51.259998,mqtt_qos1,3,1,183,56352,0.000,24723456,52701,0.000,8798208,0.000
2026-09-05T23:58:51.460388,mqtt_qos1,3,1,184,56352,0.000,24723456,52701,0.000,8798208,0.000
2026-09-05T23:58:51.660780,mqtt_qos1,3,1,185,56352,0.000,24739840,52701,0.000,8798208,0.000
2026-09-05T23:58:51.861268,mqtt_qos1,3,1,186,56352,0.000,24739840,52701,0.000,8798208,0.000
2026-09-05T23:58:52.061706,mqtt_qos1,3,1,187,56352,0.000,24739840,52701,0.000,8798208,0.000
2026-09-05T23:58:52.262104,mqtt_qos1,3,1,188,56352,5.000,24739840,52701,0.000,8798208,0.000
2026-09-05T23:58:52.462499,mqtt_qos1,3,1,189,56352,0.000,24739840,52701,0.000,8798208,0.000
2026-09-05T23:58:52.662936,mqtt_qos1,3,1,190,56352,0.000,24739840,52701,0.000,8798208,0.000
2026-09-05T23:58:52.863393,mqtt_qos1,3,1,191,56352,0.000,24739840,52701,0.000,8798208,0.000
2026-09-05T23:58:53.063816,mqtt_qos1,3,1,192,56352,0.000,24739840,52701,0.000,8798208,0.000
2026-09-05T23:58:53.264218,mqtt_qos1,3,1,193,56352,0.000,24739840,52701,0.000,8798208,0.000
2026-09-05T23:58:53.464615,mqtt_qos1,3,1,194,56352,0.000,24739840,52701,0.000,8798208,0.000
2026-09-05T23:58:53.665009,mqtt_qos1,3,1,195,56352,0.000,24739840,52701,0.000,8798208,0.000
2026-09-05T23:58:53.865458,mqtt_qos1,3,1,196,56352,0.000,24739840,52701,0.000,8798208,0.000
2026-09-05T23:58:54.065872,mqtt_qos1,3,1,197,56352,0.000,24739840,52701,0.000,8798208,0.000
2026-09-05T23:58:54.266317,mqtt_qos1,3,1,198,56352,0.000,24739840,52701,0.000,8798208,2.400
2026-09-05T23:58:54.466751,mqtt_qos1,3,1,199,56352,0.000,24739840,52701,0.000,8798208,0.000
2026-09-05T23:58:54.667151,mqtt_qos1,3,1,200,56352,0.000,24739840,52701,0.000,8798208,0.000
2026-09-05T23:58:54.867605,mqtt_qos1,3,1,201,56352,0.000,24739840,52701,0.000,8798208,0.000
2026-09-05T23:58:55.068046,mqtt_qos1,3,1,202,56352,0.000,24739840,52701,0.000,8798208,0.000
2026-09-05T23:58:55.268459,mqtt_qos1,3,1,203,56352,0.000,24739840,52701,0.000,8798208,0.000
2026-09-05T23:58:55.468856,mqtt_qos1,3,1,204,56352,0.000,24739840,52701,0.000,8798208,0.000
2026-09-05T23:58:55.669239,mqtt_qos1,3,1,205,56352,0.000,24739840,52701,0.000,8798208,0.000
2026-09-05T23:58:55.869713,mqtt_qos1,3,1,206,56352,0.000,24739840,52701,0.000,8798208,0.000
2026-09-05T23:58:56.070163,mqtt_qos1,3,1,207,56352,0.000,24739840,52701,0.000,8798208,0.000
2026-09-05T23:58:56.270583,mqtt_qos1,3,1,208,56352,0.000,24739840,52701,0.000,8798208,0.000
2026-09-05T23:58:56.470988,mqtt_qos1,3,1,209,56352,0.000,24739840,52701,0.000,8798208,1.200
2026-09-05T23:58:56.671379,mqtt_qos1,3,1,210,56352,0.000,24739840,52701,0.000,8798208,0.000
2026-09-05T23:58:56.871846,mqtt_qos1,3,1,211,56352,0.000,24739840,52701,0.000,8798208,0.000
2026-09-05T23:58:57.072279,mqtt_qos1,3,1,212,56352,0.000,24739840,52701,0.000,8798208,0.000
2026-09-05T23:58:57.272677,mqtt_qos1,3,1,213,56352,0.000,24739840,52701,0.000,8798208,0.000
2026-09-05T23:58:57.473072,mqtt_qos1,3,1,214,56352,0.000,24739840,52701,0.000,8798208,0.000
2026-09-05T23:58:57.673468,mqtt_qos1,3,1,215,56352,0.000,24739840,52701,0.000,8798208,0.000
2026-09-05T23:58:57.873933,mqtt_qos1,3,1,216,56352,0.000,24739840,52701,0.000,8798208,2.500
2026-09-05T23:58:58.074351,mqtt_qos1,3,1,217,56352,0.000,24739840,52701,0.000,8798208,0.000
2026-09-05T23:58:58.274759,mqtt_qos1,3,1,218,56352,0.000,24739840,52701,0.000,8798208,0.000
2026-09-05T23:58:58.475148,mqtt_qos1,3,1,219,56352,0.000,24739840,52701,0.000,8798208,0.000
2026-09-05T23:58:58.675537,mqtt_qos1,3,1,220,56352,0.000,24739840,52701,0.000,8798208,0.000
2026-09-05T23:58:58.875968,mqtt_qos1,3,1,221,56352,10.000,24739840,52701,0.000,8798208,0.000
2026-09-05T23:58:59.076365,mqtt_qos1,3,1,222,56352,0.000,24739840,52701,0.000,8798208,0.000
2026-09-05T23:58:59.276755,mqtt_qos1,3,1,223,56352,0.000,24739840,52701,0.000,8798208,0.000
2026-09-05T23:58:59.477137,mqtt_qos1,3,1,224,56352,0.000,24739840,52701,0.000,8798208,0.000
2026-09-05T23:58:59.677517,mqtt_qos1,3,1,225,56352,0.000,24739840,52701,0.000,8798208,0.000
2026-09-05T23:58:59.877952,mqtt_qos1,3,1,226,56352,0.000,24739840,52701,0.000,8798208,0.000
2026-09-05T23:59:00.078382,mqtt_qos1,3,1,227,56352,0.000,24739840,52701,0.000,8798208,0.000
2026-09-05T23:59:00.278800,mqtt_qos1,3,1,228,56352,0.000,24739840,52701,0.000,8798208,0.000
2026-09-05T23:59:00.479188,mqtt_qos1,3,1,229,56352,0.000,24739840,52701,0.000,8798208,0.000
2026-09-05T23:59:00.679564,mqtt_qos1,3,1,230,56352,0.000,24739840,52701,0.000,8798208,0.000
2026-09-05T23:59:00.880041,mqtt_qos1,3,1,231,56352,0.000,24739840,52701,0.000,8798208,0.000
2026-09-05T23:59:01.080495,mqtt_qos1,3,1,232,56352,0.000,24739840,52701,0.000,8798208,0.000
2026-09-05T23:59:01.280921,mqtt_qos1,3,1,233,56352,0.000,24739840,52701,0.000,8798208,0.000
2026-09-05T23:59:01.481318,mqtt_qos1,3,1,234,56352,0.000,24739840,52701,0.000,8798208,0.000
2026-09-05T23:59:01.681714,mqtt_qos1,3,1,235,56352,0.000,24739840,52701,0.000,8798208,0.000
2026-09-05T23:59:01.882189,mqtt_qos1,3,1,236,56352,0.000,24739840,52701,0.000,8798208,0.000
2026-09-05T23:59:02.082627,mqtt_qos1,3,1,237,56352,0.000,24739840,52701,0.000,8798208,2.400
2026-09-05T23:59:02.283032,mqtt_qos1,3,1,238,56352,0.000,24739840,52701,0.000,8798208,0.000
2026-09-05T23:59:02.483420,mqtt_qos1,3,1,239,56352,0.000,24739840,52701,0.000,8798208,0.000
2026-09-05T23:59:02.683814,mqtt_qos1,3,1,240,56352,0.000,24739840,52701,0.000,8798208,0.000
2026-09-05T23:59:02.884259,mqtt_qos1,3,1,241,56352,0.000,24739840,52701,0.000,8798208,0.000
2026-09-05T23:59:03.084669,mqtt_qos1,3,1,242,56352,0.000,24739840,52701,0.000,8798208,0.000
2026-09-05T23:59:03.285056,mqtt_qos1,3,1,243,56352,0.000,24739840,52701,0.000,8798208,0.000
2026-09-05T23:59:03.485438,mqtt_qos1,3,1,244,56352,0.000,24739840,52701,0.000,8798208,0.000
2026-09-05T23:59:03.685834,mqtt_qos1,3,1,245,56352,0.000,24739840,52701,0.000,8798208,0.000
2026-09-05T23:59:03.886292,mqtt_qos1,3,1,246,56352,0.000,24739840,52701,0.000,8798208,0.000
2026-09-05T23:59:04.086703,mqtt_qos1,3,1,247,56352,0.000,24739840,52701,0.000,8798208,0.000
2026-09-05T23:59:04.287110,mqtt_qos1,3,1,248,56352,0.000,24739840,52701,0.000,8798208,0.000
2026-09-05T23:59:04.487501,mqtt_qos1,3,1,249,56352,5.000,24739840,52701,0.000,8798208,0.000
2026-09-05T23:59:04.687894,mqtt_qos1,3,1,250,56352,0.000,24739840,52701,0.000,8798208,0.000
2026-09-05T23:59:04.888349,mqtt_qos1,3,1,251,56352,0.000,24739840,52701,0.000,8798208,0.000
2026-09-05T23:59:05.088763,mqtt_qos1,3,1,252,56352,0.000,24739840,52701,0.000,8798208,0.000
2026-09-05T23:59:05.289170,mqtt_qos1,3,1,253,56352,0.000,24739840,52701,0.000,8798208,0.000
2026-09-05T23:59:05.489565,mqtt_qos1,3,1,254,56352,0.000,24739840,52701,0.000,8798208,0.000
2026-09-05T23:59:05.689959,mqtt_qos1,3,1,255,56352,0.000,24739840,52701,0.000,8798208,0.000
2026-09-05T23:59:05.890401,mqtt_qos1,3,1,256,56352,0.000,24739840,52701,0.000,8798208,0.000
2026-09-05T23:59:06.090839,mqtt_qos1,3,1,257,56352,0.000,24739840,52701,0.000,8798208,0.000
2026-09-05T23:59:06.291239,mqtt_qos1,3,1,258,56352,0.000,24739840,52701,0.000,8798208,0.000
2026-09-05T23:59:06.491628,mqtt_qos1,3,1,259,56352,0.000,24739840,52701,0.000,8798208,0.000
2026-09-05T23:59:06.692022,mqtt_qos1,3,1,260,56352,0.000,24739840,52701,0.000,8798208,0.000
2026-09-05T23:59:06.892475,mqtt_qos1,3,1,261,56352,0.000,24739840,52701,0.000,8798208,0.000
2026-09-05T23:59:07.092897,mqtt_qos1,3,1,262,56352,0.000,24739840,52701,0.000,8798208,0.000
2026-09-05T23:59:07.293298,mqtt_qos1,3,1,263,56352,0.000,24739840,52701,0.000,8798208,0.000
2026-09-05T23:59:07.493681,mqtt_qos1,3,1,264,56352,0.000,24739840,52701,0.000,8798208,0.000
2026-09-05T23:59:07.694066,mqtt_qos1,3,1,265,56352,0.000,24739840,52701,0.000,8798208,0.000
2026-09-05T23:59:07.894531,mqtt_qos1,3,1,266,56352,0.000,24739840,52701,5.000,8798208,0.000
2026-09-05T23:59:08.094949,mqtt_qos1,3,1,267,56352,0.000,24739840,52701,0.000,8798208,1.200
2026-09-05T23:59:08.295297,mqtt_qos1,3,1,268,56352,0.000,24739840,52701,0.000,8798208,0.000
2026-09-05T23:59:08.495638,mqtt_qos1,3,1,269,56352,0.000,24739840,52701,0.000,8798208,0.000
2026-09-05T23:59:08.695971,mqtt_qos1,3,1,270,56352,0.000,24739840,52701,0.000,8798208,0.000
2026-09-05T23:59:08.896551,mqtt_qos1,3,1,271,56352,15.000,0,52701,0.000,8798208,3.700
2026-09-05T23:59:12.099014,http,3,2,1,56354,54.900,26525696,52701,0.000,8798208,15.000
2026-09-05T23:59:12.299375,http,3,2,2,56354,0.000,26525696,52701,0.000,8798208,1.200
2026-09-05T23:59:12.499682,http,3,2,3,56354,0.000,26525696,52701,0.000,8798208,0.000
2026-09-05T23:59:12.699959,http,3,2,4,56354,0.000,26525696,52701,0.000,8798208,0.000
2026-09-05T23:59:12.900281,http,3,2,5,56354,0.000,26525696,52701,0.000,8798208,0.000
2026-09-05T23:59:13.100593,http,3,2,6,56354,0.000,26525696,52701,0.000,8798208,0.000
2026-09-05T23:59:13.300879,http,3,2,7,56354,0.000,26525696,52701,0.000,8798208,0.000
2026-09-05T23:59:13.501160,http,3,2,8,56354,0.000,26525696,52701,0.000,8798208,0.000
2026-09-05T23:59:13.701441,http,3,2,9,56354,0.000,26525696,52701,0.000,8798208,0.000
2026-09-05T23:59:13.901774,http,3,2,10,56354,0.000,26525696,52701,0.000,8798208,0.000
2026-09-05T23:59:14.102084,http,3,2,11,56354,0.000,26525696,52701,0.000,8798208,0.000
2026-09-05T23:59:14.302377,http,3,2,12,56354,0.000,26525696,52701,0.000,8798208,0.000
2026-09-05T23:59:14.502650,http,3,2,13,56354,0.000,26525696,52701,0.000,8798208,0.000
2026-09-05T23:59:14.702922,http,3,2,14,56354,0.000,26525696,52701,0.000,8798208,0.000
2026-09-05T23:59:14.903245,http,3,2,15,56354,0.000,26525696,52701,0.000,8798208,0.000
2026-09-05T23:59:15.103554,http,3,2,16,56354,0.000,26525696,52701,0.000,8798208,0.000
2026-09-05T23:59:15.303849,http,3,2,17,56354,0.000,26525696,52701,0.000,8798208,0.000
2026-09-05T23:59:15.504137,http,3,2,18,56354,0.000,26525696,52701,0.000,8798208,0.000
2026-09-05T23:59:15.704424,http,3,2,19,56354,0.000,26525696,52701,0.000,8798208,0.000
2026-09-05T23:59:15.904767,http,3,2,20,56354,0.000,26525696,52701,0.000,8798208,0.000
2026-09-05T23:59:16.105072,http,3,2,21,56354,0.000,26525696,52701,0.000,8798208,0.000
2026-09-05T23:59:16.305372,http,3,2,22,56354,0.000,26542080,52701,0.000,8798208,0.000
2026-09-05T23:59:16.505668,http,3,2,23,56354,0.000,26542080,52701,0.000,8798208,0.000
2026-09-05T23:59:16.705945,http,3,2,24,56354,0.000,26542080,52701,0.000,8798208,1.200
2026-09-05T23:59:16.906286,http,3,2,25,56354,0.000,26542080,52701,0.000,8798208,1.300
2026-09-05T23:59:17.106697,http,3,2,26,56354,0.000,26542080,52701,0.000,8798208,0.000
2026-09-05T23:59:17.307114,http,3,2,27,56354,0.000,26542080,52701,0.000,8798208,0.000
2026-09-05T23:59:17.507519,http,3,2,28,56354,0.000,26542080,52701,0.000,8798208,0.000
2026-09-05T23:59:17.707919,http,3,2,29,56354,0.000,26542080,52701,0.000,8798208,0.000
2026-09-05T23:59:17.908395,http,3,2,30,56354,0.000,26542080,52701,0.000,8798208,0.000
2026-09-05T23:59:18.108839,http,3,2,31,56354,0.000,26542080,52701,0.000,8798208,0.000
2026-09-05T23:59:18.309280,http,3,2,32,56354,0.000,26542080,52701,0.000,8798208,0.000
2026-09-05T23:59:18.509691,http,3,2,33,56354,5.000,26542080,52701,0.000,8798208,0.000
2026-09-05T23:59:18.710081,http,3,2,34,56354,0.000,26542080,52701,0.000,8798208,0.000
2026-09-05T23:59:18.910519,http,3,2,35,56354,0.000,26542080,52701,0.000,8798208,0.000
2026-09-05T23:59:19.110957,http,3,2,36,56354,0.000,26542080,52701,0.000,8798208,0.000
2026-09-05T23:59:19.311362,http,3,2,37,56354,0.000,26542080,52701,0.000,8798208,0.000
2026-09-05T23:59:19.511762,http,3,2,38,56354,0.000,26542080,52701,0.000,8798208,0.000
2026-09-05T23:59:19.712160,http,3,2,39,56354,0.000,26542080,52701,0.000,8798208,0.000
2026-09-05T23:59:19.912619,http,3,2,40,56354,0.000,26542080,52701,0.000,8798208,0.000
2026-09-05T23:59:20.113041,http,3,2,41,56354,0.000,26542080,52701,0.000,8798208,0.000
2026-09-05T23:59:20.313443,http,3,2,42,56354,0.000,26558464,52701,0.000,8798208,0.000
2026-09-05T23:59:20.513833,http,3,2,43,56354,0.000,26558464,52701,0.000,8798208,0.000
2026-09-05T23:59:20.714223,http,3,2,44,56354,0.000,26558464,52701,0.000,8798208,0.000
2026-09-05T23:59:20.914655,http,3,2,45,56354,0.000,26558464,52701,0.000,8798208,0.000
2026-09-05T23:59:21.115070,http,3,2,46,56354,0.000,26558464,52701,0.000,8798208,0.000
2026-09-05T23:59:21.315461,http,3,2,47,56354,0.000,26558464,52701,0.000,8798208,0.000
2026-09-05T23:59:21.515861,http,3,2,48,56354,0.000,26558464,52701,0.000,8798208,0.000
2026-09-05T23:59:21.716258,http,3,2,49,56354,0.000,26558464,52701,0.000,8798208,0.000
2026-09-05T23:59:21.916713,http,3,2,50,56354,0.000,26558464,52701,0.000,8798208,0.000
2026-09-05T23:59:22.117153,http,3,2,51,56354,0.000,26558464,52701,0.000,8798208,0.000
2026-09-05T23:59:22.317570,http,3,2,52,56354,0.000,26558464,52701,0.000,8798208,0.000
2026-09-05T23:59:22.517979,http,3,2,53,56354,0.000,26558464,52701,0.000,8798208,0.000
2026-09-05T23:59:22.718395,http,3,2,54,56354,0.000,26558464,52701,0.000,8798208,0.000
2026-09-05T23:59:22.918867,http,3,2,55,56354,0.000,26558464,52701,0.000,8798208,1.200
2026-09-05T23:59:23.119289,http,3,2,56,56354,0.000,26558464,52701,0.000,8798208,0.000
2026-09-05T23:59:23.319694,http,3,2,57,56354,0.000,26558464,52701,0.000,8798208,0.000
2026-09-05T23:59:23.520097,http,3,2,58,56354,0.000,26574848,52701,0.000,8798208,1.200
2026-09-05T23:59:23.720500,http,3,2,59,56354,0.000,26574848,52701,0.000,8798208,0.000
2026-09-05T23:59:23.920957,http,3,2,60,56354,0.000,26574848,52701,0.000,8798208,0.000
2026-09-05T23:59:24.121394,http,3,2,61,56354,5.000,26574848,52701,0.000,8798208,0.000
2026-09-05T23:59:24.321810,http,3,2,62,56354,0.000,26574848,52701,0.000,8798208,0.000
2026-09-05T23:59:24.522214,http,3,2,63,56354,0.000,26574848,52701,0.000,8798208,0.000
2026-09-05T23:59:24.722623,http,3,2,64,56354,0.000,26574848,52701,0.000,8798208,0.000
2026-09-05T23:59:24.923078,http,3,2,65,56354,0.000,26574848,52701,0.000,8798208,0.000
2026-09-05T23:59:25.123497,http,3,2,66,56354,0.000,26574848,52701,0.000,8798208,0.000
2026-09-05T23:59:25.323893,http,3,2,67,56354,0.000,26574848,52701,0.000,8798208,0.000
2026-09-05T23:59:25.524291,http,3,2,68,56354,0.000,26574848,52701,0.000,8798208,1.200
2026-09-05T23:59:25.724690,http,3,2,69,56354,0.000,26574848,52701,0.000,8798208,0.000
2026-09-05T23:59:25.925142,http,3,2,70,56354,5.000,26574848,52701,0.000,8798208,0.000
2026-09-05T23:59:26.125572,http,3,2,71,56354,0.000,26574848,52701,0.000,8798208,0.000
2026-09-05T23:59:26.325983,http,3,2,72,56354,0.000,26574848,52701,0.000,8798208,0.000
2026-09-05T23:59:26.526385,http,3,2,73,56354,0.000,26574848,52701,0.000,8798208,0.000
2026-09-05T23:59:26.726808,http,3,2,74,56354,0.000,26574848,52701,0.000,8798208,0.000
2026-09-05T23:59:26.927265,http,3,2,75,56354,0.000,26574848,52701,0.000,8798208,1.200
2026-09-05T23:59:27.127688,http,3,2,76,56354,0.000,26574848,52701,0.000,8798208,0.000
2026-09-05T23:59:27.328092,http,3,2,77,56354,0.000,26574848,52701,0.000,8798208,0.000
2026-09-05T23:59:27.528484,http,3,2,78,56354,0.000,26574848,52701,0.000,8798208,0.000
2026-09-05T23:59:27.728881,http,3,2,79,56354,0.000,26574848,52701,0.000,8798208,0.000
2026-09-05T23:59:27.929387,http,3,2,80,56354,0.000,26574848,52701,0.000,8798208,0.000
2026-09-05T23:59:28.129860,http,3,2,81,56354,0.000,26574848,52701,0.000,8798208,0.000
2026-09-05T23:59:28.330294,http,3,2,82,56354,0.000,26574848,52701,0.000,8798208,0.000
2026-09-05T23:59:28.530715,http,3,2,83,56354,0.000,26574848,52701,0.000,8798208,0.000
2026-09-05T23:59:28.731143,http,3,2,84,56354,0.000,26574848,52701,0.000,8798208,1.200
2026-09-05T23:59:28.931600,http,3,2,85,56354,0.000,26574848,52701,0.000,8798208,0.000
2026-09-05T23:59:29.132033,http,3,2,86,56354,0.000,26574848,52701,0.000,8798208,1.200
2026-09-05T23:59:29.332445,http,3,2,87,56354,0.000,26574848,52701,0.000,8798208,0.000
2026-09-05T23:59:29.532850,http,3,2,88,56354,0.000,26574848,52701,0.000,8798208,0.000
2026-09-05T23:59:29.733245,http,3,2,89,56354,0.000,26574848,52701,0.000,8798208,0.000
2026-09-05T23:59:29.933705,http,3,2,90,56354,0.000,26574848,52701,0.000,8798208,0.000
2026-09-05T23:59:30.134142,http,3,2,91,56354,0.000,26574848,52701,0.000,8798208,0.000
2026-09-05T23:59:30.334562,http,3,2,92,56354,0.000,26574848,52701,0.000,8798208,0.000
2026-09-05T23:59:30.534987,http,3,2,93,56354,0.000,26574848,52701,0.000,8798208,0.000
2026-09-05T23:59:30.735403,http,3,2,94,56354,5.000,26574848,52701,0.000,8798208,0.000
2026-09-05T23:59:30.935885,http,3,2,95,56354,0.000,26574848,52701,0.000,8798208,0.000
2026-09-05T23:59:31.136319,http,3,2,96,56354,0.000,26574848,52701,0.000,8798208,0.000
2026-09-05T23:59:31.336738,http,3,2,97,56354,0.000,26574848,52701,0.000,8798208,1.200
2026-09-05T23:59:31.537142,http,3,2,98,56354,0.000,26574848,52701,0.000,8798208,0.000
2026-09-05T23:59:31.737538,http,3,2,99,56354,0.000,26591232,52701,0.000,8798208,0.000
2026-09-05T23:59:31.937983,http,3,2,100,56354,0.000,26591232,52701,0.000,8798208,0.000
2026-09-05T23:59:32.138403,http,3,2,101,56354,0.000,26591232,52701,0.000,8798208,0.000
2026-09-05T23:59:32.338823,http,3,2,102,56354,0.000,26591232,52701,0.000,8798208,0.000
2026-09-05T23:59:32.539223,http,3,2,103,56354,0.000,26591232,52701,0.000,8798208,0.000
2026-09-05T23:59:32.739620,http,3,2,104,56354,0.000,26607616,52701,0.000,8798208,0.000
2026-09-05T23:59:32.940080,http,3,2,105,56354,0.000,26624000,52701,0.000,8798208,0.000
2026-09-05T23:59:33.140528,http,3,2,106,56354,0.000,26624000,52701,0.000,8798208,0.000
2026-09-05T23:59:33.340950,http,3,2,107,56354,0.000,26624000,52701,0.000,8798208,0.000
2026-09-05T23:59:33.541361,http,3,2,108,56354,0.000,26624000,52701,0.000,8798208,0.000
2026-09-05T23:59:33.741767,http,3,2,109,56354,0.000,26624000,52701,0.000,8798208,1.200
2026-09-05T23:59:33.942237,http,3,2,110,56354,0.000,26624000,52701,0.000,8798208,0.000
2026-09-05T23:59:34.142659,http,3,2,111,56354,0.000,26624000,52701,0.000,8798208,0.000
2026-09-05T23:59:34.343058,http,3,2,112,56354,0.000,26624000,52701,0.000,8798208,0.000
2026-09-05T23:59:34.543457,http,3,2,113,56354,0.000,26624000,52701,0.000,8798208,0.000
2026-09-05T23:59:34.743852,http,3,2,114,56354,0.000,26624000,52701,0.000,8798208,0.000
2026-09-05T23:59:34.944316,http,3,2,115,56354,0.000,26624000,52701,0.000,8798208,1.200
2026-09-05T23:59:35.144756,http,3,2,116,56354,0.000,26624000,52701,0.000,8798208,0.000
2026-09-05T23:59:35.345176,http,3,2,117,56354,0.000,26624000,52701,0.000,8798208,0.000
2026-09-05T23:59:35.545585,http,3,2,118,56354,0.000,26624000,52701,0.000,8798208,0.000
2026-09-05T23:59:35.745990,http,3,2,119,56354,0.000,26624000,52701,0.000,8798208,0.000
2026-09-05T23:59:35.946443,http,3,2,120,56354,0.000,26624000,52701,0.000,8798208,0.000
2026-09-05T23:59:36.146886,http,3,2,121,56354,0.000,26624000,52701,0.000,8798208,0.000
2026-09-05T23:59:36.347295,http,3,2,122,56354,0.000,26624000,52701,0.000,8798208,0.000
2026-09-05T23:59:36.547700,http,3,2,123,56354,0.000,26624000,52701,0.000,8798208,0.000
2026-09-05T23:59:36.748103,http,3,2,124,56354,0.000,26624000,52701,0.000,8798208,1.200
2026-09-05T23:59:36.948558,http,3,2,125,56354,0.000,26624000,52701,0.000,8798208,0.000
2026-09-05T23:59:37.148986,http,3,2,126,56354,0.000,26624000,52701,0.000,8798208,0.000
2026-09-05T23:59:37.349400,http,3,2,127,56354,0.000,26624000,52701,0.000,8798208,0.000
2026-09-05T23:59:37.549806,http,3,2,128,56354,0.000,26624000,52701,0.000,8798208,0.000
2026-09-05T23:59:37.750209,http,3,2,129,56354,0.000,26624000,52701,0.000,8798208,0.000
2026-09-05T23:59:37.950673,http,3,2,130,56354,0.000,26624000,52701,0.000,8798208,0.000
2026-09-05T23:59:38.151099,http,3,2,131,56354,0.000,26624000,52701,0.000,8798208,1.200
2026-09-05T23:59:38.351510,http,3,2,132,56354,0.000,26624000,52701,0.000,8798208,0.000
2026-09-05T23:59:38.554302,http,3,2,133,56354,4.900,26624000,52701,0.000,8798208,0.000
2026-09-05T23:59:38.754699,http,3,2,134,56354,0.000,26624000,52701,0.000,8798208,0.000
2026-09-05T23:59:38.955161,http,3,2,135,56354,0.000,26624000,52701,0.000,8798208,0.000
2026-09-05T23:59:39.155585,http,3,2,136,56354,5.000,26624000,52701,0.000,8798208,1.200
2026-09-05T23:59:39.355993,http,3,2,137,56354,0.000,26624000,52701,0.000,8798208,0.000
2026-09-05T23:59:39.556388,http,3,2,138,56354,0.000,26624000,52701,0.000,8798208,0.000
2026-09-05T23:59:39.756776,http,3,2,139,56354,0.000,26624000,52701,5.000,8798208,0.000
2026-09-05T23:59:39.957239,http,3,2,140,56354,0.000,26624000,52701,0.000,8798208,0.000
2026-09-05T23:59:40.157664,http,3,2,141,56354,0.000,26624000,52701,0.000,8798208,0.000
2026-09-05T23:59:40.358049,http,3,2,142,56354,0.000,26624000,52701,0.000,8798208,0.000
2026-09-05T23:59:40.558438,http,3,2,143,56354,0.000,26624000,52701,0.000,8798208,0.000
2026-09-05T23:59:40.758848,http,3,2,144,56354,0.000,26640384,52701,0.000,8798208,0.000
2026-09-05T23:59:40.959287,http,3,2,145,56354,0.000,26640384,52701,0.000,8798208,0.000
2026-09-05T23:59:41.159699,http,3,2,146,56354,0.000,26640384,52701,0.000,8798208,0.000
2026-09-05T23:59:41.360097,http,3,2,147,56354,0.000,26640384,52701,0.000,8798208,0.000
2026-09-05T23:59:41.560496,http,3,2,148,56354,0.000,26640384,52701,0.000,8798208,0.000
2026-09-05T23:59:41.760898,http,3,2,149,56354,0.000,26640384,52701,0.000,8798208,0.000
2026-09-05T23:59:41.961346,http,3,2,150,56354,0.000,26640384,52701,0.000,8798208,0.000
2026-09-05T23:59:42.161766,http,3,2,151,56354,0.000,26640384,52701,0.000,8798208,0.000
2026-09-05T23:59:42.362159,http,3,2,152,56354,0.000,26640384,52701,0.000,8798208,0.000
2026-09-05T23:59:42.562554,http,3,2,153,56354,0.000,26640384,52701,0.000,8798208,0.000
2026-09-05T23:59:42.762965,http,3,2,154,56354,0.000,26640384,52701,0.000,8798208,1.200
2026-09-05T23:59:42.963413,http,3,2,155,56354,0.000,26640384,52701,0.000,8798208,0.000
2026-09-05T23:59:43.163826,http,3,2,156,56354,0.000,26640384,52701,0.000,8798208,0.000
2026-09-05T23:59:43.364223,http,3,2,157,56354,0.000,26640384,52701,0.000,8798208,0.000
2026-09-05T23:59:43.564637,http,3,2,158,56354,0.000,26640384,52701,0.000,8798208,0.000
2026-09-05T23:59:43.765051,http,3,2,159,56354,0.000,26640384,52701,0.000,8798208,0.000
2026-09-05T23:59:43.965494,http,3,2,160,56354,0.000,26640384,52701,0.000,8798208,0.000
2026-09-05T23:59:44.165905,http,3,2,161,56354,0.000,26640384,52701,0.000,8798208,0.000
2026-09-05T23:59:44.366295,http,3,2,162,56354,0.000,26640384,52701,0.000,8798208,0.000
2026-09-05T23:59:44.566688,http,3,2,163,56354,0.000,26640384,52701,0.000,8798208,0.000
2026-09-05T23:59:44.767096,http,3,2,164,56354,5.000,26640384,52701,0.000,8798208,0.000
2026-09-05T23:59:44.967545,http,3,2,165,56354,0.000,26640384,52701,0.000,8798208,0.000
2026-09-05T23:59:45.167976,http,3,2,166,56354,0.000,26640384,52701,0.000,8798208,0.000
2026-09-05T23:59:45.368382,http,3,2,167,56354,0.000,26640384,52701,0.000,8798208,0.000
2026-09-05T23:59:45.568783,http,3,2,168,56354,0.000,26640384,52701,0.000,8798208,0.000
2026-09-05T23:59:45.769185,http,3,2,169,56354,0.000,26640384,52701,0.000,8798208,0.000
2026-09-05T23:59:45.969641,http,3,2,170,56354,0.000,26640384,52701,0.000,8798208,1.200
2026-09-05T23:59:46.170073,http,3,2,171,56354,0.000,26640384,52701,0.000,8798208,0.000
2026-09-05T23:59:46.370470,http,3,2,172,56354,0.000,26640384,52701,0.000,8798208,0.000
2026-09-05T23:59:46.570883,http,3,2,173,56354,0.000,26640384,52701,0.000,8798208,1.200
2026-09-05T23:59:46.771282,http,3,2,174,56354,0.000,26640384,52701,0.000,8798208,0.000
2026-09-05T23:59:46.971726,http,3,2,175,56354,0.000,26640384,52701,0.000,8798208,0.000
2026-09-05T23:59:47.172155,http,3,2,176,56354,0.000,26640384,52701,0.000,8798208,1.200
2026-09-05T23:59:47.372568,http,3,2,177,56354,0.000,26640384,52701,0.000,8798208,0.000
2026-09-05T23:59:47.572974,http,3,2,178,56354,0.000,26640384,52701,0.000,8798208,0.000
2026-09-05T23:59:47.773374,http,3,2,179,56354,0.000,26640384,52701,0.000,8798208,0.000
2026-09-05T23:59:47.973831,http,3,2,180,56354,0.000,26640384,52701,0.000,8798208,0.000
2026-09-05T23:59:48.174270,http,3,2,181,56354,0.000,26640384,52701,0.000,8798208,0.000
2026-09-05T23:59:48.374759,http,3,2,182,56354,0.000,26640384,52701,0.000,8798208,0.000
2026-09-05T23:59:48.575190,http,3,2,183,56354,0.000,26640384,52701,0.000,8798208,1.200
2026-09-05T23:59:48.775630,http,3,2,184,56354,0.000,26640384,52701,0.000,8798208,0.000
2026-09-05T23:59:48.976111,http,3,2,185,56354,0.000,26640384,52701,0.000,8798208,0.000
2026-09-05T23:59:49.176563,http,3,2,186,56354,0.000,26640384,52701,0.000,8798208,0.000
2026-09-05T23:59:49.376999,http,3,2,187,56354,0.000,26640384,52701,0.000,8798208,0.000
2026-09-05T23:59:49.577429,http,3,2,188,56354,0.000,26640384,52701,0.000,8798208,0.000
2026-09-05T23:59:49.777852,http,3,2,189,56354,0.000,26640384,52701,0.000,8798208,0.000
2026-09-05T23:59:49.978317,http,3,2,190,56354,0.000,26640384,52701,0.000,8798208,0.000
2026-09-05T23:59:50.178792,http,3,2,191,56354,0.000,26640384,52701,0.000,8798208,0.000
2026-09-05T23:59:50.379219,http,3,2,192,56354,0.000,26640384,52701,0.000,8798208,1.200
2026-09-05T23:59:50.579640,http,3,2,193,56354,0.000,26640384,52701,0.000,8798208,0.000
2026-09-05T23:59:50.780054,http,3,2,194,56354,0.000,26640384,52701,0.000,8798208,0.000
2026-09-05T23:59:50.980506,http,3,2,195,56354,0.000,26640384,52701,0.000,8798208,0.000
2026-09-05T23:59:51.180935,http,3,2,196,56354,0.000,26640384,52701,0.000,8798208,0.000
2026-09-05T23:59:51.381352,http,3,2,197,56354,5.000,26640384,52701,0.000,8798208,0.000
2026-09-05T23:59:51.581759,http,3,2,198,56354,0.000,26640384,52701,0.000,8798208,0.000
2026-09-05T23:59:51.782160,http,3,2,199,56354,0.000,26640384,52701,0.000,8798208,0.000
2026-09-05T23:59:51.982629,http,3,2,200,56354,0.000,26640384,52701,0.000,8798208,0.000
2026-09-05T23:59:52.183073,http,3,2,201,56354,0.000,26640384,52701,0.000,8798208,0.000
2026-09-05T23:59:52.383490,http,3,2,202,56354,0.000,26640384,52701,0.000,8798208,0.000
2026-09-05T23:59:52.583901,http,3,2,203,56354,0.000,26640384,52701,0.000,8798208,0.000
2026-09-05T23:59:52.784400,http,3,2,204,56354,0.000,26640384,52701,0.000,8798208,0.000
2026-09-05T23:59:52.984842,http,3,2,205,56354,0.000,26640384,52701,0.000,8798208,0.000
2026-09-05T23:59:53.185258,http,3,2,206,56354,0.000,26640384,52701,0.000,8798208,0.000
2026-09-05T23:59:53.385671,http,3,2,207,56354,0.000,26640384,52701,0.000,8798208,0.000
2026-09-05T23:59:53.586086,http,3,2,208,56354,0.000,26640384,52701,0.000,8798208,0.000
2026-09-05T23:59:53.786585,http,3,2,209,56354,0.000,26640384,52701,0.000,8798208,2.400
2026-09-05T23:59:53.987061,http,3,2,210,56354,0.000,26640384,52701,0.000,8798208,0.000
2026-09-05T23:59:54.187490,http,3,2,211,56354,0.000,26640384,52701,0.000,8798208,0.000
2026-09-05T23:59:54.387904,http,3,2,212,56354,0.000,26640384,52701,0.000,8798208,0.000
2026-09-05T23:59:54.588308,http,3,2,213,56354,0.000,26640384,52701,0.000,8798208,0.000
2026-09-05T23:59:54.788774,http,3,2,214,56354,0.000,26640384,52701,0.000,8798208,0.000
2026-09-05T23:59:54.989221,http,3,2,215,56354,0.000,26640384,52701,0.000,8798208,1.200
2026-09-05T23:59:55.189607,http,3,2,216,56354,0.000,26640384,52701,0.000,8798208,0.000
2026-09-05T23:59:55.389978,http,3,2,217,56354,0.000,26640384,52701,0.000,8798208,0.000
2026-09-05T23:59:55.590342,http,3,2,218,56354,0.000,26640384,52701,0.000,8798208,0.000
2026-09-05T23:59:55.790771,http,3,2,219,56354,0.000,26640384,52701,0.000,8798208,0.000
2026-09-05T23:59:55.991192,http,3,2,220,56354,0.000,26640384,52701,0.000,8798208,0.000
2026-09-05T23:59:56.191573,http,3,2,221,56354,0.000,26640384,52701,0.000,8798208,0.000
2026-09-05T23:59:56.392074,http,3,2,222,56354,15.000,0,52701,0.000,8798208,2.500
2026-09-05T23:59:59.594381,mqtt_qos0,3,3,1,56356,49.900,24526848,52701,0.000,8798208,12.500
2026-09-05T23:59:59.794733,mqtt_qos0,3,3,2,56356,0.000,24526848,52701,0.000,8798208,0.000
2026-09-05T23:59:59.995016,mqtt_qos0,3,3,3,56356,0.000,24526848,52701,0.000,8798208,1.200
2026-09-06T00:00:00.195264,mqtt_qos0,3,3,4,56356,0.000,24526848,52701,0.000,8798208,0.000
2026-09-06T00:00:00.395500,mqtt_qos0,3,3,5,56356,0.000,24526848,52701,0.000,8798208,0.000
2026-09-06T00:00:00.595770,mqtt_qos0,3,3,6,56356,0.000,24592384,52701,0.000,8798208,0.000
2026-09-06T00:00:00.796077,mqtt_qos0,3,3,7,56356,0.000,24592384,52701,0.000,8798208,0.000
2026-09-06T00:00:00.996363,mqtt_qos0,3,3,8,56356,0.000,24592384,52701,0.000,8798208,0.000
2026-09-06T00:00:01.196628,mqtt_qos0,3,3,9,56356,0.000,24592384,52701,0.000,8798208,0.000
2026-09-06T00:00:01.396889,mqtt_qos0,3,3,10,56356,0.000,24592384,52701,0.000,8798208,0.000
2026-09-06T00:00:01.597151,mqtt_qos0,3,3,11,56356,0.000,24592384,52701,0.000,8798208,0.000
2026-09-06T00:00:01.797468,mqtt_qos0,3,3,12,56356,0.000,24592384,52701,0.000,8798208,0.000
2026-09-06T00:00:01.997757,mqtt_qos0,3,3,13,56356,0.000,24592384,52701,0.000,8798208,0.000
2026-09-06T00:00:02.198022,mqtt_qos0,3,3,14,56356,0.000,24592384,52701,0.000,8798208,0.000
2026-09-06T00:00:02.398276,mqtt_qos0,3,3,15,56356,0.000,24592384,52701,0.000,8798208,0.000
2026-09-06T00:00:02.598528,mqtt_qos0,3,3,16,56356,0.000,24592384,52701,0.000,8798208,0.000
2026-09-06T00:00:02.798841,mqtt_qos0,3,3,17,56356,0.000,24592384,52701,0.000,8798208,0.000
2026-09-06T00:00:02.999123,mqtt_qos0,3,3,18,56356,0.000,24592384,52701,0.000,8798208,0.000
2026-09-06T00:00:03.199384,mqtt_qos0,3,3,19,56356,0.000,24592384,52701,0.000,8798208,0.000
2026-09-06T00:00:03.399637,mqtt_qos0,3,3,20,56356,0.000,24608768,52701,0.000,8798208,0.000
2026-09-06T00:00:03.599889,mqtt_qos0,3,3,21,56356,0.000,24608768,52701,0.000,8798208,0.000
2026-09-06T00:00:03.800191,mqtt_qos0,3,3,22,56356,0.000,24608768,52701,0.000,8798208,0.000
2026-09-06T00:00:04.000495,mqtt_qos0,3,3,23,56356,0.000,24608768,52701,0.000,8798208,0.000
2026-09-06T00:00:04.200766,mqtt_qos0,3,3,24,56356,0.000,24608768,52701,0.000,8798208,0.000
2026-09-06T00:00:04.401025,mqtt_qos0,3,3,25,56356,0.000,24608768,52701,0.000,8798208,0.000
2026-09-06T00:00:04.601379,mqtt_qos0,3,3,26,56356,0.000,24608768,52701,0.000,8798208,0.000
2026-09-06T00:00:04.801808,mqtt_qos0,3,3,27,56356,0.000,24608768,52701,0.000,8798208,0.000
2026-09-06T00:00:05.002221,mqtt_qos0,3,3,28,56356,0.000,24608768,52701,0.000,8798208,0.000
2026-09-06T00:00:05.202605,mqtt_qos0,3,3,29,56356,0.000,24608768,52701,0.000,8798208,0.000
2026-09-06T00:00:05.402979,mqtt_qos0,3,3,30,56356,0.000,24608768,52701,0.000,8798208,2.400
2026-09-06T00:00:05.603337,mqtt_qos0,3,3,31,56356,0.000,24608768,52701,0.000,8798208,0.000
2026-09-06T00:00:05.803756,mqtt_qos0,3,3,32,56356,0.000,24608768,52701,0.000,8798208,0.000
2026-09-06T00:00:06.004158,mqtt_qos0,3,3,33,56356,0.000,24608768,52701,0.000,8798208,0.000
2026-09-06T00:00:06.204530,mqtt_qos0,3,3,34,56356,0.000,24608768,52701,0.000,8798208,0.000
2026-09-06T00:00:06.404888,mqtt_qos0,3,3,35,56356,0.000,24608768,52701,0.000,8798208,0.000
2026-09-06T00:00:06.605250,mqtt_qos0,3,3,36,56356,0.000,24608768,52701,0.000,8798208,1.200
2026-09-06T00:00:06.805649,mqtt_qos0,3,3,37,56356,0.000,24608768,52701,0.000,8798208,0.000
2026-09-06T00:00:07.006021,mqtt_qos0,3,3,38,56356,0.000,24608768,52701,0.000,8798208,0.000
2026-09-06T00:00:07.206384,mqtt_qos0,3,3,39,56356,0.000,24608768,52701,0.000,8798208,0.000
2026-09-06T00:00:07.406754,mqtt_qos0,3,3,40,56356,0.000,24608768,52701,0.000,8798208,0.000
2026-09-06T00:00:07.607113,mqtt_qos0,3,3,41,56356,0.000,24608768,52701,0.000,8798208,0.000
2026-09-06T00:00:07.807545,mqtt_qos0,3,3,42,56356,0.000,24608768,52701,0.000,8798208,0.000
2026-09-06T00:00:08.007959,mqtt_qos0,3,3,43,56356,0.000,24608768,52701,0.000,8798208,0.000
2026-09-06T00:00:08.208344,mqtt_qos0,3,3,44,56356,0.000,24608768,52701,0.000,8798208,0.000
2026-09-06T00:00:08.408718,mqtt_qos0,3,3,45,56356,0.000,24625152,52701,0.000,8798208,0.000
2026-09-06T00:00:08.609072,mqtt_qos0,3,3,46,56356,0.000,24625152,52701,0.000,8798208,0.000
2026-09-06T00:00:08.809489,mqtt_qos0,3,3,47,56356,0.000,24625152,52701,0.000,8798208,0.000
2026-09-06T00:00:09.009885,mqtt_qos0,3,3,48,56356,0.000,24625152,52701,0.000,8798208,0.000
2026-09-06T00:00:09.210260,mqtt_qos0,3,3,49,56356,5.000,24625152,52701,0.000,8798208,0.000
2026-09-06T00:00:09.410618,mqtt_qos0,3,3,50,56356,0.000,24625152,52701,0.000,8798208,0.000
2026-09-06T00:00:09.610981,mqtt_qos0,3,3,51,56356,0.000,24625152,52701,0.000,8798208,0.000
2026-09-06T00:00:09.811406,mqtt_qos0,3,3,52,56356,0.000,24641536,52701,0.000,8798208,0.000
2026-09-06T00:00:10.011804,mqtt_qos0,3,3,53,56356,0.000,24641536,52701,0.000,8798208,0.000
2026-09-06T00:00:10.212195,mqtt_qos0,3,3,54,56356,0.000,24641536,52701,0.000,8798208,0.000
2026-09-06T00:00:10.412564,mqtt_qos0,3,3,55,56356,0.000,24641536,52701,0.000,8798208,0.000
2026-09-06T00:00:10.612921,mqtt_qos0,3,3,56,56356,0.000,24641536,52701,0.000,8798208,0.000
2026-09-06T00:00:10.813360,mqtt_qos0,3,3,57,56356,0.000,24641536,52701,0.000,8798208,0.000
2026-09-06T00:00:11.013754,mqtt_qos0,3,3,58,56356,0.000,24641536,52701,0.000,8798208,0.000
2026-09-06T00:00:11.214128,mqtt_qos0,3,3,59,56356,0.000,24641536,52701,0.000,8798208,0.000
2026-09-06T00:00:11.414488,mqtt_qos0,3,3,60,56356,0.000,24641536,52701,0.000,8798208,0.000
2026-09-06T00:00:11.614857,mqtt_qos0,3,3,61,56356,0.000,24641536,52701,0.000,8798208,0.000
2026-09-06T00:00:11.815268,mqtt_qos0,3,3,62,56356,0.000,24641536,52701,0.000,8798208,0.000
2026-09-06T00:00:12.015673,mqtt_qos0,3,3,63,56356,0.000,24641536,52701,0.000,8798208,0.000
2026-09-06T00:00:12.216058,mqtt_qos0,3,3,64,56356,0.000,24641536,52701,0.000,8798208,0.000
2026-09-06T00:00:12.416423,mqtt_qos0,3,3,65,56356,0.000,24641536,52701,0.000,8798208,0.000
2026-09-06T00:00:12.616776,mqtt_qos0,3,3,66,56356,0.000,24641536,52701,0.000,8798208,0.000
2026-09-06T00:00:12.817177,mqtt_qos0,3,3,67,56356,0.000,24641536,52701,0.000,8798208,0.000
2026-09-06T00:00:13.017552,mqtt_qos0,3,3,68,56356,0.000,24641536,52701,0.000,8798208,0.000
2026-09-06T00:00:13.217916,mqtt_qos0,3,3,69,56356,0.000,24641536,52701,0.000,8798208,1.200
2026-09-06T00:00:13.418278,mqtt_qos0,3,3,70,56356,0.000,24641536,52701,0.000,8798208,0.000
2026-09-06T00:00:13.618637,mqtt_qos0,3,3,71,56356,0.000,24641536,52701,0.000,8798208,0.000
2026-09-06T00:00:13.819061,mqtt_qos0,3,3,72,56356,0.000,24641536,52701,0.000,8798208,1.300
2026-09-06T00:00:14.019457,mqtt_qos0,3,3,73,56356,0.000,24641536,52701,0.000,8798208,0.000
2026-09-06T00:00:14.219831,mqtt_qos0,3,3,74,56356,0.000,24641536,52701,0.000,8798208,0.000
2026-09-06T00:00:14.420200,mqtt_qos0,3,3,75,56356,0.000,24641536,52701,0.000,8798208,0.000
2026-09-06T00:00:14.620558,mqtt_qos0,3,3,76,56356,0.000,24641536,52701,0.000,8798208,0.000
2026-09-06T00:00:14.820993,mqtt_qos0,3,3,77,56356,0.000,24641536,52701,0.000,8798208,0.000
2026-09-06T00:00:15.021390,mqtt_qos0,3,3,78,56356,0.000,24641536,52701,0.000,8798208,0.000
2026-09-06T00:00:15.221769,mqtt_qos0,3,3,79,56356,0.000,24641536,52701,0.000,8798208,0.000
2026-09-06T00:00:15.422132,mqtt_qos0,3,3,80,56356,0.000,24641536,52701,0.000,8798208,0.000
2026-09-06T00:00:15.622485,mqtt_qos0,3,3,81,56356,0.000,24657920,52701,0.000,8798208,0.000
2026-09-06T00:00:15.822892,mqtt_qos0,3,3,82,56356,0.000,24657920,52701,0.000,8798208,0.000
2026-09-06T00:00:16.023294,mqtt_qos0,3,3,83,56356,0.000,24657920,52701,0.000,8798208,0.000
2026-09-06T00:00:16.223677,mqtt_qos0,3,3,84,56356,0.000,24657920,52701,0.000,8798208,0.000
2026-09-06T00:00:16.424049,mqtt_qos0,3,3,85,56356,0.000,24657920,52701,0.000,8798208,0.000
2026-09-06T00:00:16.624415,mqtt_qos0,3,3,86,56356,0.000,24657920,52701,0.000,8798208,0.000
2026-09-06T00:00:16.824831,mqtt_qos0,3,3,87,56356,0.000,24657920,52701,0.000,8798208,0.000
2026-09-06T00:00:17.025227,mqtt_qos0,3,3,88,56356,0.000,24657920,52701,0.000,8798208,0.000
2026-09-06T00:00:17.225604,mqtt_qos0,3,3,89,56356,5.000,24657920,52701,0.000,8798208,0.000
2026-09-06T00:00:17.425969,mqtt_qos0,3,3,90,56356,0.000,24657920,52701,0.000,8798208,0.000
2026-09-06T00:00:17.626327,mqtt_qos0,3,3,91,56356,0.000,24657920,52701,0.000,8798208,0.000
2026-09-06T00:00:17.826751,mqtt_qos0,3,3,92,56356,0.000,24657920,52701,0.000,8798208,0.000
2026-09-06T00:00:18.027149,mqtt_qos0,3,3,93,56356,0.000,24657920,52701,0.000,8798208,0.000
2026-09-06T00:00:18.227689,mqtt_qos0,3,3,94,56356,0.000,24657920,52701,0.000,8798208,2.500
2026-09-06T00:00:18.428256,mqtt_qos0,3,3,95,56356,0.000,24657920,52701,0.000,8798208,1.200
2026-09-06T00:00:18.628718,mqtt_qos0,3,3,96,56356,0.000,24657920,52701,0.000,8798208,0.000
2026-09-06T00:00:18.829182,mqtt_qos0,3,3,97,56356,0.000,24657920,52701,0.000,8798208,0.000
2026-09-06T00:00:19.029594,mqtt_qos0,3,3,98,56356,0.000,24657920,52701,0.000,8798208,0.000
2026-09-06T00:00:19.229981,mqtt_qos0,3,3,99,56356,0.000,24657920,52701,0.000,8798208,0.000
2026-09-06T00:00:19.430357,mqtt_qos0,3,3,100,56356,0.000,24657920,52701,0.000,8798208,0.000
2026-09-06T00:00:19.630754,mqtt_qos0,3,3,101,56356,0.000,24657920,52701,0.000,8798208,0.000
2026-09-06T00:00:19.831185,mqtt_qos0,3,3,102,56356,0.000,24657920,52701,0.000,8798208,1.200
2026-09-06T00:00:20.031608,mqtt_qos0,3,3,103,56356,0.000,24657920,52701,0.000,8798208,0.000
2026-09-06T00:00:20.232002,mqtt_qos0,3,3,104,56356,0.000,24657920,52701,0.000,8798208,0.000
2026-09-06T00:00:20.432397,mqtt_qos0,3,3,105,56356,0.000,24657920,52701,0.000,8798208,0.000
2026-09-06T00:00:20.632771,mqtt_qos0,3,3,106,56356,0.000,24657920,52701,0.000,8798208,0.000
2026-09-06T00:00:20.833194,mqtt_qos0,3,3,107,56356,0.000,24657920,52701,0.000,8798208,0.000
2026-09-06T00:00:21.033597,mqtt_qos0,3,3,108,56356,0.000,24657920,52701,0.000,8798208,0.000
2026-09-06T00:00:21.233979,mqtt_qos0,3,3,109,56356,0.000,24657920,52701,0.000,8798208,0.000
2026-09-06T00:00:21.434344,mqtt_qos0,3,3,110,56356,0.000,24657920,52701,0.000,8798208,0.000
2026-09-06T00:00:21.634702,mqtt_qos0,3,3,111,56356,0.000,24657920,52701,0.000,8798208,0.000
2026-09-06T00:00:21.835127,mqtt_qos0,3,3,112,56356,0.000,24657920,52701,0.000,8798208,0.000
2026-09-06T00:00:22.035511,mqtt_qos0,3,3,113,56356,0.000,24657920,52701,0.000,8798208,0.000
2026-09-06T00:00:22.235874,mqtt_qos0,3,3,114,56356,0.000,24657920,52701,0.000,8798208,0.000
2026-09-06T00:00:22.436233,mqtt_qos0,3,3,115,56356,0.000,24657920,52701,0.000,8798208,0.000
2026-09-06T00:00:22.636607,mqtt_qos0,3,3,116,56356,0.000,24657920,52701,0.000,8798208,0.000
2026-09-06T00:00:22.837042,mqtt_qos0,3,3,117,56356,0.000,24674304,52701,0.000,8798208,2.400
2026-09-06T00:00:23.037441,mqtt_qos0,3,3,118,56356,0.000,24674304,52701,0.000,8798208,0.000
2026-09-06T00:00:23.237815,mqtt_qos0,3,3,119,56356,0.000,24674304,52701,0.000,8798208,0.000
2026-09-06T00:00:23.438180,mqtt_qos0,3,3,120,56356,0.000,24674304,52701,0.000,8798208,0.000
2026-09-06T00:00:23.638540,mqtt_qos0,3,3,121,56356,0.000,24674304,52701,0.000,8798208,0.000
2026-09-06T00:00:23.838969,mqtt_qos0,3,3,122,56356,0.000,24674304,52701,0.000,8798208,0.000
2026-09-06T00:00:24.039377,mqtt_qos0,3,3,123,56356,0.000,24674304,52701,0.000,8798208,0.000
2026-09-06T00:00:24.239758,mqtt_qos0,3,3,124,56356,0.000,24674304,52701,0.000,8798208,0.000
2026-09-06T00:00:24.440130,mqtt_qos0,3,3,125,56356,0.000,24674304,52701,0.000,8798208,0.000
2026-09-06T00:00:24.640492,mqtt_qos0,3,3,126,56356,5.000,24674304,52701,0.000,8798208,0.000
2026-09-06T00:00:24.840981,mqtt_qos0,3,3,127,56356,0.000,24674304,52701,0.000,8798208,0.000
2026-09-06T00:00:25.041432,mqtt_qos0,3,3,128,56356,0.000,24674304,52701,0.000,8798208,0.000
2026-09-06T00:00:25.241870,mqtt_qos0,3,3,129,56356,0.000,24674304,52701,0.000,8798208,0.000
2026-09-06T00:00:25.442290,mqtt_qos0,3,3,130,56356,0.000,24674304,52701,0.000,8798208,0.000
2026-09-06T00:00:25.642736,mqtt_qos0,3,3,131,56356,0.000,24674304,52701,0.000,8798208,0.000
2026-09-06T00:00:25.843220,mqtt_qos0,3,3,132,56356,0.000,24674304,52701,0.000,8798208,1.200
2026-09-06T00:00:26.043679,mqtt_qos0,3,3,133,56356,0.000,24674304,52701,0.000,8798208,0.000
2026-09-06T00:00:26.244116,mqtt_qos0,3,3,134,56356,0.000,24674304,52701,0.000,8798208,0.000
2026-09-06T00:00:26.444538,mqtt_qos0,3,3,135,56356,0.000,24674304,52701,0.000,8798208,1.200
2026-09-06T00:00:26.644959,mqtt_qos0,3,3,136,56356,0.000,24674304,52701,0.000,8798208,0.000
2026-09-06T00:00:26.845432,mqtt_qos0,3,3,137,56356,0.000,24674304,52701,0.000,8798208,1.200
2026-09-06T00:00:27.045876,mqtt_qos0,3,3,138,56356,0.000,24674304,52701,0.000,8798208,0.000
2026-09-06T00:00:27.246307,mqtt_qos0,3,3,139,56356,0.000,24674304,52701,0.000,8798208,0.000
2026-09-06T00:00:27.446721,mqtt_qos0,3,3,140,56356,0.000,24674304,52701,0.000,8798208,0.000
2026-09-06T00:00:27.647158,mqtt_qos0,3,3,141,56356,0.000,24707072,52701,0.000,8798208,0.000
2026-09-06T00:00:27.847646,mqtt_qos0,3,3,142,56356,0.000,24707072,52701,5.000,8798208,0.000
2026-09-06T00:00:28.048088,mqtt_qos0,3,3,143,56356,0.000,24707072,52701,0.000,8798208,0.000
2026-09-06T00:00:28.248516,mqtt_qos0,3,3,144,56356,0.000,24707072,52701,0.000,8798208,0.000
2026-09-06T00:00:28.448939,mqtt_qos0,3,3,145,56356,0.000,24707072,52701,0.000,8798208,0.000
2026-09-06T00:00:28.649346,mqtt_qos0,3,3,146,56356,0.000,24707072,52701,0.000,8798208,0.000
2026-09-06T00:00:28.849816,mqtt_qos0,3,3,147,56356,0.000,24707072,52701,0.000,8798208,0.000
2026-09-06T00:00:29.050266,mqtt_qos0,3,3,148,56356,0.000,24707072,52701,0.000,8798208,0.000
2026-09-06T00:00:29.250709,mqtt_qos0,3,3,149,56356,0.000,24707072,52701,0.000,8798208,0.000
2026-09-06T00:00:29.451142,mqtt_qos0,3,3,150,56356,0.000,24707072,52701,0.000,8798208,0.000
2026-09-06T00:00:29.651558,mqtt_qos0,3,3,151,56356,0.000,24707072,52701,0.000,8798208,0.000
2026-09-06T00:00:29.852034,mqtt_qos0,3,3,152,56356,0.000,24707072,52701,0.000,8798208,0.000
2026-09-06T00:00:30.052480,mqtt_qos0,3,3,153,56356,0.000,24707072,52701,0.000,8798208,0.000
2026-09-06T00:00:30.252909,mqtt_qos0,3,3,154,56356,0.000,24723456,52701,0.000,8798208,1.200
2026-09-06T00:00:30.453317,mqtt_qos0,3,3,155,56356,0.000,24723456,52701,0.000,8798208,0.000
2026-09-06T00:00:30.653717,mqtt_qos0,3,3,156,56356,0.000,24723456,52701,0.000,8798208,0.000
2026-09-06T00:00:30.854194,mqtt_qos0,3,3,157,56356,0.000,24723456,52701,0.000,8798208,0.000
2026-09-06T00:00:31.054627,mqtt_qos0,3,3,158,56356,0.000,24723456,52701,0.000,8798208,0.000
2026-09-06T00:00:31.255041,mqtt_qos0,3,3,159,56356,0.000,24723456,52701,0.000,8798208,0.000
2026-09-06T00:00:31.455445,mqtt_qos0,3,3,160,56356,0.000,24723456,52701,0.000,8798208,0.000
2026-09-06T00:00:31.655839,mqtt_qos0,3,3,161,56356,0.000,24723456,52701,0.000,8798208,0.000
2026-09-06T00:00:31.856294,mqtt_qos0,3,3,162,56356,0.000,24723456,52701,0.000,8798208,0.000
2026-09-06T00:00:32.056721,mqtt_qos0,3,3,163,56356,0.000,24723456,52701,0.000,8798208,0.000
2026-09-06T00:00:32.257133,mqtt_qos0,3,3,164,56356,0.000,24723456,52701,0.000,8798208,0.000
2026-09-06T00:00:32.457571,mqtt_qos0,3,3,165,56356,0.000,24723456,52701,0.000,8798208,0.000
2026-09-06T00:00:32.657985,mqtt_qos0,3,3,166,56356,0.000,24723456,52701,0.000,8798208,0.000
2026-09-06T00:00:32.858446,mqtt_qos0,3,3,167,56356,0.000,24723456,52701,0.000,8798208,0.000
2026-09-06T00:00:33.058898,mqtt_qos0,3,3,168,56356,0.000,24723456,52701,0.000,8798208,1.200
2026-09-06T00:00:33.259316,mqtt_qos0,3,3,169,56356,0.000,24723456,52701,0.000,8798208,0.000
2026-09-06T00:00:33.459718,mqtt_qos0,3,3,170,56356,0.000,24723456,52701,0.000,8798208,0.000
2026-09-06T00:00:33.660110,mqtt_qos0,3,3,171,56356,0.000,24723456,52701,0.000,8798208,0.000
2026-09-06T00:00:33.860578,mqtt_qos0,3,3,172,56356,0.000,24723456,52701,0.000,8798208,0.000
2026-09-06T00:00:34.061006,mqtt_qos0,3,3,173,56356,0.000,24723456,52701,0.000,8798208,0.000
2026-09-06T00:00:34.261423,mqtt_qos0,3,3,174,56356,0.000,24723456,52701,0.000,8798208,0.000
2026-09-06T00:00:34.461824,mqtt_qos0,3,3,175,56356,0.000,24723456,52701,0.000,8798208,0.000
2026-09-06T00:00:34.662221,mqtt_qos0,3,3,176,56356,0.000,24723456,52701,0.000,8798208,0.000
2026-09-06T00:00:34.862680,mqtt_qos0,3,3,177,56356,5.000,24723456,52701,0.000,8798208,0.000
2026-09-06T00:00:35.063122,mqtt_qos0,3,3,178,56356,0.000,24723456,52701,0.000,8798208,0.000
2026-09-06T00:00:35.263531,mqtt_qos0,3,3,179,56356,0.000,24723456,52701,0.000,8798208,0.000
2026-09-06T00:00:35.463933,mqtt_qos0,3,3,180,56356,0.000,24723456,52701,0.000,8798208,0.000
2026-09-06T00:00:35.664329,mqtt_qos0,3,3,181,56356,0.000,24723456,52701,0.000,8798208,0.000
2026-09-06T00:00:35.864786,mqtt_qos0,3,3,182,56356,0.000,24723456,52701,0.000,8798208,0.000
2026-09-06T00:00:36.065224,mqtt_qos0,3,3,183,56356,0.000,24723456,52701,0.000,8798208,0.000
2026-09-06T00:00:36.265642,mqtt_qos0,3,3,184,56356,0.000,24723456,52701,0.000,8798208,0.000
2026-09-06T00:00:36.466044,mqtt_qos0,3,3,185,56356,0.000,24723456,52701,0.000,8798208,0.000
2026-09-06T00:00:36.666436,mqtt_qos0,3,3,186,56356,0.000,24723456,52701,0.000,8798208,0.000
2026-09-06T00:00:36.866906,mqtt_qos0,3,3,187,56356,0.000,24723456,52701,0.000,8798208,0.000
2026-09-06T00:00:37.067319,mqtt_qos0,3,3,188,56356,0.000,24723456,52701,0.000,8798208,0.000
2026-09-06T00:00:37.267715,mqtt_qos0,3,3,189,56356,0.000,24723456,52701,0.000,8798208,0.000
2026-09-06T00:00:37.468108,mqtt_qos0,3,3,190,56356,0.000,24723456,52701,0.000,8798208,0.000
2026-09-06T00:00:37.668492,mqtt_qos0,3,3,191,56356,0.000,24723456,52701,0.000,8798208,0.000
2026-09-06T00:00:37.868941,mqtt_qos0,3,3,192,56356,0.000,24723456,52701,0.000,8798208,0.000
2026-09-06T00:00:38.069361,mqtt_qos0,3,3,193,56356,0.000,24723456,52701,0.000,8798208,0.000
2026-09-06T00:00:38.269752,mqtt_qos0,3,3,194,56356,0.000,24723456,52701,0.000,8798208,0.000
2026-09-06T00:00:38.470152,mqtt_qos0,3,3,195,56356,0.000,24723456,52701,0.000,8798208,0.000
2026-09-06T00:00:38.670536,mqtt_qos0,3,3,196,56356,0.000,24723456,52701,0.000,8798208,0.000
2026-09-06T00:00:38.871003,mqtt_qos0,3,3,197,56356,0.000,24723456,52701,0.000,8798208,1.200
2026-09-06T00:00:39.071419,mqtt_qos0,3,3,198,56356,0.000,24723456,52701,0.000,8798208,0.000
2026-09-06T00:00:39.271815,mqtt_qos0,3,3,199,56356,0.000,24723456,52701,0.000,8798208,1.200
2026-09-06T00:00:39.472210,mqtt_qos0,3,3,200,56356,0.000,24723456,52701,0.000,8798208,0.000
2026-09-06T00:00:39.672599,mqtt_qos0,3,3,201,56356,0.000,24723456,52701,0.000,8798208,0.000
2026-09-06T00:00:39.873062,mqtt_qos0,3,3,202,56356,0.000,24723456,52701,0.000,8798208,0.000
2026-09-06T00:00:40.073493,mqtt_qos0,3,3,203,56356,0.000,24723456,52701,0.000,8798208,0.000
2026-09-06T00:00:40.273895,mqtt_qos0,3,3,204,56356,0.000,24723456,52701,0.000,8798208,0.000
2026-09-06T00:00:40.474291,mqtt_qos0,3,3,205,56356,0.000,24723456,52701,0.000,8798208,0.000
2026-09-06T00:00:40.674679,mqtt_qos0,3,3,206,56356,0.000,24723456,52701,0.000,8798208,0.000
2026-09-06T00:00:40.875145,mqtt_qos0,3,3,207,56356,0.000,24723456,52701,0.000,8798208,0.000
2026-09-06T00:00:41.075575,mqtt_qos0,3,3,208,56356,0.000,24723456,52701,0.000,8798208,0.000
2026-09-06T00:00:41.276002,mqtt_qos0,3,3,209,56356,0.000,24723456,52701,0.000,8798208,0.000
2026-09-06T00:00:41.476412,mqtt_qos0,3,3,210,56356,0.000,24723456,52701,0.000,8798208,0.000
2026-09-06T00:00:41.676803,mqtt_qos0,3,3,211,56356,0.000,24723456,52701,0.000,8798208,0.000
2026-09-06T00:00:41.877251,mqtt_qos0,3,3,212,56356,0.000,24723456,52701,0.000,8798208,0.000
2026-09-06T00:00:42.077663,mqtt_qos0,3,3,213,56356,0.000,24723456,52701,0.000,8798208,0.000
2026-09-06T00:00:42.278058,mqtt_qos0,3,3,214,56356,0.000,24723456,52701,0.000,8798208,1.200
2026-09-06T00:00:42.478448,mqtt_qos0,3,3,215,56356,0.000,24723456,52701,0.000,8798208,0.000
2026-09-06T00:00:42.678837,mqtt_qos0,3,3,216,56356,0.000,24723456,52701,0.000,8798208,0.000
2026-09-06T00:00:42.879274,mqtt_qos0,3,3,217,56356,0.000,24723456,52701,0.000,8798208,0.000
2026-09-06T00:00:43.079696,mqtt_qos0,3,3,218,56356,0.000,24723456,52701,0.000,8798208,0.000
2026-09-06T00:00:43.280096,mqtt_qos0,3,3,219,56356,0.000,24723456,52701,0.000,8798208,0.000
2026-09-06T00:00:43.480491,mqtt_qos0,3,3,220,56356,0.000,24723456,52701,0.000,8798208,0.000
2026-09-06T00:00:43.680856,mqtt_qos0,3,3,221,56356,0.000,24723456,52701,0.000,8798208,0.000
2026-09-06T00:00:43.881277,mqtt_qos0,3,3,222,56356,0.000,24723456,52701,0.000,8798208,0.000
2026-09-06T00:00:44.081648,mqtt_qos0,3,3,223,56356,0.000,24723456,52701,0.000,8798208,0.000
2026-09-06T00:00:44.282022,mqtt_qos0,3,3,224,56356,0.000,24723456,52701,0.000,8798208,0.000
2026-09-06T00:00:44.482520,mqtt_qos0,3,3,225,56356,20.000,0,52701,0.000,8798208,3.800
