timestamp,protocol,run_id,round_id,position_in_round,seq,command_id,status,rtt_ms,esp_processing_us,esp_free_heap,esp_min_free_heap,esp_max_alloc_heap,rssi_dbm,qos,error,protocol_group,source_file,esp_processing_ms,host_network_protocol_remainder_ms
2026-09-04T10:25:34.186052,HTTP,1,1,1,1,http-main-1-1,success,23.296,361,220360,211508,110580,-46,,,HTTP,http_main_1000_nosleep_20260904_102455.csv,0.361,22.935
2026-09-04T10:25:34.409585,HTTP,1,1,1,2,http-main-1-2,success,20.165,407,220080,211508,110580,-44,,,HTTP,http_main_1000_nosleep_20260904_102455.csv,0.407,19.758
2026-09-04T10:25:34.629920,HTTP,1,1,1,3,http-main-1-3,success,24.793,358,220372,211508,110580,-40,,,HTTP,http_main_1000_nosleep_20260904_102455.csv,0.358,24.435
2026-09-04T10:25:34.854875,HTTP,1,1,1,4,http-main-1-4,success,24.146,356,220360,211508,110580,-44,,,HTTP,http_main_1000_nosleep_20260904_102455.csv,0.356,23.79
2026-09-04T10:25:35.079186,HTTP,1,1,1,5,http-main-1-5,success,22.424,359,220392,211508,110580,-40,,,HTTP,http_main_1000_nosleep_20260904_102455.csv,0.359,22.064999999999998
2026-09-04T10:25:35.301765,HTTP,1,1,1,6,http-main-1-6,success,24.491,357,220372,211508,110580,-39,,,HTTP,http_main_1000_nosleep_20260904_102455.csv,0.357,24.134
2026-09-04T10:25:35.526407,HTTP,1,1,1,7,http-main-1-7,success,28.66,358,220168,211508,110580,-40,,,HTTP,http_main_1000_nosleep_20260904_102455.csv,0.358,28.302
2026-09-04T10:25:35.755216,HTTP,1,1,1,8,http-main-1-8,success,30.251,619,220188,211508,110580,-44,,,HTTP,http_main_1000_nosleep_20260904_102455.csv,0.619,29.632
2026-09-04T10:25:35.985633,HTTP,1,1,1,9,http-main-1-9,success,20.092,358,220360,211508,110580,-44,,,HTTP,http_main_1000_nosleep_20260904_102455.csv,0.358,19.733999999999998
2026-09-04T10:25:36.205889,HTTP,1,1,1,10,http-main-1-10,success,19.837,398,220392,211508,110580,-43,,,HTTP,http_main_1000_nosleep_20260904_102455.csv,0.398,19.439
2026-09-04T10:25:36.425883,HTTP,1,1,1,11,http-main-1-11,success,19.859,407,220360,211508,110580,-42,,,HTTP,http_main_1000_nosleep_20260904_102455.csv,0.407,19.452
2026-09-04T10:25:36.645896,HTTP,1,1,1,12,http-main-1-12,success,24.946,393,220376,211508,110580,-43,,,HTTP,http_main_1000_nosleep_20260904_102455.csv,0.393,24.553
2026-09-04T10:25:36.870995,HTTP,1,1,1,13,http-main-1-13,success,24.162,388,220376,211508,110580,-41,,,HTTP,http_main_1000_nosleep_20260904_102455.csv,0.388,23.773999999999997
2026-09-04T10:25:37.095321,HTTP,1,1,1,14,http-main-1-14,success,16.751,389,220372,211508,110580,-40,,,HTTP,http_main_1000_nosleep_20260904_102455.csv,0.389,16.362000000000002
2026-09-04T10:25:37.312225,HTTP,1,1,1,15,http-main-1-15,success,17.327,473,220116,211508,110580,-41,,,HTTP,http_main_1000_nosleep_20260904_102455.csv,0.473,16.854000000000003
2026-09-04T10:25:37.529703,HTTP,1,1,1,16,http-main-1-16,success,30.083,404,220396,211508,110580,-41,,,HTTP,http_main_1000_nosleep_20260904_102455.csv,0.404,29.679
2026-09-04T10:25:37.759931,HTTP,1,1,1,17,http-main-1-17,success,18.011,415,220396,211508,110580,-39,,,HTTP,http_main_1000_nosleep_20260904_102455.csv,0.415,17.596
2026-09-04T10:25:37.978090,HTTP,1,1,1,18,http-main-1-18,success,21.122,395,220368,211508,110580,-38,,,HTTP,http_main_1000_nosleep_20260904_102455.csv,0.395,20.727
2026-09-04T10:25:38.199362,HTTP,1,1,1,19,http-main-1-19,success,17.439,389,220392,211508,110580,-40,,,HTTP,http_main_1000_nosleep_20260904_102455.csv,0.389,17.05
2026-09-04T10:25:38.416950,HTTP,1,1,1,20,http-main-1-20,success,22.603,398,220360,211508,110580,-39,,,HTTP,http_main_1000_nosleep_20260904_102455.csv,0.398,22.205000000000002
2026-09-04T10:25:38.639722,HTTP,1,1,1,21,http-main-1-21,success,18.092,393,220384,211508,110580,-40,,,HTTP,http_main_1000_nosleep_20260904_102455.csv,0.393,17.698999999999998
2026-09-04T10:25:38.857963,HTTP,1,1,1,22,http-main-1-22,success,19.733,388,220376,211508,110580,-42,,,HTTP,http_main_1000_nosleep_20260904_102455.csv,0.388,19.345
2026-09-04T10:25:39.077850,HTTP,1,1,1,23,http-main-1-23,success,17.319,393,220376,211508,110580,-39,,,HTTP,http_main_1000_nosleep_20260904_102455.csv,0.393,16.926
2026-09-04T10:25:39.295316,HTTP,1,1,1,24,http-main-1-24,success,18.536,393,220372,211508,110580,-41,,,HTTP,http_main_1000_nosleep_20260904_102455.csv,0.393,18.143
2026-09-04T10:25:39.513999,HTTP,1,1,1,25,http-main-1-25,success,21.765,393,220380,211508,110580,-41,,,HTTP,http_main_1000_nosleep_20260904_102455.csv,0.393,21.372
2026-09-04T10:25:39.735912,HTTP,1,1,1,26,http-main-1-26,success,28.116,391,220176,211508,110580,-40,,,HTTP,http_main_1000_nosleep_20260904_102455.csv,0.391,27.725
2026-09-04T10:25:39.964182,HTTP,1,1,1,27,http-main-1-27,success,18.345,392,220380,211508,110580,-41,,,HTTP,http_main_1000_nosleep_20260904_102455.csv,0.392,17.953
2026-09-04T10:25:40.182703,HTTP,1,1,1,28,http-main-1-28,success,17.33,404,220384,211508,110580,-41,,,HTTP,http_main_1000_nosleep_20260904_102455.csv,0.404,16.926
2026-09-04T10:25:40.400205,HTTP,1,1,1,29,http-main-1-29,success,16.295,402,220376,211508,110580,-41,,,HTTP,http_main_1000_nosleep_20260904_102455.csv,0.402,15.893000000000002
2026-09-04T10:25:40.616653,HTTP,1,1,1,30,http-main-1-30,success,17.055,391,220376,211508,110580,-40,,,HTTP,http_main_1000_nosleep_20260904_102455.csv,0.391,16.664
2026-09-04T10:25:40.833856,HTTP,1,1,1,31,http-main-1-31,success,17.005,390,220372,211508,110580,-40,,,HTTP,http_main_1000_nosleep_20260904_102455.csv,0.39,16.615
2026-09-04T10:25:41.051020,HTTP,1,1,1,32,http-main-1-32,success,16.687,415,220380,211508,110580,-41,,,HTTP,http_main_1000_nosleep_20260904_102455.csv,0.415,16.272000000000002
2026-09-04T10:25:41.267857,HTTP,1,1,1,33,http-main-1-33,success,21.75,389,220360,211508,110580,-41,,,HTTP,http_main_1000_nosleep_20260904_102455.csv,0.389,21.361
2026-09-04T10:25:41.489754,HTTP,1,1,1,34,http-main-1-34,success,25.146,390,220360,211508,110580,-41,,,HTTP,http_main_1000_nosleep_20260904_102455.csv,0.39,24.756
2026-09-04T10:25:41.715046,HTTP,1,1,1,35,http-main-1-35,success,19.207,390,220360,211508,110580,-40,,,HTTP,http_main_1000_nosleep_20260904_102455.csv,0.39,18.817
2026-09-04T10:25:41.934402,HTTP,1,1,1,36,http-main-1-36,success,19.123,406,220380,211508,110580,-42,,,HTTP,http_main_1000_nosleep_20260904_102455.csv,0.406,18.717000000000002
2026-09-04T10:25:42.153677,HTTP,1,1,1,37,http-main-1-37,success,19.917,400,217736,211508,110580,-39,,,HTTP,http_main_1000_nosleep_20260904_102455.csv,0.4,19.517000000000003
2026-09-04T10:25:42.373742,HTTP,1,1,1,38,http-main-1-38,success,17.013,394,220368,211508,110580,-42,,,HTTP,http_main_1000_nosleep_20260904_102455.csv,0.394,16.619000000000003
2026-09-04T10:25:42.590897,HTTP,1,1,1,39,http-main-1-39,success,17.624,395,220392,211508,110580,-41,,,HTTP,http_main_1000_nosleep_20260904_102455.csv,0.395,17.229
2026-09-04T10:25:42.808665,HTTP,1,1,1,40,http-main-1-40,success,24.87,389,220360,211508,110580,-40,,,HTTP,http_main_1000_nosleep_20260904_102455.csv,0.389,24.481
2026-09-04T10:25:43.033713,HTTP,1,1,1,41,http-main-1-41,success,21.529,401,220384,211508,110580,-41,,,HTTP,http_main_1000_nosleep_20260904_102455.csv,0.401,21.128
2026-09-04T10:25:43.255393,HTTP,1,1,1,42,http-main-1-42,success,19.893,393,220376,211508,110580,-41,,,HTTP,http_main_1000_nosleep_20260904_102455.csv,0.393,19.5
2026-09-04T10:25:43.475433,HTTP,1,1,1,43,http-main-1-43,success,17.094,407,220376,211508,110580,-40,,,HTTP,http_main_1000_nosleep_20260904_102455.csv,0.407,16.687
2026-09-04T10:25:43.692668,HTTP,1,1,1,44,http-main-1-44,success,28.181,396,220376,211508,110580,-42,,,HTTP,http_main_1000_nosleep_20260904_102455.csv,0.396,27.785
2026-09-04T10:25:43.920992,HTTP,1,1,1,45,http-main-1-45,success,17.512,390,220356,211508,110580,-41,,,HTTP,http_main_1000_nosleep_20260904_102455.csv,0.39,17.122
2026-09-04T10:25:44.138660,HTTP,1,1,1,46,http-main-1-46,success,25.726,393,220384,211508,110580,-40,,,HTTP,http_main_1000_nosleep_20260904_102455.csv,0.393,25.333
2026-09-04T10:25:44.364536,HTTP,1,1,1,47,http-main-1-47,success,22.246,392,220388,211508,110580,-40,,,HTTP,http_main_1000_nosleep_20260904_102455.csv,0.392,21.854
2026-09-04T10:25:44.586929,HTTP,1,1,1,48,http-main-1-48,success,16.939,393,220348,211508,110580,-41,,,HTTP,http_main_1000_nosleep_20260904_102455.csv,0.393,16.546
2026-09-04T10:25:44.804016,HTTP,1,1,1,49,http-main-1-49,success,24.158,393,220380,211508,110580,-42,,,HTTP,http_main_1000_nosleep_20260904_102455.csv,0.393,23.765
2026-09-04T10:25:45.028334,HTTP,1,1,1,50,http-main-1-50,success,17.315,389,220388,211508,110580,-42,,,HTTP,http_main_1000_nosleep_20260904_102455.csv,0.389,16.926000000000002
2026-09-04T10:25:45.245800,HTTP,1,1,1,51,http-main-1-51,success,17.8,389,220360,211508,110580,-45,,,HTTP,http_main_1000_nosleep_20260904_102455.csv,0.389,17.411
2026-09-04T10:25:45.463744,HTTP,1,1,1,52,http-main-1-52,success,22.242,557,220136,211508,110580,-41,,,HTTP,http_main_1000_nosleep_20260904_102455.csv,0.557,21.685000000000002
2026-09-04T10:25:45.686129,HTTP,1,1,1,53,http-main-1-53,success,25.292,388,220372,211508,110580,-42,,,HTTP,http_main_1000_nosleep_20260904_102455.csv,0.388,24.904
2026-09-04T10:25:45.911571,HTTP,1,1,1,54,http-main-1-54,success,19.868,388,220396,211508,110580,-41,,,HTTP,http_main_1000_nosleep_20260904_102455.csv,0.388,19.479999999999997
2026-09-04T10:25:46.131597,HTTP,1,1,1,55,http-main-1-55,success,21.227,438,220156,211508,110580,-51,,,HTTP,http_main_1000_nosleep_20260904_102455.csv,0.438,20.789
2026-09-04T10:25:46.352974,HTTP,1,1,1,56,http-main-1-56,success,23.75,391,220388,211508,110580,-41,,,HTTP,http_main_1000_nosleep_20260904_102455.csv,0.391,23.359
2026-09-04T10:25:46.576868,HTTP,1,1,1,57,http-main-1-57,success,17.375,395,220364,211508,110580,-41,,,HTTP,http_main_1000_nosleep_20260904_102455.csv,0.395,16.98
2026-09-04T10:25:46.794386,HTTP,1,1,1,58,http-main-1-58,success,20.635,436,220348,211508,110580,-41,,,HTTP,http_main_1000_nosleep_20260904_102455.csv,0.436,20.199
2026-09-04T10:25:47.015174,HTTP,1,1,1,59,http-main-1-59,success,27.24,384,220352,211508,110580,-42,,,HTTP,http_main_1000_nosleep_20260904_102455.csv,0.384,26.855999999999998
2026-09-04T10:25:47.242560,HTTP,1,1,1,60,http-main-1-60,success,21.432,393,220360,211508,110580,-40,,,HTTP,http_main_1000_nosleep_20260904_102455.csv,0.393,21.038999999999998
2026-09-04T10:25:47.464161,HTTP,1,1,1,61,http-main-1-61,success,17.561,645,218456,211508,110580,-41,,,HTTP,http_main_1000_nosleep_20260904_102455.csv,0.645,16.916
2026-09-04T10:25:47.681866,HTTP,1,1,1,62,http-main-1-62,success,17.702,394,220384,211508,110580,-42,,,HTTP,http_main_1000_nosleep_20260904_102455.csv,0.394,17.308000000000003
2026-09-04T10:25:47.899714,HTTP,1,1,1,63,http-main-1-63,success,22.835,392,220344,211508,110580,-42,,,HTTP,http_main_1000_nosleep_20260904_102455.csv,0.392,22.443
2026-09-04T10:25:48.122701,HTTP,1,1,1,64,http-main-1-64,success,17.264,398,220380,211356,110580,-40,,,HTTP,http_main_1000_nosleep_20260904_102455.csv,0.398,16.866
2026-09-04T10:25:48.340122,HTTP,1,1,1,65,http-main-1-65,success,22.891,392,220356,211356,110580,-41,,,HTTP,http_main_1000_nosleep_20260904_102455.csv,0.392,22.499
2026-09-04T10:25:48.563158,HTTP,1,1,1,66,http-main-1-66,success,23.023,388,220376,211356,110580,-42,,,HTTP,http_main_1000_nosleep_20260904_102455.csv,0.388,22.634999999999998
2026-09-04T10:25:48.786324,HTTP,1,1,1,67,http-main-1-67,success,24.649,387,220384,211356,110580,-42,,,HTTP,http_main_1000_nosleep_20260904_102455.csv,0.387,24.262
2026-09-04T10:25:49.011126,HTTP,1,1,1,68,http-main-1-68,success,19.474,393,220368,211356,110580,-42,,,HTTP,http_main_1000_nosleep_20260904_102455.csv,0.393,19.081
2026-09-04T10:25:49.230733,HTTP,1,1,1,69,http-main-1-69,success,13.1,404,220376,211356,110580,-39,,,HTTP,http_main_1000_nosleep_20260904_102455.csv,0.404,12.696
2026-09-04T10:25:49.443978,HTTP,1,1,1,70,http-main-1-70,success,17.871,400,220384,211356,110580,-43,,,HTTP,http_main_1000_nosleep_20260904_102455.csv,0.4,17.471
2026-09-04T10:25:49.661989,HTTP,1,1,1,71,http-main-1-71,success,19.672,389,220388,211356,110580,-42,,,HTTP,http_main_1000_nosleep_20260904_102455.csv,0.389,19.283
2026-09-04T10:25:49.881805,HTTP,1,1,1,72,http-main-1-72,success,36.438,398,220376,211356,110580,-42,,,HTTP,http_main_1000_nosleep_20260904_102455.csv,0.398,36.04
2026-09-04T10:25:50.118398,HTTP,1,1,1,73,http-main-1-73,success,18.643,395,220348,211356,110580,-41,,,HTTP,http_main_1000_nosleep_20260904_102455.csv,0.395,18.248
2026-09-04T10:25:50.337190,HTTP,1,1,1,74,http-main-1-74,success,20.1,394,220384,211356,110580,-42,,,HTTP,http_main_1000_nosleep_20260904_102455.csv,0.394,19.706000000000003
2026-09-04T10:25:50.557430,HTTP,1,1,1,75,http-main-1-75,success,17.596,416,220360,211356,110580,-40,,,HTTP,http_main_1000_nosleep_20260904_102455.csv,0.416,17.18
2026-09-04T10:25:50.775166,HTTP,1,1,1,76,http-main-1-76,success,19.517,401,220380,211356,110580,-42,,,HTTP,http_main_1000_nosleep_20260904_102455.csv,0.401,19.116
2026-09-04T10:25:50.994846,HTTP,1,1,1,77,http-main-1-77,success,17.717,405,220368,211356,110580,-41,,,HTTP,http_main_1000_nosleep_20260904_102455.csv,0.405,17.311999999999998
2026-09-04T10:25:51.212714,HTTP,1,1,1,78,http-main-1-78,success,38.169,390,220384,211356,110580,-42,,,HTTP,http_main_1000_nosleep_20260904_102455.csv,0.39,37.778999999999996
2026-09-04T10:25:51.451031,HTTP,1,1,1,79,http-main-1-79,success,18.836,408,220356,211356,110580,-41,,,HTTP,http_main_1000_nosleep_20260904_102455.csv,0.408,18.427999999999997
2026-09-04T10:25:51.670017,HTTP,1,1,1,80,http-main-1-80,success,23.19,409,220376,211356,110580,-42,,,HTTP,http_main_1000_nosleep_20260904_102455.csv,0.409,22.781000000000002
2026-09-04T10:25:51.893382,HTTP,1,1,1,81,http-main-1-81,success,17.128,394,220388,211356,110580,-41,,,HTTP,http_main_1000_nosleep_20260904_102455.csv,0.394,16.734
2026-09-04T10:25:52.110674,HTTP,1,1,1,82,http-main-1-82,success,16.949,389,220356,211356,110580,-40,,,HTTP,http_main_1000_nosleep_20260904_102455.csv,0.389,16.560000000000002
2026-09-04T10:25:52.327774,HTTP,1,1,1,83,http-main-1-83,success,17.907,402,220396,211356,110580,-42,,,HTTP,http_main_1000_nosleep_20260904_102455.csv,0.402,17.505
2026-09-04T10:25:52.545829,HTTP,1,1,1,84,http-main-1-84,success,22.722,390,220372,211356,110580,-39,,,HTTP,http_main_1000_nosleep_20260904_102455.csv,0.39,22.332
2026-09-04T10:25:52.768696,HTTP,1,1,1,85,http-main-1-85,success,14.062,389,220372,211356,110580,-41,,,HTTP,http_main_1000_nosleep_20260904_102455.csv,0.389,13.673
2026-09-04T10:25:52.982907,HTTP,1,1,1,86,http-main-1-86,success,20.676,427,220164,211356,110580,-40,,,HTTP,http_main_1000_nosleep_20260904_102455.csv,0.427,20.249
2026-09-04T10:25:53.203737,HTTP,1,1,1,87,http-main-1-87,success,19.636,398,220380,211356,110580,-42,,,HTTP,http_main_1000_nosleep_20260904_102455.csv,0.398,19.238
2026-09-04T10:25:53.423519,HTTP,1,1,1,88,http-main-1-88,success,21.393,638,220308,211356,110580,-42,,,HTTP,http_main_1000_nosleep_20260904_102455.csv,0.638,20.755
2026-09-04T10:25:53.645053,HTTP,1,1,1,89,http-main-1-89,success,17.52,394,220372,211356,110580,-42,,,HTTP,http_main_1000_nosleep_20260904_102455.csv,0.394,17.126
2026-09-04T10:25:53.862717,HTTP,1,1,1,90,http-main-1-90,success,19.823,388,220356,211356,110580,-42,,,HTTP,http_main_1000_nosleep_20260904_102455.csv,0.388,19.435
2026-09-04T10:25:54.082699,HTTP,1,1,1,91,http-main-1-91,success,21.308,395,220384,211356,110580,-40,,,HTTP,http_main_1000_nosleep_20260904_102455.csv,0.395,20.913
2026-09-04T10:25:54.304159,HTTP,1,1,1,92,http-main-1-92,success,18.055,664,219956,211356,110580,-42,,,HTTP,http_main_1000_nosleep_20260904_102455.csv,0.664,17.391
2026-09-04T10:25:54.522354,HTTP,1,1,1,93,http-main-1-93,success,18.249,468,220060,211356,110580,-42,,,HTTP,http_main_1000_nosleep_20260904_102455.csv,0.468,17.781
2026-09-04T10:25:54.740745,HTTP,1,1,1,94,http-main-1-94,success,16.449,388,220368,211356,110580,-42,,,HTTP,http_main_1000_nosleep_20260904_102455.csv,0.388,16.061
2026-09-04T10:25:54.957334,HTTP,1,1,1,95,http-main-1-95,success,17.826,451,220092,211356,110580,-42,,,HTTP,http_main_1000_nosleep_20260904_102455.csv,0.451,17.375
2026-09-04T10:25:55.175309,HTTP,1,1,1,96,http-main-1-96,success,22.582,392,220384,211356,110580,-41,,,HTTP,http_main_1000_nosleep_20260904_102455.csv,0.392,22.19
2026-09-04T10:25:55.398037,HTTP,1,1,1,97,http-main-1-97,success,17.971,402,220348,211356,110580,-39,,,HTTP,http_main_1000_nosleep_20260904_102455.csv,0.402,17.569
2026-09-04T10:25:55.616152,HTTP,1,1,1,98,http-main-1-98,success,19.472,389,220380,211356,110580,-42,,,HTTP,http_main_1000_nosleep_20260904_102455.csv,0.389,19.083000000000002
2026-09-04T10:25:55.835766,HTTP,1,1,1,99,http-main-1-99,success,18.535,432,219820,211356,110580,-41,,,HTTP,http_main_1000_nosleep_20260904_102455.csv,0.432,18.103
2026-09-04T10:25:56.054477,HTTP,1,1,1,100,http-main-1-100,success,19.225,382,220300,211356,110580,-40,,,HTTP,http_main_1000_nosleep_20260904_102455.csv,0.382,18.843
2026-09-04T10:25:56.273885,HTTP,1,1,1,101,http-main-1-101,success,17.049,690,220100,211356,110580,-41,,,HTTP,http_main_1000_nosleep_20260904_102455.csv,0.69,16.358999999999998
2026-09-04T10:25:56.491082,HTTP,1,1,1,102,http-main-1-102,success,19.55,382,220304,211356,110580,-42,,,HTTP,http_main_1000_nosleep_20260904_102455.csv,0.382,19.168
2026-09-04T10:25:56.710775,HTTP,1,1,1,103,http-main-1-103,success,26.153,385,220308,211356,110580,-42,,,HTTP,http_main_1000_nosleep_20260904_102455.csv,0.385,25.767999999999997
2026-09-04T10:25:56.937078,HTTP,1,1,1,104,http-main-1-104,success,16.391,382,220284,211356,110580,-41,,,HTTP,http_main_1000_nosleep_20260904_102455.csv,0.382,16.008999999999997
2026-09-04T10:25:57.153633,HTTP,1,1,1,105,http-main-1-105,success,31.061,385,220320,211356,110580,-41,,,HTTP,http_main_1000_nosleep_20260904_102455.csv,0.385,30.676
2026-09-04T10:25:57.384840,HTTP,1,1,1,106,http-main-1-106,success,16.573,380,220288,211356,110580,-42,,,HTTP,http_main_1000_nosleep_20260904_102455.csv,0.38,16.193
2026-09-04T10:25:57.601555,HTTP,1,1,1,107,http-main-1-107,success,16.849,401,220280,211356,110580,-42,,,HTTP,http_main_1000_nosleep_20260904_102455.csv,0.401,16.448
2026-09-04T10:25:57.818547,HTTP,1,1,1,108,http-main-1-108,success,16.529,486,220068,211356,110580,-40,,,HTTP,http_main_1000_nosleep_20260904_102455.csv,0.486,16.043
2026-09-04T10:25:58.035233,HTTP,1,1,1,109,http-main-1-109,success,21.086,434,220296,211356,110580,-41,,,HTTP,http_main_1000_nosleep_20260904_102455.csv,0.434,20.651999999999997
2026-09-04T10:25:58.256470,HTTP,1,1,1,110,http-main-1-110,success,22.871,384,220312,211356,110580,-40,,,HTTP,http_main_1000_nosleep_20260904_102455.csv,0.384,22.487
2026-09-04T10:25:58.479486,HTTP,1,1,1,111,http-main-1-111,success,33.281,388,220100,211356,110580,-42,,,HTTP,http_main_1000_nosleep_20260904_102455.csv,0.388,32.893
2026-09-04T10:25:58.712907,HTTP,1,1,1,112,http-main-1-112,success,18.873,383,220308,211356,110580,-42,,,HTTP,http_main_1000_nosleep_20260904_102455.csv,0.383,18.490000000000002
2026-09-04T10:25:58.931922,HTTP,1,1,1,113,http-main-1-113,success,15.964,512,220104,211356,110580,-41,,,HTTP,http_main_1000_nosleep_20260904_102455.csv,0.512,15.452
2026-09-04T10:25:59.148039,HTTP,1,1,1,114,http-main-1-114,success,17.744,381,220300,211356,110580,-41,,,HTTP,http_main_1000_nosleep_20260904_102455.csv,0.381,17.363
2026-09-04T10:25:59.365919,HTTP,1,1,1,115,http-main-1-115,success,20.154,385,220304,211356,110580,-42,,,HTTP,http_main_1000_nosleep_20260904_102455.csv,0.385,19.769
2026-09-04T10:25:59.586209,HTTP,1,1,1,116,http-main-1-116,success,22.09,398,220320,211356,110580,-41,,,HTTP,http_main_1000_nosleep_20260904_102455.csv,0.398,21.692
2026-09-04T10:25:59.808440,HTTP,1,1,1,117,http-main-1-117,success,28.878,384,220316,211356,110580,-40,,,HTTP,http_main_1000_nosleep_20260904_102455.csv,0.384,28.494
2026-09-04T10:26:00.037476,HTTP,1,1,1,118,http-main-1-118,success,15.272,380,220316,211356,110580,-41,,,HTTP,http_main_1000_nosleep_20260904_102455.csv,0.38,14.892
2026-09-04T10:26:00.252901,HTTP,1,1,1,119,http-main-1-119,success,19.788,384,220120,211356,110580,-41,,,HTTP,http_main_1000_nosleep_20260904_102455.csv,0.384,19.404
2026-09-04T10:26:00.472831,HTTP,1,1,1,120,http-main-1-120,success,30.972,383,220320,211356,110580,-41,,,HTTP,http_main_1000_nosleep_20260904_102455.csv,0.383,30.589000000000002
2026-09-04T10:26:00.703972,HTTP,1,1,1,121,http-main-1-121,success,18.68,386,220296,211356,110580,-41,,,HTTP,http_main_1000_nosleep_20260904_102455.csv,0.386,18.294
2026-09-04T10:26:00.922815,HTTP,1,1,1,122,http-main-1-122,success,18.607,475,220300,211356,110580,-41,,,HTTP,http_main_1000_nosleep_20260904_102455.csv,0.475,18.131999999999998
2026-09-04T10:26:01.141590,HTTP,1,1,1,123,http-main-1-123,success,17.084,386,220316,211356,110580,-40,,,HTTP,http_main_1000_nosleep_20260904_102455.csv,0.386,16.698
2026-09-04T10:26:01.358833,HTTP,1,1,1,124,http-main-1-124,success,24.618,384,220316,211356,110580,-40,,,HTTP,http_main_1000_nosleep_20260904_102455.csv,0.384,24.233999999999998
2026-09-04T10:26:01.583589,HTTP,1,1,1,125,http-main-1-125,success,18.746,394,220304,211356,110580,-41,,,HTTP,http_main_1000_nosleep_20260904_102455.csv,0.394,18.352
2026-09-04T10:26:01.802477,HTTP,1,1,1,126,http-main-1-126,success,21.205,384,220292,211356,110580,-41,,,HTTP,http_main_1000_nosleep_20260904_102455.csv,0.384,20.820999999999998
2026-09-04T10:26:02.023843,HTTP,1,1,1,127,http-main-1-127,success,15.891,381,220288,211356,110580,-41,,,HTTP,http_main_1000_nosleep_20260904_102455.csv,0.381,15.51
2026-09-04T10:26:02.239875,HTTP,1,1,1,128,http-main-1-128,success,24.629,401,220064,211356,110580,-41,,,HTTP,http_main_1000_nosleep_20260904_102455.csv,0.401,24.228
2026-09-04T10:26:02.464637,HTTP,1,1,1,129,http-main-1-129,success,31.331,386,220292,211356,110580,-40,,,HTTP,http_main_1000_nosleep_20260904_102455.csv,0.386,30.945
2026-09-04T10:26:02.696103,HTTP,1,1,1,130,http-main-1-130,success,23.825,383,220300,211356,110580,-42,,,HTTP,http_main_1000_nosleep_20260904_102455.csv,0.383,23.442
2026-09-04T10:26:02.920066,HTTP,1,1,1,131,http-main-1-131,success,19.108,389,220280,211356,110580,-42,,,HTTP,http_main_1000_nosleep_20260904_102455.csv,0.389,18.719
2026-09-04T10:26:03.139327,HTTP,1,1,1,132,http-main-1-132,success,15.168,395,220308,211356,110580,-42,,,HTTP,http_main_1000_nosleep_20260904_102455.csv,0.395,14.773
2026-09-04T10:26:03.354634,HTTP,1,1,1,133,http-main-1-133,success,18.895,384,220288,211356,110580,-40,,,HTTP,http_main_1000_nosleep_20260904_102455.csv,0.384,18.511
2026-09-04T10:26:03.573664,HTTP,1,1,1,134,http-main-1-134,success,18.05,388,220292,211356,110580,-40,,,HTTP,http_main_1000_nosleep_20260904_102455.csv,0.388,17.662
2026-09-04T10:26:03.791855,HTTP,1,1,1,135,http-main-1-135,success,18.658,392,217876,211356,110580,-40,,,HTTP,http_main_1000_nosleep_20260904_102455.csv,0.392,18.266000000000002
2026-09-04T10:26:04.010669,HTTP,1,1,1,136,http-main-1-136,success,21.47,397,220284,211356,110580,-40,,,HTTP,http_main_1000_nosleep_20260904_102455.csv,0.397,21.073
2026-09-04T10:26:04.232288,HTTP,1,1,1,137,http-main-1-137,success,17.902,496,219696,211356,110580,-41,,,HTTP,http_main_1000_nosleep_20260904_102455.csv,0.496,17.406000000000002
2026-09-04T10:26:04.450329,HTTP,1,1,1,138,http-main-1-138,success,17.529,408,217668,211356,110580,-39,,,HTTP,http_main_1000_nosleep_20260904_102455.csv,0.408,17.121
2026-09-04T10:26:04.667998,HTTP,1,1,1,139,http-main-1-139,success,17.718,384,220320,211356,110580,-39,,,HTTP,http_main_1000_nosleep_20260904_102455.csv,0.384,17.334
2026-09-04T10:26:04.885861,HTTP,1,1,1,140,http-main-1-140,success,20.338,383,220284,211356,110580,-41,,,HTTP,http_main_1000_nosleep_20260904_102455.csv,0.383,19.955000000000002
2026-09-04T10:26:05.106383,HTTP,1,1,1,141,http-main-1-141,success,22.363,381,220304,211356,110580,-40,,,HTTP,http_main_1000_nosleep_20260904_102455.csv,0.381,21.982
2026-09-04T10:26:05.328888,HTTP,1,1,1,142,http-main-1-142,success,32.3,593,220120,211356,110580,-41,,,HTTP,http_main_1000_nosleep_20260904_102455.csv,0.593,31.706999999999997
2026-09-04T10:26:05.561322,HTTP,1,1,1,143,http-main-1-143,success,20.88,384,220328,211356,110580,-42,,,HTTP,http_main_1000_nosleep_20260904_102455.csv,0.384,20.496
2026-09-04T10:26:05.782338,HTTP,1,1,1,144,http-main-1-144,success,18.182,384,220324,211356,110580,-42,,,HTTP,http_main_1000_nosleep_20260904_102455.csv,0.384,17.798
2026-09-04T10:26:06.000671,HTTP,1,1,1,145,http-main-1-145,success,26.644,382,220308,211356,110580,-42,,,HTTP,http_main_1000_nosleep_20260904_102455.csv,0.382,26.261999999999997
2026-09-04T10:26:06.227466,HTTP,1,1,1,146,http-main-1-146,success,17.346,384,220308,211356,110580,-42,,,HTTP,http_main_1000_nosleep_20260904_102455.csv,0.384,16.962
2026-09-04T10:26:06.444953,HTTP,1,1,1,147,http-main-1-147,success,25.783,382,220316,211356,110580,-41,,,HTTP,http_main_1000_nosleep_20260904_102455.csv,0.382,25.401
2026-09-04T10:26:06.670874,HTTP,1,1,1,148,http-main-1-148,success,24.515,383,220320,211356,110580,-41,,,HTTP,http_main_1000_nosleep_20260904_102455.csv,0.383,24.132
2026-09-04T10:26:06.895529,HTTP,1,1,1,149,http-main-1-149,success,20.048,394,220088,211356,110580,-42,,,HTTP,http_main_1000_nosleep_20260904_102455.csv,0.394,19.654
2026-09-04T10:26:07.115733,HTTP,1,1,1,150,http-main-1-150,success,20.391,382,220300,211356,110580,-41,,,HTTP,http_main_1000_nosleep_20260904_102455.csv,0.382,20.008999999999997
2026-09-04T10:26:07.336263,HTTP,1,1,1,151,http-main-1-151,success,15.314,381,220292,211356,110580,-41,,,HTTP,http_main_1000_nosleep_20260904_102455.csv,0.381,14.933
2026-09-04T10:26:07.551713,HTTP,1,1,1,152,http-main-1-152,success,19.099,604,220060,211356,110580,-41,,,HTTP,http_main_1000_nosleep_20260904_102455.csv,0.604,18.495
2026-09-04T10:26:07.770947,HTTP,1,1,1,153,http-main-1-153,success,19.81,381,220312,211356,110580,-40,,,HTTP,http_main_1000_nosleep_20260904_102455.csv,0.381,19.429
2026-09-04T10:26:07.990911,HTTP,1,1,1,154,http-main-1-154,success,18.283,382,220292,211356,110580,-41,,,HTTP,http_main_1000_nosleep_20260904_102455.csv,0.382,17.901
2026-09-04T10:26:08.209341,HTTP,1,1,1,155,http-main-1-155,success,22.489,382,220084,211356,110580,-41,,,HTTP,http_main_1000_nosleep_20260904_102455.csv,0.382,22.107
2026-09-04T10:26:08.431966,HTTP,1,1,1,156,http-main-1-156,success,22.133,392,220300,211356,110580,-42,,,HTTP,http_main_1000_nosleep_20260904_102455.csv,0.392,21.741
2026-09-04T10:26:08.654233,HTTP,1,1,1,157,http-main-1-157,success,23.552,381,220316,211356,110580,-39,,,HTTP,http_main_1000_nosleep_20260904_102455.csv,0.381,23.171
2026-09-04T10:26:08.877944,HTTP,1,1,1,158,http-main-1-158,success,21.541,382,220320,211356,110580,-42,,,HTTP,http_main_1000_nosleep_20260904_102455.csv,0.382,21.159
2026-09-04T10:26:09.099648,HTTP,1,1,1,159,http-main-1-159,success,15.383,385,220292,211356,110580,-42,,,HTTP,http_main_1000_nosleep_20260904_102455.csv,0.385,14.998
2026-09-04T10:26:09.315179,HTTP,1,1,1,160,http-main-1-160,success,18.293,618,219876,211356,110580,-42,,,HTTP,http_main_1000_nosleep_20260904_102455.csv,0.618,17.675
2026-09-04T10:26:09.533636,HTTP,1,1,1,161,http-main-1-161,success,38.62,382,220324,211356,110580,-41,,,HTTP,http_main_1000_nosleep_20260904_102455.csv,0.382,38.238
2026-09-04T10:26:09.772394,HTTP,1,1,1,162,http-main-1-162,success,18.162,382,220320,211356,110580,-41,,,HTTP,http_main_1000_nosleep_20260904_102455.csv,0.382,17.779999999999998
2026-09-04T10:26:09.990712,HTTP,1,1,1,163,http-main-1-163,success,15.708,416,220316,211356,110580,-41,,,HTTP,http_main_1000_nosleep_20260904_102455.csv,0.416,15.292
2026-09-04T10:26:10.206588,HTTP,1,1,1,164,http-main-1-164,success,23.706,385,220312,211356,110580,-41,,,HTTP,http_main_1000_nosleep_20260904_102455.csv,0.385,23.320999999999998
2026-09-04T10:26:10.430436,HTTP,1,1,1,165,http-main-1-165,success,18.679,429,220340,211356,110580,-42,,,HTTP,http_main_1000_nosleep_20260904_102455.csv,0.429,18.25
2026-09-04T10:26:10.649255,HTTP,1,1,1,166,http-main-1-166,success,37.184,385,220312,211356,110580,-40,,,HTTP,http_main_1000_nosleep_20260904_102455.csv,0.385,36.799
2026-09-04T10:26:10.886581,HTTP,1,1,1,167,http-main-1-167,success,18.624,391,220304,211356,110580,-40,,,HTTP,http_main_1000_nosleep_20260904_102455.csv,0.391,18.232999999999997
2026-09-04T10:26:11.105360,HTTP,1,1,1,168,http-main-1-168,success,27.798,385,220304,211356,110580,-41,,,HTTP,http_main_1000_nosleep_20260904_102455.csv,0.385,27.412999999999997
2026-09-04T10:26:11.333302,HTTP,1,1,1,169,http-main-1-169,success,22.395,382,220296,211356,110580,-40,,,HTTP,http_main_1000_nosleep_20260904_102455.csv,0.382,22.012999999999998
2026-09-04T10:26:11.555837,HTTP,1,1,1,170,http-main-1-170,success,17.429,392,217868,211356,110580,-41,,,HTTP,http_main_1000_nosleep_20260904_102455.csv,0.392,17.037
2026-09-04T10:26:11.773403,HTTP,1,1,1,171,http-main-1-171,success,19.71,383,220296,211356,110580,-40,,,HTTP,http_main_1000_nosleep_20260904_102455.csv,0.383,19.327
2026-09-04T10:26:11.993268,HTTP,1,1,1,172,http-main-1-172,success,23.805,384,220312,211356,110580,-40,,,HTTP,http_main_1000_nosleep_20260904_102455.csv,0.384,23.421
2026-09-04T10:26:12.217222,HTTP,1,1,1,173,http-main-1-173,success,20.978,380,220304,211356,110580,-41,,,HTTP,http_main_1000_nosleep_20260904_102455.csv,0.38,20.598000000000003
2026-09-04T10:26:12.438340,HTTP,1,1,1,174,http-main-1-174,success,23.645,400,220292,211356,110580,-42,,,HTTP,http_main_1000_nosleep_20260904_102455.csv,0.4,23.245
2026-09-04T10:26:12.662118,HTTP,1,1,1,175,http-main-1-175,success,20.382,383,220292,211356,110580,-41,,,HTTP,http_main_1000_nosleep_20260904_102455.csv,0.383,19.999000000000002
2026-09-04T10:26:12.882640,HTTP,1,1,1,176,http-main-1-176,success,28.803,391,219672,211356,110580,-41,,,HTTP,http_main_1000_nosleep_20260904_102455.csv,0.391,28.412
2026-09-04T10:26:13.111600,HTTP,1,1,1,177,http-main-1-177,success,20.546,380,220292,211356,110580,-39,,,HTTP,http_main_1000_nosleep_20260904_102455.csv,0.38,20.166
2026-09-04T10:26:13.332286,HTTP,1,1,1,178,http-main-1-178,success,22.55,384,220288,211356,110580,-41,,,HTTP,http_main_1000_nosleep_20260904_102455.csv,0.384,22.166
2026-09-04T10:26:13.554971,HTTP,1,1,1,179,http-main-1-179,success,18.568,434,220288,211356,110580,-42,,,HTTP,http_main_1000_nosleep_20260904_102455.csv,0.434,18.134
2026-09-04T10:26:13.773674,HTTP,1,1,1,180,http-main-1-180,success,29.002,386,220312,211356,110580,-40,,,HTTP,http_main_1000_nosleep_20260904_102455.csv,0.386,28.616
2026-09-04T10:26:14.002869,HTTP,1,1,1,181,http-main-1-181,success,20.269,383,220292,211356,110580,-40,,,HTTP,http_main_1000_nosleep_20260904_102455.csv,0.383,19.886
2026-09-04T10:26:14.223296,HTTP,1,1,1,182,http-main-1-182,success,16.744,384,220320,211356,110580,-41,,,HTTP,http_main_1000_nosleep_20260904_102455.csv,0.384,16.36
2026-09-04T10:26:14.440185,HTTP,1,1,1,183,http-main-1-183,success,16.686,383,220320,211356,110580,-42,,,HTTP,http_main_1000_nosleep_20260904_102455.csv,0.383,16.303
2026-09-04T10:26:14.657006,HTTP,1,1,1,184,http-main-1-184,success,33.581,382,220288,211356,110580,-41,,,HTTP,http_main_1000_nosleep_20260904_102455.csv,0.382,33.199000000000005
2026-09-04T10:26:14.890738,HTTP,1,1,1,185,http-main-1-185,success,16.519,408,220288,211356,110580,-41,,,HTTP,http_main_1000_nosleep_20260904_102455.csv,0.408,16.110999999999997
2026-09-04T10:26:15.107415,HTTP,1,1,1,186,http-main-1-186,success,20.072,385,220292,211356,110580,-42,,,HTTP,http_main_1000_nosleep_20260904_102455.csv,0.385,19.686999999999998
2026-09-04T10:26:15.327626,HTTP,1,1,1,187,http-main-1-187,success,18.571,383,220300,211356,110580,-41,,,HTTP,http_main_1000_nosleep_20260904_102455.csv,0.383,18.188000000000002
2026-09-04T10:26:15.546336,HTTP,1,1,1,188,http-main-1-188,success,16.819,384,220316,211356,110580,-40,,,HTTP,http_main_1000_nosleep_20260904_102455.csv,0.384,16.435
2026-09-04T10:26:15.763290,HTTP,1,1,1,189,http-main-1-189,success,19.78,382,220296,211356,110580,-40,,,HTTP,http_main_1000_nosleep_20260904_102455.csv,0.382,19.398
2026-09-04T10:26:15.983216,HTTP,1,1,1,190,http-main-1-190,success,28.299,382,220300,211356,110580,-40,,,HTTP,http_main_1000_nosleep_20260904_102455.csv,0.382,27.916999999999998
2026-09-04T10:26:16.211679,HTTP,1,1,1,191,http-main-1-191,success,25.576,379,220280,211356,110580,-42,,,HTTP,http_main_1000_nosleep_20260904_102455.csv,0.379,25.197
2026-09-04T10:26:16.437397,HTTP,1,1,1,192,http-main-1-192,success,31.952,384,220324,211356,110580,-40,,,HTTP,http_main_1000_nosleep_20260904_102455.csv,0.384,31.568
2026-09-04T10:26:16.669491,HTTP,1,1,1,193,http-main-1-193,success,17.749,380,220320,211356,110580,-42,,,HTTP,http_main_1000_nosleep_20260904_102455.csv,0.38,17.369
2026-09-04T10:26:16.887388,HTTP,1,1,1,194,http-main-1-194,success,16.016,384,220320,211356,110580,-40,,,HTTP,http_main_1000_nosleep_20260904_102455.csv,0.384,15.631999999999998
2026-09-04T10:26:17.103560,HTTP,1,1,1,195,http-main-1-195,success,19.009,454,220292,211356,110580,-42,,,HTTP,http_main_1000_nosleep_20260904_102455.csv,0.454,18.555
2026-09-04T10:26:17.322710,HTTP,1,1,1,196,http-main-1-196,success,21.317,382,220308,211356,110580,-41,,,HTTP,http_main_1000_nosleep_20260904_102455.csv,0.382,20.935
2026-09-04T10:26:17.544172,HTTP,1,1,1,197,http-main-1-197,success,17.899,511,220104,211356,110580,-41,,,HTTP,http_main_1000_nosleep_20260904_102455.csv,0.511,17.388
2026-09-04T10:26:17.762205,HTTP,1,1,1,198,http-main-1-198,success,17.697,389,220292,211356,110580,-41,,,HTTP,http_main_1000_nosleep_20260904_102455.csv,0.389,17.308
2026-09-04T10:26:17.980049,HTTP,1,1,1,199,http-main-1-199,success,16.385,382,220296,211356,110580,-41,,,HTTP,http_main_1000_nosleep_20260904_102455.csv,0.382,16.003
2026-09-04T10:26:18.196593,HTTP,1,1,1,200,http-main-1-200,success,15.707,388,220316,211356,110580,-40,,,HTTP,http_main_1000_nosleep_20260904_102455.csv,0.388,15.319
2026-09-04T10:29:44.077590,HTTP,2,2,3,1,http-main-2-1,success,25.399,358,224012,211356,110580,-33,,,HTTP,http_main_1000_nosleep_20260904_102455.csv,0.358,25.041
2026-09-04T10:29:44.303215,HTTP,2,2,3,2,http-main-2-2,success,22.165,353,223744,211356,110580,-35,,,HTTP,http_main_1000_nosleep_20260904_102455.csv,0.353,21.811999999999998
2026-09-04T10:29:44.525554,HTTP,2,2,3,3,http-main-2-3,success,18.422,503,222868,211356,110580,-33,,,HTTP,http_main_1000_nosleep_20260904_102455.csv,0.503,17.919
2026-09-04T10:29:44.744137,HTTP,2,2,3,4,http-main-2-4,success,19.07,369,220804,211356,110580,-35,,,HTTP,http_main_1000_nosleep_20260904_102455.csv,0.369,18.701
2026-09-04T10:29:44.963364,HTTP,2,2,3,5,http-main-2-5,success,18.95,357,222984,211356,110580,-36,,,HTTP,http_main_1000_nosleep_20260904_102455.csv,0.357,18.593
2026-09-04T10:29:45.182482,HTTP,2,2,3,6,http-main-2-6,success,18.306,358,222720,211356,110580,-36,,,HTTP,http_main_1000_nosleep_20260904_102455.csv,0.358,17.948
2026-09-04T10:29:45.400946,HTTP,2,2,3,7,http-main-2-7,success,23.691,352,222444,211356,110580,-36,,,HTTP,http_main_1000_nosleep_20260904_102455.csv,0.352,23.339
2026-09-04T10:29:45.624787,HTTP,2,2,3,8,http-main-2-8,success,19.12,359,222176,211356,110580,-35,,,HTTP,http_main_1000_nosleep_20260904_102455.csv,0.359,18.761000000000003
2026-09-04T10:29:45.844054,HTTP,2,2,3,9,http-main-2-9,success,17.112,357,221920,211356,110580,-34,,,HTTP,http_main_1000_nosleep_20260904_102455.csv,0.357,16.755
2026-09-04T10:29:46.061329,HTTP,2,2,3,10,http-main-2-10,success,16.772,392,221692,211356,110580,-36,,,HTTP,http_main_1000_nosleep_20260904_102455.csv,0.392,16.38
2026-09-04T10:29:46.278251,HTTP,2,2,3,11,http-main-2-11,success,22.321,392,221412,211356,110580,-34,,,HTTP,http_main_1000_nosleep_20260904_102455.csv,0.392,21.929000000000002
2026-09-04T10:29:46.500718,HTTP,2,2,3,12,http-main-2-12,success,14.677,396,221152,211356,110580,-35,,,HTTP,http_main_1000_nosleep_20260904_102455.csv,0.396,14.280999999999999
2026-09-04T10:29:46.715539,HTTP,2,2,3,13,http-main-2-13,success,20.129,393,220892,211356,110580,-33,,,HTTP,http_main_1000_nosleep_20260904_102455.csv,0.393,19.736
2026-09-04T10:29:46.935818,HTTP,2,2,3,14,http-main-2-14,success,21.588,392,220632,211356,110580,-33,,,HTTP,http_main_1000_nosleep_20260904_102455.csv,0.392,21.196
2026-09-04T10:29:47.157571,HTTP,2,2,3,15,http-main-2-15,success,19.174,395,220372,211356,110580,-32,,,HTTP,http_main_1000_nosleep_20260904_102455.csv,0.395,18.779
2026-09-04T10:29:47.376899,HTTP,2,2,3,16,http-main-2-16,success,34.173,396,220372,211356,110580,-34,,,HTTP,http_main_1000_nosleep_20260904_102455.csv,0.396,33.777
2026-09-04T10:29:47.611221,HTTP,2,2,3,17,http-main-2-17,success,16.964,392,220372,211356,110580,-34,,,HTTP,http_main_1000_nosleep_20260904_102455.csv,0.392,16.572
2026-09-04T10:29:47.828333,HTTP,2,2,3,18,http-main-2-18,success,16.879,396,220380,211356,110580,-33,,,HTTP,http_main_1000_nosleep_20260904_102455.csv,0.396,16.483
2026-09-04T10:29:48.045369,HTTP,2,2,3,19,http-main-2-19,success,19.548,394,220372,211356,110580,-33,,,HTTP,http_main_1000_nosleep_20260904_102455.csv,0.394,19.154
2026-09-04T10:29:48.265071,HTTP,2,2,3,20,http-main-2-20,success,23.499,394,220360,211356,110580,-35,,,HTTP,http_main_1000_nosleep_20260904_102455.csv,0.394,23.105
2026-09-04T10:29:48.488744,HTTP,2,2,3,21,http-main-2-21,success,22.588,395,220360,211356,110580,-33,,,HTTP,http_main_1000_nosleep_20260904_102455.csv,0.395,22.193
2026-09-04T10:29:48.711474,HTTP,2,2,3,22,http-main-2-22,success,16.655,394,220388,211356,110580,-34,,,HTTP,http_main_1000_nosleep_20260904_102455.csv,0.394,16.261000000000003
2026-09-04T10:29:48.928271,HTTP,2,2,3,23,http-main-2-23,success,21.942,395,220392,211356,110580,-33,,,HTTP,http_main_1000_nosleep_20260904_102455.csv,0.395,21.547
2026-09-04T10:29:49.150375,HTTP,2,2,3,24,http-main-2-24,success,14.916,392,220392,211356,110580,-34,,,HTTP,http_main_1000_nosleep_20260904_102455.csv,0.392,14.524000000000001
2026-09-04T10:29:49.365445,HTTP,2,2,3,25,http-main-2-25,success,20.195,466,219880,211356,110580,-33,,,HTTP,http_main_1000_nosleep_20260904_102455.csv,0.466,19.729
2026-09-04T10:29:49.585788,HTTP,2,2,3,26,http-main-2-26,success,22.07,392,220388,211356,110580,-34,,,HTTP,http_main_1000_nosleep_20260904_102455.csv,0.392,21.678
2026-09-04T10:29:49.808006,HTTP,2,2,3,27,http-main-2-27,success,18.338,543,220384,211356,110580,-34,,,HTTP,http_main_1000_nosleep_20260904_102455.csv,0.543,17.795
2026-09-04T10:29:50.026510,HTTP,2,2,3,28,http-main-2-28,success,16.011,400,220368,211356,110580,-31,,,HTTP,http_main_1000_nosleep_20260904_102455.csv,0.4,15.610999999999999
2026-09-04T10:29:50.242679,HTTP,2,2,3,29,http-main-2-29,success,19.4,394,220368,211356,110580,-35,,,HTTP,http_main_1000_nosleep_20260904_102455.csv,0.394,19.006
2026-09-04T10:29:50.462231,HTTP,2,2,3,30,http-main-2-30,success,18.497,396,220176,211356,110580,-35,,,HTTP,http_main_1000_nosleep_20260904_102455.csv,0.396,18.101
2026-09-04T10:29:50.680875,HTTP,2,2,3,31,http-main-2-31,success,16.159,392,220388,211356,110580,-35,,,HTTP,http_main_1000_nosleep_20260904_102455.csv,0.392,15.767
2026-09-04T10:29:50.897181,HTTP,2,2,3,32,http-main-2-32,success,19.022,391,220380,211356,110580,-36,,,HTTP,http_main_1000_nosleep_20260904_102455.csv,0.391,18.631
2026-09-04T10:29:51.116362,HTTP,2,2,3,33,http-main-2-33,success,21.041,394,220380,211356,110580,-34,,,HTTP,http_main_1000_nosleep_20260904_102455.csv,0.394,20.647000000000002
2026-09-04T10:29:51.337555,HTTP,2,2,3,34,http-main-2-34,success,24.035,389,220372,211356,110580,-34,,,HTTP,http_main_1000_nosleep_20260904_102455.csv,0.389,23.646
2026-09-04T10:29:51.561738,HTTP,2,2,3,35,http-main-2-35,success,18.116,394,220392,211356,110580,-34,,,HTTP,http_main_1000_nosleep_20260904_102455.csv,0.394,17.722
2026-09-04T10:29:51.779998,HTTP,2,2,3,36,http-main-2-36,success,21.879,393,220380,211356,110580,-34,,,HTTP,http_main_1000_nosleep_20260904_102455.csv,0.393,21.486
2026-09-04T10:29:52.002050,HTTP,2,2,3,37,http-main-2-37,success,18.383,389,220180,211356,110580,-36,,,HTTP,http_main_1000_nosleep_20260904_102455.csv,0.389,17.994
2026-09-04T10:29:52.220605,HTTP,2,2,3,38,http-main-2-38,success,18.519,512,220188,211356,110580,-32,,,HTTP,http_main_1000_nosleep_20260904_102455.csv,0.512,18.006999999999998
2026-09-04T10:29:52.439280,HTTP,2,2,3,39,http-main-2-39,success,18.608,407,219740,211356,110580,-31,,,HTTP,http_main_1000_nosleep_20260904_102455.csv,0.407,18.201
2026-09-04T10:29:52.658036,HTTP,2,2,3,40,http-main-2-40,success,18.05,389,220396,211356,110580,-33,,,HTTP,http_main_1000_nosleep_20260904_102455.csv,0.389,17.661
2026-09-04T10:29:52.876259,HTTP,2,2,3,41,http-main-2-41,success,22.624,579,220376,211356,110580,-33,,,HTTP,http_main_1000_nosleep_20260904_102455.csv,0.579,22.044999999999998
2026-09-04T10:29:53.099052,HTTP,2,2,3,42,http-main-2-42,success,20.544,409,217948,211356,110580,-41,,,HTTP,http_main_1000_nosleep_20260904_102455.csv,0.409,20.135
2026-09-04T10:29:53.319750,HTTP,2,2,3,43,http-main-2-43,success,18.28,456,219812,211356,110580,-39,,,HTTP,http_main_1000_nosleep_20260904_102455.csv,0.456,17.824
2026-09-04T10:29:53.538177,HTTP,2,2,3,44,http-main-2-44,success,20.216,458,220164,211356,110580,-41,,,HTTP,http_main_1000_nosleep_20260904_102455.csv,0.458,19.758000000000003
2026-09-04T10:29:53.758535,HTTP,2,2,3,45,http-main-2-45,success,15.157,392,220352,211356,110580,-39,,,HTTP,http_main_1000_nosleep_20260904_102455.csv,0.392,14.765
2026-09-04T10:29:53.973838,HTTP,2,2,3,46,http-main-2-46,success,18.102,393,220360,211356,110580,-40,,,HTTP,http_main_1000_nosleep_20260904_102455.csv,0.393,17.709
2026-09-04T10:29:54.192098,HTTP,2,2,3,47,http-main-2-47,success,20.827,389,220360,211356,110580,-40,,,HTTP,http_main_1000_nosleep_20260904_102455.csv,0.389,20.438000000000002
2026-09-04T10:29:54.413074,HTTP,2,2,3,48,http-main-2-48,success,20.834,661,220372,211356,110580,-41,,,HTTP,http_main_1000_nosleep_20260904_102455.csv,0.661,20.173
2026-09-04T10:29:54.634052,HTTP,2,2,3,49,http-main-2-49,success,19.179,392,220368,211356,110580,-41,,,HTTP,http_main_1000_nosleep_20260904_102455.csv,0.392,18.787
2026-09-04T10:29:54.853376,HTTP,2,2,3,50,http-main-2-50,success,17.116,391,220368,211356,110580,-39,,,HTTP,http_main_1000_nosleep_20260904_102455.csv,0.391,16.725
2026-09-04T10:29:55.070650,HTTP,2,2,3,51,http-main-2-51,success,16.731,392,220368,211356,110580,-40,,,HTTP,http_main_1000_nosleep_20260904_102455.csv,0.392,16.339000000000002
2026-09-04T10:29:55.287530,HTTP,2,2,3,52,http-main-2-52,success,16.922,399,220368,211356,110580,-40,,,HTTP,http_main_1000_nosleep_20260904_102455.csv,0.399,16.523
2026-09-04T10:29:55.504597,HTTP,2,2,3,53,http-main-2-53,success,19.787,403,220368,211356,110580,-40,,,HTTP,http_main_1000_nosleep_20260904_102455.csv,0.403,19.384
2026-09-04T10:29:55.724529,HTTP,2,2,3,54,http-main-2-54,success,15.366,396,220368,211356,110580,-40,,,HTTP,http_main_1000_nosleep_20260904_102455.csv,0.396,14.969999999999999
2026-09-04T10:29:55.940040,HTTP,2,2,3,55,http-main-2-55,success,29.513,386,220372,211356,110580,-39,,,HTTP,http_main_1000_nosleep_20260904_102455.csv,0.386,29.127000000000002
2026-09-04T10:29:56.169713,HTTP,2,2,3,56,http-main-2-56,success,16.57,389,220384,211356,110580,-38,,,HTTP,http_main_1000_nosleep_20260904_102455.csv,0.389,16.181
2026-09-04T10:29:56.386433,HTTP,2,2,3,57,http-main-2-57,success,19.868,394,220376,211356,110580,-38,,,HTTP,http_main_1000_nosleep_20260904_102455.csv,0.394,19.474
2026-09-04T10:29:56.606444,HTTP,2,2,3,58,http-main-2-58,success,17.995,393,220372,211356,110580,-39,,,HTTP,http_main_1000_nosleep_20260904_102455.csv,0.393,17.602
2026-09-04T10:29:56.824584,HTTP,2,2,3,59,http-main-2-59,success,19.236,395,220400,211356,110580,-39,,,HTTP,http_main_1000_nosleep_20260904_102455.csv,0.395,18.841
2026-09-04T10:29:57.043973,HTTP,2,2,3,60,http-main-2-60,success,15.349,400,220364,211356,110580,-38,,,HTTP,http_main_1000_nosleep_20260904_102455.csv,0.4,14.949
2026-09-04T10:29:57.259497,HTTP,2,2,3,61,http-main-2-61,success,20.564,401,220372,211356,110580,-39,,,HTTP,http_main_1000_nosleep_20260904_102455.csv,0.401,20.163
2026-09-04T10:29:57.480204,HTTP,2,2,3,62,http-main-2-62,success,24.269,389,220352,211356,110580,-38,,,HTTP,http_main_1000_nosleep_20260904_102455.csv,0.389,23.88
2026-09-04T10:29:57.704615,HTTP,2,2,3,63,http-main-2-63,success,19.282,440,220384,211356,110580,-37,,,HTTP,http_main_1000_nosleep_20260904_102455.csv,0.44,18.842
2026-09-04T10:29:57.924041,HTTP,2,2,3,64,http-main-2-64,success,13.958,398,219984,211356,110580,-37,,,HTTP,http_main_1000_nosleep_20260904_102455.csv,0.398,13.56
2026-09-04T10:29:58.138166,HTTP,2,2,3,65,http-main-2-65,success,20.172,402,220364,211356,110580,-38,,,HTTP,http_main_1000_nosleep_20260904_102455.csv,0.402,19.77
2026-09-04T10:29:58.358491,HTTP,2,2,3,66,http-main-2-66,success,16.121,814,219952,211356,110580,-37,,,HTTP,http_main_1000_nosleep_20260904_102455.csv,0.814,15.306999999999999
2026-09-04T10:29:58.574757,HTTP,2,2,3,67,http-main-2-67,success,15.857,413,220376,211356,110580,-37,,,HTTP,http_main_1000_nosleep_20260904_102455.csv,0.413,15.443999999999999
2026-09-04T10:29:58.790758,HTTP,2,2,3,68,http-main-2-68,success,20.82,394,220384,211356,110580,-39,,,HTTP,http_main_1000_nosleep_20260904_102455.csv,0.394,20.426000000000002
2026-09-04T10:29:59.011737,HTTP,2,2,3,69,http-main-2-69,success,17.711,393,220352,211356,110580,-39,,,HTTP,http_main_1000_nosleep_20260904_102455.csv,0.393,17.317999999999998
2026-09-04T10:29:59.229598,HTTP,2,2,3,70,http-main-2-70,success,20.13,391,220388,211356,110580,-37,,,HTTP,http_main_1000_nosleep_20260904_102455.csv,0.391,19.738999999999997
2026-09-04T10:29:59.449875,HTTP,2,2,3,71,http-main-2-71,success,18.973,390,220368,211004,110580,-38,,,HTTP,http_main_1000_nosleep_20260904_102455.csv,0.39,18.583
2026-09-04T10:29:59.668992,HTTP,2,2,3,72,http-main-2-72,success,17.358,393,220364,211004,110580,-38,,,HTTP,http_main_1000_nosleep_20260904_102455.csv,0.393,16.965
2026-09-04T10:29:59.886494,HTTP,2,2,3,73,http-main-2-73,success,16.718,389,220392,211004,110580,-38,,,HTTP,http_main_1000_nosleep_20260904_102455.csv,0.389,16.329
2026-09-04T10:30:00.103371,HTTP,2,2,3,74,http-main-2-74,success,17.922,398,220392,211004,110580,-38,,,HTTP,http_main_1000_nosleep_20260904_102455.csv,0.398,17.524
2026-09-04T10:30:00.321441,HTTP,2,2,3,75,http-main-2-75,success,21.186,395,220388,211004,110580,-38,,,HTTP,http_main_1000_nosleep_20260904_102455.csv,0.395,20.791
2026-09-04T10:30:00.542769,HTTP,2,2,3,76,http-main-2-76,success,17.695,391,220368,211004,110580,-39,,,HTTP,http_main_1000_nosleep_20260904_102455.csv,0.391,17.304000000000002
2026-09-04T10:30:00.760609,HTTP,2,2,3,77,http-main-2-77,success,31.76,393,220392,211004,110580,-40,,,HTTP,http_main_1000_nosleep_20260904_102455.csv,0.393,31.367
2026-09-04T10:30:00.992529,HTTP,2,2,3,78,http-main-2-78,success,18.396,392,220364,211004,110580,-37,,,HTTP,http_main_1000_nosleep_20260904_102455.csv,0.392,18.004
2026-09-04T10:30:01.211086,HTTP,2,2,3,79,http-main-2-79,success,18.452,391,220360,211004,110580,-38,,,HTTP,http_main_1000_nosleep_20260904_102455.csv,0.391,18.061
2026-09-04T10:30:01.429688,HTTP,2,2,3,80,http-main-2-80,success,15.874,406,220364,211004,110580,-39,,,HTTP,http_main_1000_nosleep_20260904_102455.csv,0.406,15.468
2026-09-04T10:30:01.645731,HTTP,2,2,3,81,http-main-2-81,success,21.299,394,220368,211004,110580,-39,,,HTTP,http_main_1000_nosleep_20260904_102455.csv,0.394,20.905
2026-09-04T10:30:01.867176,HTTP,2,2,3,82,http-main-2-82,success,19.465,393,220388,211004,110580,-38,,,HTTP,http_main_1000_nosleep_20260904_102455.csv,0.393,19.072
2026-09-04T10:30:02.086818,HTTP,2,2,3,83,http-main-2-83,success,27.406,390,220368,211004,110580,-36,,,HTTP,http_main_1000_nosleep_20260904_102455.csv,0.39,27.016
2026-09-04T10:30:02.314375,HTTP,2,2,3,84,http-main-2-84,success,16.055,390,220352,211004,110580,-37,,,HTTP,http_main_1000_nosleep_20260904_102455.csv,0.39,15.665
2026-09-04T10:30:02.530574,HTTP,2,2,3,85,http-main-2-85,success,15.419,394,220360,211004,110580,-39,,,HTTP,http_main_1000_nosleep_20260904_102455.csv,0.394,15.025
2026-09-04T10:30:02.746136,HTTP,2,2,3,86,http-main-2-86,success,19.143,396,220380,211004,110580,-39,,,HTTP,http_main_1000_nosleep_20260904_102455.csv,0.396,18.747
2026-09-04T10:30:02.965422,HTTP,2,2,3,87,http-main-2-87,success,20.721,393,220352,211004,110580,-39,,,HTTP,http_main_1000_nosleep_20260904_102455.csv,0.393,20.328
2026-09-04T10:30:03.186303,HTTP,2,2,3,88,http-main-2-88,success,19.318,395,220380,211004,110580,-38,,,HTTP,http_main_1000_nosleep_20260904_102455.csv,0.395,18.923000000000002
2026-09-04T10:30:03.405772,HTTP,2,2,3,89,http-main-2-89,success,17.559,403,220384,211004,110580,-38,,,HTTP,http_main_1000_nosleep_20260904_102455.csv,0.403,17.156000000000002
2026-09-04T10:30:03.623474,HTTP,2,2,3,90,http-main-2-90,success,16.963,400,220384,211004,110580,-39,,,HTTP,http_main_1000_nosleep_20260904_102455.csv,0.4,16.563000000000002
2026-09-04T10:30:03.840580,HTTP,2,2,3,91,http-main-2-91,success,22.975,388,220384,211004,110580,-39,,,HTTP,http_main_1000_nosleep_20260904_102455.csv,0.388,22.587
2026-09-04T10:30:04.063721,HTTP,2,2,3,92,http-main-2-92,success,16.705,409,220380,211004,110580,-39,,,HTTP,http_main_1000_nosleep_20260904_102455.csv,0.409,16.296
2026-09-04T10:30:04.280579,HTTP,2,2,3,93,http-main-2-93,success,16.556,393,220368,211004,110580,-38,,,HTTP,http_main_1000_nosleep_20260904_102455.csv,0.393,16.163
2026-09-04T10:30:04.497283,HTTP,2,2,3,94,http-main-2-94,success,21.603,401,220368,211004,110580,-39,,,HTTP,http_main_1000_nosleep_20260904_102455.csv,0.401,21.202
2026-09-04T10:30:04.719028,HTTP,2,2,3,95,http-main-2-95,success,17.671,399,220392,211004,110580,-38,,,HTTP,http_main_1000_nosleep_20260904_102455.csv,0.399,17.272
2026-09-04T10:30:04.936843,HTTP,2,2,3,96,http-main-2-96,success,19.282,392,220376,211004,110580,-38,,,HTTP,http_main_1000_nosleep_20260904_102455.csv,0.392,18.89
2026-09-04T10:30:05.156282,HTTP,2,2,3,97,http-main-2-97,success,17.975,391,220388,211004,110580,-39,,,HTTP,http_main_1000_nosleep_20260904_102455.csv,0.391,17.584000000000003
2026-09-04T10:30:05.374408,HTTP,2,2,3,98,http-main-2-98,success,22.711,391,220380,211004,110580,-38,,,HTTP,http_main_1000_nosleep_20260904_102455.csv,0.391,22.32
2026-09-04T10:30:05.597261,HTTP,2,2,3,99,http-main-2-99,success,17.047,394,220356,211004,110580,-37,,,HTTP,http_main_1000_nosleep_20260904_102455.csv,0.394,16.653000000000002
2026-09-04T10:30:05.814452,HTTP,2,2,3,100,http-main-2-100,success,16.588,384,220304,211004,110580,-38,,,HTTP,http_main_1000_nosleep_20260904_102455.csv,0.384,16.204
2026-09-04T10:30:06.031223,HTTP,2,2,3,101,http-main-2-101,success,16.789,382,220308,211004,110580,-37,,,HTTP,http_main_1000_nosleep_20260904_102455.csv,0.382,16.407
2026-09-04T10:30:06.248165,HTTP,2,2,3,102,http-main-2-102,success,15.677,406,220292,211004,110580,-38,,,HTTP,http_main_1000_nosleep_20260904_102455.csv,0.406,15.270999999999999
2026-09-04T10:30:06.463991,HTTP,2,2,3,103,http-main-2-103,success,19.338,395,220280,211004,110580,-39,,,HTTP,http_main_1000_nosleep_20260904_102455.csv,0.395,18.943
2026-09-04T10:30:06.683485,HTTP,2,2,3,104,http-main-2-104,success,24.38,393,220324,211004,110580,-39,,,HTTP,http_main_1000_nosleep_20260904_102455.csv,0.393,23.987
2026-09-04T10:30:06.908023,HTTP,2,2,3,105,http-main-2-105,success,19.161,380,220292,211004,110580,-39,,,HTTP,http_main_1000_nosleep_20260904_102455.csv,0.38,18.781000000000002
2026-09-04T10:30:07.127353,HTTP,2,2,3,106,http-main-2-106,success,15.833,396,220084,211004,110580,-36,,,HTTP,http_main_1000_nosleep_20260904_102455.csv,0.396,15.437
2026-09-04T10:30:07.343337,HTTP,2,2,3,107,http-main-2-107,success,17.68,385,220324,211004,110580,-38,,,HTTP,http_main_1000_nosleep_20260904_102455.csv,0.385,17.294999999999998
2026-09-04T10:30:07.561163,HTTP,2,2,3,108,http-main-2-108,success,16.811,410,220320,211004,110580,-39,,,HTTP,http_main_1000_nosleep_20260904_102455.csv,0.41,16.401
2026-09-04T10:30:07.778116,HTTP,2,2,3,109,http-main-2-109,success,18.197,382,220104,211004,110580,-38,,,HTTP,http_main_1000_nosleep_20260904_102455.csv,0.382,17.814999999999998
2026-09-04T10:30:07.996483,HTTP,2,2,3,110,http-main-2-110,success,23.292,521,220104,211004,110580,-38,,,HTTP,http_main_1000_nosleep_20260904_102455.csv,0.521,22.771
2026-09-04T10:30:08.219934,HTTP,2,2,3,111,http-main-2-111,success,17.574,555,217680,211004,110580,-38,,,HTTP,http_main_1000_nosleep_20260904_102455.csv,0.555,17.019000000000002
2026-09-04T10:30:08.437655,HTTP,2,2,3,112,http-main-2-112,success,25.263,386,220324,211004,110580,-38,,,HTTP,http_main_1000_nosleep_20260904_102455.csv,0.386,24.877000000000002
2026-09-04T10:30:08.663059,HTTP,2,2,3,113,http-main-2-113,success,15.489,396,217836,211004,110580,-38,,,HTTP,http_main_1000_nosleep_20260904_102455.csv,0.396,15.093
2026-09-04T10:30:08.878698,HTTP,2,2,3,114,http-main-2-114,success,18.269,385,220312,211004,110580,-38,,,HTTP,http_main_1000_nosleep_20260904_102455.csv,0.385,17.883999999999997
2026-09-04T10:30:09.097147,HTTP,2,2,3,115,http-main-2-115,success,23.63,384,220296,211004,110580,-38,,,HTTP,http_main_1000_nosleep_20260904_102455.csv,0.384,23.246
2026-09-04T10:30:09.320946,HTTP,2,2,3,116,http-main-2-116,success,18.82,382,220312,211004,110580,-39,,,HTTP,http_main_1000_nosleep_20260904_102455.csv,0.382,18.438
2026-09-04T10:30:09.539912,HTTP,2,2,3,117,http-main-2-117,success,17.944,395,220308,211004,110580,-38,,,HTTP,http_main_1000_nosleep_20260904_102455.csv,0.395,17.549
2026-09-04T10:30:09.757997,HTTP,2,2,3,118,http-main-2-118,success,24.105,417,220304,211004,110580,-39,,,HTTP,http_main_1000_nosleep_20260904_102455.csv,0.417,23.688
2026-09-04T10:30:09.982254,HTTP,2,2,3,119,http-main-2-119,success,24.296,381,220304,211004,110580,-38,,,HTTP,http_main_1000_nosleep_20260904_102455.csv,0.381,23.915
2026-09-04T10:30:10.206739,HTTP,2,2,3,120,http-main-2-120,success,21.821,389,220284,211004,110580,-38,,,HTTP,http_main_1000_nosleep_20260904_102455.csv,0.389,21.432000000000002
2026-09-04T10:30:10.428743,HTTP,2,2,3,121,http-main-2-121,success,30.584,384,220304,211004,110580,-40,,,HTTP,http_main_1000_nosleep_20260904_102455.csv,0.384,30.2
2026-09-04T10:30:10.659469,HTTP,2,2,3,122,http-main-2-122,success,17.429,396,217880,211004,110580,-38,,,HTTP,http_main_1000_nosleep_20260904_102455.csv,0.396,17.032999999999998
2026-09-04T10:30:10.877047,HTTP,2,2,3,123,http-main-2-123,success,16.505,386,220312,211004,110580,-38,,,HTTP,http_main_1000_nosleep_20260904_102455.csv,0.386,16.119
2026-09-04T10:30:11.093726,HTTP,2,2,3,124,http-main-2-124,success,19.541,384,220300,211004,110580,-38,,,HTTP,http_main_1000_nosleep_20260904_102455.csv,0.384,19.157
2026-09-04T10:30:11.313414,HTTP,2,2,3,125,http-main-2-125,success,16.321,387,220284,211004,110580,-39,,,HTTP,http_main_1000_nosleep_20260904_102455.csv,0.387,15.934000000000001
2026-09-04T10:30:11.529874,HTTP,2,2,3,126,http-main-2-126,success,19.169,383,220300,211004,110580,-38,,,HTTP,http_main_1000_nosleep_20260904_102455.csv,0.383,18.786
2026-09-04T10:30:11.749182,HTTP,2,2,3,127,http-main-2-127,success,17.49,385,220320,211004,110580,-38,,,HTTP,http_main_1000_nosleep_20260904_102455.csv,0.385,17.104999999999997
2026-09-04T10:30:11.966827,HTTP,2,2,3,128,http-main-2-128,success,23.707,385,220320,211004,110580,-40,,,HTTP,http_main_1000_nosleep_20260904_102455.csv,0.385,23.322
2026-09-04T10:30:12.190691,HTTP,2,2,3,129,http-main-2-129,success,17.048,453,220296,211004,110580,-39,,,HTTP,http_main_1000_nosleep_20260904_102455.csv,0.453,16.595
2026-09-04T10:30:12.407879,HTTP,2,2,3,130,http-main-2-130,success,16.634,389,220304,211004,110580,-39,,,HTTP,http_main_1000_nosleep_20260904_102455.csv,0.389,16.245
2026-09-04T10:30:12.624647,HTTP,2,2,3,131,http-main-2-131,success,19.779,452,220060,211004,110580,-38,,,HTTP,http_main_1000_nosleep_20260904_102455.csv,0.452,19.326999999999998
2026-09-04T10:30:12.844566,HTTP,2,2,3,132,http-main-2-132,success,21.699,382,220312,211004,110580,-40,,,HTTP,http_main_1000_nosleep_20260904_102455.csv,0.382,21.317
2026-09-04T10:30:13.066422,HTTP,2,2,3,133,http-main-2-133,success,19.518,383,220288,211004,110580,-39,,,HTTP,http_main_1000_nosleep_20260904_102455.csv,0.383,19.135
2026-09-04T10:30:13.286089,HTTP,2,2,3,134,http-main-2-134,success,16.57,397,220304,211004,110580,-37,,,HTTP,http_main_1000_nosleep_20260904_102455.csv,0.397,16.173000000000002
2026-09-04T10:30:13.502807,HTTP,2,2,3,135,http-main-2-135,success,18.39,385,220292,211004,110580,-38,,,HTTP,http_main_1000_nosleep_20260904_102455.csv,0.385,18.005
2026-09-04T10:30:13.721331,HTTP,2,2,3,136,http-main-2-136,success,19.711,386,220292,211004,110580,-39,,,HTTP,http_main_1000_nosleep_20260904_102455.csv,0.386,19.325
2026-09-04T10:30:13.941182,HTTP,2,2,3,137,http-main-2-137,success,32.811,385,220308,211004,110580,-38,,,HTTP,http_main_1000_nosleep_20260904_102455.csv,0.385,32.426
2026-09-04T10:30:14.174148,HTTP,2,2,3,138,http-main-2-138,success,24.841,383,220284,211004,110580,-40,,,HTTP,http_main_1000_nosleep_20260904_102455.csv,0.383,24.458000000000002
2026-09-04T10:30:14.399139,HTTP,2,2,3,139,http-main-2-139,success,18.681,382,220300,211004,110580,-39,,,HTTP,http_main_1000_nosleep_20260904_102455.csv,0.382,18.299
2026-09-04T10:30:14.617960,HTTP,2,2,3,140,http-main-2-140,success,20.624,392,217860,211004,110580,-39,,,HTTP,http_main_1000_nosleep_20260904_102455.csv,0.392,20.232
2026-09-04T10:30:14.838754,HTTP,2,2,3,141,http-main-2-141,success,15.243,384,220288,211004,110580,-39,,,HTTP,http_main_1000_nosleep_20260904_102455.csv,0.384,14.859
2026-09-04T10:30:15.054168,HTTP,2,2,3,142,http-main-2-142,success,19.416,382,220300,211004,110580,-39,,,HTTP,http_main_1000_nosleep_20260904_102455.csv,0.382,19.034
2026-09-04T10:30:15.273730,HTTP,2,2,3,143,http-main-2-143,success,18.561,418,220120,211004,110580,-38,,,HTTP,http_main_1000_nosleep_20260904_102455.csv,0.418,18.143
2026-09-04T10:30:15.492430,HTTP,2,2,3,144,http-main-2-144,success,34.245,396,220304,211004,110580,-37,,,HTTP,http_main_1000_nosleep_20260904_102455.csv,0.396,33.849
2026-09-04T10:30:15.726821,HTTP,2,2,3,145,http-main-2-145,success,19.68,385,220320,211004,110580,-40,,,HTTP,http_main_1000_nosleep_20260904_102455.csv,0.385,19.294999999999998
2026-09-04T10:30:15.946645,HTTP,2,2,3,146,http-main-2-146,success,18.257,382,220328,211004,110580,-39,,,HTTP,http_main_1000_nosleep_20260904_102455.csv,0.382,17.875
2026-09-04T10:30:16.165070,HTTP,2,2,3,147,http-main-2-147,success,18.154,383,220104,211004,110580,-39,,,HTTP,http_main_1000_nosleep_20260904_102455.csv,0.383,17.771
2026-09-04T10:30:16.383365,HTTP,2,2,3,148,http-main-2-148,success,21.458,383,220300,211004,110580,-39,,,HTTP,http_main_1000_nosleep_20260904_102455.csv,0.383,21.075
2026-09-04T10:30:16.604958,HTTP,2,2,3,149,http-main-2-149,success,17.021,385,220316,211004,110580,-40,,,HTTP,http_main_1000_nosleep_20260904_102455.csv,0.385,16.636
2026-09-04T10:30:16.822125,HTTP,2,2,3,150,http-main-2-150,success,29.183,381,220320,211004,110580,-40,,,HTTP,http_main_1000_nosleep_20260904_102455.csv,0.381,28.802
2026-09-04T10:30:17.051469,HTTP,2,2,3,151,http-main-2-151,success,24.009,395,220280,211004,110580,-38,,,HTTP,http_main_1000_nosleep_20260904_102455.csv,0.395,23.614
2026-09-04T10:30:17.275620,HTTP,2,2,3,152,http-main-2-152,success,15.99,456,220308,211004,110580,-36,,,HTTP,http_main_1000_nosleep_20260904_102455.csv,0.456,15.534
2026-09-04T10:30:17.491745,HTTP,2,2,3,153,http-main-2-153,success,21.364,384,220300,211004,110580,-40,,,HTTP,http_main_1000_nosleep_20260904_102455.csv,0.384,20.98
2026-09-04T10:30:17.713244,HTTP,2,2,3,154,http-main-2-154,success,14.908,401,220316,211004,110580,-40,,,HTTP,http_main_1000_nosleep_20260904_102455.csv,0.401,14.507
2026-09-04T10:30:17.928299,HTTP,2,2,3,155,http-main-2-155,success,14.785,431,220284,211004,110580,-39,,,HTTP,http_main_1000_nosleep_20260904_102455.csv,0.431,14.354000000000001
2026-09-04T10:30:18.143248,HTTP,2,2,3,156,http-main-2-156,success,16.775,441,220312,211004,110580,-40,,,HTTP,http_main_1000_nosleep_20260904_102455.csv,0.441,16.334
2026-09-04T10:30:18.360171,HTTP,2,2,3,157,http-main-2-157,success,19.814,394,220316,211004,110580,-40,,,HTTP,http_main_1000_nosleep_20260904_102455.csv,0.394,19.42
2026-09-04T10:30:18.580134,HTTP,2,2,3,158,http-main-2-158,success,28.246,379,220320,211004,110580,-41,,,HTTP,http_main_1000_nosleep_20260904_102455.csv,0.379,27.866999999999997
2026-09-04T10:30:18.808522,HTTP,2,2,3,159,http-main-2-159,success,17.053,385,220312,211004,110580,-38,,,HTTP,http_main_1000_nosleep_20260904_102455.csv,0.385,16.668
2026-09-04T10:30:19.025732,HTTP,2,2,3,160,http-main-2-160,success,22.985,383,220300,211004,110580,-40,,,HTTP,http_main_1000_nosleep_20260904_102455.csv,0.383,22.602
2026-09-04T10:30:19.248889,HTTP,2,2,3,161,http-main-2-161,success,18.35,385,220308,211004,110580,-40,,,HTTP,http_main_1000_nosleep_20260904_102455.csv,0.385,17.965
2026-09-04T10:30:19.467383,HTTP,2,2,3,162,http-main-2-162,success,17.443,383,220312,211004,110580,-40,,,HTTP,http_main_1000_nosleep_20260904_102455.csv,0.383,17.060000000000002
2026-09-04T10:30:19.684966,HTTP,2,2,3,163,http-main-2-163,success,14.394,387,220308,211004,110580,-40,,,HTTP,http_main_1000_nosleep_20260904_102455.csv,0.387,14.007
2026-09-04T10:30:19.899507,HTTP,2,2,3,164,http-main-2-164,success,17.182,395,220288,211004,110580,-40,,,HTTP,http_main_1000_nosleep_20260904_102455.csv,0.395,16.787
2026-09-04T10:30:20.116847,HTTP,2,2,3,165,http-main-2-165,success,20.115,382,220300,211004,110580,-39,,,HTTP,http_main_1000_nosleep_20260904_102455.csv,0.382,19.732999999999997
2026-09-04T10:30:20.337102,HTTP,2,2,3,166,http-main-2-166,success,19.169,379,220296,211004,110580,-40,,,HTTP,http_main_1000_nosleep_20260904_102455.csv,0.379,18.79
2026-09-04T10:30:20.556410,HTTP,2,2,3,167,http-main-2-167,success,16.133,385,220316,211004,110580,-40,,,HTTP,http_main_1000_nosleep_20260904_102455.csv,0.385,15.748
2026-09-04T10:30:20.772680,HTTP,2,2,3,168,http-main-2-168,success,20.088,1027,220016,211004,110580,-38,,,HTTP,http_main_1000_nosleep_20260904_102455.csv,1.027,19.061
2026-09-04T10:30:20.992923,HTTP,2,2,3,169,http-main-2-169,success,19.815,393,220328,211004,110580,-40,,,HTTP,http_main_1000_nosleep_20260904_102455.csv,0.393,19.422
2026-09-04T10:30:21.212889,HTTP,2,2,3,170,http-main-2-170,success,26.364,386,220288,211004,110580,-40,,,HTTP,http_main_1000_nosleep_20260904_102455.csv,0.386,25.978
2026-09-04T10:30:21.439400,HTTP,2,2,3,171,http-main-2-171,success,27.456,383,220304,211004,110580,-38,,,HTTP,http_main_1000_nosleep_20260904_102455.csv,0.383,27.073
2026-09-04T10:30:21.667000,HTTP,2,2,3,172,http-main-2-172,success,20.891,385,220328,211004,110580,-40,,,HTTP,http_main_1000_nosleep_20260904_102455.csv,0.385,20.505999999999997
2026-09-04T10:30:21.888047,HTTP,2,2,3,173,http-main-2-173,success,15.562,380,220288,211004,110580,-37,,,HTTP,http_main_1000_nosleep_20260904_102455.csv,0.38,15.181999999999999
2026-09-04T10:30:22.103799,HTTP,2,2,3,174,http-main-2-174,success,17.56,385,220288,211004,110580,-39,,,HTTP,http_main_1000_nosleep_20260904_102455.csv,0.385,17.174999999999997
2026-09-04T10:30:22.321524,HTTP,2,2,3,175,http-main-2-175,success,19.702,422,220304,211004,110580,-39,,,HTTP,http_main_1000_nosleep_20260904_102455.csv,0.422,19.28
2026-09-04T10:30:22.541382,HTTP,2,2,3,176,http-main-2-176,success,18.101,385,220300,211004,110580,-38,,,HTTP,http_main_1000_nosleep_20260904_102455.csv,0.385,17.715999999999998
2026-09-04T10:30:22.759637,HTTP,2,2,3,177,http-main-2-177,success,20.158,382,220316,211004,110580,-39,,,HTTP,http_main_1000_nosleep_20260904_102455.csv,0.382,19.776
2026-09-04T10:30:22.979945,HTTP,2,2,3,178,http-main-2-178,success,24.49,386,220312,211004,110580,-38,,,HTTP,http_main_1000_nosleep_20260904_102455.csv,0.386,24.104
2026-09-04T10:30:23.204595,HTTP,2,2,3,179,http-main-2-179,success,16.968,427,219976,211004,110580,-36,,,HTTP,http_main_1000_nosleep_20260904_102455.csv,0.427,16.541
2026-09-04T10:30:23.421710,HTTP,2,2,3,180,http-main-2-180,success,19.233,384,220312,211004,110580,-40,,,HTTP,http_main_1000_nosleep_20260904_102455.csv,0.384,18.849
2026-09-04T10:30:23.641110,HTTP,2,2,3,181,http-main-2-181,success,19.365,422,219448,211004,110580,-40,,,HTTP,http_main_1000_nosleep_20260904_102455.csv,0.422,18.942999999999998
2026-09-04T10:30:23.860619,HTTP,2,2,3,182,http-main-2-182,success,22.994,385,220288,211004,110580,-38,,,HTTP,http_main_1000_nosleep_20260904_102455.csv,0.385,22.608999999999998
2026-09-04T10:30:24.083772,HTTP,2,2,3,183,http-main-2-183,success,19.62,381,220296,211004,110580,-40,,,HTTP,http_main_1000_nosleep_20260904_102455.csv,0.381,19.239
2026-09-04T10:30:24.303541,HTTP,2,2,3,184,http-main-2-184,success,17.357,383,220328,211004,110580,-40,,,HTTP,http_main_1000_nosleep_20260904_102455.csv,0.383,16.974
2026-09-04T10:30:24.521041,HTTP,2,2,3,185,http-main-2-185,success,27.037,383,220292,211004,110580,-39,,,HTTP,http_main_1000_nosleep_20260904_102455.csv,0.383,26.654
2026-09-04T10:30:24.748220,HTTP,2,2,3,186,http-main-2-186,success,19.523,386,220308,211004,110580,-40,,,HTTP,http_main_1000_nosleep_20260904_102455.csv,0.386,19.137
2026-09-04T10:30:24.967892,HTTP,2,2,3,187,http-main-2-187,success,19.298,387,220300,211004,110580,-39,,,HTTP,http_main_1000_nosleep_20260904_102455.csv,0.387,18.910999999999998
2026-09-04T10:30:25.187355,HTTP,2,2,3,188,http-main-2-188,success,17.163,400,220288,211004,110580,-38,,,HTTP,http_main_1000_nosleep_20260904_102455.csv,0.4,16.763
2026-09-04T10:30:25.404669,HTTP,2,2,3,189,http-main-2-189,success,23.465,383,220296,211004,110580,-38,,,HTTP,http_main_1000_nosleep_20260904_102455.csv,0.383,23.082
2026-09-04T10:30:25.628277,HTTP,2,2,3,190,http-main-2-190,success,20.547,385,220296,211004,110580,-40,,,HTTP,http_main_1000_nosleep_20260904_102455.csv,0.385,20.162
2026-09-04T10:30:25.848972,HTTP,2,2,3,191,http-main-2-191,success,22.496,386,220304,211004,110580,-40,,,HTTP,http_main_1000_nosleep_20260904_102455.csv,0.386,22.11
2026-09-04T10:30:26.071629,HTTP,2,2,3,192,http-main-2-192,success,17.605,383,220316,211004,110580,-40,,,HTTP,http_main_1000_nosleep_20260904_102455.csv,0.383,17.222
2026-09-04T10:30:26.289382,HTTP,2,2,3,193,http-main-2-193,success,18.834,382,220284,211004,110580,-39,,,HTTP,http_main_1000_nosleep_20260904_102455.csv,0.382,18.451999999999998
2026-09-04T10:30:26.508366,HTTP,2,2,3,194,http-main-2-194,success,16.729,387,220288,211004,110580,-38,,,HTTP,http_main_1000_nosleep_20260904_102455.csv,0.387,16.342
2026-09-04T10:30:26.725235,HTTP,2,2,3,195,http-main-2-195,success,18.461,392,220312,211004,110580,-37,,,HTTP,http_main_1000_nosleep_20260904_102455.csv,0.392,18.069
2026-09-04T10:30:26.943838,HTTP,2,2,3,196,http-main-2-196,success,20.372,385,220296,211004,110580,-39,,,HTTP,http_main_1000_nosleep_20260904_102455.csv,0.385,19.987
2026-09-04T10:30:27.164364,HTTP,2,2,3,197,http-main-2-197,success,18.013,394,220312,211004,110580,-39,,,HTTP,http_main_1000_nosleep_20260904_102455.csv,0.394,17.619000000000003
2026-09-04T10:30:27.382521,HTTP,2,2,3,198,http-main-2-198,success,23.628,391,220296,211004,110580,-40,,,HTTP,http_main_1000_nosleep_20260904_102455.csv,0.391,23.237000000000002
2026-09-04T10:30:27.606289,HTTP,2,2,3,199,http-main-2-199,success,18.888,384,220320,211004,110580,-39,,,HTTP,http_main_1000_nosleep_20260904_102455.csv,0.384,18.504
2026-09-04T10:30:27.825318,HTTP,2,2,3,200,http-main-2-200,success,14.878,391,220280,211004,110580,-39,,,HTTP,http_main_1000_nosleep_20260904_102455.csv,0.391,14.487
2026-09-04T10:31:26.416244,HTTP,3,3,2,1,http-main-3-1,success,18.502,364,220356,211004,110580,-36,,,HTTP,http_main_1000_nosleep_20260904_102455.csv,0.364,18.137999999999998
2026-09-04T10:31:26.634992,HTTP,3,3,2,2,http-main-3-2,success,16.277,352,220356,211004,110580,-39,,,HTTP,http_main_1000_nosleep_20260904_102455.csv,0.352,15.925
2026-09-04T10:31:26.851437,HTTP,3,3,2,3,http-main-3-3,success,19.968,356,220364,211004,110580,-39,,,HTTP,http_main_1000_nosleep_20260904_102455.csv,0.356,19.612
2026-09-04T10:31:27.071588,HTTP,3,3,2,4,http-main-3-4,success,19.154,355,220384,211004,110580,-38,,,HTTP,http_main_1000_nosleep_20260904_102455.csv,0.355,18.799
2026-09-04T10:31:27.290896,HTTP,3,3,2,5,http-main-3-5,success,30.743,361,220372,211004,110580,-40,,,HTTP,http_main_1000_nosleep_20260904_102455.csv,0.361,30.381999999999998
2026-09-04T10:31:27.521779,HTTP,3,3,2,6,http-main-3-6,success,22.933,359,220160,211004,110580,-38,,,HTTP,http_main_1000_nosleep_20260904_102455.csv,0.359,22.573999999999998
2026-09-04T10:31:27.744855,HTTP,3,3,2,7,http-main-3-7,success,18.156,358,220388,211004,110580,-39,,,HTTP,http_main_1000_nosleep_20260904_102455.csv,0.358,17.798
2026-09-04T10:31:27.963164,HTTP,3,3,2,8,http-main-3-8,success,17.958,353,220380,211004,110580,-40,,,HTTP,http_main_1000_nosleep_20260904_102455.csv,0.353,17.604999999999997
2026-09-04T10:31:28.181312,HTTP,3,3,2,9,http-main-3-9,success,21.67,358,220380,211004,110580,-38,,,HTTP,http_main_1000_nosleep_20260904_102455.csv,0.358,21.312
2026-09-04T10:31:28.403138,HTTP,3,3,2,10,http-main-3-10,success,20.419,414,220376,211004,110580,-41,,,HTTP,http_main_1000_nosleep_20260904_102455.csv,0.414,20.005
2026-09-04T10:31:28.623701,HTTP,3,3,2,11,http-main-3-11,success,20.038,391,220404,211004,110580,-39,,,HTTP,http_main_1000_nosleep_20260904_102455.csv,0.391,19.647
2026-09-04T10:31:28.843883,HTTP,3,3,2,12,http-main-3-12,success,16.38,403,220388,211004,110580,-42,,,HTTP,http_main_1000_nosleep_20260904_102455.csv,0.403,15.976999999999999
2026-09-04T10:31:29.060431,HTTP,3,3,2,13,http-main-3-13,success,16.699,390,220392,211004,110580,-39,,,HTTP,http_main_1000_nosleep_20260904_102455.csv,0.39,16.309
2026-09-04T10:31:29.277286,HTTP,3,3,2,14,http-main-3-14,success,19.465,399,220380,211004,110580,-40,,,HTTP,http_main_1000_nosleep_20260904_102455.csv,0.399,19.066
2026-09-04T10:31:29.496898,HTTP,3,3,2,15,http-main-3-15,success,19.085,421,220360,211004,110580,-39,,,HTTP,http_main_1000_nosleep_20260904_102455.csv,0.421,18.664
2026-09-04T10:31:29.716127,HTTP,3,3,2,16,http-main-3-16,success,21.462,389,220396,211004,110580,-39,,,HTTP,http_main_1000_nosleep_20260904_102455.csv,0.389,21.073
2026-09-04T10:31:29.937733,HTTP,3,3,2,17,http-main-3-17,success,21.504,395,220380,211004,110580,-38,,,HTTP,http_main_1000_nosleep_20260904_102455.csv,0.395,21.109
2026-09-04T10:31:30.159398,HTTP,3,3,2,18,http-main-3-18,success,20.114,388,220384,211004,110580,-39,,,HTTP,http_main_1000_nosleep_20260904_102455.csv,0.388,19.726
2026-09-04T10:31:30.379668,HTTP,3,3,2,19,http-main-3-19,success,19.709,395,220356,211004,110580,-41,,,HTTP,http_main_1000_nosleep_20260904_102455.csv,0.395,19.314
2026-09-04T10:31:30.599526,HTTP,3,3,2,20,http-main-3-20,success,21.966,388,220384,211004,110580,-39,,,HTTP,http_main_1000_nosleep_20260904_102455.csv,0.388,21.578
2026-09-04T10:31:30.821666,HTTP,3,3,2,21,http-main-3-21,success,24.191,391,220388,211004,110580,-36,,,HTTP,http_main_1000_nosleep_20260904_102455.csv,0.391,23.799999999999997
2026-09-04T10:31:31.046021,HTTP,3,3,2,22,http-main-3-22,success,19.777,391,220372,211004,110580,-40,,,HTTP,http_main_1000_nosleep_20260904_102455.csv,0.391,19.386000000000003
2026-09-04T10:31:31.265948,HTTP,3,3,2,23,http-main-3-23,success,18.498,393,220392,211004,110580,-37,,,HTTP,http_main_1000_nosleep_20260904_102455.csv,0.393,18.105
2026-09-04T10:31:31.484591,HTTP,3,3,2,24,http-main-3-24,success,25.966,391,220368,211004,110580,-37,,,HTTP,http_main_1000_nosleep_20260904_102455.csv,0.391,25.575000000000003
2026-09-04T10:31:31.710702,HTTP,3,3,2,25,http-main-3-25,success,21.723,391,220376,211004,110580,-36,,,HTTP,http_main_1000_nosleep_20260904_102455.csv,0.391,21.332
2026-09-04T10:31:31.932587,HTTP,3,3,2,26,http-main-3-26,success,20.808,501,220144,211004,110580,-39,,,HTTP,http_main_1000_nosleep_20260904_102455.csv,0.501,20.307
2026-09-04T10:31:32.153556,HTTP,3,3,2,27,http-main-3-27,success,18.269,389,220372,211004,110580,-39,,,HTTP,http_main_1000_nosleep_20260904_102455.csv,0.389,17.88
2026-09-04T10:31:32.371979,HTTP,3,3,2,28,http-main-3-28,success,19.425,394,220384,211004,110580,-41,,,HTTP,http_main_1000_nosleep_20260904_102455.csv,0.394,19.031000000000002
2026-09-04T10:31:32.591555,HTTP,3,3,2,29,http-main-3-29,success,20.8,394,220384,211004,110580,-38,,,HTTP,http_main_1000_nosleep_20260904_102455.csv,0.394,20.406000000000002
2026-09-04T10:31:32.812506,HTTP,3,3,2,30,http-main-3-30,success,19.608,395,220360,211004,110580,-39,,,HTTP,http_main_1000_nosleep_20260904_102455.csv,0.395,19.213
2026-09-04T10:31:33.032275,HTTP,3,3,2,31,http-main-3-31,success,29.336,395,220384,211004,110580,-40,,,HTTP,http_main_1000_nosleep_20260904_102455.csv,0.395,28.941
2026-09-04T10:31:33.261771,HTTP,3,3,2,32,http-main-3-32,success,24.778,397,220364,211004,110580,-40,,,HTTP,http_main_1000_nosleep_20260904_102455.csv,0.397,24.381
2026-09-04T10:31:33.486700,HTTP,3,3,2,33,http-main-3-33,success,21.216,395,220384,211004,110580,-40,,,HTTP,http_main_1000_nosleep_20260904_102455.csv,0.395,20.821
2026-09-04T10:31:33.708078,HTTP,3,3,2,34,http-main-3-34,success,17.355,393,220356,211004,110580,-39,,,HTTP,http_main_1000_nosleep_20260904_102455.csv,0.393,16.962
2026-09-04T10:31:33.925589,HTTP,3,3,2,35,http-main-3-35,success,20.58,393,220172,211004,110580,-39,,,HTTP,http_main_1000_nosleep_20260904_102455.csv,0.393,20.186999999999998
2026-09-04T10:31:34.146332,HTTP,3,3,2,36,http-main-3-36,success,25.486,392,220380,211004,110580,-41,,,HTTP,http_main_1000_nosleep_20260904_102455.csv,0.392,25.094
2026-09-04T10:31:34.371972,HTTP,3,3,2,37,http-main-3-37,success,19.018,392,220372,211004,110580,-39,,,HTTP,http_main_1000_nosleep_20260904_102455.csv,0.392,18.626
2026-09-04T10:31:34.591139,HTTP,3,3,2,38,http-main-3-38,success,26.679,391,220380,211004,110580,-41,,,HTTP,http_main_1000_nosleep_20260904_102455.csv,0.391,26.287999999999997
2026-09-04T10:31:34.817971,HTTP,3,3,2,39,http-main-3-39,success,24.819,386,220156,211004,110580,-38,,,HTTP,http_main_1000_nosleep_20260904_102455.csv,0.386,24.433
2026-09-04T10:31:35.042950,HTTP,3,3,2,40,http-main-3-40,success,23.908,404,220372,211004,110580,-38,,,HTTP,http_main_1000_nosleep_20260904_102455.csv,0.404,23.504
2026-09-04T10:31:35.267037,HTTP,3,3,2,41,http-main-3-41,success,41.881,391,220384,211004,110580,-40,,,HTTP,http_main_1000_nosleep_20260904_102455.csv,0.391,41.49
2026-09-04T10:31:35.509070,HTTP,3,3,2,42,http-main-3-42,success,18.896,430,220164,211004,110580,-38,,,HTTP,http_main_1000_nosleep_20260904_102455.csv,0.43,18.466
2026-09-04T10:31:35.728114,HTTP,3,3,2,43,http-main-3-43,success,18.643,390,220368,211004,110580,-40,,,HTTP,http_main_1000_nosleep_20260904_102455.csv,0.39,18.253
2026-09-04T10:31:35.946914,HTTP,3,3,2,44,http-main-3-44,success,19.436,399,220388,211004,110580,-39,,,HTTP,http_main_1000_nosleep_20260904_102455.csv,0.399,19.037
2026-09-04T10:31:36.166511,HTTP,3,3,2,45,http-main-3-45,success,16.338,387,220368,211004,110580,-39,,,HTTP,http_main_1000_nosleep_20260904_102455.csv,0.387,15.951
2026-09-04T10:31:36.382991,HTTP,3,3,2,46,http-main-3-46,success,24.622,484,220360,211004,110580,-37,,,HTTP,http_main_1000_nosleep_20260904_102455.csv,0.484,24.137999999999998
2026-09-04T10:31:36.607753,HTTP,3,3,2,47,http-main-3-47,success,21.476,511,220356,211004,110580,-39,,,HTTP,http_main_1000_nosleep_20260904_102455.csv,0.511,20.965
2026-09-04T10:31:36.829375,HTTP,3,3,2,48,http-main-3-48,success,17.008,470,219532,211004,110580,-41,,,HTTP,http_main_1000_nosleep_20260904_102455.csv,0.47,16.538
2026-09-04T10:31:37.046546,HTTP,3,3,2,49,http-main-3-49,success,16.883,389,220384,211004,110580,-40,,,HTTP,http_main_1000_nosleep_20260904_102455.csv,0.389,16.494
2026-09-04T10:31:37.263582,HTTP,3,3,2,50,http-main-3-50,success,22.451,391,220388,211004,110580,-40,,,HTTP,http_main_1000_nosleep_20260904_102455.csv,0.391,22.060000000000002
2026-09-04T10:31:37.486179,HTTP,3,3,2,51,http-main-3-51,success,22.284,387,220384,211004,110580,-41,,,HTTP,http_main_1000_nosleep_20260904_102455.csv,0.387,21.897
2026-09-04T10:31:37.708608,HTTP,3,3,2,52,http-main-3-52,success,17.138,399,220400,211004,110580,-40,,,HTTP,http_main_1000_nosleep_20260904_102455.csv,0.399,16.739
2026-09-04T10:31:37.925895,HTTP,3,3,2,53,http-main-3-53,success,19.846,493,220180,211004,110580,-38,,,HTTP,http_main_1000_nosleep_20260904_102455.csv,0.493,19.353
2026-09-04T10:31:38.145901,HTTP,3,3,2,54,http-main-3-54,success,20.589,396,220384,211004,110580,-40,,,HTTP,http_main_1000_nosleep_20260904_102455.csv,0.396,20.192999999999998
2026-09-04T10:31:38.366638,HTTP,3,3,2,55,http-main-3-55,success,24.231,386,220384,211004,110580,-38,,,HTTP,http_main_1000_nosleep_20260904_102455.csv,0.386,23.845000000000002
2026-09-04T10:31:38.591014,HTTP,3,3,2,56,http-main-3-56,success,16.713,391,220376,211004,110580,-41,,,HTTP,http_main_1000_nosleep_20260904_102455.csv,0.391,16.322000000000003
2026-09-04T10:31:38.807869,HTTP,3,3,2,57,http-main-3-57,success,26.714,396,220376,211004,110580,-40,,,HTTP,http_main_1000_nosleep_20260904_102455.csv,0.396,26.317999999999998
2026-09-04T10:31:39.034743,HTTP,3,3,2,58,http-main-3-58,success,27.435,390,220372,211004,110580,-38,,,HTTP,http_main_1000_nosleep_20260904_102455.csv,0.39,27.044999999999998
2026-09-04T10:31:39.262326,HTTP,3,3,2,59,http-main-3-59,success,28.573,417,220392,211004,110580,-40,,,HTTP,http_main_1000_nosleep_20260904_102455.csv,0.417,28.156
2026-09-04T10:31:39.491042,HTTP,3,3,2,60,http-main-3-60,success,17.016,391,220392,211004,110580,-37,,,HTTP,http_main_1000_nosleep_20260904_102455.csv,0.391,16.625
2026-09-04T10:31:39.708225,HTTP,3,3,2,61,http-main-3-61,success,28.73,408,220392,211004,110580,-40,,,HTTP,http_main_1000_nosleep_20260904_102455.csv,0.408,28.322
2026-09-04T10:31:39.937104,HTTP,3,3,2,62,http-main-3-62,success,24.034,392,220372,211004,110580,-41,,,HTTP,http_main_1000_nosleep_20260904_102455.csv,0.392,23.642
2026-09-04T10:31:40.161317,HTTP,3,3,2,63,http-main-3-63,success,18.896,390,220384,211004,110580,-38,,,HTTP,http_main_1000_nosleep_20260904_102455.csv,0.39,18.506
2026-09-04T10:31:40.380368,HTTP,3,3,2,64,http-main-3-64,success,17.505,397,220392,211004,110580,-38,,,HTTP,http_main_1000_nosleep_20260904_102455.csv,0.397,17.108
2026-09-04T10:31:40.598018,HTTP,3,3,2,65,http-main-3-65,success,25.504,386,220368,211004,110580,-40,,,HTTP,http_main_1000_nosleep_20260904_102455.csv,0.386,25.118000000000002
2026-09-04T10:31:40.823669,HTTP,3,3,2,66,http-main-3-66,success,17.687,400,220384,211004,110580,-40,,,HTTP,http_main_1000_nosleep_20260904_102455.csv,0.4,17.287000000000003
2026-09-04T10:31:41.041516,HTTP,3,3,2,67,http-main-3-67,success,22.812,393,220380,211004,110580,-40,,,HTTP,http_main_1000_nosleep_20260904_102455.csv,0.393,22.419
2026-09-04T10:31:41.264473,HTTP,3,3,2,68,http-main-3-68,success,20.539,404,220392,211004,110580,-38,,,HTTP,http_main_1000_nosleep_20260904_102455.csv,0.404,20.135
2026-09-04T10:31:41.485155,HTTP,3,3,2,69,http-main-3-69,success,17.253,389,220384,211004,110580,-38,,,HTTP,http_main_1000_nosleep_20260904_102455.csv,0.389,16.864
2026-09-04T10:31:41.702546,HTTP,3,3,2,70,http-main-3-70,success,21.494,401,220384,211004,110580,-39,,,HTTP,http_main_1000_nosleep_20260904_102455.csv,0.401,21.093
2026-09-04T10:31:41.924184,HTTP,3,3,2,71,http-main-3-71,success,19.474,402,220176,211004,110580,-39,,,HTTP,http_main_1000_nosleep_20260904_102455.csv,0.402,19.072
2026-09-04T10:31:42.143818,HTTP,3,3,2,72,http-main-3-72,success,25.752,391,220360,211004,110580,-41,,,HTTP,http_main_1000_nosleep_20260904_102455.csv,0.391,25.360999999999997
2026-09-04T10:31:42.369716,HTTP,3,3,2,73,http-main-3-73,success,17.268,393,220372,211004,110580,-38,,,HTTP,http_main_1000_nosleep_20260904_102455.csv,0.393,16.875
2026-09-04T10:31:42.587145,HTTP,3,3,2,74,http-main-3-74,success,20.127,402,220384,211004,110580,-39,,,HTTP,http_main_1000_nosleep_20260904_102455.csv,0.402,19.724999999999998
2026-09-04T10:31:42.807415,HTTP,3,3,2,75,http-main-3-75,success,19.529,392,220384,211004,110580,-35,,,HTTP,http_main_1000_nosleep_20260904_102455.csv,0.392,19.137
2026-09-04T10:31:43.027103,HTTP,3,3,2,76,http-main-3-76,success,15.907,408,220144,211004,110580,-36,,,HTTP,http_main_1000_nosleep_20260904_102455.csv,0.408,15.499
2026-09-04T10:31:43.243157,HTTP,3,3,2,77,http-main-3-77,success,19.522,396,220356,211004,110580,-39,,,HTTP,http_main_1000_nosleep_20260904_102455.csv,0.396,19.125999999999998
2026-09-04T10:31:43.462837,HTTP,3,3,2,78,http-main-3-78,success,27.253,396,220384,211004,110580,-41,,,HTTP,http_main_1000_nosleep_20260904_102455.csv,0.396,26.857
2026-09-04T10:31:43.690228,HTTP,3,3,2,79,http-main-3-79,success,22.758,392,220384,210572,110580,-41,,,HTTP,http_main_1000_nosleep_20260904_102455.csv,0.392,22.366
2026-09-04T10:31:43.913131,HTTP,3,3,2,80,http-main-3-80,success,22.778,393,220380,210572,110580,-42,,,HTTP,http_main_1000_nosleep_20260904_102455.csv,0.393,22.384999999999998
2026-09-04T10:31:44.136094,HTTP,3,3,2,81,http-main-3-81,success,16.657,431,220384,210572,110580,-43,,,HTTP,http_main_1000_nosleep_20260904_102455.csv,0.431,16.226
2026-09-04T10:31:44.352902,HTTP,3,3,2,82,http-main-3-82,success,19.433,414,220372,210572,110580,-40,,,HTTP,http_main_1000_nosleep_20260904_102455.csv,0.414,19.019
2026-09-04T10:31:44.572479,HTTP,3,3,2,83,http-main-3-83,success,31.01,395,220384,210572,110580,-39,,,HTTP,http_main_1000_nosleep_20260904_102455.csv,0.395,30.615000000000002
2026-09-04T10:31:44.803631,HTTP,3,3,2,84,http-main-3-84,success,22.029,396,220180,210572,110580,-42,,,HTTP,http_main_1000_nosleep_20260904_102455.csv,0.396,21.633
2026-09-04T10:31:45.025816,HTTP,3,3,2,85,http-main-3-85,success,18.549,390,220356,210572,110580,-42,,,HTTP,http_main_1000_nosleep_20260904_102455.csv,0.39,18.159
2026-09-04T10:31:45.244509,HTTP,3,3,2,86,http-main-3-86,success,17.223,392,220372,210572,110580,-41,,,HTTP,http_main_1000_nosleep_20260904_102455.csv,0.392,16.831
2026-09-04T10:31:45.461873,HTTP,3,3,2,87,http-main-3-87,success,28.213,396,220392,210572,110580,-40,,,HTTP,http_main_1000_nosleep_20260904_102455.csv,0.396,27.817
2026-09-04T10:31:45.690223,HTTP,3,3,2,88,http-main-3-88,success,18.213,395,220376,210572,110580,-40,,,HTTP,http_main_1000_nosleep_20260904_102455.csv,0.395,17.818
2026-09-04T10:31:45.908586,HTTP,3,3,2,89,http-main-3-89,success,24.675,395,220392,210572,110580,-37,,,HTTP,http_main_1000_nosleep_20260904_102455.csv,0.395,24.28
2026-09-04T10:31:46.133438,HTTP,3,3,2,90,http-main-3-90,success,20.295,396,220356,210572,110580,-39,,,HTTP,http_main_1000_nosleep_20260904_102455.csv,0.396,19.899
2026-09-04T10:31:46.353883,HTTP,3,3,2,91,http-main-3-91,success,14.819,388,220352,210572,110580,-39,,,HTTP,http_main_1000_nosleep_20260904_102455.csv,0.388,14.431000000000001
2026-09-04T10:31:46.568845,HTTP,3,3,2,92,http-main-3-92,success,18.681,413,220388,210572,110580,-39,,,HTTP,http_main_1000_nosleep_20260904_102455.csv,0.413,18.268
2026-09-04T10:31:46.787672,HTTP,3,3,2,93,http-main-3-93,success,23.973,394,220384,210572,110580,-38,,,HTTP,http_main_1000_nosleep_20260904_102455.csv,0.394,23.579
2026-09-04T10:31:47.011803,HTTP,3,3,2,94,http-main-3-94,success,24.215,634,220312,210572,110580,-39,,,HTTP,http_main_1000_nosleep_20260904_102455.csv,0.634,23.581
2026-09-04T10:31:47.236161,HTTP,3,3,2,95,http-main-3-95,success,19.408,393,220388,210572,110580,-38,,,HTTP,http_main_1000_nosleep_20260904_102455.csv,0.393,19.015
2026-09-04T10:31:47.455710,HTTP,3,3,2,96,http-main-3-96,success,28.786,391,220372,210572,110580,-39,,,HTTP,http_main_1000_nosleep_20260904_102455.csv,0.391,28.395000000000003
2026-09-04T10:31:47.684639,HTTP,3,3,2,97,http-main-3-97,success,17.998,431,220160,210572,110580,-39,,,HTTP,http_main_1000_nosleep_20260904_102455.csv,0.431,17.567
2026-09-04T10:31:47.902787,HTTP,3,3,2,98,http-main-3-98,success,19.877,397,220172,210572,110580,-37,,,HTTP,http_main_1000_nosleep_20260904_102455.csv,0.397,19.48
2026-09-04T10:31:48.122846,HTTP,3,3,2,99,http-main-3-99,success,29.721,393,220364,210572,110580,-39,,,HTTP,http_main_1000_nosleep_20260904_102455.csv,0.393,29.328
2026-09-04T10:31:48.352714,HTTP,3,3,2,100,http-main-3-100,success,18.342,436,220328,210572,110580,-39,,,HTTP,http_main_1000_nosleep_20260904_102455.csv,0.436,17.906
2026-09-04T10:31:48.571228,HTTP,3,3,2,101,http-main-3-101,success,16.728,417,220312,210572,110580,-40,,,HTTP,http_main_1000_nosleep_20260904_102455.csv,0.417,16.311
2026-09-04T10:31:48.788107,HTTP,3,3,2,102,http-main-3-102,success,18.076,384,220308,210572,110580,-39,,,HTTP,http_main_1000_nosleep_20260904_102455.csv,0.384,17.692
2026-09-04T10:31:49.006339,HTTP,3,3,2,103,http-main-3-103,success,23.188,396,217896,210572,110580,-39,,,HTTP,http_main_1000_nosleep_20260904_102455.csv,0.396,22.791999999999998
2026-09-04T10:31:49.229675,HTTP,3,3,2,104,http-main-3-104,success,19.394,384,220308,210572,110580,-40,,,HTTP,http_main_1000_nosleep_20260904_102455.csv,0.384,19.009999999999998
2026-09-04T10:31:49.449210,HTTP,3,3,2,105,http-main-3-105,success,18.375,385,220332,210572,110580,-37,,,HTTP,http_main_1000_nosleep_20260904_102455.csv,0.385,17.99
2026-09-04T10:31:49.667723,HTTP,3,3,2,106,http-main-3-106,success,17.611,432,219456,210572,110580,-38,,,HTTP,http_main_1000_nosleep_20260904_102455.csv,0.432,17.179000000000002
2026-09-04T10:31:49.885476,HTTP,3,3,2,107,http-main-3-107,success,47.467,390,220300,210572,110580,-40,,,HTTP,http_main_1000_nosleep_20260904_102455.csv,0.39,47.077
2026-09-04T10:31:50.133102,HTTP,3,3,2,108,http-main-3-108,success,26.102,377,220292,210572,110580,-38,,,HTTP,http_main_1000_nosleep_20260904_102455.csv,0.377,25.725
2026-09-04T10:31:50.359349,HTTP,3,3,2,109,http-main-3-109,success,27.178,390,220280,210572,110580,-37,,,HTTP,http_main_1000_nosleep_20260904_102455.csv,0.39,26.788
2026-09-04T10:31:50.586669,HTTP,3,3,2,110,http-main-3-110,success,18.557,383,220304,210572,110580,-38,,,HTTP,http_main_1000_nosleep_20260904_102455.csv,0.383,18.174
2026-09-04T10:31:50.805367,HTTP,3,3,2,111,http-main-3-111,success,18.224,394,220292,210572,110580,-37,,,HTTP,http_main_1000_nosleep_20260904_102455.csv,0.394,17.830000000000002
2026-09-04T10:31:51.023749,HTTP,3,3,2,112,http-main-3-112,success,18.086,382,220320,210572,110580,-38,,,HTTP,http_main_1000_nosleep_20260904_102455.csv,0.382,17.703999999999997
2026-09-04T10:31:51.241984,HTTP,3,3,2,113,http-main-3-113,success,15.961,384,220292,210572,110580,-37,,,HTTP,http_main_1000_nosleep_20260904_102455.csv,0.384,15.577
2026-09-04T10:31:51.458087,HTTP,3,3,2,114,http-main-3-114,success,18.877,727,220312,210572,110580,-38,,,HTTP,http_main_1000_nosleep_20260904_102455.csv,0.727,18.15
2026-09-04T10:31:51.677104,HTTP,3,3,2,115,http-main-3-115,success,17.983,396,220308,210572,110580,-40,,,HTTP,http_main_1000_nosleep_20260904_102455.csv,0.396,17.587
2026-09-04T10:31:51.895231,HTTP,3,3,2,116,http-main-3-116,success,21.255,383,220320,210572,110580,-41,,,HTTP,http_main_1000_nosleep_20260904_102455.csv,0.383,20.872
2026-09-04T10:31:52.116655,HTTP,3,3,2,117,http-main-3-117,success,18.718,510,220316,210572,110580,-40,,,HTTP,http_main_1000_nosleep_20260904_102455.csv,0.51,18.208
2026-09-04T10:31:52.335522,HTTP,3,3,2,118,http-main-3-118,success,17.609,381,220296,210572,110580,-39,,,HTTP,http_main_1000_nosleep_20260904_102455.csv,0.381,17.228
2026-09-04T10:31:52.553272,HTTP,3,3,2,119,http-main-3-119,success,20.072,389,220304,210572,110580,-40,,,HTTP,http_main_1000_nosleep_20260904_102455.csv,0.389,19.683
2026-09-04T10:31:52.773483,HTTP,3,3,2,120,http-main-3-120,success,20.282,386,220308,210572,110580,-37,,,HTTP,http_main_1000_nosleep_20260904_102455.csv,0.386,19.896
2026-09-04T10:31:52.993952,HTTP,3,3,2,121,http-main-3-121,success,31.518,386,220292,210572,110580,-41,,,HTTP,http_main_1000_nosleep_20260904_102455.csv,0.386,31.132
2026-09-04T10:31:53.225630,HTTP,3,3,2,122,http-main-3-122,success,42.797,392,220308,210572,110580,-37,,,HTTP,http_main_1000_nosleep_20260904_102455.csv,0.392,42.404999999999994
2026-09-04T10:31:53.468574,HTTP,3,3,2,123,http-main-3-123,success,19.628,382,220300,210572,110580,-38,,,HTTP,http_main_1000_nosleep_20260904_102455.csv,0.382,19.246
2026-09-04T10:31:53.688345,HTTP,3,3,2,124,http-main-3-124,success,23.264,385,220316,210572,110580,-40,,,HTTP,http_main_1000_nosleep_20260904_102455.csv,0.385,22.878999999999998
2026-09-04T10:31:53.911758,HTTP,3,3,2,125,http-main-3-125,success,15.137,401,220292,210572,110580,-40,,,HTTP,http_main_1000_nosleep_20260904_102455.csv,0.401,14.736
2026-09-04T10:31:54.127056,HTTP,3,3,2,126,http-main-3-126,success,22.346,394,220304,210572,110580,-41,,,HTTP,http_main_1000_nosleep_20260904_102455.csv,0.394,21.952
2026-09-04T10:31:54.349546,HTTP,3,3,2,127,http-main-3-127,success,18.62,382,220316,210572,110580,-41,,,HTTP,http_main_1000_nosleep_20260904_102455.csv,0.382,18.238
2026-09-04T10:31:54.568315,HTTP,3,3,2,128,http-main-3-128,success,27.799,427,217860,210572,110580,-38,,,HTTP,http_main_1000_nosleep_20260904_102455.csv,0.427,27.372
2026-09-04T10:31:54.796261,HTTP,3,3,2,129,http-main-3-129,success,21.39,381,220328,210572,110580,-38,,,HTTP,http_main_1000_nosleep_20260904_102455.csv,0.381,21.009
2026-09-04T10:31:55.017803,HTTP,3,3,2,130,http-main-3-130,success,24.758,606,220232,210572,110580,-38,,,HTTP,http_main_1000_nosleep_20260904_102455.csv,0.606,24.151999999999997
2026-09-04T10:31:55.242699,HTTP,3,3,2,131,http-main-3-131,success,25.315,381,220308,210572,110580,-41,,,HTTP,http_main_1000_nosleep_20260904_102455.csv,0.381,24.934
2026-09-04T10:31:55.468163,HTTP,3,3,2,132,http-main-3-132,success,19.684,384,220304,210572,110580,-38,,,HTTP,http_main_1000_nosleep_20260904_102455.csv,0.384,19.3
2026-09-04T10:31:55.687982,HTTP,3,3,2,133,http-main-3-133,success,21.948,392,220312,210572,110580,-39,,,HTTP,http_main_1000_nosleep_20260904_102455.csv,0.392,21.556
2026-09-04T10:31:55.910069,HTTP,3,3,2,134,http-main-3-134,success,19.764,382,220304,210572,110580,-39,,,HTTP,http_main_1000_nosleep_20260904_102455.csv,0.382,19.381999999999998
2026-09-04T10:31:56.129985,HTTP,3,3,2,135,http-main-3-135,success,16.551,397,220264,210572,110580,-41,,,HTTP,http_main_1000_nosleep_20260904_102455.csv,0.397,16.154
2026-09-04T10:31:56.346673,HTTP,3,3,2,136,http-main-3-136,success,19.504,397,220296,210572,110580,-41,,,HTTP,http_main_1000_nosleep_20260904_102455.csv,0.397,19.107000000000003
2026-09-04T10:31:56.566310,HTTP,3,3,2,137,http-main-3-137,success,37.036,392,219680,210572,110580,-41,,,HTTP,http_main_1000_nosleep_20260904_102455.csv,0.392,36.644
2026-09-04T10:31:56.803485,HTTP,3,3,2,138,http-main-3-138,success,17.139,384,220276,210572,110580,-39,,,HTTP,http_main_1000_nosleep_20260904_102455.csv,0.384,16.755
2026-09-04T10:31:57.020775,HTTP,3,3,2,139,http-main-3-139,success,20.692,381,220112,210572,110580,-39,,,HTTP,http_main_1000_nosleep_20260904_102455.csv,0.381,20.311
2026-09-04T10:31:57.241617,HTTP,3,3,2,140,http-main-3-140,success,22.859,396,220308,210572,110580,-39,,,HTTP,http_main_1000_nosleep_20260904_102455.csv,0.396,22.463
2026-09-04T10:31:57.464652,HTTP,3,3,2,141,http-main-3-141,success,17.702,379,220324,210572,110580,-40,,,HTTP,http_main_1000_nosleep_20260904_102455.csv,0.379,17.323
2026-09-04T10:31:57.682500,HTTP,3,3,2,142,http-main-3-142,success,20.068,385,220320,210572,110580,-39,,,HTTP,http_main_1000_nosleep_20260904_102455.csv,0.385,19.683
2026-09-04T10:31:57.902718,HTTP,3,3,2,143,http-main-3-143,success,24.751,417,220096,210572,110580,-38,,,HTTP,http_main_1000_nosleep_20260904_102455.csv,0.417,24.334
2026-09-04T10:31:58.127662,HTTP,3,3,2,144,http-main-3-144,success,18.258,383,220292,210572,110580,-37,,,HTTP,http_main_1000_nosleep_20260904_102455.csv,0.383,17.875
2026-09-04T10:31:58.346102,HTTP,3,3,2,145,http-main-3-145,success,16.029,437,220308,210572,110580,-39,,,HTTP,http_main_1000_nosleep_20260904_102455.csv,0.437,15.592
2026-09-04T10:31:58.562284,HTTP,3,3,2,146,http-main-3-146,success,18.428,383,220316,210572,110580,-38,,,HTTP,http_main_1000_nosleep_20260904_102455.csv,0.383,18.045
2026-09-04T10:31:58.780855,HTTP,3,3,2,147,http-main-3-147,success,19.581,386,220320,210572,110580,-39,,,HTTP,http_main_1000_nosleep_20260904_102455.csv,0.386,19.195
2026-09-04T10:31:59.000596,HTTP,3,3,2,148,http-main-3-148,success,27.388,385,220304,210572,110580,-38,,,HTTP,http_main_1000_nosleep_20260904_102455.csv,0.385,27.003
2026-09-04T10:31:59.228133,HTTP,3,3,2,149,http-main-3-149,success,18.122,382,220328,210572,110580,-39,,,HTTP,http_main_1000_nosleep_20260904_102455.csv,0.382,17.74
2026-09-04T10:31:59.446396,HTTP,3,3,2,150,http-main-3-150,success,21.019,386,220096,210572,110580,-37,,,HTTP,http_main_1000_nosleep_20260904_102455.csv,0.386,20.633
2026-09-04T10:31:59.667553,HTTP,3,3,2,151,http-main-3-151,success,21.736,383,220316,210572,110580,-38,,,HTTP,http_main_1000_nosleep_20260904_102455.csv,0.383,21.353
2026-09-04T10:31:59.889435,HTTP,3,3,2,152,http-main-3-152,success,21.301,428,217636,210572,110580,-39,,,HTTP,http_main_1000_nosleep_20260904_102455.csv,0.428,20.872999999999998
2026-09-04T10:32:00.110888,HTTP,3,3,2,153,http-main-3-153,success,17.492,397,220300,210572,110580,-36,,,HTTP,http_main_1000_nosleep_20260904_102455.csv,0.397,17.095000000000002
2026-09-04T10:32:00.328524,HTTP,3,3,2,154,http-main-3-154,success,27.934,387,220308,210572,110580,-38,,,HTTP,http_main_1000_nosleep_20260904_102455.csv,0.387,27.547
2026-09-04T10:32:00.556602,HTTP,3,3,2,155,http-main-3-155,success,24.272,381,220324,210572,110580,-40,,,HTTP,http_main_1000_nosleep_20260904_102455.csv,0.381,23.891
2026-09-04T10:32:00.781016,HTTP,3,3,2,156,http-main-3-156,success,27.603,387,220324,210572,110580,-38,,,HTTP,http_main_1000_nosleep_20260904_102455.csv,0.387,27.216
2026-09-04T10:32:01.008774,HTTP,3,3,2,157,http-main-3-157,success,19.953,386,220308,210572,110580,-38,,,HTTP,http_main_1000_nosleep_20260904_102455.csv,0.386,19.567
2026-09-04T10:32:01.228878,HTTP,3,3,2,158,http-main-3-158,success,22.931,385,220320,210572,110580,-39,,,HTTP,http_main_1000_nosleep_20260904_102455.csv,0.385,22.546
2026-09-04T10:32:01.451951,HTTP,3,3,2,159,http-main-3-159,success,24.114,383,220320,210572,110580,-38,,,HTTP,http_main_1000_nosleep_20260904_102455.csv,0.383,23.731
2026-09-04T10:32:01.676207,HTTP,3,3,2,160,http-main-3-160,success,17.832,384,220300,210572,110580,-37,,,HTTP,http_main_1000_nosleep_20260904_102455.csv,0.384,17.448
2026-09-04T10:32:01.894210,HTTP,3,3,2,161,http-main-3-161,success,26.698,392,220316,210572,110580,-38,,,HTTP,http_main_1000_nosleep_20260904_102455.csv,0.392,26.306
2026-09-04T10:32:02.121065,HTTP,3,3,2,162,http-main-3-162,success,19.495,468,220328,210572,110580,-38,,,HTTP,http_main_1000_nosleep_20260904_102455.csv,0.468,19.027
2026-09-04T10:32:02.340710,HTTP,3,3,2,163,http-main-3-163,success,20.293,424,217664,210572,110580,-36,,,HTTP,http_main_1000_nosleep_20260904_102455.csv,0.424,19.869
2026-09-04T10:32:02.561149,HTTP,3,3,2,164,http-main-3-164,success,17.69,385,220316,210572,110580,-38,,,HTTP,http_main_1000_nosleep_20260904_102455.csv,0.385,17.305
2026-09-04T10:32:02.778977,HTTP,3,3,2,165,http-main-3-165,success,18.817,393,217880,210572,110580,-37,,,HTTP,http_main_1000_nosleep_20260904_102455.csv,0.393,18.424
2026-09-04T10:32:02.997943,HTTP,3,3,2,166,http-main-3-166,success,23.524,384,220316,210572,110580,-37,,,HTTP,http_main_1000_nosleep_20260904_102455.csv,0.384,23.14
2026-09-04T10:32:03.221614,HTTP,3,3,2,167,http-main-3-167,success,18.111,387,220316,210572,110580,-40,,,HTTP,http_main_1000_nosleep_20260904_102455.csv,0.387,17.724
2026-09-04T10:32:03.439870,HTTP,3,3,2,168,http-main-3-168,success,24.782,379,220304,210572,110580,-38,,,HTTP,http_main_1000_nosleep_20260904_102455.csv,0.379,24.403
2026-09-04T10:32:03.664793,HTTP,3,3,2,169,http-main-3-169,success,27.544,385,220312,210572,110580,-39,,,HTTP,http_main_1000_nosleep_20260904_102455.csv,0.385,27.159
2026-09-04T10:32:03.892483,HTTP,3,3,2,170,http-main-3-170,success,19.739,382,220312,210572,110580,-39,,,HTTP,http_main_1000_nosleep_20260904_102455.csv,0.382,19.357
2026-09-04T10:32:04.112396,HTTP,3,3,2,171,http-main-3-171,success,19.972,389,220324,210572,110580,-40,,,HTTP,http_main_1000_nosleep_20260904_102455.csv,0.389,19.583000000000002
2026-09-04T10:32:04.332514,HTTP,3,3,2,172,http-main-3-172,success,19.442,385,220296,210572,110580,-38,,,HTTP,http_main_1000_nosleep_20260904_102455.csv,0.385,19.057
2026-09-04T10:32:04.552098,HTTP,3,3,2,173,http-main-3-173,success,19.139,387,220296,210572,110580,-39,,,HTTP,http_main_1000_nosleep_20260904_102455.csv,0.387,18.752
2026-09-04T10:32:04.771376,HTTP,3,3,2,174,http-main-3-174,success,25.193,396,217872,210572,110580,-39,,,HTTP,http_main_1000_nosleep_20260904_102455.csv,0.396,24.797
2026-09-04T10:32:04.996727,HTTP,3,3,2,175,http-main-3-175,success,22.185,456,220276,210572,110580,-39,,,HTTP,http_main_1000_nosleep_20260904_102455.csv,0.456,21.729
2026-09-04T10:32:05.219065,HTTP,3,3,2,176,http-main-3-176,success,33.584,385,220308,210572,110580,-40,,,HTTP,http_main_1000_nosleep_20260904_102455.csv,0.385,33.199000000000005
2026-09-04T10:32:05.452798,HTTP,3,3,2,177,http-main-3-177,success,16.148,393,220312,210572,110580,-38,,,HTTP,http_main_1000_nosleep_20260904_102455.csv,0.393,15.754999999999999
2026-09-04T10:32:05.669085,HTTP,3,3,2,178,http-main-3-178,success,26.717,382,220308,210572,110580,-40,,,HTTP,http_main_1000_nosleep_20260904_102455.csv,0.382,26.334999999999997
2026-09-04T10:32:05.895945,HTTP,3,3,2,179,http-main-3-179,success,23.839,405,217872,210572,110580,-40,,,HTTP,http_main_1000_nosleep_20260904_102455.csv,0.405,23.433999999999997
2026-09-04T10:32:06.119935,HTTP,3,3,2,180,http-main-3-180,success,19.383,387,220320,210572,110580,-37,,,HTTP,http_main_1000_nosleep_20260904_102455.csv,0.387,18.996
2026-09-04T10:32:06.339486,HTTP,3,3,2,181,http-main-3-181,success,28.675,386,220296,210572,110580,-37,,,HTTP,http_main_1000_nosleep_20260904_102455.csv,0.386,28.289
2026-09-04T10:32:06.568305,HTTP,3,3,2,182,http-main-3-182,success,14.651,433,220324,210572,110580,-40,,,HTTP,http_main_1000_nosleep_20260904_102455.csv,0.433,14.218
2026-09-04T10:32:06.783097,HTTP,3,3,2,183,http-main-3-183,success,21.869,389,220336,210572,110580,-37,,,HTTP,http_main_1000_nosleep_20260904_102455.csv,0.389,21.48
2026-09-04T10:32:07.005114,HTTP,3,3,2,184,http-main-3-184,success,20.721,382,220292,210572,110580,-37,,,HTTP,http_main_1000_nosleep_20260904_102455.csv,0.382,20.339
2026-09-04T10:32:07.225980,HTTP,3,3,2,185,http-main-3-185,success,24.099,388,220108,210572,110580,-39,,,HTTP,http_main_1000_nosleep_20260904_102455.csv,0.388,23.711
2026-09-04T10:32:07.450218,HTTP,3,3,2,186,http-main-3-186,success,19.06,379,220288,210572,110580,-38,,,HTTP,http_main_1000_nosleep_20260904_102455.csv,0.379,18.680999999999997
2026-09-04T10:32:07.669416,HTTP,3,3,2,187,http-main-3-187,success,17.932,397,220312,210572,110580,-38,,,HTTP,http_main_1000_nosleep_20260904_102455.csv,0.397,17.535
2026-09-04T10:32:07.887488,HTTP,3,3,2,188,http-main-3-188,success,17.626,394,219700,210572,110580,-40,,,HTTP,http_main_1000_nosleep_20260904_102455.csv,0.394,17.232000000000003
2026-09-04T10:32:08.105267,HTTP,3,3,2,189,http-main-3-189,success,19.677,382,220320,210572,110580,-40,,,HTTP,http_main_1000_nosleep_20260904_102455.csv,0.382,19.294999999999998
2026-09-04T10:32:08.325085,HTTP,3,3,2,190,http-main-3-190,success,21.334,382,220116,210572,110580,-40,,,HTTP,http_main_1000_nosleep_20260904_102455.csv,0.382,20.951999999999998
2026-09-04T10:32:08.546561,HTTP,3,3,2,191,http-main-3-191,success,20.273,389,220320,210572,110580,-40,,,HTTP,http_main_1000_nosleep_20260904_102455.csv,0.389,19.884
2026-09-04T10:32:08.766974,HTTP,3,3,2,192,http-main-3-192,success,26.122,438,219912,210572,110580,-40,,,HTTP,http_main_1000_nosleep_20260904_102455.csv,0.438,25.684
2026-09-04T10:32:08.993252,HTTP,3,3,2,193,http-main-3-193,success,18.318,385,220308,210572,110580,-38,,,HTTP,http_main_1000_nosleep_20260904_102455.csv,0.385,17.933
2026-09-04T10:32:09.211722,HTTP,3,3,2,194,http-main-3-194,success,19.716,383,220320,210572,110580,-41,,,HTTP,http_main_1000_nosleep_20260904_102455.csv,0.383,19.333000000000002
2026-09-04T10:32:09.431580,HTTP,3,3,2,195,http-main-3-195,success,20.329,395,220292,210572,110580,-40,,,HTTP,http_main_1000_nosleep_20260904_102455.csv,0.395,19.934
2026-09-04T10:32:09.652047,HTTP,3,3,2,196,http-main-3-196,success,18.743,436,220300,210572,110580,-40,,,HTTP,http_main_1000_nosleep_20260904_102455.csv,0.436,18.307
2026-09-04T10:32:09.870936,HTTP,3,3,2,197,http-main-3-197,success,14.377,384,220304,210572,110580,-39,,,HTTP,http_main_1000_nosleep_20260904_102455.csv,0.384,13.993
2026-09-04T10:32:10.085487,HTTP,3,3,2,198,http-main-3-198,success,18.495,382,220320,210572,110580,-39,,,HTTP,http_main_1000_nosleep_20260904_102455.csv,0.382,18.113
2026-09-04T10:32:10.304132,HTTP,3,3,2,199,http-main-3-199,success,22.488,391,220320,210572,110580,-38,,,HTTP,http_main_1000_nosleep_20260904_102455.csv,0.391,22.097
2026-09-04T10:32:10.526736,HTTP,3,3,2,200,http-main-3-200,success,20.928,382,220316,210572,110580,-39,,,HTTP,http_main_1000_nosleep_20260904_102455.csv,0.382,20.546
2026-09-04T10:32:59.831845,HTTP,4,4,1,1,http-main-4-1,success,21.971,360,220380,210572,110580,-39,,,HTTP,http_main_1000_nosleep_20260904_102455.csv,0.36,21.611
2026-09-04T10:33:00.054053,HTTP,4,4,1,2,http-main-4-2,success,33.27,450,220132,210572,110580,-39,,,HTTP,http_main_1000_nosleep_20260904_102455.csv,0.45,32.82
2026-09-04T10:33:00.287506,HTTP,4,4,1,3,http-main-4-3,success,18.354,370,220384,210572,110580,-40,,,HTTP,http_main_1000_nosleep_20260904_102455.csv,0.37,17.983999999999998
2026-09-04T10:33:00.506026,HTTP,4,4,1,4,http-main-4-4,success,18.211,360,220356,210572,110580,-39,,,HTTP,http_main_1000_nosleep_20260904_102455.csv,0.36,17.851
2026-09-04T10:33:00.724394,HTTP,4,4,1,5,http-main-4-5,success,21.354,387,219572,210572,110580,-40,,,HTTP,http_main_1000_nosleep_20260904_102455.csv,0.387,20.967
2026-09-04T10:33:00.945906,HTTP,4,4,1,6,http-main-4-6,success,16.94,405,220164,210572,110580,-39,,,HTTP,http_main_1000_nosleep_20260904_102455.csv,0.405,16.535
2026-09-04T10:33:01.163015,HTTP,4,4,1,7,http-main-4-7,success,17.961,356,220364,210572,110580,-40,,,HTTP,http_main_1000_nosleep_20260904_102455.csv,0.356,17.604999999999997
2026-09-04T10:33:01.381130,HTTP,4,4,1,8,http-main-4-8,success,19.177,351,220356,210572,110580,-41,,,HTTP,http_main_1000_nosleep_20260904_102455.csv,0.351,18.826
2026-09-04T10:33:01.600457,HTTP,4,4,1,9,http-main-4-9,success,21.912,358,220364,210572,110580,-40,,,HTTP,http_main_1000_nosleep_20260904_102455.csv,0.358,21.554
2026-09-04T10:33:01.822523,HTTP,4,4,1,10,http-main-4-10,success,23.63,391,220348,210572,110580,-40,,,HTTP,http_main_1000_nosleep_20260904_102455.csv,0.391,23.238999999999997
2026-09-04T10:33:02.046326,HTTP,4,4,1,11,http-main-4-11,success,17.395,400,220368,210572,110580,-42,,,HTTP,http_main_1000_nosleep_20260904_102455.csv,0.4,16.995
2026-09-04T10:33:02.263878,HTTP,4,4,1,12,http-main-4-12,success,16.343,391,220368,210572,110580,-38,,,HTTP,http_main_1000_nosleep_20260904_102455.csv,0.391,15.952
2026-09-04T10:33:02.480370,HTTP,4,4,1,13,http-main-4-13,success,17.255,391,220368,210572,110580,-37,,,HTTP,http_main_1000_nosleep_20260904_102455.csv,0.391,16.863999999999997
2026-09-04T10:33:02.697771,HTTP,4,4,1,14,http-main-4-14,success,15.967,390,220368,210572,110580,-39,,,HTTP,http_main_1000_nosleep_20260904_102455.csv,0.39,15.577
2026-09-04T10:33:02.913890,HTTP,4,4,1,15,http-main-4-15,success,17.4,393,220368,210572,110580,-39,,,HTTP,http_main_1000_nosleep_20260904_102455.csv,0.393,17.006999999999998
2026-09-04T10:33:03.131451,HTTP,4,4,1,16,http-main-4-16,success,30.189,387,220392,210572,110580,-39,,,HTTP,http_main_1000_nosleep_20260904_102455.csv,0.387,29.802
2026-09-04T10:33:03.361789,HTTP,4,4,1,17,http-main-4-17,success,18.505,390,220356,210572,110580,-38,,,HTTP,http_main_1000_nosleep_20260904_102455.csv,0.39,18.115
2026-09-04T10:33:03.580438,HTTP,4,4,1,18,http-main-4-18,success,14.97,391,220356,210572,110580,-38,,,HTTP,http_main_1000_nosleep_20260904_102455.csv,0.391,14.579
2026-09-04T10:33:03.795559,HTTP,4,4,1,19,http-main-4-19,success,17.022,399,220384,210572,110580,-38,,,HTTP,http_main_1000_nosleep_20260904_102455.csv,0.399,16.622999999999998
2026-09-04T10:33:04.012746,HTTP,4,4,1,20,http-main-4-20,success,20.984,391,220364,210572,110580,-38,,,HTTP,http_main_1000_nosleep_20260904_102455.csv,0.391,20.593000000000004
2026-09-04T10:33:04.233929,HTTP,4,4,1,21,http-main-4-21,success,23.326,392,220364,210572,110580,-40,,,HTTP,http_main_1000_nosleep_20260904_102455.csv,0.392,22.934
2026-09-04T10:33:04.457414,HTTP,4,4,1,22,http-main-4-22,success,18.19,391,220364,210572,110580,-39,,,HTTP,http_main_1000_nosleep_20260904_102455.csv,0.391,17.799
2026-09-04T10:33:04.675756,HTTP,4,4,1,23,http-main-4-23,success,25.051,392,220372,210572,110580,-39,,,HTTP,http_main_1000_nosleep_20260904_102455.csv,0.392,24.659
2026-09-04T10:33:04.900959,HTTP,4,4,1,24,http-main-4-24,success,17.668,390,220368,210572,110580,-39,,,HTTP,http_main_1000_nosleep_20260904_102455.csv,0.39,17.278
2026-09-04T10:33:05.118814,HTTP,4,4,1,25,http-main-4-25,success,18.807,386,220364,210572,110580,-40,,,HTTP,http_main_1000_nosleep_20260904_102455.csv,0.386,18.421
2026-09-04T10:33:05.337770,HTTP,4,4,1,26,http-main-4-26,success,21.288,394,220368,210572,110580,-37,,,HTTP,http_main_1000_nosleep_20260904_102455.csv,0.394,20.894000000000002
2026-09-04T10:33:05.559201,HTTP,4,4,1,27,http-main-4-27,success,18.655,393,220392,210572,110580,-39,,,HTTP,http_main_1000_nosleep_20260904_102455.csv,0.393,18.262
2026-09-04T10:33:05.777998,HTTP,4,4,1,28,http-main-4-28,success,18.835,388,220372,210572,110580,-39,,,HTTP,http_main_1000_nosleep_20260904_102455.csv,0.388,18.447
2026-09-04T10:33:05.996993,HTTP,4,4,1,29,http-main-4-29,success,19.691,392,220376,210572,110580,-41,,,HTTP,http_main_1000_nosleep_20260904_102455.csv,0.392,19.299
2026-09-04T10:33:06.216840,HTTP,4,4,1,30,http-main-4-30,success,26.161,391,220376,210572,110580,-39,,,HTTP,http_main_1000_nosleep_20260904_102455.csv,0.391,25.770000000000003
2026-09-04T10:33:06.443159,HTTP,4,4,1,31,http-main-4-31,success,18.705,392,220352,210572,110580,-38,,,HTTP,http_main_1000_nosleep_20260904_102455.csv,0.392,18.313
2026-09-04T10:33:06.662006,HTTP,4,4,1,32,http-main-4-32,success,13.576,400,220356,210572,110580,-40,,,HTTP,http_main_1000_nosleep_20260904_102455.csv,0.4,13.176
2026-09-04T10:33:06.875728,HTTP,4,4,1,33,http-main-4-33,success,19.897,397,220372,210572,110580,-36,,,HTTP,http_main_1000_nosleep_20260904_102455.csv,0.397,19.5
2026-09-04T10:33:07.095783,HTTP,4,4,1,34,http-main-4-34,success,22.861,395,220384,210572,110580,-39,,,HTTP,http_main_1000_nosleep_20260904_102455.csv,0.395,22.466
2026-09-04T10:33:07.318797,HTTP,4,4,1,35,http-main-4-35,success,22.273,392,220356,210572,110580,-37,,,HTTP,http_main_1000_nosleep_20260904_102455.csv,0.392,21.881
2026-09-04T10:33:07.541210,HTTP,4,4,1,36,http-main-4-36,success,26.62,387,220388,210572,110580,-36,,,HTTP,http_main_1000_nosleep_20260904_102455.csv,0.387,26.233
2026-09-04T10:33:07.767967,HTTP,4,4,1,37,http-main-4-37,success,20.182,394,220380,210572,110580,-39,,,HTTP,http_main_1000_nosleep_20260904_102455.csv,0.394,19.788
2026-09-04T10:33:07.988307,HTTP,4,4,1,38,http-main-4-38,success,27.694,394,220388,210572,110580,-35,,,HTTP,http_main_1000_nosleep_20260904_102455.csv,0.394,27.3
2026-09-04T10:33:08.216152,HTTP,4,4,1,39,http-main-4-39,success,16.92,392,220380,210572,110580,-37,,,HTTP,http_main_1000_nosleep_20260904_102455.csv,0.392,16.528000000000002
2026-09-04T10:33:08.433214,HTTP,4,4,1,40,http-main-4-40,success,16.778,393,220388,210572,110580,-37,,,HTTP,http_main_1000_nosleep_20260904_102455.csv,0.393,16.384999999999998
2026-09-04T10:33:08.650158,HTTP,4,4,1,41,http-main-4-41,success,22.706,397,220360,210572,110580,-38,,,HTTP,http_main_1000_nosleep_20260904_102455.csv,0.397,22.309
2026-09-04T10:33:08.873012,HTTP,4,4,1,42,http-main-4-42,success,21.776,398,220384,210572,110580,-39,,,HTTP,http_main_1000_nosleep_20260904_102455.csv,0.398,21.378
2026-09-04T10:33:09.094952,HTTP,4,4,1,43,http-main-4-43,success,19.259,630,220192,210572,110580,-36,,,HTTP,http_main_1000_nosleep_20260904_102455.csv,0.63,18.629
2026-09-04T10:33:09.314363,HTTP,4,4,1,44,http-main-4-44,success,19.457,576,220168,210572,110580,-38,,,HTTP,http_main_1000_nosleep_20260904_102455.csv,0.576,18.881
2026-09-04T10:33:09.533968,HTTP,4,4,1,45,http-main-4-45,success,24.148,398,220356,210572,110580,-39,,,HTTP,http_main_1000_nosleep_20260904_102455.csv,0.398,23.75
2026-09-04T10:33:09.758258,HTTP,4,4,1,46,http-main-4-46,success,22.961,392,220388,210572,110580,-36,,,HTTP,http_main_1000_nosleep_20260904_102455.csv,0.392,22.569
2026-09-04T10:33:09.981372,HTTP,4,4,1,47,http-main-4-47,success,19.274,391,220380,210572,110580,-35,,,HTTP,http_main_1000_nosleep_20260904_102455.csv,0.391,18.883000000000003
2026-09-04T10:33:10.200829,HTTP,4,4,1,48,http-main-4-48,success,21.492,390,220376,210572,110580,-37,,,HTTP,http_main_1000_nosleep_20260904_102455.csv,0.39,21.102
2026-09-04T10:33:10.422485,HTTP,4,4,1,49,http-main-4-49,success,19.024,429,220388,210572,110580,-37,,,HTTP,http_main_1000_nosleep_20260904_102455.csv,0.429,18.595000000000002
2026-09-04T10:33:10.641660,HTTP,4,4,1,50,http-main-4-50,success,19.113,389,220356,210572,110580,-39,,,HTTP,http_main_1000_nosleep_20260904_102455.csv,0.389,18.724
2026-09-04T10:33:10.860928,HTTP,4,4,1,51,http-main-4-51,success,25.993,417,220372,210572,110580,-37,,,HTTP,http_main_1000_nosleep_20260904_102455.csv,0.417,25.575999999999997
2026-09-04T10:33:11.087086,HTTP,4,4,1,52,http-main-4-52,success,25.44,396,220364,210572,110580,-37,,,HTTP,http_main_1000_nosleep_20260904_102455.csv,0.396,25.044
2026-09-04T10:33:11.312678,HTTP,4,4,1,53,http-main-4-53,success,24.112,389,220344,210572,110580,-38,,,HTTP,http_main_1000_nosleep_20260904_102455.csv,0.389,23.723
2026-09-04T10:33:11.536936,HTTP,4,4,1,54,http-main-4-54,success,18.805,387,220380,210572,110580,-37,,,HTTP,http_main_1000_nosleep_20260904_102455.csv,0.387,18.418
2026-09-04T10:33:11.755884,HTTP,4,4,1,55,http-main-4-55,success,18.539,457,220356,210572,110580,-39,,,HTTP,http_main_1000_nosleep_20260904_102455.csv,0.457,18.082
2026-09-04T10:33:11.974569,HTTP,4,4,1,56,http-main-4-56,success,21.526,514,220376,210572,110580,-37,,,HTTP,http_main_1000_nosleep_20260904_102455.csv,0.514,21.012
2026-09-04T10:33:12.196254,HTTP,4,4,1,57,http-main-4-57,success,17.241,402,220384,210572,110580,-37,,,HTTP,http_main_1000_nosleep_20260904_102455.csv,0.402,16.839
2026-09-04T10:33:12.413642,HTTP,4,4,1,58,http-main-4-58,success,15.959,388,220380,210572,110580,-39,,,HTTP,http_main_1000_nosleep_20260904_102455.csv,0.388,15.571
2026-09-04T10:33:12.629743,HTTP,4,4,1,59,http-main-4-59,success,25.449,399,220380,210572,110580,-38,,,HTTP,http_main_1000_nosleep_20260904_102455.csv,0.399,25.05
2026-09-04T10:33:12.855339,HTTP,4,4,1,60,http-main-4-60,success,14.817,439,220360,210572,110580,-38,,,HTTP,http_main_1000_nosleep_20260904_102455.csv,0.439,14.378
2026-09-04T10:33:13.070344,HTTP,4,4,1,61,http-main-4-61,success,19.208,385,220384,210572,110580,-38,,,HTTP,http_main_1000_nosleep_20260904_102455.csv,0.385,18.822999999999997
2026-09-04T10:33:13.289705,HTTP,4,4,1,62,http-main-4-62,success,16.725,387,220344,210572,110580,-39,,,HTTP,http_main_1000_nosleep_20260904_102455.csv,0.387,16.338
2026-09-04T10:33:13.506576,HTTP,4,4,1,63,http-main-4-63,success,19.313,387,220380,210572,110580,-39,,,HTTP,http_main_1000_nosleep_20260904_102455.csv,0.387,18.926
2026-09-04T10:33:13.726032,HTTP,4,4,1,64,http-main-4-64,success,16.66,391,220356,210572,110580,-39,,,HTTP,http_main_1000_nosleep_20260904_102455.csv,0.391,16.269
2026-09-04T10:33:13.942848,HTTP,4,4,1,65,http-main-4-65,success,17.056,392,220376,210572,110580,-37,,,HTTP,http_main_1000_nosleep_20260904_102455.csv,0.392,16.664
2026-09-04T10:33:14.160062,HTTP,4,4,1,66,http-main-4-66,success,19.677,390,220384,210572,110580,-37,,,HTTP,http_main_1000_nosleep_20260904_102455.csv,0.39,19.287
2026-09-04T10:33:14.379883,HTTP,4,4,1,67,http-main-4-67,success,16.755,389,220368,210572,110580,-36,,,HTTP,http_main_1000_nosleep_20260904_102455.csv,0.389,16.366
2026-09-04T10:33:14.596776,HTTP,4,4,1,68,http-main-4-68,success,20.996,393,220380,210572,110580,-36,,,HTTP,http_main_1000_nosleep_20260904_102455.csv,0.393,20.602999999999998
2026-09-04T10:33:14.817917,HTTP,4,4,1,69,http-main-4-69,success,28.301,391,220356,210572,110580,-38,,,HTTP,http_main_1000_nosleep_20260904_102455.csv,0.391,27.909999999999997
2026-09-04T10:33:15.046375,HTTP,4,4,1,70,http-main-4-70,success,16.644,444,220376,210572,110580,-39,,,HTTP,http_main_1000_nosleep_20260904_102455.csv,0.444,16.2
2026-09-04T10:33:15.263171,HTTP,4,4,1,71,http-main-4-71,success,20.541,443,220388,210572,110580,-38,,,HTTP,http_main_1000_nosleep_20260904_102455.csv,0.443,20.098
2026-09-04T10:33:15.483858,HTTP,4,4,1,72,http-main-4-72,success,17.588,397,220368,210572,110580,-40,,,HTTP,http_main_1000_nosleep_20260904_102455.csv,0.397,17.191000000000003
2026-09-04T10:33:15.701588,HTTP,4,4,1,73,http-main-4-73,success,23.02,387,220368,210572,110580,-40,,,HTTP,http_main_1000_nosleep_20260904_102455.csv,0.387,22.633
2026-09-04T10:33:15.924757,HTTP,4,4,1,74,http-main-4-74,success,20.139,424,220168,210572,110580,-41,,,HTTP,http_main_1000_nosleep_20260904_102455.csv,0.424,19.715
2026-09-04T10:33:16.145058,HTTP,4,4,1,75,http-main-4-75,success,18.349,386,220344,210572,110580,-40,,,HTTP,http_main_1000_nosleep_20260904_102455.csv,0.386,17.963
2026-09-04T10:33:16.363559,HTTP,4,4,1,76,http-main-4-76,success,23.733,392,220380,210572,110580,-40,,,HTTP,http_main_1000_nosleep_20260904_102455.csv,0.392,23.341
2026-09-04T10:33:16.587447,HTTP,4,4,1,77,http-main-4-77,success,18.591,394,220368,210572,110580,-43,,,HTTP,http_main_1000_nosleep_20260904_102455.csv,0.394,18.197000000000003
2026-09-04T10:33:16.806190,HTTP,4,4,1,78,http-main-4-78,success,16.045,393,220376,210572,110580,-41,,,HTTP,http_main_1000_nosleep_20260904_102455.csv,0.393,15.652000000000001
2026-09-04T10:33:17.022402,HTTP,4,4,1,79,http-main-4-79,success,15.148,399,220380,210572,110580,-40,,,HTTP,http_main_1000_nosleep_20260904_102455.csv,0.399,14.748999999999999
2026-09-04T10:33:17.237697,HTTP,4,4,1,80,http-main-4-80,success,18.863,391,220376,210572,110580,-40,,,HTTP,http_main_1000_nosleep_20260904_102455.csv,0.391,18.472
2026-09-04T10:33:17.456729,HTTP,4,4,1,81,http-main-4-81,success,19.141,392,220388,210572,110580,-41,,,HTTP,http_main_1000_nosleep_20260904_102455.csv,0.392,18.749
2026-09-04T10:33:17.676011,HTTP,4,4,1,82,http-main-4-82,success,21.477,388,220388,210572,110580,-41,,,HTTP,http_main_1000_nosleep_20260904_102455.csv,0.388,21.089
2026-09-04T10:33:17.897635,HTTP,4,4,1,83,http-main-4-83,success,26.142,387,220360,210572,110580,-42,,,HTTP,http_main_1000_nosleep_20260904_102455.csv,0.387,25.755
2026-09-04T10:33:18.123937,HTTP,4,4,1,84,http-main-4-84,success,23.555,397,220384,210572,110580,-41,,,HTTP,http_main_1000_nosleep_20260904_102455.csv,0.397,23.158
2026-09-04T10:33:18.347643,HTTP,4,4,1,85,http-main-4-85,success,17.404,440,220360,210572,110580,-41,,,HTTP,http_main_1000_nosleep_20260904_102455.csv,0.44,16.964
2026-09-04T10:33:18.565197,HTTP,4,4,1,86,http-main-4-86,success,17.487,391,220396,210572,110580,-41,,,HTTP,http_main_1000_nosleep_20260904_102455.csv,0.391,17.095999999999997
2026-09-04T10:33:18.782837,HTTP,4,4,1,87,http-main-4-87,success,28.893,392,220392,210572,110580,-40,,,HTTP,http_main_1000_nosleep_20260904_102455.csv,0.392,28.501
2026-09-04T10:33:19.011892,HTTP,4,4,1,88,http-main-4-88,success,18.93,385,220372,210572,110580,-41,,,HTTP,http_main_1000_nosleep_20260904_102455.csv,0.385,18.544999999999998
2026-09-04T10:33:19.230978,HTTP,4,4,1,89,http-main-4-89,success,22.869,452,220372,210572,110580,-41,,,HTTP,http_main_1000_nosleep_20260904_102455.csv,0.452,22.416999999999998
2026-09-04T10:33:19.453991,HTTP,4,4,1,90,http-main-4-90,success,20.416,389,220364,210572,110580,-41,,,HTTP,http_main_1000_nosleep_20260904_102455.csv,0.389,20.027
2026-09-04T10:33:19.674545,HTTP,4,4,1,91,http-main-4-91,success,21.073,393,220344,210572,110580,-42,,,HTTP,http_main_1000_nosleep_20260904_102455.csv,0.393,20.68
2026-09-04T10:33:19.895763,HTTP,4,4,1,92,http-main-4-92,success,16.806,388,220368,210572,110580,-41,,,HTTP,http_main_1000_nosleep_20260904_102455.csv,0.388,16.418
2026-09-04T10:33:20.112722,HTTP,4,4,1,93,http-main-4-93,success,21.357,390,220360,210572,110580,-39,,,HTTP,http_main_1000_nosleep_20260904_102455.csv,0.39,20.967
2026-09-04T10:33:20.334224,HTTP,4,4,1,94,http-main-4-94,success,29.667,413,220336,210572,110580,-40,,,HTTP,http_main_1000_nosleep_20260904_102455.csv,0.413,29.254
2026-09-04T10:33:20.564028,HTTP,4,4,1,95,http-main-4-95,success,23.639,387,220364,210572,110580,-42,,,HTTP,http_main_1000_nosleep_20260904_102455.csv,0.387,23.252
2026-09-04T10:33:20.787808,HTTP,4,4,1,96,http-main-4-96,success,21.882,402,220384,210572,110580,-42,,,HTTP,http_main_1000_nosleep_20260904_102455.csv,0.402,21.48
2026-09-04T10:33:21.009853,HTTP,4,4,1,97,http-main-4-97,success,17.442,388,220356,210572,110580,-42,,,HTTP,http_main_1000_nosleep_20260904_102455.csv,0.388,17.054
2026-09-04T10:33:21.227443,HTTP,4,4,1,98,http-main-4-98,success,16.525,427,220388,210572,110580,-40,,,HTTP,http_main_1000_nosleep_20260904_102455.csv,0.427,16.098
2026-09-04T10:33:21.444112,HTTP,4,4,1,99,http-main-4-99,success,20.94,389,220380,210572,110580,-41,,,HTTP,http_main_1000_nosleep_20260904_102455.csv,0.389,20.551000000000002
2026-09-04T10:33:21.665191,HTTP,4,4,1,100,http-main-4-100,success,16.495,384,220312,210572,110580,-38,,,HTTP,http_main_1000_nosleep_20260904_102455.csv,0.384,16.111
2026-09-04T10:33:21.881865,HTTP,4,4,1,101,http-main-4-101,success,16.158,380,220288,210572,110580,-39,,,HTTP,http_main_1000_nosleep_20260904_102455.csv,0.38,15.778
2026-09-04T10:33:22.098207,HTTP,4,4,1,102,http-main-4-102,success,25.136,381,220280,210572,110580,-41,,,HTTP,http_main_1000_nosleep_20260904_102455.csv,0.381,24.755
2026-09-04T10:33:22.323494,HTTP,4,4,1,103,http-main-4-103,success,21.954,379,220308,210572,110580,-39,,,HTTP,http_main_1000_nosleep_20260904_102455.csv,0.379,21.575
2026-09-04T10:33:22.545585,HTTP,4,4,1,104,http-main-4-104,success,21.402,383,220288,210572,110580,-40,,,HTTP,http_main_1000_nosleep_20260904_102455.csv,0.383,21.019000000000002
2026-09-04T10:33:22.767122,HTTP,4,4,1,105,http-main-4-105,success,17.979,378,220312,210572,110580,-41,,,HTTP,http_main_1000_nosleep_20260904_102455.csv,0.378,17.601
2026-09-04T10:33:22.985251,HTTP,4,4,1,106,http-main-4-106,success,23.449,382,220300,210572,110580,-42,,,HTTP,http_main_1000_nosleep_20260904_102455.csv,0.382,23.067
2026-09-04T10:33:23.208845,HTTP,4,4,1,107,http-main-4-107,success,19.589,554,220308,210572,110580,-42,,,HTTP,http_main_1000_nosleep_20260904_102455.csv,0.554,19.035
2026-09-04T10:33:23.428576,HTTP,4,4,1,108,http-main-4-108,success,19.487,383,220304,210572,110580,-38,,,HTTP,http_main_1000_nosleep_20260904_102455.csv,0.383,19.104
2026-09-04T10:33:23.648201,HTTP,4,4,1,109,http-main-4-109,success,18.078,384,220296,210572,110580,-39,,,HTTP,http_main_1000_nosleep_20260904_102455.csv,0.384,17.694
2026-09-04T10:33:23.866424,HTTP,4,4,1,110,http-main-4-110,success,16.365,398,220132,210572,110580,-37,,,HTTP,http_main_1000_nosleep_20260904_102455.csv,0.398,15.966999999999999
2026-09-04T10:33:24.082936,HTTP,4,4,1,111,http-main-4-111,success,41.568,385,220328,210572,110580,-40,,,HTTP,http_main_1000_nosleep_20260904_102455.csv,0.385,41.183
2026-09-04T10:33:24.324645,HTTP,4,4,1,112,http-main-4-112,success,16.87,388,220316,210572,110580,-40,,,HTTP,http_main_1000_nosleep_20260904_102455.csv,0.388,16.482
2026-09-04T10:33:24.541654,HTTP,4,4,1,113,http-main-4-113,success,26.312,383,220300,210572,110580,-40,,,HTTP,http_main_1000_nosleep_20260904_102455.csv,0.383,25.929000000000002
2026-09-04T10:33:24.768102,HTTP,4,4,1,114,http-main-4-114,success,17.474,382,220292,210572,110580,-39,,,HTTP,http_main_1000_nosleep_20260904_102455.csv,0.382,17.092
2026-09-04T10:33:24.985725,HTTP,4,4,1,115,http-main-4-115,success,20.599,380,220328,210572,110580,-38,,,HTTP,http_main_1000_nosleep_20260904_102455.csv,0.38,20.219
2026-09-04T10:33:25.206470,HTTP,4,4,1,116,http-main-4-116,success,15.609,472,220304,210572,110580,-39,,,HTTP,http_main_1000_nosleep_20260904_102455.csv,0.472,15.137
2026-09-04T10:33:25.422222,HTTP,4,4,1,117,http-main-4-117,success,18.284,382,220308,210572,110580,-38,,,HTTP,http_main_1000_nosleep_20260904_102455.csv,0.382,17.901999999999997
2026-09-04T10:33:25.640643,HTTP,4,4,1,118,http-main-4-118,success,18.262,383,220300,210572,110580,-38,,,HTTP,http_main_1000_nosleep_20260904_102455.csv,0.383,17.879
2026-09-04T10:33:25.859043,HTTP,4,4,1,119,http-main-4-119,success,19.712,642,220108,210572,110580,-40,,,HTTP,http_main_1000_nosleep_20260904_102455.csv,0.642,19.07
2026-09-04T10:33:26.078906,HTTP,4,4,1,120,http-main-4-120,success,17.956,382,220284,210572,110580,-40,,,HTTP,http_main_1000_nosleep_20260904_102455.csv,0.382,17.573999999999998
2026-09-04T10:33:26.297031,HTTP,4,4,1,121,http-main-4-121,success,28.04,380,220300,210572,110580,-40,,,HTTP,http_main_1000_nosleep_20260904_102455.csv,0.38,27.66
2026-09-04T10:33:26.525211,HTTP,4,4,1,122,http-main-4-122,success,18.779,382,220292,210572,110580,-39,,,HTTP,http_main_1000_nosleep_20260904_102455.csv,0.382,18.397
2026-09-04T10:33:26.744129,HTTP,4,4,1,123,http-main-4-123,success,16.191,383,220284,210572,110580,-40,,,HTTP,http_main_1000_nosleep_20260904_102455.csv,0.383,15.808
2026-09-04T10:33:26.960460,HTTP,4,4,1,124,http-main-4-124,success,20.487,389,220324,210572,110580,-40,,,HTTP,http_main_1000_nosleep_20260904_102455.csv,0.389,20.098
2026-09-04T10:33:27.181093,HTTP,4,4,1,125,http-main-4-125,success,17.096,396,220292,210572,110580,-40,,,HTTP,http_main_1000_nosleep_20260904_102455.csv,0.396,16.7
2026-09-04T10:33:27.398330,HTTP,4,4,1,126,http-main-4-126,success,18.291,381,220300,210572,110580,-40,,,HTTP,http_main_1000_nosleep_20260904_102455.csv,0.381,17.91
2026-09-04T10:33:27.616756,HTTP,4,4,1,127,http-main-4-127,success,28.743,385,220292,210572,110580,-41,,,HTTP,http_main_1000_nosleep_20260904_102455.csv,0.385,28.357999999999997
2026-09-04T10:33:27.845638,HTTP,4,4,1,128,http-main-4-128,success,21.504,382,220320,210572,110580,-40,,,HTTP,http_main_1000_nosleep_20260904_102455.csv,0.382,21.122
2026-09-04T10:33:28.067314,HTTP,4,4,1,129,http-main-4-129,success,30.414,382,220292,210572,110580,-39,,,HTTP,http_main_1000_nosleep_20260904_102455.csv,0.382,30.032
2026-09-04T10:33:28.297876,HTTP,4,4,1,130,http-main-4-130,success,19.009,381,220308,210572,110580,-41,,,HTTP,http_main_1000_nosleep_20260904_102455.csv,0.381,18.628
2026-09-04T10:33:28.517028,HTTP,4,4,1,131,http-main-4-131,success,19.673,381,220292,210572,110580,-41,,,HTTP,http_main_1000_nosleep_20260904_102455.csv,0.381,19.291999999999998
2026-09-04T10:33:28.736839,HTTP,4,4,1,132,http-main-4-132,success,22.137,389,220300,210572,110580,-39,,,HTTP,http_main_1000_nosleep_20260904_102455.csv,0.389,21.748
2026-09-04T10:33:28.959118,HTTP,4,4,1,133,http-main-4-133,success,17.906,667,220092,210572,110580,-39,,,HTTP,http_main_1000_nosleep_20260904_102455.csv,0.667,17.238999999999997
2026-09-04T10:33:29.177173,HTTP,4,4,1,134,http-main-4-134,success,19.401,382,220300,210572,110580,-42,,,HTTP,http_main_1000_nosleep_20260904_102455.csv,0.382,19.019
2026-09-04T10:33:29.396713,HTTP,4,4,1,135,http-main-4-135,success,18.411,403,220296,210572,110580,-41,,,HTTP,http_main_1000_nosleep_20260904_102455.csv,0.403,18.008000000000003
2026-09-04T10:33:29.615261,HTTP,4,4,1,136,http-main-4-136,success,18.279,383,220316,210572,110580,-40,,,HTTP,http_main_1000_nosleep_20260904_102455.csv,0.383,17.896
2026-09-04T10:33:29.833677,HTTP,4,4,1,137,http-main-4-137,success,18.155,386,220320,210572,110580,-41,,,HTTP,http_main_1000_nosleep_20260904_102455.csv,0.386,17.769000000000002
2026-09-04T10:33:30.051980,HTTP,4,4,1,138,http-main-4-138,success,19.858,383,220320,210572,110580,-41,,,HTTP,http_main_1000_nosleep_20260904_102455.csv,0.383,19.475
2026-09-04T10:33:30.271974,HTTP,4,4,1,139,http-main-4-139,success,23.386,429,220108,210572,110580,-40,,,HTTP,http_main_1000_nosleep_20260904_102455.csv,0.429,22.957
2026-09-04T10:33:30.495494,HTTP,4,4,1,140,http-main-4-140,success,16.658,382,220316,210572,110580,-42,,,HTTP,http_main_1000_nosleep_20260904_102455.csv,0.382,16.276
2026-09-04T10:33:30.712312,HTTP,4,4,1,141,http-main-4-141,success,16.915,383,220292,210572,110580,-39,,,HTTP,http_main_1000_nosleep_20260904_102455.csv,0.383,16.532
2026-09-04T10:33:30.929369,HTTP,4,4,1,142,http-main-4-142,success,35.833,383,220272,210572,110580,-42,,,HTTP,http_main_1000_nosleep_20260904_102455.csv,0.383,35.449999999999996
2026-09-04T10:33:31.165349,HTTP,4,4,1,143,http-main-4-143,success,22.465,382,220292,210572,110580,-39,,,HTTP,http_main_1000_nosleep_20260904_102455.csv,0.382,22.083
2026-09-04T10:33:31.387957,HTTP,4,4,1,144,http-main-4-144,success,18.809,381,220324,210572,110580,-41,,,HTTP,http_main_1000_nosleep_20260904_102455.csv,0.381,18.428
2026-09-04T10:33:31.606911,HTTP,4,4,1,145,http-main-4-145,success,19.927,381,220300,210572,110580,-40,,,HTTP,http_main_1000_nosleep_20260904_102455.csv,0.381,19.546
2026-09-04T10:33:31.826981,HTTP,4,4,1,146,http-main-4-146,success,17.723,409,220276,210572,110580,-41,,,HTTP,http_main_1000_nosleep_20260904_102455.csv,0.409,17.314
2026-09-04T10:33:32.044858,HTTP,4,4,1,147,http-main-4-147,success,18.87,387,220296,210572,110580,-41,,,HTTP,http_main_1000_nosleep_20260904_102455.csv,0.387,18.483
2026-09-04T10:33:32.263872,HTTP,4,4,1,148,http-main-4-148,success,18.169,381,220300,210572,110580,-39,,,HTTP,http_main_1000_nosleep_20260904_102455.csv,0.381,17.788
2026-09-04T10:33:32.482187,HTTP,4,4,1,149,http-main-4-149,success,17.609,394,217872,210572,110580,-39,,,HTTP,http_main_1000_nosleep_20260904_102455.csv,0.394,17.215000000000003
2026-09-04T10:33:32.699938,HTTP,4,4,1,150,http-main-4-150,success,17.043,382,220300,210572,110580,-40,,,HTTP,http_main_1000_nosleep_20260904_102455.csv,0.382,16.660999999999998
2026-09-04T10:33:32.917122,HTTP,4,4,1,151,http-main-4-151,success,17.065,384,220280,210572,110580,-41,,,HTTP,http_main_1000_nosleep_20260904_102455.csv,0.384,16.681
2026-09-04T10:33:33.134336,HTTP,4,4,1,152,http-main-4-152,success,17.357,383,220308,210572,110580,-40,,,HTTP,http_main_1000_nosleep_20260904_102455.csv,0.383,16.974
2026-09-04T10:33:33.351833,HTTP,4,4,1,153,http-main-4-153,success,22.056,383,220308,210572,110580,-41,,,HTTP,http_main_1000_nosleep_20260904_102455.csv,0.383,21.673000000000002
2026-09-04T10:33:33.574028,HTTP,4,4,1,154,http-main-4-154,success,16.079,380,220308,210572,110580,-39,,,HTTP,http_main_1000_nosleep_20260904_102455.csv,0.38,15.699
2026-09-04T10:33:33.790247,HTTP,4,4,1,155,http-main-4-155,success,23.631,422,220336,210572,110580,-40,,,HTTP,http_main_1000_nosleep_20260904_102455.csv,0.422,23.209
2026-09-04T10:33:34.014038,HTTP,4,4,1,156,http-main-4-156,success,19.206,386,220308,210572,110580,-39,,,HTTP,http_main_1000_nosleep_20260904_102455.csv,0.386,18.82
2026-09-04T10:33:34.233419,HTTP,4,4,1,157,http-main-4-157,success,15.85,478,220068,210572,110580,-41,,,HTTP,http_main_1000_nosleep_20260904_102455.csv,0.478,15.372
2026-09-04T10:33:34.449426,HTTP,4,4,1,158,http-main-4-158,success,17.958,381,220284,210572,110580,-40,,,HTTP,http_main_1000_nosleep_20260904_102455.csv,0.381,17.576999999999998
2026-09-04T10:33:34.667539,HTTP,4,4,1,159,http-main-4-159,success,19.12,384,220308,210572,110580,-39,,,HTTP,http_main_1000_nosleep_20260904_102455.csv,0.384,18.736
2026-09-04T10:33:34.886823,HTTP,4,4,1,160,http-main-4-160,success,28.457,379,220300,210572,110580,-41,,,HTTP,http_main_1000_nosleep_20260904_102455.csv,0.379,28.078
2026-09-04T10:33:35.115462,HTTP,4,4,1,161,http-main-4-161,success,19.676,384,220280,210572,110580,-40,,,HTTP,http_main_1000_nosleep_20260904_102455.csv,0.384,19.291999999999998
2026-09-04T10:33:35.335292,HTTP,4,4,1,162,http-main-4-162,success,19.179,382,220300,210572,110580,-41,,,HTTP,http_main_1000_nosleep_20260904_102455.csv,0.382,18.796999999999997
2026-09-04T10:33:35.554618,HTTP,4,4,1,163,http-main-4-163,success,18.042,383,220292,210572,110580,-38,,,HTTP,http_main_1000_nosleep_20260904_102455.csv,0.383,17.659000000000002
2026-09-04T10:33:35.772802,HTTP,4,4,1,164,http-main-4-164,success,19.3,403,220300,210572,110580,-40,,,HTTP,http_main_1000_nosleep_20260904_102455.csv,0.403,18.897000000000002
2026-09-04T10:33:35.992256,HTTP,4,4,1,165,http-main-4-165,success,18.375,445,220112,210572,110580,-39,,,HTTP,http_main_1000_nosleep_20260904_102455.csv,0.445,17.93
2026-09-04T10:33:36.210795,HTTP,4,4,1,166,http-main-4-166,success,24.044,382,220320,210572,110580,-37,,,HTTP,http_main_1000_nosleep_20260904_102455.csv,0.382,23.662
2026-09-04T10:33:36.434983,HTTP,4,4,1,167,http-main-4-167,success,19.183,383,220320,210572,110580,-41,,,HTTP,http_main_1000_nosleep_20260904_102455.csv,0.383,18.8
2026-09-04T10:33:36.654319,HTTP,4,4,1,168,http-main-4-168,success,16.445,387,220300,210572,110580,-39,,,HTTP,http_main_1000_nosleep_20260904_102455.csv,0.387,16.058
2026-09-04T10:33:36.870920,HTTP,4,4,1,169,http-main-4-169,success,17.24,390,220328,210572,110580,-38,,,HTTP,http_main_1000_nosleep_20260904_102455.csv,0.39,16.849999999999998
2026-09-04T10:33:37.088322,HTTP,4,4,1,170,http-main-4-170,success,16.852,515,220092,210572,110580,-41,,,HTTP,http_main_1000_nosleep_20260904_102455.csv,0.515,16.337
2026-09-04T10:33:37.305325,HTTP,4,4,1,171,http-main-4-171,success,23.257,380,220292,210572,110580,-39,,,HTTP,http_main_1000_nosleep_20260904_102455.csv,0.38,22.877000000000002
2026-09-04T10:33:37.528730,HTTP,4,4,1,172,http-main-4-172,success,17.887,379,220288,210572,110580,-38,,,HTTP,http_main_1000_nosleep_20260904_102455.csv,0.379,17.508
2026-09-04T10:33:37.746760,HTTP,4,4,1,173,http-main-4-173,success,25.53,381,220296,210572,110580,-39,,,HTTP,http_main_1000_nosleep_20260904_102455.csv,0.381,25.149
2026-09-04T10:33:37.972437,HTTP,4,4,1,174,http-main-4-174,success,18.624,381,220320,210572,110580,-39,,,HTTP,http_main_1000_nosleep_20260904_102455.csv,0.381,18.243
2026-09-04T10:33:38.191219,HTTP,4,4,1,175,http-main-4-175,success,17.039,394,220312,210572,110580,-39,,,HTTP,http_main_1000_nosleep_20260904_102455.csv,0.394,16.645000000000003
2026-09-04T10:33:38.408410,HTTP,4,4,1,176,http-main-4-176,success,16.743,389,220288,210572,110580,-40,,,HTTP,http_main_1000_nosleep_20260904_102455.csv,0.389,16.354
2026-09-04T10:33:38.625301,HTTP,4,4,1,177,http-main-4-177,success,17.338,393,220320,210572,110580,-39,,,HTTP,http_main_1000_nosleep_20260904_102455.csv,0.393,16.945
2026-09-04T10:33:38.842801,HTTP,4,4,1,178,http-main-4-178,success,17.772,384,220284,210572,110580,-41,,,HTTP,http_main_1000_nosleep_20260904_102455.csv,0.384,17.387999999999998
2026-09-04T10:33:39.060731,HTTP,4,4,1,179,http-main-4-179,success,18.016,383,220320,210572,110580,-39,,,HTTP,http_main_1000_nosleep_20260904_102455.csv,0.383,17.633
2026-09-04T10:33:39.278895,HTTP,4,4,1,180,http-main-4-180,success,24.988,422,220328,210572,110580,-41,,,HTTP,http_main_1000_nosleep_20260904_102455.csv,0.422,24.566
2026-09-04T10:33:39.504052,HTTP,4,4,1,181,http-main-4-181,success,17.383,377,220304,210572,110580,-42,,,HTTP,http_main_1000_nosleep_20260904_102455.csv,0.377,17.006
2026-09-04T10:33:39.721580,HTTP,4,4,1,182,http-main-4-182,success,20.464,393,217852,209036,110580,-41,,,HTTP,http_main_1000_nosleep_20260904_102455.csv,0.393,20.070999999999998
2026-09-04T10:33:39.942198,HTTP,4,4,1,183,http-main-4-183,success,16.983,379,220300,209036,110580,-41,,,HTTP,http_main_1000_nosleep_20260904_102455.csv,0.379,16.604
2026-09-04T10:33:40.159357,HTTP,4,4,1,184,http-main-4-184,success,16.664,383,220316,209036,110580,-40,,,HTTP,http_main_1000_nosleep_20260904_102455.csv,0.383,16.281000000000002
2026-09-04T10:33:40.376181,HTTP,4,4,1,185,http-main-4-185,success,17.141,391,220292,209036,110580,-42,,,HTTP,http_main_1000_nosleep_20260904_102455.csv,0.391,16.75
2026-09-04T10:33:40.593473,HTTP,4,4,1,186,http-main-4-186,success,18.771,383,220312,209036,110580,-40,,,HTTP,http_main_1000_nosleep_20260904_102455.csv,0.383,18.388
2026-09-04T10:33:40.812393,HTTP,4,4,1,187,http-main-4-187,success,17.524,380,220300,209036,110580,-42,,,HTTP,http_main_1000_nosleep_20260904_102455.csv,0.38,17.144000000000002
2026-09-04T10:33:41.030089,HTTP,4,4,1,188,http-main-4-188,success,21.992,384,220308,209036,110580,-42,,,HTTP,http_main_1000_nosleep_20260904_102455.csv,0.384,21.608
2026-09-04T10:33:41.252238,HTTP,4,4,1,189,http-main-4-189,success,16.322,394,219912,209036,110580,-40,,,HTTP,http_main_1000_nosleep_20260904_102455.csv,0.394,15.927999999999999
2026-09-04T10:33:41.468710,HTTP,4,4,1,190,http-main-4-190,success,18.656,384,220300,209036,110580,-40,,,HTTP,http_main_1000_nosleep_20260904_102455.csv,0.384,18.272
2026-09-04T10:33:41.687510,HTTP,4,4,1,191,http-main-4-191,success,17.26,378,220308,209036,110580,-40,,,HTTP,http_main_1000_nosleep_20260904_102455.csv,0.378,16.882
2026-09-04T10:33:41.904917,HTTP,4,4,1,192,http-main-4-192,success,17.332,385,220304,209036,110580,-40,,,HTTP,http_main_1000_nosleep_20260904_102455.csv,0.385,16.947
2026-09-04T10:33:42.122411,HTTP,4,4,1,193,http-main-4-193,success,19.668,462,220304,209036,110580,-43,,,HTTP,http_main_1000_nosleep_20260904_102455.csv,0.462,19.206
2026-09-04T10:33:42.342228,HTTP,4,4,1,194,http-main-4-194,success,20.524,380,220300,209036,110580,-41,,,HTTP,http_main_1000_nosleep_20260904_102455.csv,0.38,20.144000000000002
2026-09-04T10:33:42.562897,HTTP,4,4,1,195,http-main-4-195,success,34.535,389,220296,209036,110580,-43,,,HTTP,http_main_1000_nosleep_20260904_102455.csv,0.389,34.145999999999994
2026-09-04T10:33:42.797578,HTTP,4,4,1,196,http-main-4-196,success,19.745,390,220288,209036,110580,-42,,,HTTP,http_main_1000_nosleep_20260904_102455.csv,0.39,19.355
2026-09-04T10:33:43.017477,HTTP,4,4,1,197,http-main-4-197,success,18.211,377,220300,209036,110580,-42,,,HTTP,http_main_1000_nosleep_20260904_102455.csv,0.377,17.834
2026-09-04T10:33:43.235836,HTTP,4,4,1,198,http-main-4-198,success,19.658,383,220284,209036,110580,-40,,,HTTP,http_main_1000_nosleep_20260904_102455.csv,0.383,19.275000000000002
2026-09-04T10:33:43.455635,HTTP,4,4,1,199,http-main-4-199,success,20.458,398,217856,209036,110580,-40,,,HTTP,http_main_1000_nosleep_20260904_102455.csv,0.398,20.06
2026-09-04T10:33:43.676234,HTTP,4,4,1,200,http-main-4-200,success,33.766,385,220288,209036,110580,-39,,,HTTP,http_main_1000_nosleep_20260904_102455.csv,0.385,33.381
2026-09-04T10:37:09.678991,HTTP,5,5,3,1,http-main-5-1,success,33.074,357,224012,209036,110580,-40,,,HTTP,http_main_1000_nosleep_20260904_102455.csv,0.357,32.717
2026-09-04T10:37:09.912312,HTTP,5,5,3,2,http-main-5-2,success,16.381,350,223744,209036,110580,-39,,,HTTP,http_main_1000_nosleep_20260904_102455.csv,0.35,16.031
2026-09-04T10:37:10.128902,HTTP,5,5,3,3,http-main-5-3,success,19.476,352,223488,209036,110580,-39,,,HTTP,http_main_1000_nosleep_20260904_102455.csv,0.352,19.124
2026-09-04T10:37:10.348551,HTTP,5,5,3,4,http-main-5-4,success,15.538,345,223212,209036,110580,-41,,,HTTP,http_main_1000_nosleep_20260904_102455.csv,0.345,15.193
2026-09-04T10:37:10.564243,HTTP,5,5,3,5,http-main-5-5,success,17.024,355,222972,209036,110580,-41,,,HTTP,http_main_1000_nosleep_20260904_102455.csv,0.355,16.669
2026-09-04T10:37:10.781412,HTTP,5,5,3,6,http-main-5-6,success,17.796,353,222712,209036,110580,-41,,,HTTP,http_main_1000_nosleep_20260904_102455.csv,0.353,17.442999999999998
2026-09-04T10:37:10.999381,HTTP,5,5,3,7,http-main-5-7,success,20.543,364,222452,209036,110580,-38,,,HTTP,http_main_1000_nosleep_20260904_102455.csv,0.364,20.179
2026-09-04T10:37:11.220091,HTTP,5,5,3,8,http-main-5-8,success,15.381,351,222208,209036,110580,-41,,,HTTP,http_main_1000_nosleep_20260904_102455.csv,0.351,15.030000000000001
2026-09-04T10:37:11.435626,HTTP,5,5,3,9,http-main-5-9,success,31.581,355,221932,209036,110580,-40,,,HTTP,http_main_1000_nosleep_20260904_102455.csv,0.355,31.226
2026-09-04T10:37:11.667354,HTTP,5,5,3,10,http-main-5-10,success,23.758,394,221684,209036,110580,-42,,,HTTP,http_main_1000_nosleep_20260904_102455.csv,0.394,23.364
2026-09-04T10:37:11.891261,HTTP,5,5,3,11,http-main-5-11,success,18.846,410,218952,209036,110580,-42,,,HTTP,http_main_1000_nosleep_20260904_102455.csv,0.41,18.436
2026-09-04T10:37:12.110265,HTTP,5,5,3,12,http-main-5-12,success,21.798,383,221160,209036,110580,-42,,,HTTP,http_main_1000_nosleep_20260904_102455.csv,0.383,21.415
2026-09-04T10:37:12.332214,HTTP,5,5,3,13,http-main-5-13,success,18.581,443,220576,209036,110580,-42,,,HTTP,http_main_1000_nosleep_20260904_102455.csv,0.443,18.137999999999998
2026-09-04T10:37:12.550941,HTTP,5,5,3,14,http-main-5-14,success,18.559,431,220644,209036,110580,-41,,,HTTP,http_main_1000_nosleep_20260904_102455.csv,0.431,18.128
2026-09-04T10:37:12.769645,HTTP,5,5,3,15,http-main-5-15,success,23.33,388,220380,209036,110580,-39,,,HTTP,http_main_1000_nosleep_20260904_102455.csv,0.388,22.941999999999997
2026-09-04T10:37:12.993141,HTTP,5,5,3,16,http-main-5-16,success,24.393,386,220356,209036,110580,-38,,,HTTP,http_main_1000_nosleep_20260904_102455.csv,0.386,24.007
2026-09-04T10:37:13.217696,HTTP,5,5,3,17,http-main-5-17,success,21.406,391,220372,209036,110580,-42,,,HTTP,http_main_1000_nosleep_20260904_102455.csv,0.391,21.015
2026-09-04T10:37:13.439256,HTTP,5,5,3,18,http-main-5-18,success,18.651,387,220368,209036,110580,-40,,,HTTP,http_main_1000_nosleep_20260904_102455.csv,0.387,18.264
2026-09-04T10:37:13.658053,HTTP,5,5,3,19,http-main-5-19,success,25.444,390,220380,209036,110580,-41,,,HTTP,http_main_1000_nosleep_20260904_102455.csv,0.39,25.054
2026-09-04T10:37:13.883646,HTTP,5,5,3,20,http-main-5-20,success,34.275,387,220392,209036,110580,-40,,,HTTP,http_main_1000_nosleep_20260904_102455.csv,0.387,33.888
2026-09-04T10:37:14.118106,HTTP,5,5,3,21,http-main-5-21,success,24.211,417,220384,209036,110580,-41,,,HTTP,http_main_1000_nosleep_20260904_102455.csv,0.417,23.793999999999997
2026-09-04T10:37:14.342470,HTTP,5,5,3,22,http-main-5-22,success,19.749,405,220180,209036,110580,-41,,,HTTP,http_main_1000_nosleep_20260904_102455.csv,0.405,19.343999999999998
2026-09-04T10:37:14.562379,HTTP,5,5,3,23,http-main-5-23,success,20.521,390,220380,209036,110580,-41,,,HTTP,http_main_1000_nosleep_20260904_102455.csv,0.39,20.131
2026-09-04T10:37:14.783054,HTTP,5,5,3,24,http-main-5-24,success,14.676,398,219984,209036,110580,-41,,,HTTP,http_main_1000_nosleep_20260904_102455.csv,0.398,14.278
2026-09-04T10:37:14.997896,HTTP,5,5,3,25,http-main-5-25,success,15.536,392,220364,209036,110580,-41,,,HTTP,http_main_1000_nosleep_20260904_102455.csv,0.392,15.144
2026-09-04T10:37:15.213598,HTTP,5,5,3,26,http-main-5-26,success,20.969,389,220380,209036,110580,-40,,,HTTP,http_main_1000_nosleep_20260904_102455.csv,0.389,20.580000000000002
2026-09-04T10:37:15.434734,HTTP,5,5,3,27,http-main-5-27,success,19.522,392,220356,209036,110580,-43,,,HTTP,http_main_1000_nosleep_20260904_102455.csv,0.392,19.13
2026-09-04T10:37:15.654428,HTTP,5,5,3,28,http-main-5-28,success,26.926,407,220384,209036,110580,-40,,,HTTP,http_main_1000_nosleep_20260904_102455.csv,0.407,26.519
2026-09-04T10:37:15.881525,HTTP,5,5,3,29,http-main-5-29,success,14.362,399,220392,209036,110580,-43,,,HTTP,http_main_1000_nosleep_20260904_102455.csv,0.399,13.963000000000001
2026-09-04T10:37:16.096070,HTTP,5,5,3,30,http-main-5-30,success,14.731,384,220372,209036,110580,-40,,,HTTP,http_main_1000_nosleep_20260904_102455.csv,0.384,14.347
2026-09-04T10:37:16.310956,HTTP,5,5,3,31,http-main-5-31,success,24.37,389,220384,209036,110580,-73,,,HTTP,http_main_1000_nosleep_20260904_102455.csv,0.389,23.981
2026-09-04T10:37:16.535476,HTTP,5,5,3,32,http-main-5-32,success,38.312,398,220364,209036,110580,-40,,,HTTP,http_main_1000_nosleep_20260904_102455.csv,0.398,37.913999999999994
2026-09-04T10:37:16.773937,HTTP,5,5,3,33,http-main-5-33,success,17.106,412,220380,209036,110580,-40,,,HTTP,http_main_1000_nosleep_20260904_102455.csv,0.412,16.694000000000003
2026-09-04T10:37:16.991202,HTTP,5,5,3,34,http-main-5-34,success,18.826,390,220364,209036,110580,-41,,,HTTP,http_main_1000_nosleep_20260904_102455.csv,0.39,18.436
2026-09-04T10:37:17.210183,HTTP,5,5,3,35,http-main-5-35,success,18.199,393,220364,209036,110580,-41,,,HTTP,http_main_1000_nosleep_20260904_102455.csv,0.393,17.806
2026-09-04T10:37:17.428527,HTTP,5,5,3,36,http-main-5-36,success,15.604,408,220372,209036,110580,-39,,,HTTP,http_main_1000_nosleep_20260904_102455.csv,0.408,15.196
2026-09-04T10:37:17.644274,HTTP,5,5,3,37,http-main-5-37,success,17.72,458,220360,209036,110580,-40,,,HTTP,http_main_1000_nosleep_20260904_102455.csv,0.458,17.262
2026-09-04T10:37:17.862138,HTTP,5,5,3,38,http-main-5-38,success,21.451,392,220384,209036,110580,-39,,,HTTP,http_main_1000_nosleep_20260904_102455.csv,0.392,21.059
2026-09-04T10:37:18.083746,HTTP,5,5,3,39,http-main-5-39,success,19.416,392,220376,209036,110580,-40,,,HTTP,http_main_1000_nosleep_20260904_102455.csv,0.392,19.024
2026-09-04T10:37:18.303310,HTTP,5,5,3,40,http-main-5-40,success,21.633,390,220384,209036,110580,-39,,,HTTP,http_main_1000_nosleep_20260904_102455.csv,0.39,21.243
2026-09-04T10:37:18.525123,HTTP,5,5,3,41,http-main-5-41,success,21.705,411,220372,209036,110580,-39,,,HTTP,http_main_1000_nosleep_20260904_102455.csv,0.411,21.293999999999997
2026-09-04T10:37:18.746976,HTTP,5,5,3,42,http-main-5-42,success,19.115,406,220384,209036,110580,-40,,,HTTP,http_main_1000_nosleep_20260904_102455.csv,0.406,18.709
2026-09-04T10:37:18.966237,HTTP,5,5,3,43,http-main-5-43,success,19.152,392,220384,209036,110580,-39,,,HTTP,http_main_1000_nosleep_20260904_102455.csv,0.392,18.76
2026-09-04T10:37:19.185544,HTTP,5,5,3,44,http-main-5-44,success,20.464,395,220380,209036,110580,-38,,,HTTP,http_main_1000_nosleep_20260904_102455.csv,0.395,20.069
2026-09-04T10:37:19.406154,HTTP,5,5,3,45,http-main-5-45,success,16.897,392,220384,209036,110580,-39,,,HTTP,http_main_1000_nosleep_20260904_102455.csv,0.392,16.505
2026-09-04T10:37:19.623195,HTTP,5,5,3,46,http-main-5-46,success,21.843,393,220384,209036,110580,-40,,,HTTP,http_main_1000_nosleep_20260904_102455.csv,0.393,21.45
2026-09-04T10:37:19.845183,HTTP,5,5,3,47,http-main-5-47,success,16.972,407,220384,209036,110580,-38,,,HTTP,http_main_1000_nosleep_20260904_102455.csv,0.407,16.565
2026-09-04T10:37:20.062311,HTTP,5,5,3,48,http-main-5-48,success,24.019,395,220180,209036,110580,-39,,,HTTP,http_main_1000_nosleep_20260904_102455.csv,0.395,23.624
2026-09-04T10:37:20.286475,HTTP,5,5,3,49,http-main-5-49,success,17.196,391,220384,209036,110580,-39,,,HTTP,http_main_1000_nosleep_20260904_102455.csv,0.391,16.805
2026-09-04T10:37:20.503813,HTTP,5,5,3,50,http-main-5-50,success,18.743,397,220384,209036,110580,-40,,,HTTP,http_main_1000_nosleep_20260904_102455.csv,0.397,18.346
2026-09-04T10:37:20.722694,HTTP,5,5,3,51,http-main-5-51,success,19.053,394,220384,209036,110580,-65,,,HTTP,http_main_1000_nosleep_20260904_102455.csv,0.394,18.659000000000002
2026-09-04T10:37:20.941900,HTTP,5,5,3,52,http-main-5-52,success,21.776,388,220380,209036,110580,-41,,,HTTP,http_main_1000_nosleep_20260904_102455.csv,0.388,21.387999999999998
2026-09-04T10:37:21.163847,HTTP,5,5,3,53,http-main-5-53,success,27.035,416,220372,209036,110580,-39,,,HTTP,http_main_1000_nosleep_20260904_102455.csv,0.416,26.619
2026-09-04T10:37:21.391032,HTTP,5,5,3,54,http-main-5-54,success,20.526,387,220376,209036,110580,-36,,,HTTP,http_main_1000_nosleep_20260904_102455.csv,0.387,20.139
2026-09-04T10:37:21.611702,HTTP,5,5,3,55,http-main-5-55,success,17.852,413,217948,209036,110580,-36,,,HTTP,http_main_1000_nosleep_20260904_102455.csv,0.413,17.439
2026-09-04T10:37:21.829697,HTTP,5,5,3,56,http-main-5-56,success,19.855,390,220384,209036,110580,-38,,,HTTP,http_main_1000_nosleep_20260904_102455.csv,0.39,19.465
2026-09-04T10:37:22.049721,HTTP,5,5,3,57,http-main-5-57,success,23.594,404,220384,209036,110580,-37,,,HTTP,http_main_1000_nosleep_20260904_102455.csv,0.404,23.19
2026-09-04T10:37:22.273479,HTTP,5,5,3,58,http-main-5-58,success,16.871,402,220384,209036,110580,-36,,,HTTP,http_main_1000_nosleep_20260904_102455.csv,0.402,16.468999999999998
2026-09-04T10:37:22.490502,HTTP,5,5,3,59,http-main-5-59,success,20.335,425,220180,209036,110580,-39,,,HTTP,http_main_1000_nosleep_20260904_102455.csv,0.425,19.91
2026-09-04T10:37:22.710987,HTTP,5,5,3,60,http-main-5-60,success,17.062,443,220384,209036,110580,-38,,,HTTP,http_main_1000_nosleep_20260904_102455.csv,0.443,16.619
2026-09-04T10:37:22.928226,HTTP,5,5,3,61,http-main-5-61,success,20.486,389,220384,209036,110580,-38,,,HTTP,http_main_1000_nosleep_20260904_102455.csv,0.389,20.097
2026-09-04T10:37:23.148881,HTTP,5,5,3,62,http-main-5-62,success,16.09,393,220384,209036,110580,-37,,,HTTP,http_main_1000_nosleep_20260904_102455.csv,0.393,15.697
2026-09-04T10:37:23.365130,HTTP,5,5,3,63,http-main-5-63,success,19.817,447,220184,209036,110580,-38,,,HTTP,http_main_1000_nosleep_20260904_102455.csv,0.447,19.37
2026-09-04T10:37:23.585101,HTTP,5,5,3,64,http-main-5-64,success,18.437,512,219760,209036,110580,-40,,,HTTP,http_main_1000_nosleep_20260904_102455.csv,0.512,17.925
2026-09-04T10:37:23.803687,HTTP,5,5,3,65,http-main-5-65,success,17.106,403,220384,209036,110580,-40,,,HTTP,http_main_1000_nosleep_20260904_102455.csv,0.403,16.703000000000003
2026-09-04T10:37:24.020955,HTTP,5,5,3,66,http-main-5-66,success,17.036,396,220384,209036,110580,-38,,,HTTP,http_main_1000_nosleep_20260904_102455.csv,0.396,16.64
2026-09-04T10:37:24.238144,HTTP,5,5,3,67,http-main-5-67,success,22.032,388,220384,209036,110580,-37,,,HTTP,http_main_1000_nosleep_20260904_102455.csv,0.388,21.644
2026-09-04T10:37:24.460328,HTTP,5,5,3,68,http-main-5-68,success,23.089,395,220380,209036,110580,-37,,,HTTP,http_main_1000_nosleep_20260904_102455.csv,0.395,22.694
2026-09-04T10:37:24.683561,HTTP,5,5,3,69,http-main-5-69,success,18.467,389,220384,209036,110580,-40,,,HTTP,http_main_1000_nosleep_20260904_102455.csv,0.389,18.078
2026-09-04T10:37:24.902180,HTTP,5,5,3,70,http-main-5-70,success,18.153,392,220384,209036,110580,-37,,,HTTP,http_main_1000_nosleep_20260904_102455.csv,0.392,17.761
2026-09-04T10:37:25.120503,HTTP,5,5,3,71,http-main-5-71,success,32.383,394,220384,209036,110580,-39,,,HTTP,http_main_1000_nosleep_20260904_102455.csv,0.394,31.989000000000004
2026-09-04T10:37:25.353043,HTTP,5,5,3,72,http-main-5-72,success,19.218,396,220384,209036,110580,-39,,,HTTP,http_main_1000_nosleep_20260904_102455.csv,0.396,18.822
2026-09-04T10:37:25.572415,HTTP,5,5,3,73,http-main-5-73,success,20.87,411,220384,209036,110580,-40,,,HTTP,http_main_1000_nosleep_20260904_102455.csv,0.411,20.459
2026-09-04T10:37:25.793441,HTTP,5,5,3,74,http-main-5-74,success,21.778,400,220384,209036,110580,-37,,,HTTP,http_main_1000_nosleep_20260904_102455.csv,0.4,21.378
2026-09-04T10:37:26.015381,HTTP,5,5,3,75,http-main-5-75,success,15.968,388,220384,209036,110580,-38,,,HTTP,http_main_1000_nosleep_20260904_102455.csv,0.388,15.58
2026-09-04T10:37:26.231507,HTTP,5,5,3,76,http-main-5-76,success,18.273,396,220384,209036,110580,-39,,,HTTP,http_main_1000_nosleep_20260904_102455.csv,0.396,17.877
2026-09-04T10:37:26.449930,HTTP,5,5,3,77,http-main-5-77,success,19.622,394,220384,209036,110580,-37,,,HTTP,http_main_1000_nosleep_20260904_102455.csv,0.394,19.228
2026-09-04T10:37:26.669699,HTTP,5,5,3,78,http-main-5-78,success,22.117,408,220384,209036,110580,-38,,,HTTP,http_main_1000_nosleep_20260904_102455.csv,0.408,21.709
2026-09-04T10:37:26.891966,HTTP,5,5,3,79,http-main-5-79,success,22.471,547,220180,209036,110580,-40,,,HTTP,http_main_1000_nosleep_20260904_102455.csv,0.547,21.924
2026-09-04T10:37:27.114599,HTTP,5,5,3,80,http-main-5-80,success,44.656,392,220384,209036,110580,-37,,,HTTP,http_main_1000_nosleep_20260904_102455.csv,0.392,44.263999999999996
2026-09-04T10:37:27.359435,HTTP,5,5,3,81,http-main-5-81,success,17.697,395,220384,209036,110580,-38,,,HTTP,http_main_1000_nosleep_20260904_102455.csv,0.395,17.302
2026-09-04T10:37:27.577282,HTTP,5,5,3,82,http-main-5-82,success,19.538,392,220372,209036,110580,-36,,,HTTP,http_main_1000_nosleep_20260904_102455.csv,0.392,19.146
2026-09-04T10:37:27.796970,HTTP,5,5,3,83,http-main-5-83,success,16.853,390,220384,209036,110580,-38,,,HTTP,http_main_1000_nosleep_20260904_102455.csv,0.39,16.463
2026-09-04T10:37:28.013988,HTTP,5,5,3,84,http-main-5-84,success,16.242,388,220384,209036,110580,-36,,,HTTP,http_main_1000_nosleep_20260904_102455.csv,0.388,15.854000000000001
2026-09-04T10:37:28.230394,HTTP,5,5,3,85,http-main-5-85,success,20.423,387,220384,209036,110580,-38,,,HTTP,http_main_1000_nosleep_20260904_102455.csv,0.387,20.035999999999998
2026-09-04T10:37:28.450970,HTTP,5,5,3,86,http-main-5-86,success,19.821,388,220384,209036,110580,-38,,,HTTP,http_main_1000_nosleep_20260904_102455.csv,0.388,19.433
2026-09-04T10:37:28.670940,HTTP,5,5,3,87,http-main-5-87,success,20.555,393,220384,209036,110580,-40,,,HTTP,http_main_1000_nosleep_20260904_102455.csv,0.393,20.162
2026-09-04T10:37:28.891648,HTTP,5,5,3,88,http-main-5-88,success,15.331,440,220384,209036,110580,-40,,,HTTP,http_main_1000_nosleep_20260904_102455.csv,0.44,14.891
2026-09-04T10:37:29.107144,HTTP,5,5,3,89,http-main-5-89,success,17.421,387,220384,209036,110580,-39,,,HTTP,http_main_1000_nosleep_20260904_102455.csv,0.387,17.034
2026-09-04T10:37:29.324723,HTTP,5,5,3,90,http-main-5-90,success,22.743,516,220172,209036,110580,-37,,,HTTP,http_main_1000_nosleep_20260904_102455.csv,0.516,22.226999999999997
2026-09-04T10:37:29.547615,HTTP,5,5,3,91,http-main-5-91,success,17.002,387,220380,209036,110580,-40,,,HTTP,http_main_1000_nosleep_20260904_102455.csv,0.387,16.615
2026-09-04T10:37:29.764765,HTTP,5,5,3,92,http-main-5-92,success,16.722,392,220384,209036,110580,-39,,,HTTP,http_main_1000_nosleep_20260904_102455.csv,0.392,16.330000000000002
2026-09-04T10:37:29.981630,HTTP,5,5,3,93,http-main-5-93,success,21.957,402,220384,209036,110580,-39,,,HTTP,http_main_1000_nosleep_20260904_102455.csv,0.402,21.555
2026-09-04T10:37:30.203747,HTTP,5,5,3,94,http-main-5-94,success,18.268,392,220384,209036,110580,-39,,,HTTP,http_main_1000_nosleep_20260904_102455.csv,0.392,17.876
2026-09-04T10:37:30.422165,HTTP,5,5,3,95,http-main-5-95,success,15.535,390,220384,209036,110580,-40,,,HTTP,http_main_1000_nosleep_20260904_102455.csv,0.39,15.145
2026-09-04T10:37:30.637850,HTTP,5,5,3,96,http-main-5-96,success,27.074,391,220384,209036,110580,-38,,,HTTP,http_main_1000_nosleep_20260904_102455.csv,0.391,26.683
2026-09-04T10:37:30.865071,HTTP,5,5,3,97,http-main-5-97,success,15.968,390,220384,209036,110580,-36,,,HTTP,http_main_1000_nosleep_20260904_102455.csv,0.39,15.578
2026-09-04T10:37:31.081206,HTTP,5,5,3,98,http-main-5-98,success,17.218,392,220384,209036,110580,-38,,,HTTP,http_main_1000_nosleep_20260904_102455.csv,0.392,16.826
2026-09-04T10:37:31.298580,HTTP,5,5,3,99,http-main-5-99,success,24.605,388,220384,209036,110580,-39,,,HTTP,http_main_1000_nosleep_20260904_102455.csv,0.388,24.217
2026-09-04T10:37:31.523333,HTTP,5,5,3,100,http-main-5-100,success,16.201,381,220320,209036,110580,-38,,,HTTP,http_main_1000_nosleep_20260904_102455.csv,0.381,15.82
2026-09-04T10:37:31.739706,HTTP,5,5,3,101,http-main-5-101,success,23.067,397,220308,209036,110580,-40,,,HTTP,http_main_1000_nosleep_20260904_102455.csv,0.397,22.67
2026-09-04T10:37:31.962920,HTTP,5,5,3,102,http-main-5-102,success,17.7,381,220308,209036,110580,-37,,,HTTP,http_main_1000_nosleep_20260904_102455.csv,0.381,17.319
2026-09-04T10:37:32.180779,HTTP,5,5,3,103,http-main-5-103,success,17.557,383,220304,209036,110580,-39,,,HTTP,http_main_1000_nosleep_20260904_102455.csv,0.383,17.174
2026-09-04T10:37:32.398487,HTTP,5,5,3,104,http-main-5-104,success,19.434,382,220292,209036,110580,-41,,,HTTP,http_main_1000_nosleep_20260904_102455.csv,0.382,19.052
2026-09-04T10:37:32.618071,HTTP,5,5,3,105,http-main-5-105,success,23.205,389,220324,209036,110580,-38,,,HTTP,http_main_1000_nosleep_20260904_102455.csv,0.389,22.816
2026-09-04T10:37:32.841421,HTTP,5,5,3,106,http-main-5-106,success,20.456,382,220324,209036,110580,-40,,,HTTP,http_main_1000_nosleep_20260904_102455.csv,0.382,20.073999999999998
2026-09-04T10:37:33.062038,HTTP,5,5,3,107,http-main-5-107,success,23.31,515,220296,209036,110580,-38,,,HTTP,http_main_1000_nosleep_20260904_102455.csv,0.515,22.794999999999998
2026-09-04T10:37:33.285502,HTTP,5,5,3,108,http-main-5-108,success,17.035,388,220320,209036,110580,-38,,,HTTP,http_main_1000_nosleep_20260904_102455.csv,0.388,16.647
2026-09-04T10:37:33.502684,HTTP,5,5,3,109,http-main-5-109,success,15.989,507,219472,209036,110580,-39,,,HTTP,http_main_1000_nosleep_20260904_102455.csv,0.507,15.482000000000001
2026-09-04T10:37:33.718831,HTTP,5,5,3,110,http-main-5-110,success,16.907,383,220300,209036,110580,-73,,,HTTP,http_main_1000_nosleep_20260904_102455.csv,0.383,16.524
2026-09-04T10:37:33.935892,HTTP,5,5,3,111,http-main-5-111,success,20.581,380,220324,209036,110580,-39,,,HTTP,http_main_1000_nosleep_20260904_102455.csv,0.38,20.201
2026-09-04T10:37:34.156656,HTTP,5,5,3,112,http-main-5-112,success,20.896,384,220300,209036,110580,-37,,,HTTP,http_main_1000_nosleep_20260904_102455.csv,0.384,20.512
2026-09-04T10:37:34.377717,HTTP,5,5,3,113,http-main-5-113,success,16.645,390,220304,209036,110580,-40,,,HTTP,http_main_1000_nosleep_20260904_102455.csv,0.39,16.255
2026-09-04T10:37:34.594517,HTTP,5,5,3,114,http-main-5-114,success,31.41,378,220292,209036,110580,-37,,,HTTP,http_main_1000_nosleep_20260904_102455.csv,0.378,31.032
2026-09-04T10:37:34.826081,HTTP,5,5,3,115,http-main-5-115,success,18.551,380,220320,209036,110580,-40,,,HTTP,http_main_1000_nosleep_20260904_102455.csv,0.38,18.171
2026-09-04T10:37:35.044794,HTTP,5,5,3,116,http-main-5-116,success,22.737,398,217884,209036,110580,-41,,,HTTP,http_main_1000_nosleep_20260904_102455.csv,0.398,22.339
2026-09-04T10:37:35.267688,HTTP,5,5,3,117,http-main-5-117,success,17.825,381,220300,209036,110580,-39,,,HTTP,http_main_1000_nosleep_20260904_102455.csv,0.381,17.444
2026-09-04T10:37:35.485662,HTTP,5,5,3,118,http-main-5-118,success,16.726,389,217884,209036,110580,-40,,,HTTP,http_main_1000_nosleep_20260904_102455.csv,0.389,16.337
2026-09-04T10:37:35.702536,HTTP,5,5,3,119,http-main-5-119,success,23.025,381,220308,209036,110580,-39,,,HTTP,http_main_1000_nosleep_20260904_102455.csv,0.381,22.644
2026-09-04T10:37:35.925706,HTTP,5,5,3,120,http-main-5-120,success,18.653,383,220316,209036,110580,-40,,,HTTP,http_main_1000_nosleep_20260904_102455.csv,0.383,18.27
2026-09-04T10:37:36.144549,HTTP,5,5,3,121,http-main-5-121,success,23.76,381,220308,209036,110580,-40,,,HTTP,http_main_1000_nosleep_20260904_102455.csv,0.381,23.379
2026-09-04T10:37:36.368469,HTTP,5,5,3,122,http-main-5-122,success,16.291,380,220304,209036,110580,-40,,,HTTP,http_main_1000_nosleep_20260904_102455.csv,0.38,15.911
2026-09-04T10:37:36.584908,HTTP,5,5,3,123,http-main-5-123,success,18.1,386,220292,209036,110580,-40,,,HTTP,http_main_1000_nosleep_20260904_102455.csv,0.386,17.714000000000002
2026-09-04T10:37:36.803155,HTTP,5,5,3,124,http-main-5-124,success,18.362,384,220316,209036,110580,-39,,,HTTP,http_main_1000_nosleep_20260904_102455.csv,0.384,17.977999999999998
2026-09-04T10:37:37.021674,HTTP,5,5,3,125,http-main-5-125,success,21.602,384,220308,209036,110580,-40,,,HTTP,http_main_1000_nosleep_20260904_102455.csv,0.384,21.218
2026-09-04T10:37:37.243430,HTTP,5,5,3,126,http-main-5-126,success,15.666,395,220084,209036,110580,-40,,,HTTP,http_main_1000_nosleep_20260904_102455.csv,0.395,15.271
2026-09-04T10:37:37.459240,HTTP,5,5,3,127,http-main-5-127,success,17.829,385,220312,209036,110580,-41,,,HTTP,http_main_1000_nosleep_20260904_102455.csv,0.385,17.444
2026-09-04T10:37:37.677210,HTTP,5,5,3,128,http-main-5-128,success,19.978,386,220304,209036,110580,-39,,,HTTP,http_main_1000_nosleep_20260904_102455.csv,0.386,19.592000000000002
2026-09-04T10:37:37.897332,HTTP,5,5,3,129,http-main-5-129,success,18.288,658,219844,209036,110580,-40,,,HTTP,http_main_1000_nosleep_20260904_102455.csv,0.658,17.63
2026-09-04T10:37:38.115776,HTTP,5,5,3,130,http-main-5-130,success,17.006,384,220308,209036,110580,-40,,,HTTP,http_main_1000_nosleep_20260904_102455.csv,0.384,16.622
2026-09-04T10:37:38.332932,HTTP,5,5,3,131,http-main-5-131,success,19.565,384,220300,209036,110580,-40,,,HTTP,http_main_1000_nosleep_20260904_102455.csv,0.384,19.181
2026-09-04T10:37:38.552638,HTTP,5,5,3,132,http-main-5-132,success,18.234,383,220316,209036,110580,-39,,,HTTP,http_main_1000_nosleep_20260904_102455.csv,0.383,17.851000000000003
2026-09-04T10:37:38.771014,HTTP,5,5,3,133,http-main-5-133,success,20.093,384,220316,209036,110580,-39,,,HTTP,http_main_1000_nosleep_20260904_102455.csv,0.384,19.709
2026-09-04T10:37:38.991265,HTTP,5,5,3,134,http-main-5-134,success,16.593,382,220324,209036,110580,-39,,,HTTP,http_main_1000_nosleep_20260904_102455.csv,0.382,16.211
2026-09-04T10:37:39.208014,HTTP,5,5,3,135,http-main-5-135,success,20.975,385,220324,209036,110580,-39,,,HTTP,http_main_1000_nosleep_20260904_102455.csv,0.385,20.59
2026-09-04T10:37:39.429140,HTTP,5,5,3,136,http-main-5-136,success,18.973,402,220120,209036,110580,-40,,,HTTP,http_main_1000_nosleep_20260904_102455.csv,0.402,18.570999999999998
2026-09-04T10:37:39.648256,HTTP,5,5,3,137,http-main-5-137,success,17.472,383,220312,209036,110580,-41,,,HTTP,http_main_1000_nosleep_20260904_102455.csv,0.383,17.089000000000002
2026-09-04T10:37:39.865873,HTTP,5,5,3,138,http-main-5-138,success,15.047,383,220320,209036,110580,-38,,,HTTP,http_main_1000_nosleep_20260904_102455.csv,0.383,14.664000000000001
2026-09-04T10:37:40.081083,HTTP,5,5,3,139,http-main-5-139,success,17.047,866,217684,209036,110580,-41,,,HTTP,http_main_1000_nosleep_20260904_102455.csv,0.866,16.181
2026-09-04T10:37:40.298287,HTTP,5,5,3,140,http-main-5-140,success,28.03,383,220308,209036,110580,-40,,,HTTP,http_main_1000_nosleep_20260904_102455.csv,0.383,27.647000000000002
2026-09-04T10:37:40.526490,HTTP,5,5,3,141,http-main-5-141,success,19.311,384,220284,209036,110580,-40,,,HTTP,http_main_1000_nosleep_20260904_102455.csv,0.384,18.927
2026-09-04T10:37:40.745947,HTTP,5,5,3,142,http-main-5-142,success,20.728,382,220300,209036,110580,-40,,,HTTP,http_main_1000_nosleep_20260904_102455.csv,0.382,20.346
2026-09-04T10:37:40.966834,HTTP,5,5,3,143,http-main-5-143,success,16.801,383,220088,209036,110580,-40,,,HTTP,http_main_1000_nosleep_20260904_102455.csv,0.383,16.418
2026-09-04T10:37:41.183798,HTTP,5,5,3,144,http-main-5-144,success,15.002,384,220316,209036,110580,-40,,,HTTP,http_main_1000_nosleep_20260904_102455.csv,0.384,14.618
2026-09-04T10:37:41.398956,HTTP,5,5,3,145,http-main-5-145,success,20.909,385,220312,209036,110580,-39,,,HTTP,http_main_1000_nosleep_20260904_102455.csv,0.385,20.523999999999997
2026-09-04T10:37:41.620036,HTTP,5,5,3,146,http-main-5-146,success,22.252,382,220312,209036,110580,-41,,,HTTP,http_main_1000_nosleep_20260904_102455.csv,0.382,21.869999999999997
2026-09-04T10:37:41.842440,HTTP,5,5,3,147,http-main-5-147,success,20.034,384,220312,209036,110580,-39,,,HTTP,http_main_1000_nosleep_20260904_102455.csv,0.384,19.65
2026-09-04T10:37:42.062633,HTTP,5,5,3,148,http-main-5-148,success,17.369,398,220316,209036,110580,-40,,,HTTP,http_main_1000_nosleep_20260904_102455.csv,0.398,16.971
2026-09-04T10:37:42.280157,HTTP,5,5,3,149,http-main-5-149,success,22.661,384,220304,209036,110580,-37,,,HTTP,http_main_1000_nosleep_20260904_102455.csv,0.384,22.277
2026-09-04T10:37:42.502970,HTTP,5,5,3,150,http-main-5-150,success,16.914,381,220288,209036,110580,-40,,,HTTP,http_main_1000_nosleep_20260904_102455.csv,0.381,16.533
2026-09-04T10:37:42.720031,HTTP,5,5,3,151,http-main-5-151,success,19.777,401,220300,209036,110580,-38,,,HTTP,http_main_1000_nosleep_20260904_102455.csv,0.401,19.376
2026-09-04T10:37:42.939955,HTTP,5,5,3,152,http-main-5-152,success,21.116,384,220292,209036,110580,-40,,,HTTP,http_main_1000_nosleep_20260904_102455.csv,0.384,20.732
2026-09-04T10:37:43.161229,HTTP,5,5,3,153,http-main-5-153,success,16.63,383,220292,209036,110580,-39,,,HTTP,http_main_1000_nosleep_20260904_102455.csv,0.383,16.247
2026-09-04T10:37:43.378012,HTTP,5,5,3,154,http-main-5-154,success,17.716,505,220096,209036,110580,-39,,,HTTP,http_main_1000_nosleep_20260904_102455.csv,0.505,17.211000000000002
2026-09-04T10:37:43.595875,HTTP,5,5,3,155,http-main-5-155,success,19.71,386,220316,209036,110580,-40,,,HTTP,http_main_1000_nosleep_20260904_102455.csv,0.386,19.324
2026-09-04T10:37:43.815732,HTTP,5,5,3,156,http-main-5-156,success,22.591,437,220312,209036,110580,-38,,,HTTP,http_main_1000_nosleep_20260904_102455.csv,0.437,22.154
2026-09-04T10:37:44.038479,HTTP,5,5,3,157,http-main-5-157,success,20.875,386,220304,209036,110580,-41,,,HTTP,http_main_1000_nosleep_20260904_102455.csv,0.386,20.489
2026-09-04T10:37:44.259504,HTTP,5,5,3,158,http-main-5-158,success,19.968,383,220312,209036,110580,-37,,,HTTP,http_main_1000_nosleep_20260904_102455.csv,0.383,19.585
2026-09-04T10:37:44.479620,HTTP,5,5,3,159,http-main-5-159,success,22.97,384,220304,209036,110580,-40,,,HTTP,http_main_1000_nosleep_20260904_102455.csv,0.384,22.586
2026-09-04T10:37:44.702740,HTTP,5,5,3,160,http-main-5-160,success,16.683,383,220312,209036,110580,-39,,,HTTP,http_main_1000_nosleep_20260904_102455.csv,0.383,16.3
2026-09-04T10:37:44.919595,HTTP,5,5,3,161,http-main-5-161,success,20.138,384,220328,209036,110580,-40,,,HTTP,http_main_1000_nosleep_20260904_102455.csv,0.384,19.754
2026-09-04T10:37:45.139901,HTTP,5,5,3,162,http-main-5-162,success,16.535,384,220304,209036,110580,-40,,,HTTP,http_main_1000_nosleep_20260904_102455.csv,0.384,16.151
2026-09-04T10:37:45.356588,HTTP,5,5,3,163,http-main-5-163,success,17.32,379,220308,209036,110580,-40,,,HTTP,http_main_1000_nosleep_20260904_102455.csv,0.379,16.941
2026-09-04T10:37:45.574056,HTTP,5,5,3,164,http-main-5-164,success,18.297,383,220312,209036,110580,-41,,,HTTP,http_main_1000_nosleep_20260904_102455.csv,0.383,17.914
2026-09-04T10:37:45.792503,HTTP,5,5,3,165,http-main-5-165,success,17.065,390,220324,209036,110580,-40,,,HTTP,http_main_1000_nosleep_20260904_102455.csv,0.39,16.675
2026-09-04T10:37:46.009725,HTTP,5,5,3,166,http-main-5-166,success,20.037,397,220324,209036,110580,-38,,,HTTP,http_main_1000_nosleep_20260904_102455.csv,0.397,19.64
2026-09-04T10:37:46.229919,HTTP,5,5,3,167,http-main-5-167,success,17.706,447,219996,209036,110580,-40,,,HTTP,http_main_1000_nosleep_20260904_102455.csv,0.447,17.259
2026-09-04T10:37:46.447775,HTTP,5,5,3,168,http-main-5-168,success,22.508,382,220308,209036,110580,-40,,,HTTP,http_main_1000_nosleep_20260904_102455.csv,0.382,22.125999999999998
2026-09-04T10:37:46.670432,HTTP,5,5,3,169,http-main-5-169,success,22.622,386,220304,209036,110580,-40,,,HTTP,http_main_1000_nosleep_20260904_102455.csv,0.386,22.236
2026-09-04T10:37:46.893208,HTTP,5,5,3,170,http-main-5-170,success,20.44,384,220284,209036,110580,-38,,,HTTP,http_main_1000_nosleep_20260904_102455.csv,0.384,20.056
2026-09-04T10:37:47.113810,HTTP,5,5,3,171,http-main-5-171,success,19.767,393,220272,209036,110580,-44,,,HTTP,http_main_1000_nosleep_20260904_102455.csv,0.393,19.374
2026-09-04T10:37:47.333729,HTTP,5,5,3,172,http-main-5-172,success,15.416,442,220292,209036,110580,-37,,,HTTP,http_main_1000_nosleep_20260904_102455.csv,0.442,14.974
2026-09-04T10:37:47.549291,HTTP,5,5,3,173,http-main-5-173,success,20.222,390,220312,209036,110580,-40,,,HTTP,http_main_1000_nosleep_20260904_102455.csv,0.39,19.832
2026-09-04T10:37:47.769659,HTTP,5,5,3,174,http-main-5-174,success,24.672,411,220292,209036,110580,-38,,,HTTP,http_main_1000_nosleep_20260904_102455.csv,0.411,24.261
2026-09-04T10:37:47.994488,HTTP,5,5,3,175,http-main-5-175,success,19.369,471,220316,209036,110580,-40,,,HTTP,http_main_1000_nosleep_20260904_102455.csv,0.471,18.898
2026-09-04T10:37:48.214018,HTTP,5,5,3,176,http-main-5-176,success,20.568,406,220292,209036,110580,-38,,,HTTP,http_main_1000_nosleep_20260904_102455.csv,0.406,20.162000000000003
2026-09-04T10:37:48.434737,HTTP,5,5,3,177,http-main-5-177,success,25.538,385,220284,209036,110580,-38,,,HTTP,http_main_1000_nosleep_20260904_102455.csv,0.385,25.153
2026-09-04T10:37:48.660426,HTTP,5,5,3,178,http-main-5-178,success,15.732,386,220300,209036,110580,-40,,,HTTP,http_main_1000_nosleep_20260904_102455.csv,0.386,15.346
2026-09-04T10:37:48.876308,HTTP,5,5,3,179,http-main-5-179,success,17.929,428,220076,209036,110580,-36,,,HTTP,http_main_1000_nosleep_20260904_102455.csv,0.428,17.500999999999998
2026-09-04T10:37:49.094397,HTTP,5,5,3,180,http-main-5-180,success,17.07,380,220324,209036,110580,-40,,,HTTP,http_main_1000_nosleep_20260904_102455.csv,0.38,16.69
2026-09-04T10:37:49.311646,HTTP,5,5,3,181,http-main-5-181,success,18.212,383,220304,209036,110580,-38,,,HTTP,http_main_1000_nosleep_20260904_102455.csv,0.383,17.829
2026-09-04T10:37:49.530016,HTTP,5,5,3,182,http-main-5-182,success,18.083,383,220324,209036,110580,-39,,,HTTP,http_main_1000_nosleep_20260904_102455.csv,0.383,17.7
2026-09-04T10:37:49.748253,HTTP,5,5,3,183,http-main-5-183,success,29.017,384,220304,209036,110580,-40,,,HTTP,http_main_1000_nosleep_20260904_102455.csv,0.384,28.633
2026-09-04T10:37:49.977433,HTTP,5,5,3,184,http-main-5-184,success,27.013,382,220300,209036,110580,-38,,,HTTP,http_main_1000_nosleep_20260904_102455.csv,0.382,26.631
2026-09-04T10:37:50.204619,HTTP,5,5,3,185,http-main-5-185,success,16.661,387,220324,209036,110580,-39,,,HTTP,http_main_1000_nosleep_20260904_102455.csv,0.387,16.274
2026-09-04T10:37:50.421428,HTTP,5,5,3,186,http-main-5-186,success,20.503,386,220308,209036,110580,-40,,,HTTP,http_main_1000_nosleep_20260904_102455.csv,0.386,20.117
2026-09-04T10:37:50.642077,HTTP,5,5,3,187,http-main-5-187,success,19.357,589,219244,209036,110580,-40,,,HTTP,http_main_1000_nosleep_20260904_102455.csv,0.589,18.768
2026-09-04T10:37:50.861581,HTTP,5,5,3,188,http-main-5-188,success,18.335,389,220304,209036,110580,-40,,,HTTP,http_main_1000_nosleep_20260904_102455.csv,0.389,17.946
2026-09-04T10:37:51.080086,HTTP,5,5,3,189,http-main-5-189,success,20.339,685,220108,209036,110580,-39,,,HTTP,http_main_1000_nosleep_20260904_102455.csv,0.685,19.654
2026-09-04T10:37:51.300574,HTTP,5,5,3,190,http-main-5-190,success,27.129,389,220092,209036,110580,-41,,,HTTP,http_main_1000_nosleep_20260904_102455.csv,0.389,26.740000000000002
2026-09-04T10:37:51.527846,HTTP,5,5,3,191,http-main-5-191,success,22.579,388,220308,209036,110580,-39,,,HTTP,http_main_1000_nosleep_20260904_102455.csv,0.388,22.191
2026-09-04T10:37:51.750566,HTTP,5,5,3,192,http-main-5-192,success,17.99,381,220308,209036,110580,-40,,,HTTP,http_main_1000_nosleep_20260904_102455.csv,0.381,17.608999999999998
2026-09-04T10:37:51.968708,HTTP,5,5,3,193,http-main-5-193,success,17.555,383,220308,209036,110580,-41,,,HTTP,http_main_1000_nosleep_20260904_102455.csv,0.383,17.172
2026-09-04T10:37:52.186440,HTTP,5,5,3,194,http-main-5-194,success,18.598,382,220316,209036,110580,-38,,,HTTP,http_main_1000_nosleep_20260904_102455.csv,0.382,18.215999999999998
2026-09-04T10:37:52.405187,HTTP,5,5,3,195,http-main-5-195,success,21.297,433,220108,209036,110580,-40,,,HTTP,http_main_1000_nosleep_20260904_102455.csv,0.433,20.864
2026-09-04T10:37:52.626626,HTTP,5,5,3,196,http-main-5-196,success,40.361,378,220328,209036,110580,-39,,,HTTP,http_main_1000_nosleep_20260904_102455.csv,0.378,39.983
2026-09-04T10:37:52.867137,HTTP,5,5,3,197,http-main-5-197,success,20.407,386,220304,209036,110580,-38,,,HTTP,http_main_1000_nosleep_20260904_102455.csv,0.386,20.021
2026-09-04T10:37:53.087718,HTTP,5,5,3,198,http-main-5-198,success,21.207,411,220072,209036,110580,-39,,,HTTP,http_main_1000_nosleep_20260904_102455.csv,0.411,20.796
2026-09-04T10:37:53.309076,HTTP,5,5,3,199,http-main-5-199,success,17.602,385,220328,209036,110580,-38,,,HTTP,http_main_1000_nosleep_20260904_102455.csv,0.385,17.217
2026-09-04T10:37:53.526831,HTTP,5,5,3,200,http-main-5-200,success,20.084,393,220292,209036,110580,-37,,,HTTP,http_main_1000_nosleep_20260904_102455.csv,0.393,19.691
2026-09-04T10:26:21.413015,MQTT_QOS0,1,1,2,1,mqtt-qos0-main-1-1,success,62.123,428,221592,211356,110580,-42,0.0,,MQTT_QOS0,mqtt_qos0_main_1000_nosleep_20260904_102455.csv,0.428,61.695
2026-09-04T10:26:21.675333,MQTT_QOS0,1,1,2,2,mqtt-qos0-main-1-2,success,13.561,423,221884,211356,110580,-42,0.0,,MQTT_QOS0,mqtt_qos0_main_1000_nosleep_20260904_102455.csv,0.423,13.138
2026-09-04T10:26:21.889045,MQTT_QOS0,1,1,2,3,mqtt-qos0-main-1-3,success,12.408,409,221884,211356,110580,-41,0.0,,MQTT_QOS0,mqtt_qos0_main_1000_nosleep_20260904_102455.csv,0.409,11.998999999999999
2026-09-04T10:26:22.101608,MQTT_QOS0,1,1,2,4,mqtt-qos0-main-1-4,success,12.352,416,221884,211356,110580,-42,0.0,,MQTT_QOS0,mqtt_qos0_main_1000_nosleep_20260904_102455.csv,0.416,11.936
2026-09-04T10:26:22.314093,MQTT_QOS0,1,1,2,5,mqtt-qos0-main-1-5,success,11.422,421,221884,211356,110580,-41,0.0,,MQTT_QOS0,mqtt_qos0_main_1000_nosleep_20260904_102455.csv,0.421,11.001000000000001
2026-09-04T10:26:22.525642,MQTT_QOS0,1,1,2,6,mqtt-qos0-main-1-6,success,16.122,421,221884,211356,110580,-41,0.0,,MQTT_QOS0,mqtt_qos0_main_1000_nosleep_20260904_102455.csv,0.421,15.701
2026-09-04T10:26:22.741884,MQTT_QOS0,1,1,2,7,mqtt-qos0-main-1-7,success,16.789,409,221884,211356,110580,-41,0.0,,MQTT_QOS0,mqtt_qos0_main_1000_nosleep_20260904_102455.csv,0.409,16.380000000000003
2026-09-04T10:26:22.958812,MQTT_QOS0,1,1,2,8,mqtt-qos0-main-1-8,success,19.287,599,221884,211356,110580,-39,0.0,,MQTT_QOS0,mqtt_qos0_main_1000_nosleep_20260904_102455.csv,0.599,18.688
2026-09-04T10:26:23.178236,MQTT_QOS0,1,1,2,9,mqtt-qos0-main-1-9,success,12.661,416,221884,211356,110580,-39,0.0,,MQTT_QOS0,mqtt_qos0_main_1000_nosleep_20260904_102455.csv,0.416,12.245
2026-09-04T10:26:23.391015,MQTT_QOS0,1,1,2,10,mqtt-qos0-main-1-10,success,12.238,415,221884,211356,110580,-40,0.0,,MQTT_QOS0,mqtt_qos0_main_1000_nosleep_20260904_102455.csv,0.415,11.823
2026-09-04T10:26:23.603372,MQTT_QOS0,1,1,2,11,mqtt-qos0-main-1-11,success,12.728,410,221884,211356,110580,-42,0.0,,MQTT_QOS0,mqtt_qos0_main_1000_nosleep_20260904_102455.csv,0.41,12.318
2026-09-04T10:26:23.816227,MQTT_QOS0,1,1,2,12,mqtt-qos0-main-1-12,success,12.478,411,221884,211356,110580,-42,0.0,,MQTT_QOS0,mqtt_qos0_main_1000_nosleep_20260904_102455.csv,0.411,12.067
2026-09-04T10:26:24.028840,MQTT_QOS0,1,1,2,13,mqtt-qos0-main-1-13,success,13.012,409,221884,211356,110580,-41,0.0,,MQTT_QOS0,mqtt_qos0_main_1000_nosleep_20260904_102455.csv,0.409,12.603
2026-09-04T10:26:24.241974,MQTT_QOS0,1,1,2,14,mqtt-qos0-main-1-14,success,14.385,407,221884,211356,110580,-42,0.0,,MQTT_QOS0,mqtt_qos0_main_1000_nosleep_20260904_102455.csv,0.407,13.978
2026-09-04T10:26:24.456475,MQTT_QOS0,1,1,2,15,mqtt-qos0-main-1-15,success,17.568,417,221884,211356,110580,-41,0.0,,MQTT_QOS0,mqtt_qos0_main_1000_nosleep_20260904_102455.csv,0.417,17.151
2026-09-04T10:26:24.674157,MQTT_QOS0,1,1,2,16,mqtt-qos0-main-1-16,success,13.822,405,221884,211356,110580,-42,0.0,,MQTT_QOS0,mqtt_qos0_main_1000_nosleep_20260904_102455.csv,0.405,13.417
2026-09-04T10:26:24.888096,MQTT_QOS0,1,1,2,17,mqtt-qos0-main-1-17,success,12.626,413,221884,211356,110580,-42,0.0,,MQTT_QOS0,mqtt_qos0_main_1000_nosleep_20260904_102455.csv,0.413,12.213
2026-09-04T10:26:25.100861,MQTT_QOS0,1,1,2,18,mqtt-qos0-main-1-18,success,15.092,405,221884,211356,110580,-41,0.0,,MQTT_QOS0,mqtt_qos0_main_1000_nosleep_20260904_102455.csv,0.405,14.687000000000001
2026-09-04T10:26:25.316070,MQTT_QOS0,1,1,2,19,mqtt-qos0-main-1-19,success,16.178,411,221884,211356,110580,-42,0.0,,MQTT_QOS0,mqtt_qos0_main_1000_nosleep_20260904_102455.csv,0.411,15.767000000000001
2026-09-04T10:26:25.532366,MQTT_QOS0,1,1,2,20,mqtt-qos0-main-1-20,success,13.238,461,221884,211356,110580,-41,0.0,,MQTT_QOS0,mqtt_qos0_main_1000_nosleep_20260904_102455.csv,0.461,12.777
2026-09-04T10:26:25.745745,MQTT_QOS0,1,1,2,21,mqtt-qos0-main-1-21,success,13.551,408,221884,211356,110580,-43,0.0,,MQTT_QOS0,mqtt_qos0_main_1000_nosleep_20260904_102455.csv,0.408,13.143
2026-09-04T10:26:25.959417,MQTT_QOS0,1,1,2,22,mqtt-qos0-main-1-22,success,11.848,413,221884,211356,110580,-42,0.0,,MQTT_QOS0,mqtt_qos0_main_1000_nosleep_20260904_102455.csv,0.413,11.435
2026-09-04T10:26:26.171399,MQTT_QOS0,1,1,2,23,mqtt-qos0-main-1-23,success,17.133,443,221884,211356,110580,-40,0.0,,MQTT_QOS0,mqtt_qos0_main_1000_nosleep_20260904_102455.csv,0.443,16.689999999999998
2026-09-04T10:26:26.388652,MQTT_QOS0,1,1,2,24,mqtt-qos0-main-1-24,success,17.533,409,221884,211356,110580,-43,0.0,,MQTT_QOS0,mqtt_qos0_main_1000_nosleep_20260904_102455.csv,0.409,17.124000000000002
2026-09-04T10:26:26.606302,MQTT_QOS0,1,1,2,25,mqtt-qos0-main-1-25,success,12.611,408,221884,211356,110580,-43,0.0,,MQTT_QOS0,mqtt_qos0_main_1000_nosleep_20260904_102455.csv,0.408,12.203000000000001
2026-09-04T10:26:26.819037,MQTT_QOS0,1,1,2,26,mqtt-qos0-main-1-26,success,12.794,415,221884,211356,110580,-42,0.0,,MQTT_QOS0,mqtt_qos0_main_1000_nosleep_20260904_102455.csv,0.415,12.379000000000001
2026-09-04T10:26:27.031975,MQTT_QOS0,1,1,2,27,mqtt-qos0-main-1-27,success,18.005,406,221884,211356,110580,-42,0.0,,MQTT_QOS0,mqtt_qos0_main_1000_nosleep_20260904_102455.csv,0.406,17.599
2026-09-04T10:26:27.250117,MQTT_QOS0,1,1,2,28,mqtt-qos0-main-1-28,success,10.974,426,221884,211356,110580,-43,0.0,,MQTT_QOS0,mqtt_qos0_main_1000_nosleep_20260904_102455.csv,0.426,10.548
2026-09-04T10:26:27.461223,MQTT_QOS0,1,1,2,29,mqtt-qos0-main-1-29,success,24.513,442,221884,211356,110580,-43,0.0,,MQTT_QOS0,mqtt_qos0_main_1000_nosleep_20260904_102455.csv,0.442,24.071
2026-09-04T10:26:27.685846,MQTT_QOS0,1,1,2,30,mqtt-qos0-main-1-30,success,14.625,462,221680,211356,110580,-42,0.0,,MQTT_QOS0,mqtt_qos0_main_1000_nosleep_20260904_102455.csv,0.462,14.163
2026-09-04T10:26:27.900590,MQTT_QOS0,1,1,2,31,mqtt-qos0-main-1-31,success,11.499,424,221884,211356,110580,-41,0.0,,MQTT_QOS0,mqtt_qos0_main_1000_nosleep_20260904_102455.csv,0.424,11.075000000000001
2026-09-04T10:26:28.112241,MQTT_QOS0,1,1,2,32,mqtt-qos0-main-1-32,success,12.249,410,221884,211356,110580,-43,0.0,,MQTT_QOS0,mqtt_qos0_main_1000_nosleep_20260904_102455.csv,0.41,11.839
2026-09-04T10:26:28.324602,MQTT_QOS0,1,1,2,33,mqtt-qos0-main-1-33,success,21.202,405,221884,211356,110580,-43,0.0,,MQTT_QOS0,mqtt_qos0_main_1000_nosleep_20260904_102455.csv,0.405,20.797
2026-09-04T10:26:28.545920,MQTT_QOS0,1,1,2,34,mqtt-qos0-main-1-34,success,16.402,417,221884,211356,110580,-43,0.0,,MQTT_QOS0,mqtt_qos0_main_1000_nosleep_20260904_102455.csv,0.417,15.985000000000001
2026-09-04T10:26:28.762445,MQTT_QOS0,1,1,2,35,mqtt-qos0-main-1-35,success,14.892,406,221884,211356,110580,-40,0.0,,MQTT_QOS0,mqtt_qos0_main_1000_nosleep_20260904_102455.csv,0.406,14.485999999999999
2026-09-04T10:26:28.977461,MQTT_QOS0,1,1,2,36,mqtt-qos0-main-1-36,success,20.162,408,221884,211356,110580,-43,0.0,,MQTT_QOS0,mqtt_qos0_main_1000_nosleep_20260904_102455.csv,0.408,19.753999999999998
2026-09-04T10:26:29.197763,MQTT_QOS0,1,1,2,37,mqtt-qos0-main-1-37,success,14.321,405,221884,211356,110580,-40,0.0,,MQTT_QOS0,mqtt_qos0_main_1000_nosleep_20260904_102455.csv,0.405,13.916
2026-09-04T10:26:29.412199,MQTT_QOS0,1,1,2,38,mqtt-qos0-main-1-38,success,19.107,410,221884,211356,110580,-41,0.0,,MQTT_QOS0,mqtt_qos0_main_1000_nosleep_20260904_102455.csv,0.41,18.697
2026-09-04T10:26:29.631419,MQTT_QOS0,1,1,2,39,mqtt-qos0-main-1-39,success,12.635,412,221884,211356,110580,-42,0.0,,MQTT_QOS0,mqtt_qos0_main_1000_nosleep_20260904_102455.csv,0.412,12.222999999999999
2026-09-04T10:26:29.844177,MQTT_QOS0,1,1,2,40,mqtt-qos0-main-1-40,success,17.278,431,221592,211356,110580,-43,0.0,,MQTT_QOS0,mqtt_qos0_main_1000_nosleep_20260904_102455.csv,0.431,16.846999999999998
2026-09-04T10:26:30.061614,MQTT_QOS0,1,1,2,41,mqtt-qos0-main-1-41,success,13.173,407,221884,211356,110580,-43,0.0,,MQTT_QOS0,mqtt_qos0_main_1000_nosleep_20260904_102455.csv,0.407,12.766
2026-09-04T10:26:30.274903,MQTT_QOS0,1,1,2,42,mqtt-qos0-main-1-42,success,14.267,413,221884,211356,110580,-41,0.0,,MQTT_QOS0,mqtt_qos0_main_1000_nosleep_20260904_102455.csv,0.413,13.854
2026-09-04T10:26:30.489297,MQTT_QOS0,1,1,2,43,mqtt-qos0-main-1-43,success,13.09,426,221884,211356,110580,-43,0.0,,MQTT_QOS0,mqtt_qos0_main_1000_nosleep_20260904_102455.csv,0.426,12.664
2026-09-04T10:26:30.702513,MQTT_QOS0,1,1,2,44,mqtt-qos0-main-1-44,success,11.733,443,221884,211356,110580,-41,0.0,,MQTT_QOS0,mqtt_qos0_main_1000_nosleep_20260904_102455.csv,0.443,11.290000000000001
2026-09-04T10:26:30.914382,MQTT_QOS0,1,1,2,45,mqtt-qos0-main-1-45,success,12.368,413,221884,211356,110580,-40,0.0,,MQTT_QOS0,mqtt_qos0_main_1000_nosleep_20260904_102455.csv,0.413,11.955
2026-09-04T10:26:31.126905,MQTT_QOS0,1,1,2,46,mqtt-qos0-main-1-46,success,13.011,408,221884,211356,110580,-41,0.0,,MQTT_QOS0,mqtt_qos0_main_1000_nosleep_20260904_102455.csv,0.408,12.603
2026-09-04T10:26:31.340047,MQTT_QOS0,1,1,2,47,mqtt-qos0-main-1-47,success,16.605,406,221884,211356,110580,-42,0.0,,MQTT_QOS0,mqtt_qos0_main_1000_nosleep_20260904_102455.csv,0.406,16.199
2026-09-04T10:26:31.556775,MQTT_QOS0,1,1,2,48,mqtt-qos0-main-1-48,success,27.654,419,221592,211356,110580,-42,0.0,,MQTT_QOS0,mqtt_qos0_main_1000_nosleep_20260904_102455.csv,0.419,27.235
2026-09-04T10:26:31.784558,MQTT_QOS0,1,1,2,49,mqtt-qos0-main-1-49,success,12.378,405,221884,211356,110580,-41,0.0,,MQTT_QOS0,mqtt_qos0_main_1000_nosleep_20260904_102455.csv,0.405,11.973
2026-09-04T10:26:31.997085,MQTT_QOS0,1,1,2,50,mqtt-qos0-main-1-50,success,12.706,414,221884,211356,110580,-43,0.0,,MQTT_QOS0,mqtt_qos0_main_1000_nosleep_20260904_102455.csv,0.414,12.292
2026-09-04T10:26:32.209927,MQTT_QOS0,1,1,2,51,mqtt-qos0-main-1-51,success,21.773,406,221884,211356,110580,-43,0.0,,MQTT_QOS0,mqtt_qos0_main_1000_nosleep_20260904_102455.csv,0.406,21.367
2026-09-04T10:26:32.431823,MQTT_QOS0,1,1,2,52,mqtt-qos0-main-1-52,success,13.236,420,221884,211356,110580,-43,0.0,,MQTT_QOS0,mqtt_qos0_main_1000_nosleep_20260904_102455.csv,0.42,12.816
2026-09-04T10:26:32.645185,MQTT_QOS0,1,1,2,53,mqtt-qos0-main-1-53,success,18.044,406,221884,211356,110580,-42,0.0,,MQTT_QOS0,mqtt_qos0_main_1000_nosleep_20260904_102455.csv,0.406,17.638
2026-09-04T10:26:32.863367,MQTT_QOS0,1,1,2,54,mqtt-qos0-main-1-54,success,16.687,409,221884,211356,110580,-42,0.0,,MQTT_QOS0,mqtt_qos0_main_1000_nosleep_20260904_102455.csv,0.409,16.278000000000002
2026-09-04T10:26:33.080205,MQTT_QOS0,1,1,2,55,mqtt-qos0-main-1-55,success,19.334,406,221884,211356,110580,-42,0.0,,MQTT_QOS0,mqtt_qos0_main_1000_nosleep_20260904_102455.csv,0.406,18.928
2026-09-04T10:26:33.299667,MQTT_QOS0,1,1,2,56,mqtt-qos0-main-1-56,success,19.226,452,221884,211356,110580,-41,0.0,,MQTT_QOS0,mqtt_qos0_main_1000_nosleep_20260904_102455.csv,0.452,18.773999999999997
2026-09-04T10:26:33.519008,MQTT_QOS0,1,1,2,57,mqtt-qos0-main-1-57,success,15.797,417,221884,211356,110580,-42,0.0,,MQTT_QOS0,mqtt_qos0_main_1000_nosleep_20260904_102455.csv,0.417,15.38
2026-09-04T10:26:33.734934,MQTT_QOS0,1,1,2,58,mqtt-qos0-main-1-58,success,18.048,406,221884,211356,110580,-41,0.0,,MQTT_QOS0,mqtt_qos0_main_1000_nosleep_20260904_102455.csv,0.406,17.642
2026-09-04T10:26:33.953105,MQTT_QOS0,1,1,2,59,mqtt-qos0-main-1-59,success,18.734,406,221884,211356,110580,-43,0.0,,MQTT_QOS0,mqtt_qos0_main_1000_nosleep_20260904_102455.csv,0.406,18.328000000000003
2026-09-04T10:26:34.171991,MQTT_QOS0,1,1,2,60,mqtt-qos0-main-1-60,success,15.958,567,221680,211356,110580,-43,0.0,,MQTT_QOS0,mqtt_qos0_main_1000_nosleep_20260904_102455.csv,0.567,15.391
2026-09-04T10:26:34.388102,MQTT_QOS0,1,1,2,61,mqtt-qos0-main-1-61,success,13.669,407,221884,211356,110580,-42,0.0,,MQTT_QOS0,mqtt_qos0_main_1000_nosleep_20260904_102455.csv,0.407,13.262
2026-09-04T10:26:34.601899,MQTT_QOS0,1,1,2,62,mqtt-qos0-main-1-62,success,13.187,411,221884,211356,110580,-43,0.0,,MQTT_QOS0,mqtt_qos0_main_1000_nosleep_20260904_102455.csv,0.411,12.776
2026-09-04T10:26:34.815216,MQTT_QOS0,1,1,2,63,mqtt-qos0-main-1-63,success,17.443,407,221884,211356,110580,-42,0.0,,MQTT_QOS0,mqtt_qos0_main_1000_nosleep_20260904_102455.csv,0.407,17.036
2026-09-04T10:26:35.032790,MQTT_QOS0,1,1,2,64,mqtt-qos0-main-1-64,success,14.529,409,221884,211356,110580,-42,0.0,,MQTT_QOS0,mqtt_qos0_main_1000_nosleep_20260904_102455.csv,0.409,14.12
2026-09-04T10:26:35.247454,MQTT_QOS0,1,1,2,65,mqtt-qos0-main-1-65,success,19.344,410,221884,211356,110580,-44,0.0,,MQTT_QOS0,mqtt_qos0_main_1000_nosleep_20260904_102455.csv,0.41,18.934
2026-09-04T10:26:35.466932,MQTT_QOS0,1,1,2,66,mqtt-qos0-main-1-66,success,13.626,408,221884,211356,110580,-42,0.0,,MQTT_QOS0,mqtt_qos0_main_1000_nosleep_20260904_102455.csv,0.408,13.218
2026-09-04T10:26:35.680676,MQTT_QOS0,1,1,2,67,mqtt-qos0-main-1-67,success,13.381,408,221884,211356,110580,-42,0.0,,MQTT_QOS0,mqtt_qos0_main_1000_nosleep_20260904_102455.csv,0.408,12.973
2026-09-04T10:26:35.894169,MQTT_QOS0,1,1,2,68,mqtt-qos0-main-1-68,success,12.72,426,221884,211356,110580,-41,0.0,,MQTT_QOS0,mqtt_qos0_main_1000_nosleep_20260904_102455.csv,0.426,12.294
2026-09-04T10:26:36.107021,MQTT_QOS0,1,1,2,69,mqtt-qos0-main-1-69,success,15.597,414,221884,211356,110580,-41,0.0,,MQTT_QOS0,mqtt_qos0_main_1000_nosleep_20260904_102455.csv,0.414,15.183
2026-09-04T10:26:36.322740,MQTT_QOS0,1,1,2,70,mqtt-qos0-main-1-70,success,13.61,426,221884,211356,110580,-42,0.0,,MQTT_QOS0,mqtt_qos0_main_1000_nosleep_20260904_102455.csv,0.426,13.184
2026-09-04T10:26:36.536471,MQTT_QOS0,1,1,2,71,mqtt-qos0-main-1-71,success,16.414,417,221592,211356,110580,-41,0.0,,MQTT_QOS0,mqtt_qos0_main_1000_nosleep_20260904_102455.csv,0.417,15.997000000000002
2026-09-04T10:26:36.753012,MQTT_QOS0,1,1,2,72,mqtt-qos0-main-1-72,success,12.508,410,221884,211356,110580,-40,0.0,,MQTT_QOS0,mqtt_qos0_main_1000_nosleep_20260904_102455.csv,0.41,12.097999999999999
2026-09-04T10:26:36.965637,MQTT_QOS0,1,1,2,73,mqtt-qos0-main-1-73,success,20.953,406,221884,211356,110580,-41,0.0,,MQTT_QOS0,mqtt_qos0_main_1000_nosleep_20260904_102455.csv,0.406,20.547
2026-09-04T10:26:37.186730,MQTT_QOS0,1,1,2,74,mqtt-qos0-main-1-74,success,14.035,430,221884,211356,110580,-42,0.0,,MQTT_QOS0,mqtt_qos0_main_1000_nosleep_20260904_102455.csv,0.43,13.605
2026-09-04T10:26:37.400887,MQTT_QOS0,1,1,2,75,mqtt-qos0-main-1-75,success,16.967,405,221884,211356,110580,-42,0.0,,MQTT_QOS0,mqtt_qos0_main_1000_nosleep_20260904_102455.csv,0.405,16.561999999999998
2026-09-04T10:26:37.617976,MQTT_QOS0,1,1,2,76,mqtt-qos0-main-1-76,success,11.695,412,221884,211356,110580,-42,0.0,,MQTT_QOS0,mqtt_qos0_main_1000_nosleep_20260904_102455.csv,0.412,11.283
2026-09-04T10:26:37.829791,MQTT_QOS0,1,1,2,77,mqtt-qos0-main-1-77,success,16.123,406,221884,211356,110580,-42,0.0,,MQTT_QOS0,mqtt_qos0_main_1000_nosleep_20260904_102455.csv,0.406,15.717
2026-09-04T10:26:38.046045,MQTT_QOS0,1,1,2,78,mqtt-qos0-main-1-78,success,11.457,411,221884,211356,110580,-41,0.0,,MQTT_QOS0,mqtt_qos0_main_1000_nosleep_20260904_102455.csv,0.411,11.046000000000001
2026-09-04T10:26:38.257634,MQTT_QOS0,1,1,2,79,mqtt-qos0-main-1-79,success,22.996,417,221884,211356,110580,-43,0.0,,MQTT_QOS0,mqtt_qos0_main_1000_nosleep_20260904_102455.csv,0.417,22.578999999999997
2026-09-04T10:26:38.480760,MQTT_QOS0,1,1,2,80,mqtt-qos0-main-1-80,success,15.28,408,221884,211356,110580,-43,0.0,,MQTT_QOS0,mqtt_qos0_main_1000_nosleep_20260904_102455.csv,0.408,14.872
2026-09-04T10:26:38.696191,MQTT_QOS0,1,1,2,81,mqtt-qos0-main-1-81,success,13.129,410,221884,211356,110580,-40,0.0,,MQTT_QOS0,mqtt_qos0_main_1000_nosleep_20260904_102455.csv,0.41,12.719
2026-09-04T10:26:38.909442,MQTT_QOS0,1,1,2,82,mqtt-qos0-main-1-82,success,18.94,409,221884,211356,110580,-42,0.0,,MQTT_QOS0,mqtt_qos0_main_1000_nosleep_20260904_102455.csv,0.409,18.531000000000002
2026-09-04T10:26:39.128517,MQTT_QOS0,1,1,2,83,mqtt-qos0-main-1-83,success,11.998,408,221884,211356,110580,-41,0.0,,MQTT_QOS0,mqtt_qos0_main_1000_nosleep_20260904_102455.csv,0.408,11.59
2026-09-04T10:26:39.340636,MQTT_QOS0,1,1,2,84,mqtt-qos0-main-1-84,success,23.231,458,221884,211356,110580,-42,0.0,,MQTT_QOS0,mqtt_qos0_main_1000_nosleep_20260904_102455.csv,0.458,22.773000000000003
2026-09-04T10:26:39.563988,MQTT_QOS0,1,1,2,85,mqtt-qos0-main-1-85,success,12.847,410,221884,211356,110580,-42,0.0,,MQTT_QOS0,mqtt_qos0_main_1000_nosleep_20260904_102455.csv,0.41,12.437
2026-09-04T10:26:39.776955,MQTT_QOS0,1,1,2,86,mqtt-qos0-main-1-86,success,14.186,422,221592,211356,110580,-42,0.0,,MQTT_QOS0,mqtt_qos0_main_1000_nosleep_20260904_102455.csv,0.422,13.764
2026-09-04T10:26:39.991276,MQTT_QOS0,1,1,2,87,mqtt-qos0-main-1-87,success,26.721,421,221884,211356,110580,-43,0.0,,MQTT_QOS0,mqtt_qos0_main_1000_nosleep_20260904_102455.csv,0.421,26.3
2026-09-04T10:26:40.218146,MQTT_QOS0,1,1,2,88,mqtt-qos0-main-1-88,success,14.671,408,221884,211356,110580,-42,0.0,,MQTT_QOS0,mqtt_qos0_main_1000_nosleep_20260904_102455.csv,0.408,14.263
2026-09-04T10:26:40.432944,MQTT_QOS0,1,1,2,89,mqtt-qos0-main-1-89,success,20.18,423,221884,211356,110580,-42,0.0,,MQTT_QOS0,mqtt_qos0_main_1000_nosleep_20260904_102455.csv,0.423,19.757
2026-09-04T10:26:40.653237,MQTT_QOS0,1,1,2,90,mqtt-qos0-main-1-90,success,12.348,467,221680,211356,110580,-40,0.0,,MQTT_QOS0,mqtt_qos0_main_1000_nosleep_20260904_102455.csv,0.467,11.881
2026-09-04T10:26:40.865706,MQTT_QOS0,1,1,2,91,mqtt-qos0-main-1-91,success,15.966,411,221884,211356,110580,-42,0.0,,MQTT_QOS0,mqtt_qos0_main_1000_nosleep_20260904_102455.csv,0.411,15.555
2026-09-04T10:26:41.081808,MQTT_QOS0,1,1,2,92,mqtt-qos0-main-1-92,success,17.719,408,221884,211356,110580,-41,0.0,,MQTT_QOS0,mqtt_qos0_main_1000_nosleep_20260904_102455.csv,0.408,17.311
2026-09-04T10:26:41.299643,MQTT_QOS0,1,1,2,93,mqtt-qos0-main-1-93,success,13.255,413,221884,211356,110580,-43,0.0,,MQTT_QOS0,mqtt_qos0_main_1000_nosleep_20260904_102455.csv,0.413,12.842
2026-09-04T10:26:41.513010,MQTT_QOS0,1,1,2,94,mqtt-qos0-main-1-94,success,13.745,414,221884,211356,110580,-41,0.0,,MQTT_QOS0,mqtt_qos0_main_1000_nosleep_20260904_102455.csv,0.414,13.331
2026-09-04T10:26:41.726866,MQTT_QOS0,1,1,2,95,mqtt-qos0-main-1-95,success,12.67,406,221884,211356,110580,-42,0.0,,MQTT_QOS0,mqtt_qos0_main_1000_nosleep_20260904_102455.csv,0.406,12.264
2026-09-04T10:26:41.939661,MQTT_QOS0,1,1,2,96,mqtt-qos0-main-1-96,success,13.028,409,221884,211356,110580,-41,0.0,,MQTT_QOS0,mqtt_qos0_main_1000_nosleep_20260904_102455.csv,0.409,12.619
2026-09-04T10:26:42.152828,MQTT_QOS0,1,1,2,97,mqtt-qos0-main-1-97,success,12.259,405,221884,211356,110580,-42,0.0,,MQTT_QOS0,mqtt_qos0_main_1000_nosleep_20260904_102455.csv,0.405,11.854000000000001
2026-09-04T10:26:42.365210,MQTT_QOS0,1,1,2,98,mqtt-qos0-main-1-98,success,15.991,414,221884,211356,110580,-42,0.0,,MQTT_QOS0,mqtt_qos0_main_1000_nosleep_20260904_102455.csv,0.414,15.577
2026-09-04T10:26:42.581318,MQTT_QOS0,1,1,2,99,mqtt-qos0-main-1-99,success,14.186,405,221884,211356,110580,-42,0.0,,MQTT_QOS0,mqtt_qos0_main_1000_nosleep_20260904_102455.csv,0.405,13.781
2026-09-04T10:26:42.795626,MQTT_QOS0,1,1,2,100,mqtt-qos0-main-1-100,success,13.2,408,221884,211356,110580,-42,0.0,,MQTT_QOS0,mqtt_qos0_main_1000_nosleep_20260904_102455.csv,0.408,12.792
2026-09-04T10:26:43.008988,MQTT_QOS0,1,1,2,101,mqtt-qos0-main-1-101,success,16.046,406,221884,211356,110580,-42,0.0,,MQTT_QOS0,mqtt_qos0_main_1000_nosleep_20260904_102455.csv,0.406,15.639999999999999
2026-09-04T10:26:43.225152,MQTT_QOS0,1,1,2,102,mqtt-qos0-main-1-102,success,11.701,423,221884,211356,110580,-42,0.0,,MQTT_QOS0,mqtt_qos0_main_1000_nosleep_20260904_102455.csv,0.423,11.278
2026-09-04T10:26:43.436967,MQTT_QOS0,1,1,2,103,mqtt-qos0-main-1-103,success,19.305,404,221884,211356,110580,-42,0.0,,MQTT_QOS0,mqtt_qos0_main_1000_nosleep_20260904_102455.csv,0.404,18.901
2026-09-04T10:26:43.656388,MQTT_QOS0,1,1,2,104,mqtt-qos0-main-1-104,success,11.649,417,221884,211356,110580,-42,0.0,,MQTT_QOS0,mqtt_qos0_main_1000_nosleep_20260904_102455.csv,0.417,11.232
2026-09-04T10:26:43.868150,MQTT_QOS0,1,1,2,105,mqtt-qos0-main-1-105,success,12.768,413,221884,211356,110580,-41,0.0,,MQTT_QOS0,mqtt_qos0_main_1000_nosleep_20260904_102455.csv,0.413,12.355
2026-09-04T10:26:44.081053,MQTT_QOS0,1,1,2,106,mqtt-qos0-main-1-106,success,15.112,414,221884,211356,110580,-42,0.0,,MQTT_QOS0,mqtt_qos0_main_1000_nosleep_20260904_102455.csv,0.414,14.698
2026-09-04T10:26:44.296280,MQTT_QOS0,1,1,2,107,mqtt-qos0-main-1-107,success,13.95,406,221884,211356,110580,-42,0.0,,MQTT_QOS0,mqtt_qos0_main_1000_nosleep_20260904_102455.csv,0.406,13.543999999999999
2026-09-04T10:26:44.510347,MQTT_QOS0,1,1,2,108,mqtt-qos0-main-1-108,success,19.122,413,221884,211356,110580,-42,0.0,,MQTT_QOS0,mqtt_qos0_main_1000_nosleep_20260904_102455.csv,0.413,18.709
2026-09-04T10:26:44.729577,MQTT_QOS0,1,1,2,109,mqtt-qos0-main-1-109,success,12.557,415,221884,211356,110580,-43,0.0,,MQTT_QOS0,mqtt_qos0_main_1000_nosleep_20260904_102455.csv,0.415,12.142000000000001
2026-09-04T10:26:44.942256,MQTT_QOS0,1,1,2,110,mqtt-qos0-main-1-110,success,14.393,417,221884,211356,110580,-42,0.0,,MQTT_QOS0,mqtt_qos0_main_1000_nosleep_20260904_102455.csv,0.417,13.976
2026-09-04T10:26:45.156785,MQTT_QOS0,1,1,2,111,mqtt-qos0-main-1-111,success,11.859,434,221592,211356,110580,-42,0.0,,MQTT_QOS0,mqtt_qos0_main_1000_nosleep_20260904_102455.csv,0.434,11.425
2026-09-04T10:26:45.368764,MQTT_QOS0,1,1,2,112,mqtt-qos0-main-1-112,success,13.26,416,221884,211356,110580,-42,0.0,,MQTT_QOS0,mqtt_qos0_main_1000_nosleep_20260904_102455.csv,0.416,12.844
2026-09-04T10:26:45.582138,MQTT_QOS0,1,1,2,113,mqtt-qos0-main-1-113,success,12.907,406,221884,211356,110580,-39,0.0,,MQTT_QOS0,mqtt_qos0_main_1000_nosleep_20260904_102455.csv,0.406,12.501
2026-09-04T10:26:45.795165,MQTT_QOS0,1,1,2,114,mqtt-qos0-main-1-114,success,21.323,412,221884,211356,110580,-42,0.0,,MQTT_QOS0,mqtt_qos0_main_1000_nosleep_20260904_102455.csv,0.412,20.911
2026-09-04T10:26:46.016625,MQTT_QOS0,1,1,2,115,mqtt-qos0-main-1-115,success,8.926,408,221884,211356,110580,-41,0.0,,MQTT_QOS0,mqtt_qos0_main_1000_nosleep_20260904_102455.csv,0.408,8.518
2026-09-04T10:26:46.225682,MQTT_QOS0,1,1,2,116,mqtt-qos0-main-1-116,success,13.953,409,221884,211356,110580,-42,0.0,,MQTT_QOS0,mqtt_qos0_main_1000_nosleep_20260904_102455.csv,0.409,13.543999999999999
2026-09-04T10:26:46.439750,MQTT_QOS0,1,1,2,117,mqtt-qos0-main-1-117,success,14.253,411,221884,211356,110580,-42,0.0,,MQTT_QOS0,mqtt_qos0_main_1000_nosleep_20260904_102455.csv,0.411,13.842
2026-09-04T10:26:46.654117,MQTT_QOS0,1,1,2,118,mqtt-qos0-main-1-118,success,17.699,420,221884,211356,110580,-41,0.0,,MQTT_QOS0,mqtt_qos0_main_1000_nosleep_20260904_102455.csv,0.42,17.279
2026-09-04T10:26:46.871937,MQTT_QOS0,1,1,2,119,mqtt-qos0-main-1-119,success,17.056,510,221680,211356,110580,-39,0.0,,MQTT_QOS0,mqtt_qos0_main_1000_nosleep_20260904_102455.csv,0.51,16.546
2026-09-04T10:26:47.089124,MQTT_QOS0,1,1,2,120,mqtt-qos0-main-1-120,success,16.859,405,221884,211356,110580,-41,0.0,,MQTT_QOS0,mqtt_qos0_main_1000_nosleep_20260904_102455.csv,0.405,16.454
2026-09-04T10:26:47.306120,MQTT_QOS0,1,1,2,121,mqtt-qos0-main-1-121,success,17.138,411,221884,211356,110580,-42,0.0,,MQTT_QOS0,mqtt_qos0_main_1000_nosleep_20260904_102455.csv,0.411,16.727
2026-09-04T10:26:47.523366,MQTT_QOS0,1,1,2,122,mqtt-qos0-main-1-122,success,12.521,417,221884,211356,110580,-42,0.0,,MQTT_QOS0,mqtt_qos0_main_1000_nosleep_20260904_102455.csv,0.417,12.104000000000001
2026-09-04T10:26:47.735998,MQTT_QOS0,1,1,2,123,mqtt-qos0-main-1-123,success,12.181,414,221884,211356,110580,-42,0.0,,MQTT_QOS0,mqtt_qos0_main_1000_nosleep_20260904_102455.csv,0.414,11.767
2026-09-04T10:26:47.948297,MQTT_QOS0,1,1,2,124,mqtt-qos0-main-1-124,success,15.734,404,221884,211356,110580,-42,0.0,,MQTT_QOS0,mqtt_qos0_main_1000_nosleep_20260904_102455.csv,0.404,15.33
2026-09-04T10:26:48.164177,MQTT_QOS0,1,1,2,125,mqtt-qos0-main-1-125,success,14.453,424,219448,211356,110580,-41,0.0,,MQTT_QOS0,mqtt_qos0_main_1000_nosleep_20260904_102455.csv,0.424,14.029
2026-09-04T10:26:48.378756,MQTT_QOS0,1,1,2,126,mqtt-qos0-main-1-126,success,15.305,406,221884,211356,110580,-39,0.0,,MQTT_QOS0,mqtt_qos0_main_1000_nosleep_20260904_102455.csv,0.406,14.899
2026-09-04T10:26:48.594179,MQTT_QOS0,1,1,2,127,mqtt-qos0-main-1-127,success,12.086,417,221884,211356,110580,-40,0.0,,MQTT_QOS0,mqtt_qos0_main_1000_nosleep_20260904_102455.csv,0.417,11.669
2026-09-04T10:26:48.806387,MQTT_QOS0,1,1,2,128,mqtt-qos0-main-1-128,success,12.859,424,221884,211356,110580,-42,0.0,,MQTT_QOS0,mqtt_qos0_main_1000_nosleep_20260904_102455.csv,0.424,12.435
2026-09-04T10:26:49.019383,MQTT_QOS0,1,1,2,129,mqtt-qos0-main-1-129,success,12.68,409,221884,211356,110580,-41,0.0,,MQTT_QOS0,mqtt_qos0_main_1000_nosleep_20260904_102455.csv,0.409,12.270999999999999
2026-09-04T10:26:49.232183,MQTT_QOS0,1,1,2,130,mqtt-qos0-main-1-130,success,13.699,417,221884,211356,110580,-40,0.0,,MQTT_QOS0,mqtt_qos0_main_1000_nosleep_20260904_102455.csv,0.417,13.282
2026-09-04T10:26:49.445996,MQTT_QOS0,1,1,2,131,mqtt-qos0-main-1-131,success,16.44,420,221884,211356,110580,-43,0.0,,MQTT_QOS0,mqtt_qos0_main_1000_nosleep_20260904_102455.csv,0.42,16.02
2026-09-04T10:26:49.662548,MQTT_QOS0,1,1,2,132,mqtt-qos0-main-1-132,success,11.309,406,221884,211356,110580,-42,0.0,,MQTT_QOS0,mqtt_qos0_main_1000_nosleep_20260904_102455.csv,0.406,10.902999999999999
2026-09-04T10:26:49.873978,MQTT_QOS0,1,1,2,133,mqtt-qos0-main-1-133,success,14.399,410,221884,211356,110580,-40,0.0,,MQTT_QOS0,mqtt_qos0_main_1000_nosleep_20260904_102455.csv,0.41,13.988999999999999
2026-09-04T10:26:50.088513,MQTT_QOS0,1,1,2,134,mqtt-qos0-main-1-134,success,13.555,420,221884,211356,110580,-43,0.0,,MQTT_QOS0,mqtt_qos0_main_1000_nosleep_20260904_102455.csv,0.42,13.135
2026-09-04T10:26:50.302186,MQTT_QOS0,1,1,2,135,mqtt-qos0-main-1-135,success,22.112,411,221884,211356,110580,-42,0.0,,MQTT_QOS0,mqtt_qos0_main_1000_nosleep_20260904_102455.csv,0.411,21.700999999999997
2026-09-04T10:26:50.524406,MQTT_QOS0,1,1,2,136,mqtt-qos0-main-1-136,success,19.847,417,221884,211356,110580,-39,0.0,,MQTT_QOS0,mqtt_qos0_main_1000_nosleep_20260904_102455.csv,0.417,19.43
2026-09-04T10:26:50.744363,MQTT_QOS0,1,1,2,137,mqtt-qos0-main-1-137,success,9.827,411,221884,211356,110580,-39,0.0,,MQTT_QOS0,mqtt_qos0_main_1000_nosleep_20260904_102455.csv,0.411,9.416
2026-09-04T10:26:50.954309,MQTT_QOS0,1,1,2,138,mqtt-qos0-main-1-138,success,14.294,443,221884,211356,110580,-42,0.0,,MQTT_QOS0,mqtt_qos0_main_1000_nosleep_20260904_102455.csv,0.443,13.851
2026-09-04T10:26:51.168733,MQTT_QOS0,1,1,2,139,mqtt-qos0-main-1-139,success,15.288,408,221884,211356,110580,-40,0.0,,MQTT_QOS0,mqtt_qos0_main_1000_nosleep_20260904_102455.csv,0.408,14.88
2026-09-04T10:26:51.384127,MQTT_QOS0,1,1,2,140,mqtt-qos0-main-1-140,success,12.309,415,221884,211356,110580,-41,0.0,,MQTT_QOS0,mqtt_qos0_main_1000_nosleep_20260904_102455.csv,0.415,11.894
2026-09-04T10:26:51.596572,MQTT_QOS0,1,1,2,141,mqtt-qos0-main-1-141,success,12.406,408,221884,211356,110580,-41,0.0,,MQTT_QOS0,mqtt_qos0_main_1000_nosleep_20260904_102455.csv,0.408,11.998000000000001
2026-09-04T10:26:51.809098,MQTT_QOS0,1,1,2,142,mqtt-qos0-main-1-142,success,14.859,407,221884,211356,110580,-40,0.0,,MQTT_QOS0,mqtt_qos0_main_1000_nosleep_20260904_102455.csv,0.407,14.452
2026-09-04T10:26:52.024111,MQTT_QOS0,1,1,2,143,mqtt-qos0-main-1-143,success,32.385,420,221884,211356,110580,-41,0.0,,MQTT_QOS0,mqtt_qos0_main_1000_nosleep_20260904_102455.csv,0.42,31.964999999999996
2026-09-04T10:26:52.256629,MQTT_QOS0,1,1,2,144,mqtt-qos0-main-1-144,success,13.299,407,221884,211356,110580,-40,0.0,,MQTT_QOS0,mqtt_qos0_main_1000_nosleep_20260904_102455.csv,0.407,12.892
2026-09-04T10:26:52.470042,MQTT_QOS0,1,1,2,145,mqtt-qos0-main-1-145,success,13.614,449,221884,211356,110580,-42,0.0,,MQTT_QOS0,mqtt_qos0_main_1000_nosleep_20260904_102455.csv,0.449,13.165000000000001
2026-09-04T10:26:52.683763,MQTT_QOS0,1,1,2,146,mqtt-qos0-main-1-146,success,11.684,412,221884,211356,110580,-41,0.0,,MQTT_QOS0,mqtt_qos0_main_1000_nosleep_20260904_102455.csv,0.412,11.271999999999998
2026-09-04T10:26:52.895562,MQTT_QOS0,1,1,2,147,mqtt-qos0-main-1-147,success,12.26,407,221884,211356,110580,-41,0.0,,MQTT_QOS0,mqtt_qos0_main_1000_nosleep_20260904_102455.csv,0.407,11.853
2026-09-04T10:26:53.107954,MQTT_QOS0,1,1,2,148,mqtt-qos0-main-1-148,success,15.176,464,221680,211356,110580,-41,0.0,,MQTT_QOS0,mqtt_qos0_main_1000_nosleep_20260904_102455.csv,0.464,14.712
2026-09-04T10:26:53.323250,MQTT_QOS0,1,1,2,149,mqtt-qos0-main-1-149,success,13.321,407,221884,211356,110580,-41,0.0,,MQTT_QOS0,mqtt_qos0_main_1000_nosleep_20260904_102455.csv,0.407,12.914
2026-09-04T10:26:53.536688,MQTT_QOS0,1,1,2,150,mqtt-qos0-main-1-150,success,15.948,505,221128,211356,110580,-40,0.0,,MQTT_QOS0,mqtt_qos0_main_1000_nosleep_20260904_102455.csv,0.505,15.443
2026-09-04T10:26:53.752743,MQTT_QOS0,1,1,2,151,mqtt-qos0-main-1-151,success,24.176,417,221884,211356,110580,-42,0.0,,MQTT_QOS0,mqtt_qos0_main_1000_nosleep_20260904_102455.csv,0.417,23.758999999999997
2026-09-04T10:26:53.977034,MQTT_QOS0,1,1,2,152,mqtt-qos0-main-1-152,success,14.962,407,221884,211356,110580,-39,0.0,,MQTT_QOS0,mqtt_qos0_main_1000_nosleep_20260904_102455.csv,0.407,14.555
2026-09-04T10:26:54.192134,MQTT_QOS0,1,1,2,153,mqtt-qos0-main-1-153,success,22.919,405,221884,211356,110580,-39,0.0,,MQTT_QOS0,mqtt_qos0_main_1000_nosleep_20260904_102455.csv,0.405,22.514
2026-09-04T10:26:54.415174,MQTT_QOS0,1,1,2,154,mqtt-qos0-main-1-154,success,14.978,411,221884,211356,110580,-41,0.0,,MQTT_QOS0,mqtt_qos0_main_1000_nosleep_20260904_102455.csv,0.411,14.567
2026-09-04T10:26:54.630265,MQTT_QOS0,1,1,2,155,mqtt-qos0-main-1-155,success,14.506,406,221884,211356,110580,-40,0.0,,MQTT_QOS0,mqtt_qos0_main_1000_nosleep_20260904_102455.csv,0.406,14.1
2026-09-04T10:26:54.844892,MQTT_QOS0,1,1,2,156,mqtt-qos0-main-1-156,success,13.092,416,221884,211356,110580,-42,0.0,,MQTT_QOS0,mqtt_qos0_main_1000_nosleep_20260904_102455.csv,0.416,12.676
2026-09-04T10:26:55.058117,MQTT_QOS0,1,1,2,157,mqtt-qos0-main-1-157,success,13.064,421,221884,211356,110580,-42,0.0,,MQTT_QOS0,mqtt_qos0_main_1000_nosleep_20260904_102455.csv,0.421,12.643
2026-09-04T10:26:55.271296,MQTT_QOS0,1,1,2,158,mqtt-qos0-main-1-158,success,12.703,410,221884,211356,110580,-42,0.0,,MQTT_QOS0,mqtt_qos0_main_1000_nosleep_20260904_102455.csv,0.41,12.293
2026-09-04T10:26:55.484105,MQTT_QOS0,1,1,2,159,mqtt-qos0-main-1-159,success,16.49,405,221884,211356,110580,-39,0.0,,MQTT_QOS0,mqtt_qos0_main_1000_nosleep_20260904_102455.csv,0.405,16.084999999999997
2026-09-04T10:26:55.700700,MQTT_QOS0,1,1,2,160,mqtt-qos0-main-1-160,success,13.991,420,221592,211356,110580,-40,0.0,,MQTT_QOS0,mqtt_qos0_main_1000_nosleep_20260904_102455.csv,0.42,13.571
2026-09-04T10:26:55.914839,MQTT_QOS0,1,1,2,161,mqtt-qos0-main-1-161,success,14.76,405,221884,211356,110580,-43,0.0,,MQTT_QOS0,mqtt_qos0_main_1000_nosleep_20260904_102455.csv,0.405,14.355
2026-09-04T10:26:56.129737,MQTT_QOS0,1,1,2,162,mqtt-qos0-main-1-162,success,12.919,410,221884,211356,110580,-39,0.0,,MQTT_QOS0,mqtt_qos0_main_1000_nosleep_20260904_102455.csv,0.41,12.509
2026-09-04T10:26:56.342795,MQTT_QOS0,1,1,2,163,mqtt-qos0-main-1-163,success,18.042,405,221884,211356,110580,-41,0.0,,MQTT_QOS0,mqtt_qos0_main_1000_nosleep_20260904_102455.csv,0.405,17.637
2026-09-04T10:26:56.560945,MQTT_QOS0,1,1,2,164,mqtt-qos0-main-1-164,success,13.05,410,221884,211356,110580,-40,0.0,,MQTT_QOS0,mqtt_qos0_main_1000_nosleep_20260904_102455.csv,0.41,12.64
2026-09-04T10:26:56.774108,MQTT_QOS0,1,1,2,165,mqtt-qos0-main-1-165,success,31.074,422,221884,211356,110580,-42,0.0,,MQTT_QOS0,mqtt_qos0_main_1000_nosleep_20260904_102455.csv,0.422,30.652
2026-09-04T10:26:57.005315,MQTT_QOS0,1,1,2,166,mqtt-qos0-main-1-166,success,13.754,410,221884,211356,110580,-42,0.0,,MQTT_QOS0,mqtt_qos0_main_1000_nosleep_20260904_102455.csv,0.41,13.344
2026-09-04T10:26:57.219195,MQTT_QOS0,1,1,2,167,mqtt-qos0-main-1-167,success,13.19,404,221884,211356,110580,-41,0.0,,MQTT_QOS0,mqtt_qos0_main_1000_nosleep_20260904_102455.csv,0.404,12.786
2026-09-04T10:26:57.432501,MQTT_QOS0,1,1,2,168,mqtt-qos0-main-1-168,success,11.559,411,221884,211356,110580,-41,0.0,,MQTT_QOS0,mqtt_qos0_main_1000_nosleep_20260904_102455.csv,0.411,11.148
2026-09-04T10:26:57.644174,MQTT_QOS0,1,1,2,169,mqtt-qos0-main-1-169,success,13.079,411,221884,211356,110580,-42,0.0,,MQTT_QOS0,mqtt_qos0_main_1000_nosleep_20260904_102455.csv,0.411,12.668000000000001
2026-09-04T10:26:57.857376,MQTT_QOS0,1,1,2,170,mqtt-qos0-main-1-170,success,11.963,419,221884,211356,110580,-42,0.0,,MQTT_QOS0,mqtt_qos0_main_1000_nosleep_20260904_102455.csv,0.419,11.543999999999999
2026-09-04T10:26:58.069478,MQTT_QOS0,1,1,2,171,mqtt-qos0-main-1-171,success,15.199,406,221884,211356,110580,-41,0.0,,MQTT_QOS0,mqtt_qos0_main_1000_nosleep_20260904_102455.csv,0.406,14.793
2026-09-04T10:26:58.284797,MQTT_QOS0,1,1,2,172,mqtt-qos0-main-1-172,success,23.045,416,221884,211356,110580,-43,0.0,,MQTT_QOS0,mqtt_qos0_main_1000_nosleep_20260904_102455.csv,0.416,22.629
2026-09-04T10:26:58.507959,MQTT_QOS0,1,1,2,173,mqtt-qos0-main-1-173,success,20.217,415,221884,211356,110580,-42,0.0,,MQTT_QOS0,mqtt_qos0_main_1000_nosleep_20260904_102455.csv,0.415,19.802
2026-09-04T10:26:58.728287,MQTT_QOS0,1,1,2,174,mqtt-qos0-main-1-174,success,12.11,415,221884,211356,110580,-40,0.0,,MQTT_QOS0,mqtt_qos0_main_1000_nosleep_20260904_102455.csv,0.415,11.695
2026-09-04T10:26:58.940521,MQTT_QOS0,1,1,2,175,mqtt-qos0-main-1-175,success,12.386,416,221884,211356,110580,-41,0.0,,MQTT_QOS0,mqtt_qos0_main_1000_nosleep_20260904_102455.csv,0.416,11.969999999999999
2026-09-04T10:26:59.153049,MQTT_QOS0,1,1,2,176,mqtt-qos0-main-1-176,success,16.729,420,221884,211356,110580,-41,0.0,,MQTT_QOS0,mqtt_qos0_main_1000_nosleep_20260904_102455.csv,0.42,16.308999999999997
2026-09-04T10:26:59.369893,MQTT_QOS0,1,1,2,177,mqtt-qos0-main-1-177,success,19.654,547,221680,211356,110580,-42,0.0,,MQTT_QOS0,mqtt_qos0_main_1000_nosleep_20260904_102455.csv,0.547,19.107
2026-09-04T10:26:59.589665,MQTT_QOS0,1,1,2,178,mqtt-qos0-main-1-178,success,15.736,414,221884,211356,110580,-42,0.0,,MQTT_QOS0,mqtt_qos0_main_1000_nosleep_20260904_102455.csv,0.414,15.322000000000001
2026-09-04T10:26:59.805534,MQTT_QOS0,1,1,2,179,mqtt-qos0-main-1-179,success,13.351,431,221884,211356,110580,-42,0.0,,MQTT_QOS0,mqtt_qos0_main_1000_nosleep_20260904_102455.csv,0.431,12.920000000000002
2026-09-04T10:27:00.019017,MQTT_QOS0,1,1,2,180,mqtt-qos0-main-1-180,success,26.833,415,221884,211356,110580,-42,0.0,,MQTT_QOS0,mqtt_qos0_main_1000_nosleep_20260904_102455.csv,0.415,26.418
2026-09-04T10:27:00.245991,MQTT_QOS0,1,1,2,181,mqtt-qos0-main-1-181,success,16.608,422,221884,211356,110580,-40,0.0,,MQTT_QOS0,mqtt_qos0_main_1000_nosleep_20260904_102455.csv,0.422,16.186
2026-09-04T10:27:00.462731,MQTT_QOS0,1,1,2,182,mqtt-qos0-main-1-182,success,18.835,406,221884,211356,110580,-43,0.0,,MQTT_QOS0,mqtt_qos0_main_1000_nosleep_20260904_102455.csv,0.406,18.429000000000002
2026-09-04T10:27:00.681675,MQTT_QOS0,1,1,2,183,mqtt-qos0-main-1-183,success,15.24,411,221884,211356,110580,-41,0.0,,MQTT_QOS0,mqtt_qos0_main_1000_nosleep_20260904_102455.csv,0.411,14.829
2026-09-04T10:27:00.897030,MQTT_QOS0,1,1,2,184,mqtt-qos0-main-1-184,success,11.622,408,221884,211356,110580,-41,0.0,,MQTT_QOS0,mqtt_qos0_main_1000_nosleep_20260904_102455.csv,0.408,11.214
2026-09-04T10:27:01.108783,MQTT_QOS0,1,1,2,185,mqtt-qos0-main-1-185,success,13.645,410,221884,211356,110580,-40,0.0,,MQTT_QOS0,mqtt_qos0_main_1000_nosleep_20260904_102455.csv,0.41,13.235
2026-09-04T10:27:01.322546,MQTT_QOS0,1,1,2,186,mqtt-qos0-main-1-186,success,14.124,417,221884,211356,110580,-42,0.0,,MQTT_QOS0,mqtt_qos0_main_1000_nosleep_20260904_102455.csv,0.417,13.707
2026-09-04T10:27:01.536779,MQTT_QOS0,1,1,2,187,mqtt-qos0-main-1-187,success,15.313,411,221884,211356,110580,-41,0.0,,MQTT_QOS0,mqtt_qos0_main_1000_nosleep_20260904_102455.csv,0.411,14.902000000000001
2026-09-04T10:27:01.752198,MQTT_QOS0,1,1,2,188,mqtt-qos0-main-1-188,success,14.739,412,221884,211356,110580,-41,0.0,,MQTT_QOS0,mqtt_qos0_main_1000_nosleep_20260904_102455.csv,0.412,14.327
2026-09-04T10:27:01.967054,MQTT_QOS0,1,1,2,189,mqtt-qos0-main-1-189,success,13.503,417,221884,211356,110580,-40,0.0,,MQTT_QOS0,mqtt_qos0_main_1000_nosleep_20260904_102455.csv,0.417,13.086
2026-09-04T10:27:02.180697,MQTT_QOS0,1,1,2,190,mqtt-qos0-main-1-190,success,17.658,415,221884,211356,110580,-40,0.0,,MQTT_QOS0,mqtt_qos0_main_1000_nosleep_20260904_102455.csv,0.415,17.243000000000002
2026-09-04T10:27:02.398472,MQTT_QOS0,1,1,2,191,mqtt-qos0-main-1-191,success,13.403,422,221884,211356,110580,-42,0.0,,MQTT_QOS0,mqtt_qos0_main_1000_nosleep_20260904_102455.csv,0.422,12.981
2026-09-04T10:27:02.611987,MQTT_QOS0,1,1,2,192,mqtt-qos0-main-1-192,success,13.364,414,221884,211356,110580,-41,0.0,,MQTT_QOS0,mqtt_qos0_main_1000_nosleep_20260904_102455.csv,0.414,12.950000000000001
2026-09-04T10:27:02.825472,MQTT_QOS0,1,1,2,193,mqtt-qos0-main-1-193,success,15.865,463,221884,211356,110580,-41,0.0,,MQTT_QOS0,mqtt_qos0_main_1000_nosleep_20260904_102455.csv,0.463,15.402000000000001
2026-09-04T10:27:03.041469,MQTT_QOS0,1,1,2,194,mqtt-qos0-main-1-194,success,24.132,414,221884,211356,110580,-42,0.0,,MQTT_QOS0,mqtt_qos0_main_1000_nosleep_20260904_102455.csv,0.414,23.718
2026-09-04T10:27:03.265721,MQTT_QOS0,1,1,2,195,mqtt-qos0-main-1-195,success,13.988,417,221884,211356,110580,-42,0.0,,MQTT_QOS0,mqtt_qos0_main_1000_nosleep_20260904_102455.csv,0.417,13.571
2026-09-04T10:27:03.479827,MQTT_QOS0,1,1,2,196,mqtt-qos0-main-1-196,success,13.457,411,221884,211356,110580,-40,0.0,,MQTT_QOS0,mqtt_qos0_main_1000_nosleep_20260904_102455.csv,0.411,13.046000000000001
2026-09-04T10:27:03.693399,MQTT_QOS0,1,1,2,197,mqtt-qos0-main-1-197,success,12.874,435,221884,211356,110580,-41,0.0,,MQTT_QOS0,mqtt_qos0_main_1000_nosleep_20260904_102455.csv,0.435,12.439
2026-09-04T10:27:03.906407,MQTT_QOS0,1,1,2,198,mqtt-qos0-main-1-198,success,15.736,464,221884,211356,110580,-42,0.0,,MQTT_QOS0,mqtt_qos0_main_1000_nosleep_20260904_102455.csv,0.464,15.272
2026-09-04T10:27:04.122316,MQTT_QOS0,1,1,2,199,mqtt-qos0-main-1-199,success,17.946,410,221884,211356,110580,-43,0.0,,MQTT_QOS0,mqtt_qos0_main_1000_nosleep_20260904_102455.csv,0.41,17.536
2026-09-04T10:27:04.340399,MQTT_QOS0,1,1,2,200,mqtt-qos0-main-1-200,success,16.026,405,221884,211356,110580,-42,0.0,,MQTT_QOS0,mqtt_qos0_main_1000_nosleep_20260904_102455.csv,0.405,15.621
2026-09-04T10:28:02.811073,MQTT_QOS0,2,2,1,1,mqtt-qos0-main-2-1,success,62.187,407,221884,211356,110580,-41,0.0,,MQTT_QOS0,mqtt_qos0_main_1000_nosleep_20260904_102455.csv,0.407,61.78
2026-09-04T10:28:03.073453,MQTT_QOS0,2,2,1,2,mqtt-qos0-main-2-2,success,12.881,418,221884,211356,110580,-42,0.0,,MQTT_QOS0,mqtt_qos0_main_1000_nosleep_20260904_102455.csv,0.418,12.463000000000001
2026-09-04T10:28:03.286468,MQTT_QOS0,2,2,1,3,mqtt-qos0-main-2-3,success,13.54,424,221884,211356,110580,-41,0.0,,MQTT_QOS0,mqtt_qos0_main_1000_nosleep_20260904_102455.csv,0.424,13.116
2026-09-04T10:28:03.500145,MQTT_QOS0,2,2,1,4,mqtt-qos0-main-2-4,success,12.651,434,221884,211356,110580,-43,0.0,,MQTT_QOS0,mqtt_qos0_main_1000_nosleep_20260904_102455.csv,0.434,12.217
2026-09-04T10:28:03.712914,MQTT_QOS0,2,2,1,5,mqtt-qos0-main-2-5,success,12.103,409,221884,211356,110580,-41,0.0,,MQTT_QOS0,mqtt_qos0_main_1000_nosleep_20260904_102455.csv,0.409,11.693999999999999
2026-09-04T10:28:03.925139,MQTT_QOS0,2,2,1,6,mqtt-qos0-main-2-6,success,19.98,417,221884,211356,110580,-42,0.0,,MQTT_QOS0,mqtt_qos0_main_1000_nosleep_20260904_102455.csv,0.417,19.563
2026-09-04T10:28:04.145246,MQTT_QOS0,2,2,1,7,mqtt-qos0-main-2-7,success,15.814,409,221884,211356,110580,-40,0.0,,MQTT_QOS0,mqtt_qos0_main_1000_nosleep_20260904_102455.csv,0.409,15.405
2026-09-04T10:28:04.361182,MQTT_QOS0,2,2,1,8,mqtt-qos0-main-2-8,success,12.474,433,221884,211356,110580,-39,0.0,,MQTT_QOS0,mqtt_qos0_main_1000_nosleep_20260904_102455.csv,0.433,12.041
2026-09-04T10:28:04.573769,MQTT_QOS0,2,2,1,9,mqtt-qos0-main-2-9,success,13.931,416,221884,211356,110580,-40,0.0,,MQTT_QOS0,mqtt_qos0_main_1000_nosleep_20260904_102455.csv,0.416,13.514999999999999
2026-09-04T10:28:04.787813,MQTT_QOS0,2,2,1,10,mqtt-qos0-main-2-10,success,16.181,405,221884,211356,110580,-42,0.0,,MQTT_QOS0,mqtt_qos0_main_1000_nosleep_20260904_102455.csv,0.405,15.776000000000002
2026-09-04T10:28:05.004123,MQTT_QOS0,2,2,1,11,mqtt-qos0-main-2-11,success,11.449,420,221884,211356,110580,-42,0.0,,MQTT_QOS0,mqtt_qos0_main_1000_nosleep_20260904_102455.csv,0.42,11.029
2026-09-04T10:28:05.215696,MQTT_QOS0,2,2,1,12,mqtt-qos0-main-2-12,success,11.811,435,221884,211356,110580,-43,0.0,,MQTT_QOS0,mqtt_qos0_main_1000_nosleep_20260904_102455.csv,0.435,11.376
2026-09-04T10:28:05.427626,MQTT_QOS0,2,2,1,13,mqtt-qos0-main-2-13,success,23.203,409,221884,211356,110580,-42,0.0,,MQTT_QOS0,mqtt_qos0_main_1000_nosleep_20260904_102455.csv,0.409,22.794
2026-09-04T10:28:05.650946,MQTT_QOS0,2,2,1,14,mqtt-qos0-main-2-14,success,14.471,436,221884,211356,110580,-42,0.0,,MQTT_QOS0,mqtt_qos0_main_1000_nosleep_20260904_102455.csv,0.436,14.035
2026-09-04T10:28:05.865534,MQTT_QOS0,2,2,1,15,mqtt-qos0-main-2-15,success,25.517,419,221884,211356,110580,-43,0.0,,MQTT_QOS0,mqtt_qos0_main_1000_nosleep_20260904_102455.csv,0.419,25.098
2026-09-04T10:28:06.091173,MQTT_QOS0,2,2,1,16,mqtt-qos0-main-2-16,success,13.083,412,221884,211356,110580,-40,0.0,,MQTT_QOS0,mqtt_qos0_main_1000_nosleep_20260904_102455.csv,0.412,12.671
2026-09-04T10:28:06.304367,MQTT_QOS0,2,2,1,17,mqtt-qos0-main-2-17,success,12.967,409,221884,211356,110580,-43,0.0,,MQTT_QOS0,mqtt_qos0_main_1000_nosleep_20260904_102455.csv,0.409,12.558
2026-09-04T10:28:06.517449,MQTT_QOS0,2,2,1,18,mqtt-qos0-main-2-18,success,12.425,434,221884,211356,110580,-46,0.0,,MQTT_QOS0,mqtt_qos0_main_1000_nosleep_20260904_102455.csv,0.434,11.991000000000001
2026-09-04T10:28:06.729986,MQTT_QOS0,2,2,1,19,mqtt-qos0-main-2-19,success,15.21,408,221884,211356,110580,-40,0.0,,MQTT_QOS0,mqtt_qos0_main_1000_nosleep_20260904_102455.csv,0.408,14.802000000000001
2026-09-04T10:28:06.945313,MQTT_QOS0,2,2,1,20,mqtt-qos0-main-2-20,success,14.687,463,221680,211356,110580,-42,0.0,,MQTT_QOS0,mqtt_qos0_main_1000_nosleep_20260904_102455.csv,0.463,14.224
2026-09-04T10:28:07.160145,MQTT_QOS0,2,2,1,21,mqtt-qos0-main-2-21,success,12.027,406,221884,211356,110580,-45,0.0,,MQTT_QOS0,mqtt_qos0_main_1000_nosleep_20260904_102455.csv,0.406,11.620999999999999
2026-09-04T10:28:07.372294,MQTT_QOS0,2,2,1,22,mqtt-qos0-main-2-22,success,13.271,408,221884,211356,110580,-41,0.0,,MQTT_QOS0,mqtt_qos0_main_1000_nosleep_20260904_102455.csv,0.408,12.863000000000001
2026-09-04T10:28:07.585684,MQTT_QOS0,2,2,1,23,mqtt-qos0-main-2-23,success,12.382,415,221884,211356,110580,-41,0.0,,MQTT_QOS0,mqtt_qos0_main_1000_nosleep_20260904_102455.csv,0.415,11.967
2026-09-04T10:28:07.798183,MQTT_QOS0,2,2,1,24,mqtt-qos0-main-2-24,success,17.922,422,221884,211356,110580,-44,0.0,,MQTT_QOS0,mqtt_qos0_main_1000_nosleep_20260904_102455.csv,0.422,17.5
2026-09-04T10:28:08.016224,MQTT_QOS0,2,2,1,25,mqtt-qos0-main-2-25,success,10.237,406,221884,211356,110580,-43,0.0,,MQTT_QOS0,mqtt_qos0_main_1000_nosleep_20260904_102455.csv,0.406,9.831
2026-09-04T10:28:08.226579,MQTT_QOS0,2,2,1,26,mqtt-qos0-main-2-26,success,19.252,411,221884,211356,110580,-43,0.0,,MQTT_QOS0,mqtt_qos0_main_1000_nosleep_20260904_102455.csv,0.411,18.840999999999998
2026-09-04T10:28:08.445955,MQTT_QOS0,2,2,1,27,mqtt-qos0-main-2-27,success,17.067,417,221884,211356,110580,-44,0.0,,MQTT_QOS0,mqtt_qos0_main_1000_nosleep_20260904_102455.csv,0.417,16.65
2026-09-04T10:28:08.663142,MQTT_QOS0,2,2,1,28,mqtt-qos0-main-2-28,success,12.123,413,221884,211356,110580,-42,0.0,,MQTT_QOS0,mqtt_qos0_main_1000_nosleep_20260904_102455.csv,0.413,11.709999999999999
2026-09-04T10:28:08.875388,MQTT_QOS0,2,2,1,29,mqtt-qos0-main-2-29,success,12.139,409,221884,211356,110580,-39,0.0,,MQTT_QOS0,mqtt_qos0_main_1000_nosleep_20260904_102455.csv,0.409,11.729999999999999
2026-09-04T10:28:09.087654,MQTT_QOS0,2,2,1,30,mqtt-qos0-main-2-30,success,12.998,408,221884,211356,110580,-43,0.0,,MQTT_QOS0,mqtt_qos0_main_1000_nosleep_20260904_102455.csv,0.408,12.59
2026-09-04T10:28:09.300772,MQTT_QOS0,2,2,1,31,mqtt-qos0-main-2-31,success,13.883,408,221884,211356,110580,-43,0.0,,MQTT_QOS0,mqtt_qos0_main_1000_nosleep_20260904_102455.csv,0.408,13.475
2026-09-04T10:28:09.514765,MQTT_QOS0,2,2,1,32,mqtt-qos0-main-2-32,success,14.379,439,221884,211356,110580,-39,0.0,,MQTT_QOS0,mqtt_qos0_main_1000_nosleep_20260904_102455.csv,0.439,13.94
2026-09-04T10:28:09.729258,MQTT_QOS0,2,2,1,33,mqtt-qos0-main-2-33,success,15.807,410,221884,211356,110580,-43,0.0,,MQTT_QOS0,mqtt_qos0_main_1000_nosleep_20260904_102455.csv,0.41,15.397
2026-09-04T10:28:09.945180,MQTT_QOS0,2,2,1,34,mqtt-qos0-main-2-34,success,15.713,409,221884,211356,110580,-41,0.0,,MQTT_QOS0,mqtt_qos0_main_1000_nosleep_20260904_102455.csv,0.409,15.303999999999998
2026-09-04T10:28:10.161020,MQTT_QOS0,2,2,1,35,mqtt-qos0-main-2-35,success,13.748,410,221884,211356,110580,-43,0.0,,MQTT_QOS0,mqtt_qos0_main_1000_nosleep_20260904_102455.csv,0.41,13.338
2026-09-04T10:28:10.374884,MQTT_QOS0,2,2,1,36,mqtt-qos0-main-2-36,success,21.436,408,221884,211356,110580,-42,0.0,,MQTT_QOS0,mqtt_qos0_main_1000_nosleep_20260904_102455.csv,0.408,21.028
2026-09-04T10:28:10.596434,MQTT_QOS0,2,2,1,37,mqtt-qos0-main-2-37,success,11.362,422,221592,211356,110580,-38,0.0,,MQTT_QOS0,mqtt_qos0_main_1000_nosleep_20260904_102455.csv,0.422,10.94
2026-09-04T10:28:10.807911,MQTT_QOS0,2,2,1,38,mqtt-qos0-main-2-38,success,11.726,418,221884,211356,110580,-32,0.0,,MQTT_QOS0,mqtt_qos0_main_1000_nosleep_20260904_102455.csv,0.418,11.308000000000002
2026-09-04T10:28:11.019758,MQTT_QOS0,2,2,1,39,mqtt-qos0-main-2-39,success,12.834,408,221884,211356,110580,-33,0.0,,MQTT_QOS0,mqtt_qos0_main_1000_nosleep_20260904_102455.csv,0.408,12.426
2026-09-04T10:28:11.232712,MQTT_QOS0,2,2,1,40,mqtt-qos0-main-2-40,success,13.425,415,221884,211356,110580,-32,0.0,,MQTT_QOS0,mqtt_qos0_main_1000_nosleep_20260904_102455.csv,0.415,13.010000000000002
2026-09-04T10:28:11.446270,MQTT_QOS0,2,2,1,41,mqtt-qos0-main-2-41,success,13.048,407,221884,211356,110580,-33,0.0,,MQTT_QOS0,mqtt_qos0_main_1000_nosleep_20260904_102455.csv,0.407,12.641
2026-09-04T10:28:11.659433,MQTT_QOS0,2,2,1,42,mqtt-qos0-main-2-42,success,11.861,420,221884,211356,110580,-31,0.0,,MQTT_QOS0,mqtt_qos0_main_1000_nosleep_20260904_102455.csv,0.42,11.441
2026-09-04T10:28:11.871404,MQTT_QOS0,2,2,1,43,mqtt-qos0-main-2-43,success,17.453,419,219448,211356,110580,-32,0.0,,MQTT_QOS0,mqtt_qos0_main_1000_nosleep_20260904_102455.csv,0.419,17.034
2026-09-04T10:28:12.089002,MQTT_QOS0,2,2,1,44,mqtt-qos0-main-2-44,success,13.354,444,221884,211356,110580,-33,0.0,,MQTT_QOS0,mqtt_qos0_main_1000_nosleep_20260904_102455.csv,0.444,12.909999999999998
2026-09-04T10:28:12.302487,MQTT_QOS0,2,2,1,45,mqtt-qos0-main-2-45,success,8.297,415,221884,211356,110580,-33,0.0,,MQTT_QOS0,mqtt_qos0_main_1000_nosleep_20260904_102455.csv,0.415,7.882000000000001
2026-09-04T10:28:12.510910,MQTT_QOS0,2,2,1,46,mqtt-qos0-main-2-46,success,12.691,421,221884,211356,110580,-32,0.0,,MQTT_QOS0,mqtt_qos0_main_1000_nosleep_20260904_102455.csv,0.421,12.270000000000001
2026-09-04T10:28:12.723726,MQTT_QOS0,2,2,1,47,mqtt-qos0-main-2-47,success,14.296,430,221884,211356,110580,-32,0.0,,MQTT_QOS0,mqtt_qos0_main_1000_nosleep_20260904_102455.csv,0.43,13.866
2026-09-04T10:28:12.938146,MQTT_QOS0,2,2,1,48,mqtt-qos0-main-2-48,success,23.307,409,221884,211356,110580,-32,0.0,,MQTT_QOS0,mqtt_qos0_main_1000_nosleep_20260904_102455.csv,0.409,22.898
2026-09-04T10:28:13.161587,MQTT_QOS0,2,2,1,49,mqtt-qos0-main-2-49,success,13.481,427,219448,211356,110580,-32,0.0,,MQTT_QOS0,mqtt_qos0_main_1000_nosleep_20260904_102455.csv,0.427,13.054
2026-09-04T10:28:13.375192,MQTT_QOS0,2,2,1,50,mqtt-qos0-main-2-50,success,13.246,664,221680,211356,110580,-30,0.0,,MQTT_QOS0,mqtt_qos0_main_1000_nosleep_20260904_102455.csv,0.664,12.582
2026-09-04T10:28:13.588557,MQTT_QOS0,2,2,1,51,mqtt-qos0-main-2-51,success,12.061,423,221884,211356,110580,-29,0.0,,MQTT_QOS0,mqtt_qos0_main_1000_nosleep_20260904_102455.csv,0.423,11.638
2026-09-04T10:28:13.800738,MQTT_QOS0,2,2,1,52,mqtt-qos0-main-2-52,success,13.626,434,221884,211356,110580,-31,0.0,,MQTT_QOS0,mqtt_qos0_main_1000_nosleep_20260904_102455.csv,0.434,13.192
2026-09-04T10:28:14.014490,MQTT_QOS0,2,2,1,53,mqtt-qos0-main-2-53,success,14.206,407,221884,211356,110580,-30,0.0,,MQTT_QOS0,mqtt_qos0_main_1000_nosleep_20260904_102455.csv,0.407,13.799
2026-09-04T10:28:14.228813,MQTT_QOS0,2,2,1,54,mqtt-qos0-main-2-54,success,14.654,445,221884,211356,110580,-31,0.0,,MQTT_QOS0,mqtt_qos0_main_1000_nosleep_20260904_102455.csv,0.445,14.209
2026-09-04T10:28:14.443581,MQTT_QOS0,2,2,1,55,mqtt-qos0-main-2-55,success,14.438,420,221884,211356,110580,-30,0.0,,MQTT_QOS0,mqtt_qos0_main_1000_nosleep_20260904_102455.csv,0.42,14.018
2026-09-04T10:28:14.658131,MQTT_QOS0,2,2,1,56,mqtt-qos0-main-2-56,success,13.834,424,221884,211356,110580,-29,0.0,,MQTT_QOS0,mqtt_qos0_main_1000_nosleep_20260904_102455.csv,0.424,13.41
2026-09-04T10:28:14.872080,MQTT_QOS0,2,2,1,57,mqtt-qos0-main-2-57,success,13.413,427,219448,211356,110580,-29,0.0,,MQTT_QOS0,mqtt_qos0_main_1000_nosleep_20260904_102455.csv,0.427,12.986
2026-09-04T10:28:15.085619,MQTT_QOS0,2,2,1,58,mqtt-qos0-main-2-58,success,21.109,415,221884,211356,110580,-32,0.0,,MQTT_QOS0,mqtt_qos0_main_1000_nosleep_20260904_102455.csv,0.415,20.694000000000003
2026-09-04T10:28:15.306845,MQTT_QOS0,2,2,1,59,mqtt-qos0-main-2-59,success,16.289,408,222144,211356,110580,-30,0.0,,MQTT_QOS0,mqtt_qos0_main_1000_nosleep_20260904_102455.csv,0.408,15.881000000000002
2026-09-04T10:28:15.523242,MQTT_QOS0,2,2,1,60,mqtt-qos0-main-2-60,success,12.246,452,222144,211356,110580,-32,0.0,,MQTT_QOS0,mqtt_qos0_main_1000_nosleep_20260904_102455.csv,0.452,11.794
2026-09-04T10:28:15.735623,MQTT_QOS0,2,2,1,61,mqtt-qos0-main-2-61,success,13.333,408,222664,211356,110580,-30,0.0,,MQTT_QOS0,mqtt_qos0_main_1000_nosleep_20260904_102455.csv,0.408,12.925
2026-09-04T10:28:15.949080,MQTT_QOS0,2,2,1,62,mqtt-qos0-main-2-62,success,12.743,422,220228,211356,110580,-31,0.0,,MQTT_QOS0,mqtt_qos0_main_1000_nosleep_20260904_102455.csv,0.422,12.321
2026-09-04T10:28:16.161948,MQTT_QOS0,2,2,1,63,mqtt-qos0-main-2-63,success,12.627,405,222664,211356,110580,-30,0.0,,MQTT_QOS0,mqtt_qos0_main_1000_nosleep_20260904_102455.csv,0.405,12.222000000000001
2026-09-04T10:28:16.374689,MQTT_QOS0,2,2,1,64,mqtt-qos0-main-2-64,success,13.061,407,223184,211356,110580,-31,0.0,,MQTT_QOS0,mqtt_qos0_main_1000_nosleep_20260904_102455.csv,0.407,12.654
2026-09-04T10:28:16.587870,MQTT_QOS0,2,2,1,65,mqtt-qos0-main-2-65,success,16.311,408,223184,211356,110580,-33,0.0,,MQTT_QOS0,mqtt_qos0_main_1000_nosleep_20260904_102455.csv,0.408,15.903
2026-09-04T10:28:16.804301,MQTT_QOS0,2,2,1,66,mqtt-qos0-main-2-66,success,13.302,415,223964,211356,110580,-32,0.0,,MQTT_QOS0,mqtt_qos0_main_1000_nosleep_20260904_102455.csv,0.415,12.887
2026-09-04T10:28:17.017732,MQTT_QOS0,2,2,1,67,mqtt-qos0-main-2-67,success,12.603,407,223964,211356,110580,-31,0.0,,MQTT_QOS0,mqtt_qos0_main_1000_nosleep_20260904_102455.csv,0.407,12.196
2026-09-04T10:28:17.230455,MQTT_QOS0,2,2,1,68,mqtt-qos0-main-2-68,success,12.558,414,224484,211356,110580,-31,0.0,,MQTT_QOS0,mqtt_qos0_main_1000_nosleep_20260904_102455.csv,0.414,12.144
2026-09-04T10:28:17.443128,MQTT_QOS0,2,2,1,69,mqtt-qos0-main-2-69,success,27.455,407,224484,211356,110580,-31,0.0,,MQTT_QOS0,mqtt_qos0_main_1000_nosleep_20260904_102455.csv,0.407,27.048
2026-09-04T10:28:17.670699,MQTT_QOS0,2,2,1,70,mqtt-qos0-main-2-70,success,13.935,409,224484,211356,110580,-31,0.0,,MQTT_QOS0,mqtt_qos0_main_1000_nosleep_20260904_102455.csv,0.409,13.526
2026-09-04T10:28:17.884744,MQTT_QOS0,2,2,1,71,mqtt-qos0-main-2-71,success,11.782,464,225004,211356,110580,-31,0.0,,MQTT_QOS0,mqtt_qos0_main_1000_nosleep_20260904_102455.csv,0.464,11.318
2026-09-04T10:28:18.096668,MQTT_QOS0,2,2,1,72,mqtt-qos0-main-2-72,success,12.88,422,225004,211356,110580,-32,0.0,,MQTT_QOS0,mqtt_qos0_main_1000_nosleep_20260904_102455.csv,0.422,12.458
2026-09-04T10:28:18.309674,MQTT_QOS0,2,2,1,73,mqtt-qos0-main-2-73,success,13.697,422,225784,211356,110580,-30,0.0,,MQTT_QOS0,mqtt_qos0_main_1000_nosleep_20260904_102455.csv,0.422,13.274999999999999
2026-09-04T10:28:18.523495,MQTT_QOS0,2,2,1,74,mqtt-qos0-main-2-74,success,12.627,406,225784,211356,110580,-32,0.0,,MQTT_QOS0,mqtt_qos0_main_1000_nosleep_20260904_102455.csv,0.406,12.221
2026-09-04T10:28:18.736240,MQTT_QOS0,2,2,1,75,mqtt-qos0-main-2-75,success,13.068,417,223348,211356,110580,-31,0.0,,MQTT_QOS0,mqtt_qos0_main_1000_nosleep_20260904_102455.csv,0.417,12.651
2026-09-04T10:28:18.949444,MQTT_QOS0,2,2,1,76,mqtt-qos0-main-2-76,success,12.909,418,225784,211356,110580,-31,0.0,,MQTT_QOS0,mqtt_qos0_main_1000_nosleep_20260904_102455.csv,0.418,12.491000000000001
2026-09-04T10:28:19.162494,MQTT_QOS0,2,2,1,77,mqtt-qos0-main-2-77,success,18.88,404,225784,211356,110580,-34,0.0,,MQTT_QOS0,mqtt_qos0_main_1000_nosleep_20260904_102455.csv,0.404,18.476
2026-09-04T10:28:19.381500,MQTT_QOS0,2,2,1,78,mqtt-qos0-main-2-78,success,13.967,407,225784,211356,110580,-33,0.0,,MQTT_QOS0,mqtt_qos0_main_1000_nosleep_20260904_102455.csv,0.407,13.56
2026-09-04T10:28:19.595582,MQTT_QOS0,2,2,1,79,mqtt-qos0-main-2-79,success,19.421,404,225784,211356,110580,-32,0.0,,MQTT_QOS0,mqtt_qos0_main_1000_nosleep_20260904_102455.csv,0.404,19.017
2026-09-04T10:28:19.815123,MQTT_QOS0,2,2,1,80,mqtt-qos0-main-2-80,success,15.622,461,225580,211356,110580,-33,0.0,,MQTT_QOS0,mqtt_qos0_main_1000_nosleep_20260904_102455.csv,0.461,15.161
2026-09-04T10:28:20.030905,MQTT_QOS0,2,2,1,81,mqtt-qos0-main-2-81,success,13.766,411,225784,211356,110580,-33,0.0,,MQTT_QOS0,mqtt_qos0_main_1000_nosleep_20260904_102455.csv,0.411,13.355
2026-09-04T10:28:20.244793,MQTT_QOS0,2,2,1,82,mqtt-qos0-main-2-82,success,13.233,416,225784,211356,110580,-30,0.0,,MQTT_QOS0,mqtt_qos0_main_1000_nosleep_20260904_102455.csv,0.416,12.817
2026-09-04T10:28:20.458139,MQTT_QOS0,2,2,1,83,mqtt-qos0-main-2-83,success,13.446,402,225784,211356,110580,-33,0.0,,MQTT_QOS0,mqtt_qos0_main_1000_nosleep_20260904_102455.csv,0.402,13.044
2026-09-04T10:28:20.671697,MQTT_QOS0,2,2,1,84,mqtt-qos0-main-2-84,success,11.841,429,225784,211356,110580,-31,0.0,,MQTT_QOS0,mqtt_qos0_main_1000_nosleep_20260904_102455.csv,0.429,11.411999999999999
2026-09-04T10:28:20.883659,MQTT_QOS0,2,2,1,85,mqtt-qos0-main-2-85,success,12.849,407,225784,211356,110580,-33,0.0,,MQTT_QOS0,mqtt_qos0_main_1000_nosleep_20260904_102455.csv,0.407,12.442
2026-09-04T10:28:21.096661,MQTT_QOS0,2,2,1,86,mqtt-qos0-main-2-86,success,13.406,407,225784,211356,110580,-33,0.0,,MQTT_QOS0,mqtt_qos0_main_1000_nosleep_20260904_102455.csv,0.407,12.999
2026-09-04T10:28:21.310186,MQTT_QOS0,2,2,1,87,mqtt-qos0-main-2-87,success,12.21,402,225784,211356,110580,-31,0.0,,MQTT_QOS0,mqtt_qos0_main_1000_nosleep_20260904_102455.csv,0.402,11.808000000000002
2026-09-04T10:28:21.522513,MQTT_QOS0,2,2,1,88,mqtt-qos0-main-2-88,success,16.719,407,225784,211356,110580,-32,0.0,,MQTT_QOS0,mqtt_qos0_main_1000_nosleep_20260904_102455.csv,0.407,16.312
2026-09-04T10:28:21.739345,MQTT_QOS0,2,2,1,89,mqtt-qos0-main-2-89,success,12.682,412,225784,211356,110580,-30,0.0,,MQTT_QOS0,mqtt_qos0_main_1000_nosleep_20260904_102455.csv,0.412,12.27
2026-09-04T10:28:21.952153,MQTT_QOS0,2,2,1,90,mqtt-qos0-main-2-90,success,17.283,418,225784,211356,110580,-33,0.0,,MQTT_QOS0,mqtt_qos0_main_1000_nosleep_20260904_102455.csv,0.418,16.865000000000002
2026-09-04T10:28:22.169576,MQTT_QOS0,2,2,1,91,mqtt-qos0-main-2-91,success,13.65,403,225784,211356,110580,-29,0.0,,MQTT_QOS0,mqtt_qos0_main_1000_nosleep_20260904_102455.csv,0.403,13.247
2026-09-04T10:28:22.383358,MQTT_QOS0,2,2,1,92,mqtt-qos0-main-2-92,success,13.455,406,225784,211356,110580,-30,0.0,,MQTT_QOS0,mqtt_qos0_main_1000_nosleep_20260904_102455.csv,0.406,13.049
2026-09-04T10:28:22.596944,MQTT_QOS0,2,2,1,93,mqtt-qos0-main-2-93,success,16.93,402,225784,211356,110580,-31,0.0,,MQTT_QOS0,mqtt_qos0_main_1000_nosleep_20260904_102455.csv,0.402,16.528
2026-09-04T10:28:22.814004,MQTT_QOS0,2,2,1,94,mqtt-qos0-main-2-94,success,11.99,404,225784,211356,110580,-30,0.0,,MQTT_QOS0,mqtt_qos0_main_1000_nosleep_20260904_102455.csv,0.404,11.586
2026-09-04T10:28:23.026138,MQTT_QOS0,2,2,1,95,mqtt-qos0-main-2-95,success,13.129,407,225784,211356,110580,-32,0.0,,MQTT_QOS0,mqtt_qos0_main_1000_nosleep_20260904_102455.csv,0.407,12.722
2026-09-04T10:28:23.239400,MQTT_QOS0,2,2,1,96,mqtt-qos0-main-2-96,success,13.837,419,225784,211356,110580,-31,0.0,,MQTT_QOS0,mqtt_qos0_main_1000_nosleep_20260904_102455.csv,0.419,13.418
2026-09-04T10:28:23.453358,MQTT_QOS0,2,2,1,97,mqtt-qos0-main-2-97,success,11.677,411,225784,211356,110580,-34,0.0,,MQTT_QOS0,mqtt_qos0_main_1000_nosleep_20260904_102455.csv,0.411,11.266
2026-09-04T10:28:23.665154,MQTT_QOS0,2,2,1,98,mqtt-qos0-main-2-98,success,21.227,405,225784,211356,110580,-33,0.0,,MQTT_QOS0,mqtt_qos0_main_1000_nosleep_20260904_102455.csv,0.405,20.822
2026-09-04T10:28:23.886515,MQTT_QOS0,2,2,1,99,mqtt-qos0-main-2-99,success,14.043,429,225784,211356,110580,-32,0.0,,MQTT_QOS0,mqtt_qos0_main_1000_nosleep_20260904_102455.csv,0.429,13.613999999999999
2026-09-04T10:28:24.100697,MQTT_QOS0,2,2,1,100,mqtt-qos0-main-2-100,success,18.949,415,225784,211356,110580,-32,0.0,,MQTT_QOS0,mqtt_qos0_main_1000_nosleep_20260904_102455.csv,0.415,18.534000000000002
2026-09-04T10:28:24.319799,MQTT_QOS0,2,2,1,101,mqtt-qos0-main-2-101,success,11.702,403,225784,211356,110580,-30,0.0,,MQTT_QOS0,mqtt_qos0_main_1000_nosleep_20260904_102455.csv,0.403,11.299
2026-09-04T10:28:24.531620,MQTT_QOS0,2,2,1,102,mqtt-qos0-main-2-102,success,14.586,406,225784,211356,110580,-28,0.0,,MQTT_QOS0,mqtt_qos0_main_1000_nosleep_20260904_102455.csv,0.406,14.18
2026-09-04T10:28:24.746317,MQTT_QOS0,2,2,1,103,mqtt-qos0-main-2-103,success,11.645,415,225784,211356,110580,-31,0.0,,MQTT_QOS0,mqtt_qos0_main_1000_nosleep_20260904_102455.csv,0.415,11.23
2026-09-04T10:28:24.958079,MQTT_QOS0,2,2,1,104,mqtt-qos0-main-2-104,success,14.595,407,225784,211356,110580,-31,0.0,,MQTT_QOS0,mqtt_qos0_main_1000_nosleep_20260904_102455.csv,0.407,14.188
2026-09-04T10:28:25.172812,MQTT_QOS0,2,2,1,105,mqtt-qos0-main-2-105,success,12.281,414,225784,211356,110580,-30,0.0,,MQTT_QOS0,mqtt_qos0_main_1000_nosleep_20260904_102455.csv,0.414,11.867
2026-09-04T10:28:25.385229,MQTT_QOS0,2,2,1,106,mqtt-qos0-main-2-106,success,11.861,406,225784,211356,110580,-31,0.0,,MQTT_QOS0,mqtt_qos0_main_1000_nosleep_20260904_102455.csv,0.406,11.455
2026-09-04T10:28:25.597205,MQTT_QOS0,2,2,1,107,mqtt-qos0-main-2-107,success,12.922,443,225784,211356,110580,-32,0.0,,MQTT_QOS0,mqtt_qos0_main_1000_nosleep_20260904_102455.csv,0.443,12.479000000000001
2026-09-04T10:28:25.810256,MQTT_QOS0,2,2,1,108,mqtt-qos0-main-2-108,success,15.957,413,225784,211356,110580,-31,0.0,,MQTT_QOS0,mqtt_qos0_main_1000_nosleep_20260904_102455.csv,0.413,15.544
2026-09-04T10:28:26.026348,MQTT_QOS0,2,2,1,109,mqtt-qos0-main-2-109,success,14.232,411,225492,211356,110580,-29,0.0,,MQTT_QOS0,mqtt_qos0_main_1000_nosleep_20260904_102455.csv,0.411,13.821
2026-09-04T10:28:26.240706,MQTT_QOS0,2,2,1,110,mqtt-qos0-main-2-110,success,15.106,550,225580,211356,110580,-31,0.0,,MQTT_QOS0,mqtt_qos0_main_1000_nosleep_20260904_102455.csv,0.55,14.556
2026-09-04T10:28:26.455931,MQTT_QOS0,2,2,1,111,mqtt-qos0-main-2-111,success,16.958,427,225784,211356,110580,-31,0.0,,MQTT_QOS0,mqtt_qos0_main_1000_nosleep_20260904_102455.csv,0.427,16.531
2026-09-04T10:28:26.672997,MQTT_QOS0,2,2,1,112,mqtt-qos0-main-2-112,success,14.877,407,225784,211356,110580,-32,0.0,,MQTT_QOS0,mqtt_qos0_main_1000_nosleep_20260904_102455.csv,0.407,14.47
2026-09-04T10:28:26.887991,MQTT_QOS0,2,2,1,113,mqtt-qos0-main-2-113,success,12.18,411,225784,211356,110580,-32,0.0,,MQTT_QOS0,mqtt_qos0_main_1000_nosleep_20260904_102455.csv,0.411,11.769
2026-09-04T10:28:27.100301,MQTT_QOS0,2,2,1,114,mqtt-qos0-main-2-114,success,15.218,415,225784,211356,110580,-32,0.0,,MQTT_QOS0,mqtt_qos0_main_1000_nosleep_20260904_102455.csv,0.415,14.803
2026-09-04T10:28:27.315638,MQTT_QOS0,2,2,1,115,mqtt-qos0-main-2-115,success,15.022,415,225784,211356,110580,-31,0.0,,MQTT_QOS0,mqtt_qos0_main_1000_nosleep_20260904_102455.csv,0.415,14.607000000000001
2026-09-04T10:28:27.530772,MQTT_QOS0,2,2,1,116,mqtt-qos0-main-2-116,success,21.96,415,225784,211356,110580,-30,0.0,,MQTT_QOS0,mqtt_qos0_main_1000_nosleep_20260904_102455.csv,0.415,21.545
2026-09-04T10:28:27.752857,MQTT_QOS0,2,2,1,117,mqtt-qos0-main-2-117,success,28.027,406,225784,211356,110580,-30,0.0,,MQTT_QOS0,mqtt_qos0_main_1000_nosleep_20260904_102455.csv,0.406,27.621000000000002
2026-09-04T10:28:27.981003,MQTT_QOS0,2,2,1,118,mqtt-qos0-main-2-118,success,13.741,420,225784,211356,110580,-30,0.0,,MQTT_QOS0,mqtt_qos0_main_1000_nosleep_20260904_102455.csv,0.42,13.321
2026-09-04T10:28:28.194873,MQTT_QOS0,2,2,1,119,mqtt-qos0-main-2-119,success,19.529,408,225784,211356,110580,-31,0.0,,MQTT_QOS0,mqtt_qos0_main_1000_nosleep_20260904_102455.csv,0.408,19.121
2026-09-04T10:28:28.414521,MQTT_QOS0,2,2,1,120,mqtt-qos0-main-2-120,success,12.389,418,225784,211356,110580,-31,0.0,,MQTT_QOS0,mqtt_qos0_main_1000_nosleep_20260904_102455.csv,0.418,11.971
2026-09-04T10:28:28.627051,MQTT_QOS0,2,2,1,121,mqtt-qos0-main-2-121,success,17.819,423,225492,211356,110580,-32,0.0,,MQTT_QOS0,mqtt_qos0_main_1000_nosleep_20260904_102455.csv,0.423,17.396
2026-09-04T10:28:28.845000,MQTT_QOS0,2,2,1,122,mqtt-qos0-main-2-122,success,13.904,424,225784,211356,110580,-32,0.0,,MQTT_QOS0,mqtt_qos0_main_1000_nosleep_20260904_102455.csv,0.424,13.48
2026-09-04T10:28:29.059031,MQTT_QOS0,2,2,1,123,mqtt-qos0-main-2-123,success,12.933,403,225784,211356,110580,-31,0.0,,MQTT_QOS0,mqtt_qos0_main_1000_nosleep_20260904_102455.csv,0.403,12.53
2026-09-04T10:28:29.272082,MQTT_QOS0,2,2,1,124,mqtt-qos0-main-2-124,success,13.906,407,225784,211356,110580,-31,0.0,,MQTT_QOS0,mqtt_qos0_main_1000_nosleep_20260904_102455.csv,0.407,13.499
2026-09-04T10:28:29.486109,MQTT_QOS0,2,2,1,125,mqtt-qos0-main-2-125,success,12.564,404,225784,211356,110580,-32,0.0,,MQTT_QOS0,mqtt_qos0_main_1000_nosleep_20260904_102455.csv,0.404,12.16
2026-09-04T10:28:29.698796,MQTT_QOS0,2,2,1,126,mqtt-qos0-main-2-126,success,12.125,407,225784,211356,110580,-32,0.0,,MQTT_QOS0,mqtt_qos0_main_1000_nosleep_20260904_102455.csv,0.407,11.718
2026-09-04T10:28:29.911043,MQTT_QOS0,2,2,1,127,mqtt-qos0-main-2-127,success,13.562,403,225784,211356,110580,-31,0.0,,MQTT_QOS0,mqtt_qos0_main_1000_nosleep_20260904_102455.csv,0.403,13.158999999999999
2026-09-04T10:28:30.124732,MQTT_QOS0,2,2,1,128,mqtt-qos0-main-2-128,success,14.926,412,225784,211356,110580,-33,0.0,,MQTT_QOS0,mqtt_qos0_main_1000_nosleep_20260904_102455.csv,0.412,14.514
2026-09-04T10:28:30.339774,MQTT_QOS0,2,2,1,129,mqtt-qos0-main-2-129,success,14.48,406,225784,211356,110580,-31,0.0,,MQTT_QOS0,mqtt_qos0_main_1000_nosleep_20260904_102455.csv,0.406,14.074
2026-09-04T10:28:30.554389,MQTT_QOS0,2,2,1,130,mqtt-qos0-main-2-130,success,16.748,404,225784,211356,110580,-32,0.0,,MQTT_QOS0,mqtt_qos0_main_1000_nosleep_20260904_102455.csv,0.404,16.344
2026-09-04T10:28:30.771253,MQTT_QOS0,2,2,1,131,mqtt-qos0-main-2-131,success,15.087,406,225784,211356,110580,-31,0.0,,MQTT_QOS0,mqtt_qos0_main_1000_nosleep_20260904_102455.csv,0.406,14.681
2026-09-04T10:28:30.986478,MQTT_QOS0,2,2,1,132,mqtt-qos0-main-2-132,success,16.152,408,225784,211356,110580,-32,0.0,,MQTT_QOS0,mqtt_qos0_main_1000_nosleep_20260904_102455.csv,0.408,15.744000000000002
2026-09-04T10:28:31.202756,MQTT_QOS0,2,2,1,133,mqtt-qos0-main-2-133,success,13.211,410,225784,211356,110580,-31,0.0,,MQTT_QOS0,mqtt_qos0_main_1000_nosleep_20260904_102455.csv,0.41,12.801
2026-09-04T10:28:31.416088,MQTT_QOS0,2,2,1,134,mqtt-qos0-main-2-134,success,13.0,417,225784,211356,110580,-29,0.0,,MQTT_QOS0,mqtt_qos0_main_1000_nosleep_20260904_102455.csv,0.417,12.583
2026-09-04T10:28:31.629197,MQTT_QOS0,2,2,1,135,mqtt-qos0-main-2-135,success,15.043,406,225784,211356,110580,-32,0.0,,MQTT_QOS0,mqtt_qos0_main_1000_nosleep_20260904_102455.csv,0.406,14.636999999999999
2026-09-04T10:28:31.844364,MQTT_QOS0,2,2,1,136,mqtt-qos0-main-2-136,success,12.048,437,225784,211356,110580,-29,0.0,,MQTT_QOS0,mqtt_qos0_main_1000_nosleep_20260904_102455.csv,0.437,11.611
2026-09-04T10:28:32.056548,MQTT_QOS0,2,2,1,137,mqtt-qos0-main-2-137,success,12.93,423,225784,211356,110580,-30,0.0,,MQTT_QOS0,mqtt_qos0_main_1000_nosleep_20260904_102455.csv,0.423,12.507
2026-09-04T10:28:32.269605,MQTT_QOS0,2,2,1,138,mqtt-qos0-main-2-138,success,12.922,420,225784,211356,110580,-28,0.0,,MQTT_QOS0,mqtt_qos0_main_1000_nosleep_20260904_102455.csv,0.42,12.502
2026-09-04T10:28:32.482667,MQTT_QOS0,2,2,1,139,mqtt-qos0-main-2-139,success,12.658,651,225580,211356,110580,-31,0.0,,MQTT_QOS0,mqtt_qos0_main_1000_nosleep_20260904_102455.csv,0.651,12.007
2026-09-04T10:28:32.695448,MQTT_QOS0,2,2,1,140,mqtt-qos0-main-2-140,success,13.875,409,225784,211356,110580,-31,0.0,,MQTT_QOS0,mqtt_qos0_main_1000_nosleep_20260904_102455.csv,0.409,13.466
2026-09-04T10:28:32.909474,MQTT_QOS0,2,2,1,141,mqtt-qos0-main-2-141,success,16.586,407,225784,211356,110580,-31,0.0,,MQTT_QOS0,mqtt_qos0_main_1000_nosleep_20260904_102455.csv,0.407,16.179
2026-09-04T10:28:33.126209,MQTT_QOS0,2,2,1,142,mqtt-qos0-main-2-142,success,11.015,405,225784,211356,110580,-31,0.0,,MQTT_QOS0,mqtt_qos0_main_1000_nosleep_20260904_102455.csv,0.405,10.610000000000001
2026-09-04T10:28:33.337359,MQTT_QOS0,2,2,1,143,mqtt-qos0-main-2-143,success,31.257,415,225784,211356,110580,-30,0.0,,MQTT_QOS0,mqtt_qos0_main_1000_nosleep_20260904_102455.csv,0.415,30.842000000000002
2026-09-04T10:28:33.568738,MQTT_QOS0,2,2,1,144,mqtt-qos0-main-2-144,success,13.139,404,225784,211356,110580,-32,0.0,,MQTT_QOS0,mqtt_qos0_main_1000_nosleep_20260904_102455.csv,0.404,12.735
2026-09-04T10:28:33.781994,MQTT_QOS0,2,2,1,145,mqtt-qos0-main-2-145,success,14.735,448,225492,211356,110580,-31,0.0,,MQTT_QOS0,mqtt_qos0_main_1000_nosleep_20260904_102455.csv,0.448,14.286999999999999
2026-09-04T10:28:33.996872,MQTT_QOS0,2,2,1,146,mqtt-qos0-main-2-146,success,13.718,403,225784,211356,110580,-30,0.0,,MQTT_QOS0,mqtt_qos0_main_1000_nosleep_20260904_102455.csv,0.403,13.315
2026-09-04T10:28:34.210736,MQTT_QOS0,2,2,1,147,mqtt-qos0-main-2-147,success,14.137,417,225784,211356,110580,-31,0.0,,MQTT_QOS0,mqtt_qos0_main_1000_nosleep_20260904_102455.csv,0.417,13.72
2026-09-04T10:28:34.425000,MQTT_QOS0,2,2,1,148,mqtt-qos0-main-2-148,success,15.979,405,225784,211356,110580,-31,0.0,,MQTT_QOS0,mqtt_qos0_main_1000_nosleep_20260904_102455.csv,0.405,15.574
2026-09-04T10:28:34.641098,MQTT_QOS0,2,2,1,149,mqtt-qos0-main-2-149,success,14.165,405,225784,211356,110580,-32,0.0,,MQTT_QOS0,mqtt_qos0_main_1000_nosleep_20260904_102455.csv,0.405,13.76
2026-09-04T10:28:34.855389,MQTT_QOS0,2,2,1,150,mqtt-qos0-main-2-150,success,19.555,403,225784,211356,110580,-32,0.0,,MQTT_QOS0,mqtt_qos0_main_1000_nosleep_20260904_102455.csv,0.403,19.152
2026-09-04T10:28:35.075088,MQTT_QOS0,2,2,1,151,mqtt-qos0-main-2-151,success,13.358,417,225784,211356,110580,-30,0.0,,MQTT_QOS0,mqtt_qos0_main_1000_nosleep_20260904_102455.csv,0.417,12.941
2026-09-04T10:28:35.288572,MQTT_QOS0,2,2,1,152,mqtt-qos0-main-2-152,success,11.159,404,225784,211356,110580,-32,0.0,,MQTT_QOS0,mqtt_qos0_main_1000_nosleep_20260904_102455.csv,0.404,10.755
2026-09-04T10:28:35.499850,MQTT_QOS0,2,2,1,153,mqtt-qos0-main-2-153,success,13.377,416,225784,211356,110580,-30,0.0,,MQTT_QOS0,mqtt_qos0_main_1000_nosleep_20260904_102455.csv,0.416,12.961
2026-09-04T10:28:35.713355,MQTT_QOS0,2,2,1,154,mqtt-qos0-main-2-154,success,12.207,410,225784,211356,110580,-31,0.0,,MQTT_QOS0,mqtt_qos0_main_1000_nosleep_20260904_102455.csv,0.41,11.797
2026-09-04T10:28:35.925690,MQTT_QOS0,2,2,1,155,mqtt-qos0-main-2-155,success,13.591,408,225784,211356,110580,-31,0.0,,MQTT_QOS0,mqtt_qos0_main_1000_nosleep_20260904_102455.csv,0.408,13.183
2026-09-04T10:28:36.139421,MQTT_QOS0,2,2,1,156,mqtt-qos0-main-2-156,success,12.083,402,225784,211356,110580,-32,0.0,,MQTT_QOS0,mqtt_qos0_main_1000_nosleep_20260904_102455.csv,0.402,11.681000000000001
2026-09-04T10:28:36.351632,MQTT_QOS0,2,2,1,157,mqtt-qos0-main-2-157,success,13.259,416,225784,211356,110580,-31,0.0,,MQTT_QOS0,mqtt_qos0_main_1000_nosleep_20260904_102455.csv,0.416,12.843
2026-09-04T10:28:36.565014,MQTT_QOS0,2,2,1,158,mqtt-qos0-main-2-158,success,24.985,411,225784,211356,110580,-29,0.0,,MQTT_QOS0,mqtt_qos0_main_1000_nosleep_20260904_102455.csv,0.411,24.573999999999998
2026-09-04T10:28:36.790130,MQTT_QOS0,2,2,1,159,mqtt-qos0-main-2-159,success,22.433,415,225784,211356,110580,-30,0.0,,MQTT_QOS0,mqtt_qos0_main_1000_nosleep_20260904_102455.csv,0.415,22.018
2026-09-04T10:28:37.012710,MQTT_QOS0,2,2,1,160,mqtt-qos0-main-2-160,success,12.169,414,225784,211356,110580,-33,0.0,,MQTT_QOS0,mqtt_qos0_main_1000_nosleep_20260904_102455.csv,0.414,11.755
2026-09-04T10:28:37.225041,MQTT_QOS0,2,2,1,161,mqtt-qos0-main-2-161,success,13.086,457,225784,211356,110580,-29,0.0,,MQTT_QOS0,mqtt_qos0_main_1000_nosleep_20260904_102455.csv,0.457,12.629
2026-09-04T10:28:37.438257,MQTT_QOS0,2,2,1,162,mqtt-qos0-main-2-162,success,13.393,420,225784,211356,110580,-31,0.0,,MQTT_QOS0,mqtt_qos0_main_1000_nosleep_20260904_102455.csv,0.42,12.973
2026-09-04T10:28:37.651770,MQTT_QOS0,2,2,1,163,mqtt-qos0-main-2-163,success,18.792,419,225784,211356,110580,-30,0.0,,MQTT_QOS0,mqtt_qos0_main_1000_nosleep_20260904_102455.csv,0.419,18.373
2026-09-04T10:28:37.870683,MQTT_QOS0,2,2,1,164,mqtt-qos0-main-2-164,success,12.077,417,225784,211356,110580,-32,0.0,,MQTT_QOS0,mqtt_qos0_main_1000_nosleep_20260904_102455.csv,0.417,11.66
2026-09-04T10:28:38.082904,MQTT_QOS0,2,2,1,165,mqtt-qos0-main-2-165,success,13.231,414,225784,211356,110580,-36,0.0,,MQTT_QOS0,mqtt_qos0_main_1000_nosleep_20260904_102455.csv,0.414,12.817
2026-09-04T10:28:38.296269,MQTT_QOS0,2,2,1,166,mqtt-qos0-main-2-166,success,12.201,414,225784,211356,110580,-34,0.0,,MQTT_QOS0,mqtt_qos0_main_1000_nosleep_20260904_102455.csv,0.414,11.787
2026-09-04T10:28:38.508601,MQTT_QOS0,2,2,1,167,mqtt-qos0-main-2-167,success,20.193,417,225492,211356,110580,-35,0.0,,MQTT_QOS0,mqtt_qos0_main_1000_nosleep_20260904_102455.csv,0.417,19.776
2026-09-04T10:28:38.728925,MQTT_QOS0,2,2,1,168,mqtt-qos0-main-2-168,success,12.092,573,225580,211356,110580,-29,0.0,,MQTT_QOS0,mqtt_qos0_main_1000_nosleep_20260904_102455.csv,0.573,11.519
2026-09-04T10:28:38.941141,MQTT_QOS0,2,2,1,169,mqtt-qos0-main-2-169,success,13.554,406,225784,211356,110580,-34,0.0,,MQTT_QOS0,mqtt_qos0_main_1000_nosleep_20260904_102455.csv,0.406,13.148
2026-09-04T10:28:39.154839,MQTT_QOS0,2,2,1,170,mqtt-qos0-main-2-170,success,18.547,425,225784,211356,110580,-34,0.0,,MQTT_QOS0,mqtt_qos0_main_1000_nosleep_20260904_102455.csv,0.425,18.122
2026-09-04T10:28:39.373507,MQTT_QOS0,2,2,1,171,mqtt-qos0-main-2-171,success,13.434,432,225784,211356,110580,-33,0.0,,MQTT_QOS0,mqtt_qos0_main_1000_nosleep_20260904_102455.csv,0.432,13.001999999999999
2026-09-04T10:28:39.587053,MQTT_QOS0,2,2,1,172,mqtt-qos0-main-2-172,success,14.072,406,225784,211356,110580,-34,0.0,,MQTT_QOS0,mqtt_qos0_main_1000_nosleep_20260904_102455.csv,0.406,13.665999999999999
2026-09-04T10:28:39.801238,MQTT_QOS0,2,2,1,173,mqtt-qos0-main-2-173,success,13.379,408,225784,211356,110580,-35,0.0,,MQTT_QOS0,mqtt_qos0_main_1000_nosleep_20260904_102455.csv,0.408,12.971
2026-09-04T10:28:40.014744,MQTT_QOS0,2,2,1,174,mqtt-qos0-main-2-174,success,13.982,415,225784,211356,110580,-33,0.0,,MQTT_QOS0,mqtt_qos0_main_1000_nosleep_20260904_102455.csv,0.415,13.567
2026-09-04T10:28:40.228865,MQTT_QOS0,2,2,1,175,mqtt-qos0-main-2-175,success,12.202,417,225492,211356,110580,-33,0.0,,MQTT_QOS0,mqtt_qos0_main_1000_nosleep_20260904_102455.csv,0.417,11.785
2026-09-04T10:28:40.441204,MQTT_QOS0,2,2,1,176,mqtt-qos0-main-2-176,success,12.466,418,225784,211356,110580,-32,0.0,,MQTT_QOS0,mqtt_qos0_main_1000_nosleep_20260904_102455.csv,0.418,12.048
2026-09-04T10:28:40.653799,MQTT_QOS0,2,2,1,177,mqtt-qos0-main-2-177,success,13.629,418,225784,211356,110580,-35,0.0,,MQTT_QOS0,mqtt_qos0_main_1000_nosleep_20260904_102455.csv,0.418,13.211
2026-09-04T10:28:40.867559,MQTT_QOS0,2,2,1,178,mqtt-qos0-main-2-178,success,16.1,448,225784,211356,110580,-33,0.0,,MQTT_QOS0,mqtt_qos0_main_1000_nosleep_20260904_102455.csv,0.448,15.652000000000001
2026-09-04T10:28:41.083798,MQTT_QOS0,2,2,1,179,mqtt-qos0-main-2-179,success,14.368,403,225784,211356,110580,-35,0.0,,MQTT_QOS0,mqtt_qos0_main_1000_nosleep_20260904_102455.csv,0.403,13.965
2026-09-04T10:28:41.298297,MQTT_QOS0,2,2,1,180,mqtt-qos0-main-2-180,success,30.096,406,225784,211356,110580,-35,0.0,,MQTT_QOS0,mqtt_qos0_main_1000_nosleep_20260904_102455.csv,0.406,29.69
2026-09-04T10:28:41.528538,MQTT_QOS0,2,2,1,181,mqtt-qos0-main-2-181,success,11.084,417,223348,211356,110580,-34,0.0,,MQTT_QOS0,mqtt_qos0_main_1000_nosleep_20260904_102455.csv,0.417,10.667
2026-09-04T10:28:41.739742,MQTT_QOS0,2,2,1,182,mqtt-qos0-main-2-182,success,12.84,405,225784,211356,110580,-33,0.0,,MQTT_QOS0,mqtt_qos0_main_1000_nosleep_20260904_102455.csv,0.405,12.435
2026-09-04T10:28:41.952715,MQTT_QOS0,2,2,1,183,mqtt-qos0-main-2-183,success,13.065,416,223348,211356,110580,-35,0.0,,MQTT_QOS0,mqtt_qos0_main_1000_nosleep_20260904_102455.csv,0.416,12.649
2026-09-04T10:28:42.165915,MQTT_QOS0,2,2,1,184,mqtt-qos0-main-2-184,success,12.866,411,225784,211356,110580,-34,0.0,,MQTT_QOS0,mqtt_qos0_main_1000_nosleep_20260904_102455.csv,0.411,12.455
2026-09-04T10:28:42.378901,MQTT_QOS0,2,2,1,185,mqtt-qos0-main-2-185,success,12.541,416,223348,211356,110580,-36,0.0,,MQTT_QOS0,mqtt_qos0_main_1000_nosleep_20260904_102455.csv,0.416,12.125
2026-09-04T10:28:42.591556,MQTT_QOS0,2,2,1,186,mqtt-qos0-main-2-186,success,13.667,405,225784,211356,110580,-35,0.0,,MQTT_QOS0,mqtt_qos0_main_1000_nosleep_20260904_102455.csv,0.405,13.262
2026-09-04T10:28:42.805348,MQTT_QOS0,2,2,1,187,mqtt-qos0-main-2-187,success,13.028,473,225784,211356,110580,-35,0.0,,MQTT_QOS0,mqtt_qos0_main_1000_nosleep_20260904_102455.csv,0.473,12.555
2026-09-04T10:28:43.018511,MQTT_QOS0,2,2,1,188,mqtt-qos0-main-2-188,success,16.149,412,225784,211356,110580,-34,0.0,,MQTT_QOS0,mqtt_qos0_main_1000_nosleep_20260904_102455.csv,0.412,15.737
2026-09-04T10:28:43.234775,MQTT_QOS0,2,2,1,189,mqtt-qos0-main-2-189,success,15.016,403,225784,211356,110580,-35,0.0,,MQTT_QOS0,mqtt_qos0_main_1000_nosleep_20260904_102455.csv,0.403,14.613
2026-09-04T10:28:43.449907,MQTT_QOS0,2,2,1,190,mqtt-qos0-main-2-190,success,27.52,406,225784,211356,110580,-33,0.0,,MQTT_QOS0,mqtt_qos0_main_1000_nosleep_20260904_102455.csv,0.406,27.114
2026-09-04T10:28:43.677540,MQTT_QOS0,2,2,1,191,mqtt-qos0-main-2-191,success,24.544,404,225784,211356,110580,-34,0.0,,MQTT_QOS0,mqtt_qos0_main_1000_nosleep_20260904_102455.csv,0.404,24.14
2026-09-04T10:28:43.902208,MQTT_QOS0,2,2,1,192,mqtt-qos0-main-2-192,success,14.115,406,225784,211356,110580,-33,0.0,,MQTT_QOS0,mqtt_qos0_main_1000_nosleep_20260904_102455.csv,0.406,13.709
2026-09-04T10:28:44.116461,MQTT_QOS0,2,2,1,193,mqtt-qos0-main-2-193,success,11.794,408,225784,211356,110580,-33,0.0,,MQTT_QOS0,mqtt_qos0_main_1000_nosleep_20260904_102455.csv,0.408,11.386000000000001
2026-09-04T10:28:44.328398,MQTT_QOS0,2,2,1,194,mqtt-qos0-main-2-194,success,10.806,415,225784,211356,110580,-33,0.0,,MQTT_QOS0,mqtt_qos0_main_1000_nosleep_20260904_102455.csv,0.415,10.391
2026-09-04T10:28:44.539336,MQTT_QOS0,2,2,1,195,mqtt-qos0-main-2-195,success,12.447,459,225784,211356,110580,-33,0.0,,MQTT_QOS0,mqtt_qos0_main_1000_nosleep_20260904_102455.csv,0.459,11.988
2026-09-04T10:28:44.751897,MQTT_QOS0,2,2,1,196,mqtt-qos0-main-2-196,success,13.228,410,225784,211356,110580,-33,0.0,,MQTT_QOS0,mqtt_qos0_main_1000_nosleep_20260904_102455.csv,0.41,12.818
2026-09-04T10:28:44.965247,MQTT_QOS0,2,2,1,197,mqtt-qos0-main-2-197,success,10.235,539,225580,211356,110580,-33,0.0,,MQTT_QOS0,mqtt_qos0_main_1000_nosleep_20260904_102455.csv,0.539,9.696
2026-09-04T10:28:45.175623,MQTT_QOS0,2,2,1,198,mqtt-qos0-main-2-198,success,12.888,417,225784,211356,110580,-33,0.0,,MQTT_QOS0,mqtt_qos0_main_1000_nosleep_20260904_102455.csv,0.417,12.471
2026-09-04T10:28:45.388637,MQTT_QOS0,2,2,1,199,mqtt-qos0-main-2-199,success,15.182,417,225784,211356,110580,-34,0.0,,MQTT_QOS0,mqtt_qos0_main_1000_nosleep_20260904_102455.csv,0.417,14.765
2026-09-04T10:28:45.603942,MQTT_QOS0,2,2,1,200,mqtt-qos0-main-2-200,success,18.522,402,225784,211356,110580,-34,0.0,,MQTT_QOS0,mqtt_qos0_main_1000_nosleep_20260904_102455.csv,0.402,18.119999999999997
2026-09-04T10:32:13.748299,MQTT_QOS0,3,3,3,1,mqtt-qos0-main-3-1,success,56.959,416,221872,210572,110580,-39,0.0,,MQTT_QOS0,mqtt_qos0_main_1000_nosleep_20260904_102455.csv,0.416,56.543000000000006
2026-09-04T10:32:14.005481,MQTT_QOS0,3,3,3,2,mqtt-qos0-main-3-2,success,16.247,413,221872,210572,110580,-39,0.0,,MQTT_QOS0,mqtt_qos0_main_1000_nosleep_20260904_102455.csv,0.413,15.834
2026-09-04T10:32:14.221873,MQTT_QOS0,3,3,3,3,mqtt-qos0-main-3-3,success,14.695,409,221872,210572,110580,-38,0.0,,MQTT_QOS0,mqtt_qos0_main_1000_nosleep_20260904_102455.csv,0.409,14.286
2026-09-04T10:32:14.436692,MQTT_QOS0,3,3,3,4,mqtt-qos0-main-3-4,success,12.611,408,221872,210572,110580,-40,0.0,,MQTT_QOS0,mqtt_qos0_main_1000_nosleep_20260904_102455.csv,0.408,12.203000000000001
2026-09-04T10:32:14.649421,MQTT_QOS0,3,3,3,5,mqtt-qos0-main-3-5,success,15.596,407,221872,210572,110580,-40,0.0,,MQTT_QOS0,mqtt_qos0_main_1000_nosleep_20260904_102455.csv,0.407,15.189
2026-09-04T10:32:14.865143,MQTT_QOS0,3,3,3,6,mqtt-qos0-main-3-6,success,18.673,410,221872,210572,110580,-40,0.0,,MQTT_QOS0,mqtt_qos0_main_1000_nosleep_20260904_102455.csv,0.41,18.262999999999998
2026-09-04T10:32:15.083955,MQTT_QOS0,3,3,3,7,mqtt-qos0-main-3-7,success,16.796,407,221872,210572,110580,-40,0.0,,MQTT_QOS0,mqtt_qos0_main_1000_nosleep_20260904_102455.csv,0.407,16.389
2026-09-04T10:32:15.300884,MQTT_QOS0,3,3,3,8,mqtt-qos0-main-3-8,success,13.582,407,221872,210572,110580,-39,0.0,,MQTT_QOS0,mqtt_qos0_main_1000_nosleep_20260904_102455.csv,0.407,13.175
2026-09-04T10:32:15.514597,MQTT_QOS0,3,3,3,9,mqtt-qos0-main-3-9,success,14.719,418,221872,210572,110580,-38,0.0,,MQTT_QOS0,mqtt_qos0_main_1000_nosleep_20260904_102455.csv,0.418,14.301
2026-09-04T10:32:15.729438,MQTT_QOS0,3,3,3,10,mqtt-qos0-main-3-10,success,20.068,409,221872,210572,110580,-38,0.0,,MQTT_QOS0,mqtt_qos0_main_1000_nosleep_20260904_102455.csv,0.409,19.659000000000002
2026-09-04T10:32:15.949651,MQTT_QOS0,3,3,3,11,mqtt-qos0-main-3-11,success,14.897,410,221872,210572,110580,-39,0.0,,MQTT_QOS0,mqtt_qos0_main_1000_nosleep_20260904_102455.csv,0.41,14.487
2026-09-04T10:32:16.164708,MQTT_QOS0,3,3,3,12,mqtt-qos0-main-3-12,success,13.552,409,221872,210572,110580,-38,0.0,,MQTT_QOS0,mqtt_qos0_main_1000_nosleep_20260904_102455.csv,0.409,13.142999999999999
2026-09-04T10:32:16.378389,MQTT_QOS0,3,3,3,13,mqtt-qos0-main-3-13,success,10.88,409,221872,210572,110580,-38,0.0,,MQTT_QOS0,mqtt_qos0_main_1000_nosleep_20260904_102455.csv,0.409,10.471
2026-09-04T10:32:16.589397,MQTT_QOS0,3,3,3,14,mqtt-qos0-main-3-14,success,14.18,412,221872,210572,110580,-38,0.0,,MQTT_QOS0,mqtt_qos0_main_1000_nosleep_20260904_102455.csv,0.412,13.767999999999999
2026-09-04T10:32:16.803704,MQTT_QOS0,3,3,3,15,mqtt-qos0-main-3-15,success,15.806,454,221872,210572,110580,-39,0.0,,MQTT_QOS0,mqtt_qos0_main_1000_nosleep_20260904_102455.csv,0.454,15.351999999999999
2026-09-04T10:32:17.019641,MQTT_QOS0,3,3,3,16,mqtt-qos0-main-3-16,success,11.177,407,221872,210572,110580,-38,0.0,,MQTT_QOS0,mqtt_qos0_main_1000_nosleep_20260904_102455.csv,0.407,10.77
2026-09-04T10:32:17.230940,MQTT_QOS0,3,3,3,17,mqtt-qos0-main-3-17,success,18.785,409,221872,210572,110580,-40,0.0,,MQTT_QOS0,mqtt_qos0_main_1000_nosleep_20260904_102455.csv,0.409,18.376
2026-09-04T10:32:17.449844,MQTT_QOS0,3,3,3,18,mqtt-qos0-main-3-18,success,14.148,407,221872,210572,110580,-42,0.0,,MQTT_QOS0,mqtt_qos0_main_1000_nosleep_20260904_102455.csv,0.407,13.741
2026-09-04T10:32:17.664112,MQTT_QOS0,3,3,3,19,mqtt-qos0-main-3-19,success,11.903,410,221872,210572,110580,-41,0.0,,MQTT_QOS0,mqtt_qos0_main_1000_nosleep_20260904_102455.csv,0.41,11.493
2026-09-04T10:32:17.876142,MQTT_QOS0,3,3,3,20,mqtt-qos0-main-3-20,success,18.144,409,221872,210572,110580,-38,0.0,,MQTT_QOS0,mqtt_qos0_main_1000_nosleep_20260904_102455.csv,0.409,17.735
2026-09-04T10:32:18.094440,MQTT_QOS0,3,3,3,21,mqtt-qos0-main-3-21,success,19.089,424,221580,210572,110580,-38,0.0,,MQTT_QOS0,mqtt_qos0_main_1000_nosleep_20260904_102455.csv,0.424,18.665
2026-09-04T10:32:18.313649,MQTT_QOS0,3,3,3,22,mqtt-qos0-main-3-22,success,12.23,654,221668,210572,110580,-40,0.0,,MQTT_QOS0,mqtt_qos0_main_1000_nosleep_20260904_102455.csv,0.654,11.576
2026-09-04T10:32:18.526005,MQTT_QOS0,3,3,3,23,mqtt-qos0-main-3-23,success,15.26,448,221872,210572,110580,-40,0.0,,MQTT_QOS0,mqtt_qos0_main_1000_nosleep_20260904_102455.csv,0.448,14.812
2026-09-04T10:32:18.741379,MQTT_QOS0,3,3,3,24,mqtt-qos0-main-3-24,success,12.664,410,221872,210572,110580,-41,0.0,,MQTT_QOS0,mqtt_qos0_main_1000_nosleep_20260904_102455.csv,0.41,12.254
2026-09-04T10:32:18.954169,MQTT_QOS0,3,3,3,25,mqtt-qos0-main-3-25,success,12.592,410,221872,210572,110580,-39,0.0,,MQTT_QOS0,mqtt_qos0_main_1000_nosleep_20260904_102455.csv,0.41,12.182
2026-09-04T10:32:19.166892,MQTT_QOS0,3,3,3,26,mqtt-qos0-main-3-26,success,12.365,408,221872,210572,110580,-45,0.0,,MQTT_QOS0,mqtt_qos0_main_1000_nosleep_20260904_102455.csv,0.408,11.957
2026-09-04T10:32:19.379383,MQTT_QOS0,3,3,3,27,mqtt-qos0-main-3-27,success,14.031,417,221872,210572,110580,-41,0.0,,MQTT_QOS0,mqtt_qos0_main_1000_nosleep_20260904_102455.csv,0.417,13.614
2026-09-04T10:32:19.593559,MQTT_QOS0,3,3,3,28,mqtt-qos0-main-3-28,success,35.801,411,221872,210572,110580,-40,0.0,,MQTT_QOS0,mqtt_qos0_main_1000_nosleep_20260904_102455.csv,0.411,35.39
2026-09-04T10:32:19.829480,MQTT_QOS0,3,3,3,29,mqtt-qos0-main-3-29,success,13.834,407,221872,210572,110580,-38,0.0,,MQTT_QOS0,mqtt_qos0_main_1000_nosleep_20260904_102455.csv,0.407,13.427
2026-09-04T10:32:20.043445,MQTT_QOS0,3,3,3,30,mqtt-qos0-main-3-30,success,13.001,423,221872,210572,110580,-39,0.0,,MQTT_QOS0,mqtt_qos0_main_1000_nosleep_20260904_102455.csv,0.423,12.578
2026-09-04T10:32:20.256562,MQTT_QOS0,3,3,3,31,mqtt-qos0-main-3-31,success,12.479,406,221872,210572,110580,-40,0.0,,MQTT_QOS0,mqtt_qos0_main_1000_nosleep_20260904_102455.csv,0.406,12.072999999999999
2026-09-04T10:32:20.469159,MQTT_QOS0,3,3,3,32,mqtt-qos0-main-3-32,success,16.912,409,221872,210572,110580,-38,0.0,,MQTT_QOS0,mqtt_qos0_main_1000_nosleep_20260904_102455.csv,0.409,16.503
2026-09-04T10:32:20.686188,MQTT_QOS0,3,3,3,33,mqtt-qos0-main-3-33,success,14.608,411,221872,210572,110580,-40,0.0,,MQTT_QOS0,mqtt_qos0_main_1000_nosleep_20260904_102455.csv,0.411,14.197000000000001
2026-09-04T10:32:20.900923,MQTT_QOS0,3,3,3,34,mqtt-qos0-main-3-34,success,16.079,426,221872,210572,110580,-39,0.0,,MQTT_QOS0,mqtt_qos0_main_1000_nosleep_20260904_102455.csv,0.426,15.653
2026-09-04T10:32:21.117132,MQTT_QOS0,3,3,3,35,mqtt-qos0-main-3-35,success,12.547,446,221872,210572,110580,-40,0.0,,MQTT_QOS0,mqtt_qos0_main_1000_nosleep_20260904_102455.csv,0.446,12.101
2026-09-04T10:32:21.329802,MQTT_QOS0,3,3,3,36,mqtt-qos0-main-3-36,success,13.298,461,221872,210572,110580,-38,0.0,,MQTT_QOS0,mqtt_qos0_main_1000_nosleep_20260904_102455.csv,0.461,12.837
2026-09-04T10:32:21.543230,MQTT_QOS0,3,3,3,37,mqtt-qos0-main-3-37,success,16.123,419,221872,210572,110580,-39,0.0,,MQTT_QOS0,mqtt_qos0_main_1000_nosleep_20260904_102455.csv,0.419,15.704
2026-09-04T10:32:21.759472,MQTT_QOS0,3,3,3,38,mqtt-qos0-main-3-38,success,12.732,411,221872,210572,110580,-39,0.0,,MQTT_QOS0,mqtt_qos0_main_1000_nosleep_20260904_102455.csv,0.411,12.321
2026-09-04T10:32:21.972330,MQTT_QOS0,3,3,3,39,mqtt-qos0-main-3-39,success,22.147,404,221872,210572,110580,-39,0.0,,MQTT_QOS0,mqtt_qos0_main_1000_nosleep_20260904_102455.csv,0.404,21.743
2026-09-04T10:32:22.194611,MQTT_QOS0,3,3,3,40,mqtt-qos0-main-3-40,success,12.785,409,221872,210572,110580,-42,0.0,,MQTT_QOS0,mqtt_qos0_main_1000_nosleep_20260904_102455.csv,0.409,12.376
2026-09-04T10:32:22.407537,MQTT_QOS0,3,3,3,41,mqtt-qos0-main-3-41,success,11.667,422,221580,210572,110580,-41,0.0,,MQTT_QOS0,mqtt_qos0_main_1000_nosleep_20260904_102455.csv,0.422,11.245
2026-09-04T10:32:22.619324,MQTT_QOS0,3,3,3,42,mqtt-qos0-main-3-42,success,12.505,414,221872,210572,110580,-40,0.0,,MQTT_QOS0,mqtt_qos0_main_1000_nosleep_20260904_102455.csv,0.414,12.091000000000001
2026-09-04T10:32:22.831954,MQTT_QOS0,3,3,3,43,mqtt-qos0-main-3-43,success,23.799,441,221872,210572,110580,-38,0.0,,MQTT_QOS0,mqtt_qos0_main_1000_nosleep_20260904_102455.csv,0.441,23.358
2026-09-04T10:32:23.055883,MQTT_QOS0,3,3,3,44,mqtt-qos0-main-3-44,success,15.153,410,221872,210572,110580,-40,0.0,,MQTT_QOS0,mqtt_qos0_main_1000_nosleep_20260904_102455.csv,0.41,14.743
2026-09-04T10:32:23.271153,MQTT_QOS0,3,3,3,45,mqtt-qos0-main-3-45,success,11.793,404,221872,210572,110580,-40,0.0,,MQTT_QOS0,mqtt_qos0_main_1000_nosleep_20260904_102455.csv,0.404,11.389
2026-09-04T10:32:23.483070,MQTT_QOS0,3,3,3,46,mqtt-qos0-main-3-46,success,13.521,410,221872,210572,110580,-40,0.0,,MQTT_QOS0,mqtt_qos0_main_1000_nosleep_20260904_102455.csv,0.41,13.111
2026-09-04T10:32:23.696706,MQTT_QOS0,3,3,3,47,mqtt-qos0-main-3-47,success,11.342,406,221872,210572,110580,-39,0.0,,MQTT_QOS0,mqtt_qos0_main_1000_nosleep_20260904_102455.csv,0.406,10.936
2026-09-04T10:32:23.908167,MQTT_QOS0,3,3,3,48,mqtt-qos0-main-3-48,success,11.101,413,221872,210572,110580,-40,0.0,,MQTT_QOS0,mqtt_qos0_main_1000_nosleep_20260904_102455.csv,0.413,10.688
2026-09-04T10:32:24.119406,MQTT_QOS0,3,3,3,49,mqtt-qos0-main-3-49,success,14.851,418,221872,210572,110580,-39,0.0,,MQTT_QOS0,mqtt_qos0_main_1000_nosleep_20260904_102455.csv,0.418,14.433000000000002
2026-09-04T10:32:24.334385,MQTT_QOS0,3,3,3,50,mqtt-qos0-main-3-50,success,27.569,417,221872,210572,110580,-39,0.0,,MQTT_QOS0,mqtt_qos0_main_1000_nosleep_20260904_102455.csv,0.417,27.151999999999997
2026-09-04T10:32:24.562090,MQTT_QOS0,3,3,3,51,mqtt-qos0-main-3-51,success,12.02,416,221872,210572,110580,-37,0.0,,MQTT_QOS0,mqtt_qos0_main_1000_nosleep_20260904_102455.csv,0.416,11.604
2026-09-04T10:32:24.774237,MQTT_QOS0,3,3,3,52,mqtt-qos0-main-3-52,success,12.585,594,221668,210572,110580,-48,0.0,,MQTT_QOS0,mqtt_qos0_main_1000_nosleep_20260904_102455.csv,0.594,11.991000000000001
2026-09-04T10:32:24.986958,MQTT_QOS0,3,3,3,53,mqtt-qos0-main-3-53,success,22.833,408,221872,210572,110580,-41,0.0,,MQTT_QOS0,mqtt_qos0_main_1000_nosleep_20260904_102455.csv,0.408,22.424999999999997
2026-09-04T10:32:25.209911,MQTT_QOS0,3,3,3,54,mqtt-qos0-main-3-54,success,13.848,425,221872,210572,110580,-39,0.0,,MQTT_QOS0,mqtt_qos0_main_1000_nosleep_20260904_102455.csv,0.425,13.423
2026-09-04T10:32:25.423872,MQTT_QOS0,3,3,3,55,mqtt-qos0-main-3-55,success,16.436,423,221872,210572,110580,-41,0.0,,MQTT_QOS0,mqtt_qos0_main_1000_nosleep_20260904_102455.csv,0.423,16.013
2026-09-04T10:32:25.640431,MQTT_QOS0,3,3,3,56,mqtt-qos0-main-3-56,success,17.176,411,221872,210572,110580,-41,0.0,,MQTT_QOS0,mqtt_qos0_main_1000_nosleep_20260904_102455.csv,0.411,16.764999999999997
2026-09-04T10:32:25.857729,MQTT_QOS0,3,3,3,57,mqtt-qos0-main-3-57,success,11.895,409,221872,210572,110580,-39,0.0,,MQTT_QOS0,mqtt_qos0_main_1000_nosleep_20260904_102455.csv,0.409,11.485999999999999
2026-09-04T10:32:26.069759,MQTT_QOS0,3,3,3,58,mqtt-qos0-main-3-58,success,16.528,412,221872,210572,110580,-40,0.0,,MQTT_QOS0,mqtt_qos0_main_1000_nosleep_20260904_102455.csv,0.412,16.116
2026-09-04T10:32:26.286411,MQTT_QOS0,3,3,3,59,mqtt-qos0-main-3-59,success,11.502,426,221580,210572,110580,-41,0.0,,MQTT_QOS0,mqtt_qos0_main_1000_nosleep_20260904_102455.csv,0.426,11.076
2026-09-04T10:32:26.498036,MQTT_QOS0,3,3,3,60,mqtt-qos0-main-3-60,success,14.214,417,221872,210572,110580,-40,0.0,,MQTT_QOS0,mqtt_qos0_main_1000_nosleep_20260904_102455.csv,0.417,13.797
2026-09-04T10:32:26.712387,MQTT_QOS0,3,3,3,61,mqtt-qos0-main-3-61,success,23.185,479,221872,210572,110580,-42,0.0,,MQTT_QOS0,mqtt_qos0_main_1000_nosleep_20260904_102455.csv,0.479,22.706
2026-09-04T10:32:26.935693,MQTT_QOS0,3,3,3,62,mqtt-qos0-main-3-62,success,14.56,410,221872,210572,110580,-41,0.0,,MQTT_QOS0,mqtt_qos0_main_1000_nosleep_20260904_102455.csv,0.41,14.15
2026-09-04T10:32:27.150382,MQTT_QOS0,3,3,3,63,mqtt-qos0-main-3-63,success,12.002,409,221872,210572,110580,-41,0.0,,MQTT_QOS0,mqtt_qos0_main_1000_nosleep_20260904_102455.csv,0.409,11.593
2026-09-04T10:32:27.362508,MQTT_QOS0,3,3,3,64,mqtt-qos0-main-3-64,success,14.715,409,221872,210572,110580,-40,0.0,,MQTT_QOS0,mqtt_qos0_main_1000_nosleep_20260904_102455.csv,0.409,14.306
2026-09-04T10:32:27.577348,MQTT_QOS0,3,3,3,65,mqtt-qos0-main-3-65,success,15.655,410,221872,210572,110580,-40,0.0,,MQTT_QOS0,mqtt_qos0_main_1000_nosleep_20260904_102455.csv,0.41,15.245
2026-09-04T10:32:27.793126,MQTT_QOS0,3,3,3,66,mqtt-qos0-main-3-66,success,17.767,428,221872,210572,110580,-39,0.0,,MQTT_QOS0,mqtt_qos0_main_1000_nosleep_20260904_102455.csv,0.428,17.339
2026-09-04T10:32:28.011041,MQTT_QOS0,3,3,3,67,mqtt-qos0-main-3-67,success,12.839,409,221872,210572,110580,-37,0.0,,MQTT_QOS0,mqtt_qos0_main_1000_nosleep_20260904_102455.csv,0.409,12.43
2026-09-04T10:32:28.224025,MQTT_QOS0,3,3,3,68,mqtt-qos0-main-3-68,success,19.06,409,221872,210572,110580,-36,0.0,,MQTT_QOS0,mqtt_qos0_main_1000_nosleep_20260904_102455.csv,0.409,18.651
2026-09-04T10:32:28.443203,MQTT_QOS0,3,3,3,69,mqtt-qos0-main-3-69,success,13.012,427,221872,210572,110580,-39,0.0,,MQTT_QOS0,mqtt_qos0_main_1000_nosleep_20260904_102455.csv,0.427,12.585
2026-09-04T10:32:28.656335,MQTT_QOS0,3,3,3,70,mqtt-qos0-main-3-70,success,11.879,436,221580,210572,110580,-38,0.0,,MQTT_QOS0,mqtt_qos0_main_1000_nosleep_20260904_102455.csv,0.436,11.443
2026-09-04T10:32:28.868329,MQTT_QOS0,3,3,3,71,mqtt-qos0-main-3-71,success,12.99,409,221872,210572,110580,-40,0.0,,MQTT_QOS0,mqtt_qos0_main_1000_nosleep_20260904_102455.csv,0.409,12.581
2026-09-04T10:32:29.081450,MQTT_QOS0,3,3,3,72,mqtt-qos0-main-3-72,success,10.067,455,221872,210572,110580,-39,0.0,,MQTT_QOS0,mqtt_qos0_main_1000_nosleep_20260904_102455.csv,0.455,9.612
2026-09-04T10:32:29.291642,MQTT_QOS0,3,3,3,73,mqtt-qos0-main-3-73,success,13.486,411,221872,210572,110580,-38,0.0,,MQTT_QOS0,mqtt_qos0_main_1000_nosleep_20260904_102455.csv,0.411,13.075000000000001
2026-09-04T10:32:29.505251,MQTT_QOS0,3,3,3,74,mqtt-qos0-main-3-74,success,12.37,412,221872,210572,110580,-38,0.0,,MQTT_QOS0,mqtt_qos0_main_1000_nosleep_20260904_102455.csv,0.412,11.957999999999998
2026-09-04T10:32:29.717736,MQTT_QOS0,3,3,3,75,mqtt-qos0-main-3-75,success,12.578,407,221872,210572,110580,-38,0.0,,MQTT_QOS0,mqtt_qos0_main_1000_nosleep_20260904_102455.csv,0.407,12.171
2026-09-04T10:32:29.930437,MQTT_QOS0,3,3,3,76,mqtt-qos0-main-3-76,success,15.492,420,221872,210572,110580,-38,0.0,,MQTT_QOS0,mqtt_qos0_main_1000_nosleep_20260904_102455.csv,0.42,15.072000000000001
2026-09-04T10:32:30.146065,MQTT_QOS0,3,3,3,77,mqtt-qos0-main-3-77,success,17.627,407,221872,210572,110580,-39,0.0,,MQTT_QOS0,mqtt_qos0_main_1000_nosleep_20260904_102455.csv,0.407,17.22
2026-09-04T10:32:30.363816,MQTT_QOS0,3,3,3,78,mqtt-qos0-main-3-78,success,15.521,409,221872,210572,110580,-38,0.0,,MQTT_QOS0,mqtt_qos0_main_1000_nosleep_20260904_102455.csv,0.409,15.112
2026-09-04T10:32:30.579462,MQTT_QOS0,3,3,3,79,mqtt-qos0-main-3-79,success,16.734,407,221872,210572,110580,-39,0.0,,MQTT_QOS0,mqtt_qos0_main_1000_nosleep_20260904_102455.csv,0.407,16.327
2026-09-04T10:32:30.796316,MQTT_QOS0,3,3,3,80,mqtt-qos0-main-3-80,success,16.066,408,221872,210572,110580,-38,0.0,,MQTT_QOS0,mqtt_qos0_main_1000_nosleep_20260904_102455.csv,0.408,15.658
2026-09-04T10:32:31.012541,MQTT_QOS0,3,3,3,81,mqtt-qos0-main-3-81,success,14.808,409,221872,210572,110580,-39,0.0,,MQTT_QOS0,mqtt_qos0_main_1000_nosleep_20260904_102455.csv,0.409,14.399
2026-09-04T10:32:31.227475,MQTT_QOS0,3,3,3,82,mqtt-qos0-main-3-82,success,13.335,465,221668,210572,110580,-42,0.0,,MQTT_QOS0,mqtt_qos0_main_1000_nosleep_20260904_102455.csv,0.465,12.870000000000001
2026-09-04T10:32:31.440935,MQTT_QOS0,3,3,3,83,mqtt-qos0-main-3-83,success,11.723,431,221872,210572,110580,-39,0.0,,MQTT_QOS0,mqtt_qos0_main_1000_nosleep_20260904_102455.csv,0.431,11.292000000000002
2026-09-04T10:32:31.652778,MQTT_QOS0,3,3,3,84,mqtt-qos0-main-3-84,success,13.104,435,221872,210572,110580,-40,0.0,,MQTT_QOS0,mqtt_qos0_main_1000_nosleep_20260904_102455.csv,0.435,12.668999999999999
2026-09-04T10:32:31.866001,MQTT_QOS0,3,3,3,85,mqtt-qos0-main-3-85,success,13.28,416,221872,210572,110580,-41,0.0,,MQTT_QOS0,mqtt_qos0_main_1000_nosleep_20260904_102455.csv,0.416,12.863999999999999
2026-09-04T10:32:32.079406,MQTT_QOS0,3,3,3,86,mqtt-qos0-main-3-86,success,11.885,422,221580,210572,110580,-40,0.0,,MQTT_QOS0,mqtt_qos0_main_1000_nosleep_20260904_102455.csv,0.422,11.463
2026-09-04T10:32:32.291409,MQTT_QOS0,3,3,3,87,mqtt-qos0-main-3-87,success,12.738,406,221872,210572,110580,-40,0.0,,MQTT_QOS0,mqtt_qos0_main_1000_nosleep_20260904_102455.csv,0.406,12.331999999999999
2026-09-04T10:32:32.504265,MQTT_QOS0,3,3,3,88,mqtt-qos0-main-3-88,success,17.006,418,221872,210572,110580,-40,0.0,,MQTT_QOS0,mqtt_qos0_main_1000_nosleep_20260904_102455.csv,0.418,16.588
2026-09-04T10:32:32.721381,MQTT_QOS0,3,3,3,89,mqtt-qos0-main-3-89,success,11.523,418,221872,210572,110580,-41,0.0,,MQTT_QOS0,mqtt_qos0_main_1000_nosleep_20260904_102455.csv,0.418,11.105
2026-09-04T10:32:32.933029,MQTT_QOS0,3,3,3,90,mqtt-qos0-main-3-90,success,18.86,423,221872,210572,110580,-39,0.0,,MQTT_QOS0,mqtt_qos0_main_1000_nosleep_20260904_102455.csv,0.423,18.437
2026-09-04T10:32:33.152022,MQTT_QOS0,3,3,3,91,mqtt-qos0-main-3-91,success,10.339,425,221580,210572,110580,-40,0.0,,MQTT_QOS0,mqtt_qos0_main_1000_nosleep_20260904_102455.csv,0.425,9.914
2026-09-04T10:32:33.362481,MQTT_QOS0,3,3,3,92,mqtt-qos0-main-3-92,success,12.633,418,221872,210572,110580,-39,0.0,,MQTT_QOS0,mqtt_qos0_main_1000_nosleep_20260904_102455.csv,0.418,12.215
2026-09-04T10:32:33.575238,MQTT_QOS0,3,3,3,93,mqtt-qos0-main-3-93,success,14.209,407,221872,210572,110580,-41,0.0,,MQTT_QOS0,mqtt_qos0_main_1000_nosleep_20260904_102455.csv,0.407,13.802
2026-09-04T10:32:33.789571,MQTT_QOS0,3,3,3,94,mqtt-qos0-main-3-94,success,14.148,410,221872,210572,110580,-37,0.0,,MQTT_QOS0,mqtt_qos0_main_1000_nosleep_20260904_102455.csv,0.41,13.738
2026-09-04T10:32:34.003860,MQTT_QOS0,3,3,3,95,mqtt-qos0-main-3-95,success,11.027,401,221872,210572,110580,-40,0.0,,MQTT_QOS0,mqtt_qos0_main_1000_nosleep_20260904_102455.csv,0.401,10.626
2026-09-04T10:32:34.215034,MQTT_QOS0,3,3,3,96,mqtt-qos0-main-3-96,success,12.991,408,221872,210572,110580,-39,0.0,,MQTT_QOS0,mqtt_qos0_main_1000_nosleep_20260904_102455.csv,0.408,12.583
2026-09-04T10:32:34.428146,MQTT_QOS0,3,3,3,97,mqtt-qos0-main-3-97,success,11.987,459,221872,210572,110580,-40,0.0,,MQTT_QOS0,mqtt_qos0_main_1000_nosleep_20260904_102455.csv,0.459,11.528
2026-09-04T10:32:34.640252,MQTT_QOS0,3,3,3,98,mqtt-qos0-main-3-98,success,14.382,419,221872,210572,110580,-40,0.0,,MQTT_QOS0,mqtt_qos0_main_1000_nosleep_20260904_102455.csv,0.419,13.963
2026-09-04T10:32:34.854751,MQTT_QOS0,3,3,3,99,mqtt-qos0-main-3-99,success,21.284,405,221872,210572,110580,-38,0.0,,MQTT_QOS0,mqtt_qos0_main_1000_nosleep_20260904_102455.csv,0.405,20.878999999999998
2026-09-04T10:32:35.076173,MQTT_QOS0,3,3,3,100,mqtt-qos0-main-3-100,success,14.077,470,221580,210572,110580,-39,0.0,,MQTT_QOS0,mqtt_qos0_main_1000_nosleep_20260904_102455.csv,0.47,13.607
2026-09-04T10:32:35.290406,MQTT_QOS0,3,3,3,101,mqtt-qos0-main-3-101,success,16.572,408,221872,210572,110580,-41,0.0,,MQTT_QOS0,mqtt_qos0_main_1000_nosleep_20260904_102455.csv,0.408,16.163999999999998
2026-09-04T10:32:35.507101,MQTT_QOS0,3,3,3,102,mqtt-qos0-main-3-102,success,16.964,419,221872,210572,110580,-39,0.0,,MQTT_QOS0,mqtt_qos0_main_1000_nosleep_20260904_102455.csv,0.419,16.544999999999998
2026-09-04T10:32:35.724180,MQTT_QOS0,3,3,3,103,mqtt-qos0-main-3-103,success,12.361,407,221872,210572,110580,-42,0.0,,MQTT_QOS0,mqtt_qos0_main_1000_nosleep_20260904_102455.csv,0.407,11.954
2026-09-04T10:32:35.936665,MQTT_QOS0,3,3,3,104,mqtt-qos0-main-3-104,success,13.233,420,221872,210572,110580,-41,0.0,,MQTT_QOS0,mqtt_qos0_main_1000_nosleep_20260904_102455.csv,0.42,12.813
2026-09-04T10:32:36.150052,MQTT_QOS0,3,3,3,105,mqtt-qos0-main-3-105,success,15.66,407,221872,210572,110580,-39,0.0,,MQTT_QOS0,mqtt_qos0_main_1000_nosleep_20260904_102455.csv,0.407,15.253
2026-09-04T10:32:36.365846,MQTT_QOS0,3,3,3,106,mqtt-qos0-main-3-106,success,12.575,450,221872,210572,110580,-40,0.0,,MQTT_QOS0,mqtt_qos0_main_1000_nosleep_20260904_102455.csv,0.45,12.125
2026-09-04T10:32:36.578544,MQTT_QOS0,3,3,3,107,mqtt-qos0-main-3-107,success,12.912,407,221872,210572,110580,-38,0.0,,MQTT_QOS0,mqtt_qos0_main_1000_nosleep_20260904_102455.csv,0.407,12.505
2026-09-04T10:32:36.791581,MQTT_QOS0,3,3,3,108,mqtt-qos0-main-3-108,success,15.5,419,221872,210572,110580,-40,0.0,,MQTT_QOS0,mqtt_qos0_main_1000_nosleep_20260904_102455.csv,0.419,15.081
2026-09-04T10:32:37.007227,MQTT_QOS0,3,3,3,109,mqtt-qos0-main-3-109,success,15.475,426,221872,210572,110580,-39,0.0,,MQTT_QOS0,mqtt_qos0_main_1000_nosleep_20260904_102455.csv,0.426,15.049
2026-09-04T10:32:37.222849,MQTT_QOS0,3,3,3,110,mqtt-qos0-main-3-110,success,31.485,419,221872,210572,110580,-41,0.0,,MQTT_QOS0,mqtt_qos0_main_1000_nosleep_20260904_102455.csv,0.419,31.066
2026-09-04T10:32:37.454467,MQTT_QOS0,3,3,3,111,mqtt-qos0-main-3-111,success,13.361,407,221872,210572,110580,-41,0.0,,MQTT_QOS0,mqtt_qos0_main_1000_nosleep_20260904_102455.csv,0.407,12.954
2026-09-04T10:32:37.667948,MQTT_QOS0,3,3,3,112,mqtt-qos0-main-3-112,success,13.342,464,221668,210572,110580,-41,0.0,,MQTT_QOS0,mqtt_qos0_main_1000_nosleep_20260904_102455.csv,0.464,12.878
2026-09-04T10:32:37.881412,MQTT_QOS0,3,3,3,113,mqtt-qos0-main-3-113,success,14.565,407,221872,210572,110580,-39,0.0,,MQTT_QOS0,mqtt_qos0_main_1000_nosleep_20260904_102455.csv,0.407,14.158
2026-09-04T10:32:38.096107,MQTT_QOS0,3,3,3,114,mqtt-qos0-main-3-114,success,14.857,410,221872,210572,110580,-38,0.0,,MQTT_QOS0,mqtt_qos0_main_1000_nosleep_20260904_102455.csv,0.41,14.447
2026-09-04T10:32:38.311080,MQTT_QOS0,3,3,3,115,mqtt-qos0-main-3-115,success,11.777,428,221872,210572,110580,-37,0.0,,MQTT_QOS0,mqtt_qos0_main_1000_nosleep_20260904_102455.csv,0.428,11.348999999999998
2026-09-04T10:32:38.522978,MQTT_QOS0,3,3,3,116,mqtt-qos0-main-3-116,success,12.827,417,221872,210572,110580,-38,0.0,,MQTT_QOS0,mqtt_qos0_main_1000_nosleep_20260904_102455.csv,0.417,12.41
2026-09-04T10:32:38.735919,MQTT_QOS0,3,3,3,117,mqtt-qos0-main-3-117,success,13.621,419,221872,210572,110580,-39,0.0,,MQTT_QOS0,mqtt_qos0_main_1000_nosleep_20260904_102455.csv,0.419,13.202
2026-09-04T10:32:38.949661,MQTT_QOS0,3,3,3,118,mqtt-qos0-main-3-118,success,16.961,439,221872,210572,110580,-38,0.0,,MQTT_QOS0,mqtt_qos0_main_1000_nosleep_20260904_102455.csv,0.439,16.522
2026-09-04T10:32:39.166761,MQTT_QOS0,3,3,3,119,mqtt-qos0-main-3-119,success,14.418,409,221872,210572,110580,-42,0.0,,MQTT_QOS0,mqtt_qos0_main_1000_nosleep_20260904_102455.csv,0.409,14.008999999999999
2026-09-04T10:32:39.381296,MQTT_QOS0,3,3,3,120,mqtt-qos0-main-3-120,success,24.85,410,221872,210572,110580,-41,0.0,,MQTT_QOS0,mqtt_qos0_main_1000_nosleep_20260904_102455.csv,0.41,24.44
2026-09-04T10:32:39.606296,MQTT_QOS0,3,3,3,121,mqtt-qos0-main-3-121,success,14.311,415,221872,210572,110580,-39,0.0,,MQTT_QOS0,mqtt_qos0_main_1000_nosleep_20260904_102455.csv,0.415,13.896
2026-09-04T10:32:39.820738,MQTT_QOS0,3,3,3,122,mqtt-qos0-main-3-122,success,13.998,410,221872,210572,110580,-40,0.0,,MQTT_QOS0,mqtt_qos0_main_1000_nosleep_20260904_102455.csv,0.41,13.588
2026-09-04T10:32:40.034880,MQTT_QOS0,3,3,3,123,mqtt-qos0-main-3-123,success,19.334,453,219328,210572,110580,-41,0.0,,MQTT_QOS0,mqtt_qos0_main_1000_nosleep_20260904_102455.csv,0.453,18.881
2026-09-04T10:32:40.254353,MQTT_QOS0,3,3,3,124,mqtt-qos0-main-3-124,success,15.079,408,221872,210572,110580,-41,0.0,,MQTT_QOS0,mqtt_qos0_main_1000_nosleep_20260904_102455.csv,0.408,14.671000000000001
2026-09-04T10:32:40.469557,MQTT_QOS0,3,3,3,125,mqtt-qos0-main-3-125,success,15.92,409,221872,210572,110580,-41,0.0,,MQTT_QOS0,mqtt_qos0_main_1000_nosleep_20260904_102455.csv,0.409,15.511
2026-09-04T10:32:40.685603,MQTT_QOS0,3,3,3,126,mqtt-qos0-main-3-126,success,21.608,408,221872,210572,110580,-42,0.0,,MQTT_QOS0,mqtt_qos0_main_1000_nosleep_20260904_102455.csv,0.408,21.2
2026-09-04T10:32:40.907342,MQTT_QOS0,3,3,3,127,mqtt-qos0-main-3-127,success,17.759,409,221872,210572,110580,-41,0.0,,MQTT_QOS0,mqtt_qos0_main_1000_nosleep_20260904_102455.csv,0.409,17.35
2026-09-04T10:32:41.125242,MQTT_QOS0,3,3,3,128,mqtt-qos0-main-3-128,success,16.259,410,221872,210572,110580,-39,0.0,,MQTT_QOS0,mqtt_qos0_main_1000_nosleep_20260904_102455.csv,0.41,15.849
2026-09-04T10:32:41.341625,MQTT_QOS0,3,3,3,129,mqtt-qos0-main-3-129,success,13.911,413,221872,210572,110580,-39,0.0,,MQTT_QOS0,mqtt_qos0_main_1000_nosleep_20260904_102455.csv,0.413,13.498
2026-09-04T10:32:41.555656,MQTT_QOS0,3,3,3,130,mqtt-qos0-main-3-130,success,13.738,441,221872,210572,110580,-39,0.0,,MQTT_QOS0,mqtt_qos0_main_1000_nosleep_20260904_102455.csv,0.441,13.296999999999999
2026-09-04T10:32:41.769523,MQTT_QOS0,3,3,3,131,mqtt-qos0-main-3-131,success,11.658,410,221872,210572,110580,-42,0.0,,MQTT_QOS0,mqtt_qos0_main_1000_nosleep_20260904_102455.csv,0.41,11.248
2026-09-04T10:32:41.981315,MQTT_QOS0,3,3,3,132,mqtt-qos0-main-3-132,success,13.319,459,221872,210572,110580,-40,0.0,,MQTT_QOS0,mqtt_qos0_main_1000_nosleep_20260904_102455.csv,0.459,12.860000000000001
2026-09-04T10:32:42.194792,MQTT_QOS0,3,3,3,133,mqtt-qos0-main-3-133,success,16.234,418,221872,210572,110580,-41,0.0,,MQTT_QOS0,mqtt_qos0_main_1000_nosleep_20260904_102455.csv,0.418,15.816000000000003
2026-09-04T10:32:42.411153,MQTT_QOS0,3,3,3,134,mqtt-qos0-main-3-134,success,16.442,417,221872,210572,110580,-41,0.0,,MQTT_QOS0,mqtt_qos0_main_1000_nosleep_20260904_102455.csv,0.417,16.025
2026-09-04T10:32:42.627721,MQTT_QOS0,3,3,3,135,mqtt-qos0-main-3-135,success,12.03,428,221872,210572,110580,-40,0.0,,MQTT_QOS0,mqtt_qos0_main_1000_nosleep_20260904_102455.csv,0.428,11.601999999999999
2026-09-04T10:32:42.839880,MQTT_QOS0,3,3,3,136,mqtt-qos0-main-3-136,success,16.285,431,221872,210572,110580,-40,0.0,,MQTT_QOS0,mqtt_qos0_main_1000_nosleep_20260904_102455.csv,0.431,15.854000000000001
2026-09-04T10:32:43.056313,MQTT_QOS0,3,3,3,137,mqtt-qos0-main-3-137,success,15.213,411,221872,210572,110580,-40,0.0,,MQTT_QOS0,mqtt_qos0_main_1000_nosleep_20260904_102455.csv,0.411,14.802
2026-09-04T10:32:43.271654,MQTT_QOS0,3,3,3,138,mqtt-qos0-main-3-138,success,12.962,418,221872,210572,110580,-38,0.0,,MQTT_QOS0,mqtt_qos0_main_1000_nosleep_20260904_102455.csv,0.418,12.544
2026-09-04T10:32:43.484736,MQTT_QOS0,3,3,3,139,mqtt-qos0-main-3-139,success,16.953,440,221872,210572,110580,-39,0.0,,MQTT_QOS0,mqtt_qos0_main_1000_nosleep_20260904_102455.csv,0.44,16.512999999999998
2026-09-04T10:32:43.701811,MQTT_QOS0,3,3,3,140,mqtt-qos0-main-3-140,success,27.571,409,221872,210572,110580,-40,0.0,,MQTT_QOS0,mqtt_qos0_main_1000_nosleep_20260904_102455.csv,0.409,27.162000000000003
2026-09-04T10:32:43.929535,MQTT_QOS0,3,3,3,141,mqtt-qos0-main-3-141,success,13.781,524,221668,210572,110580,-40,0.0,,MQTT_QOS0,mqtt_qos0_main_1000_nosleep_20260904_102455.csv,0.524,13.257000000000001
2026-09-04T10:32:44.143472,MQTT_QOS0,3,3,3,142,mqtt-qos0-main-3-142,success,14.374,407,221872,210572,110580,-39,0.0,,MQTT_QOS0,mqtt_qos0_main_1000_nosleep_20260904_102455.csv,0.407,13.967
2026-09-04T10:32:44.357992,MQTT_QOS0,3,3,3,143,mqtt-qos0-main-3-143,success,17.268,425,221872,210572,110580,-41,0.0,,MQTT_QOS0,mqtt_qos0_main_1000_nosleep_20260904_102455.csv,0.425,16.843
2026-09-04T10:32:44.575398,MQTT_QOS0,3,3,3,144,mqtt-qos0-main-3-144,success,16.183,414,221872,210572,110580,-40,0.0,,MQTT_QOS0,mqtt_qos0_main_1000_nosleep_20260904_102455.csv,0.414,15.769
2026-09-04T10:32:44.791714,MQTT_QOS0,3,3,3,145,mqtt-qos0-main-3-145,success,11.595,422,221872,210572,110580,-39,0.0,,MQTT_QOS0,mqtt_qos0_main_1000_nosleep_20260904_102455.csv,0.422,11.173
2026-09-04T10:32:45.003442,MQTT_QOS0,3,3,3,146,mqtt-qos0-main-3-146,success,11.955,406,221872,210572,110580,-40,0.0,,MQTT_QOS0,mqtt_qos0_main_1000_nosleep_20260904_102455.csv,0.406,11.549
2026-09-04T10:32:45.215516,MQTT_QOS0,3,3,3,147,mqtt-qos0-main-3-147,success,13.158,421,221872,210572,110580,-40,0.0,,MQTT_QOS0,mqtt_qos0_main_1000_nosleep_20260904_102455.csv,0.421,12.737
2026-09-04T10:32:45.428794,MQTT_QOS0,3,3,3,148,mqtt-qos0-main-3-148,success,14.668,404,221872,210572,110580,-40,0.0,,MQTT_QOS0,mqtt_qos0_main_1000_nosleep_20260904_102455.csv,0.404,14.264
2026-09-04T10:32:45.643589,MQTT_QOS0,3,3,3,149,mqtt-qos0-main-3-149,success,15.06,410,221872,210572,110580,-41,0.0,,MQTT_QOS0,mqtt_qos0_main_1000_nosleep_20260904_102455.csv,0.41,14.65
2026-09-04T10:32:45.858772,MQTT_QOS0,3,3,3,150,mqtt-qos0-main-3-150,success,8.362,419,221872,210572,110580,-38,0.0,,MQTT_QOS0,mqtt_qos0_main_1000_nosleep_20260904_102455.csv,0.419,7.9430000000000005
2026-09-04T10:32:46.067274,MQTT_QOS0,3,3,3,151,mqtt-qos0-main-3-151,success,15.119,427,221872,210572,110580,-40,0.0,,MQTT_QOS0,mqtt_qos0_main_1000_nosleep_20260904_102455.csv,0.427,14.692
2026-09-04T10:32:46.282518,MQTT_QOS0,3,3,3,152,mqtt-qos0-main-3-152,success,11.14,438,221872,210572,110580,-41,0.0,,MQTT_QOS0,mqtt_qos0_main_1000_nosleep_20260904_102455.csv,0.438,10.702
2026-09-04T10:32:46.493782,MQTT_QOS0,3,3,3,153,mqtt-qos0-main-3-153,success,14.161,420,221872,210572,110580,-42,0.0,,MQTT_QOS0,mqtt_qos0_main_1000_nosleep_20260904_102455.csv,0.42,13.741
2026-09-04T10:32:46.708052,MQTT_QOS0,3,3,3,154,mqtt-qos0-main-3-154,success,15.114,412,221872,210572,110580,-39,0.0,,MQTT_QOS0,mqtt_qos0_main_1000_nosleep_20260904_102455.csv,0.412,14.702
2026-09-04T10:32:46.923286,MQTT_QOS0,3,3,3,155,mqtt-qos0-main-3-155,success,12.924,411,221872,210572,110580,-39,0.0,,MQTT_QOS0,mqtt_qos0_main_1000_nosleep_20260904_102455.csv,0.411,12.513
2026-09-04T10:32:47.136352,MQTT_QOS0,3,3,3,156,mqtt-qos0-main-3-156,success,13.272,410,221872,210572,110580,-42,0.0,,MQTT_QOS0,mqtt_qos0_main_1000_nosleep_20260904_102455.csv,0.41,12.862
2026-09-04T10:32:47.349752,MQTT_QOS0,3,3,3,157,mqtt-qos0-main-3-157,success,14.064,425,221872,210572,110580,-41,0.0,,MQTT_QOS0,mqtt_qos0_main_1000_nosleep_20260904_102455.csv,0.425,13.639
2026-09-04T10:32:47.563940,MQTT_QOS0,3,3,3,158,mqtt-qos0-main-3-158,success,29.434,406,221872,210572,110580,-41,0.0,,MQTT_QOS0,mqtt_qos0_main_1000_nosleep_20260904_102455.csv,0.406,29.028000000000002
2026-09-04T10:32:47.793491,MQTT_QOS0,3,3,3,159,mqtt-qos0-main-3-159,success,25.301,410,221872,210572,110580,-42,0.0,,MQTT_QOS0,mqtt_qos0_main_1000_nosleep_20260904_102455.csv,0.41,24.891
2026-09-04T10:32:48.018925,MQTT_QOS0,3,3,3,160,mqtt-qos0-main-3-160,success,12.361,401,221872,210572,110580,-42,0.0,,MQTT_QOS0,mqtt_qos0_main_1000_nosleep_20260904_102455.csv,0.401,11.96
2026-09-04T10:32:48.231429,MQTT_QOS0,3,3,3,161,mqtt-qos0-main-3-161,success,14.2,429,221872,210572,110580,-41,0.0,,MQTT_QOS0,mqtt_qos0_main_1000_nosleep_20260904_102455.csv,0.429,13.770999999999999
2026-09-04T10:32:48.445761,MQTT_QOS0,3,3,3,162,mqtt-qos0-main-3-162,success,13.483,413,221872,210572,110580,-41,0.0,,MQTT_QOS0,mqtt_qos0_main_1000_nosleep_20260904_102455.csv,0.413,13.07
2026-09-04T10:32:48.659364,MQTT_QOS0,3,3,3,163,mqtt-qos0-main-3-163,success,16.808,410,221872,210572,110580,-41,0.0,,MQTT_QOS0,mqtt_qos0_main_1000_nosleep_20260904_102455.csv,0.41,16.398
2026-09-04T10:32:48.876298,MQTT_QOS0,3,3,3,164,mqtt-qos0-main-3-164,success,12.467,407,221872,210572,110580,-42,0.0,,MQTT_QOS0,mqtt_qos0_main_1000_nosleep_20260904_102455.csv,0.407,12.06
2026-09-04T10:32:49.088904,MQTT_QOS0,3,3,3,165,mqtt-qos0-main-3-165,success,15.04,420,221872,210572,110580,-40,0.0,,MQTT_QOS0,mqtt_qos0_main_1000_nosleep_20260904_102455.csv,0.42,14.62
2026-09-04T10:32:49.304066,MQTT_QOS0,3,3,3,166,mqtt-qos0-main-3-166,success,19.208,407,221872,210572,110580,-43,0.0,,MQTT_QOS0,mqtt_qos0_main_1000_nosleep_20260904_102455.csv,0.407,18.801
2026-09-04T10:32:49.523401,MQTT_QOS0,3,3,3,167,mqtt-qos0-main-3-167,success,20.292,433,221844,210572,110580,-38,0.0,,MQTT_QOS0,mqtt_qos0_main_1000_nosleep_20260904_102455.csv,0.433,19.859
2026-09-04T10:32:49.743807,MQTT_QOS0,3,3,3,168,mqtt-qos0-main-3-168,success,16.433,407,221872,210572,110580,-39,0.0,,MQTT_QOS0,mqtt_qos0_main_1000_nosleep_20260904_102455.csv,0.407,16.026
2026-09-04T10:32:49.960359,MQTT_QOS0,3,3,3,169,mqtt-qos0-main-3-169,success,11.004,418,221872,210572,110580,-42,0.0,,MQTT_QOS0,mqtt_qos0_main_1000_nosleep_20260904_102455.csv,0.418,10.586
2026-09-04T10:32:50.171504,MQTT_QOS0,3,3,3,170,mqtt-qos0-main-3-170,success,12.658,597,221376,210572,110580,-40,0.0,,MQTT_QOS0,mqtt_qos0_main_1000_nosleep_20260904_102455.csv,0.597,12.061
2026-09-04T10:32:50.384305,MQTT_QOS0,3,3,3,171,mqtt-qos0-main-3-171,success,15.673,405,221872,210572,110580,-42,0.0,,MQTT_QOS0,mqtt_qos0_main_1000_nosleep_20260904_102455.csv,0.405,15.268
2026-09-04T10:32:50.600103,MQTT_QOS0,3,3,3,172,mqtt-qos0-main-3-172,success,12.803,411,221872,210572,110580,-40,0.0,,MQTT_QOS0,mqtt_qos0_main_1000_nosleep_20260904_102455.csv,0.411,12.392000000000001
2026-09-04T10:32:50.813024,MQTT_QOS0,3,3,3,173,mqtt-qos0-main-3-173,success,14.124,409,221872,210572,110580,-41,0.0,,MQTT_QOS0,mqtt_qos0_main_1000_nosleep_20260904_102455.csv,0.409,13.715
2026-09-04T10:32:51.027284,MQTT_QOS0,3,3,3,174,mqtt-qos0-main-3-174,success,11.902,425,221872,210572,110580,-41,0.0,,MQTT_QOS0,mqtt_qos0_main_1000_nosleep_20260904_102455.csv,0.425,11.476999999999999
2026-09-04T10:32:51.239306,MQTT_QOS0,3,3,3,175,mqtt-qos0-main-3-175,success,15.321,414,221872,210572,110580,-41,0.0,,MQTT_QOS0,mqtt_qos0_main_1000_nosleep_20260904_102455.csv,0.414,14.907
2026-09-04T10:32:51.454749,MQTT_QOS0,3,3,3,176,mqtt-qos0-main-3-176,success,13.08,410,221872,210572,110580,-41,0.0,,MQTT_QOS0,mqtt_qos0_main_1000_nosleep_20260904_102455.csv,0.41,12.67
2026-09-04T10:32:51.667955,MQTT_QOS0,3,3,3,177,mqtt-qos0-main-3-177,success,22.948,412,221872,210572,110580,-40,0.0,,MQTT_QOS0,mqtt_qos0_main_1000_nosleep_20260904_102455.csv,0.412,22.536
2026-09-04T10:32:51.891029,MQTT_QOS0,3,3,3,178,mqtt-qos0-main-3-178,success,12.2,420,221580,210572,110580,-40,0.0,,MQTT_QOS0,mqtt_qos0_main_1000_nosleep_20260904_102455.csv,0.42,11.78
2026-09-04T10:32:52.103377,MQTT_QOS0,3,3,3,179,mqtt-qos0-main-3-179,success,12.486,414,221872,210572,110580,-40,0.0,,MQTT_QOS0,mqtt_qos0_main_1000_nosleep_20260904_102455.csv,0.414,12.072000000000001
2026-09-04T10:32:52.315993,MQTT_QOS0,3,3,3,180,mqtt-qos0-main-3-180,success,13.25,421,221872,210572,110580,-40,0.0,,MQTT_QOS0,mqtt_qos0_main_1000_nosleep_20260904_102455.csv,0.421,12.829
2026-09-04T10:32:52.529402,MQTT_QOS0,3,3,3,181,mqtt-qos0-main-3-181,success,12.797,406,221872,210572,110580,-40,0.0,,MQTT_QOS0,mqtt_qos0_main_1000_nosleep_20260904_102455.csv,0.406,12.391
2026-09-04T10:32:52.742324,MQTT_QOS0,3,3,3,182,mqtt-qos0-main-3-182,success,13.134,436,221872,210572,110580,-40,0.0,,MQTT_QOS0,mqtt_qos0_main_1000_nosleep_20260904_102455.csv,0.436,12.698
2026-09-04T10:32:52.955595,MQTT_QOS0,3,3,3,183,mqtt-qos0-main-3-183,success,12.255,409,221872,210572,110580,-41,0.0,,MQTT_QOS0,mqtt_qos0_main_1000_nosleep_20260904_102455.csv,0.409,11.846
2026-09-04T10:32:53.167999,MQTT_QOS0,3,3,3,184,mqtt-qos0-main-3-184,success,14.569,410,221872,210572,110580,-40,0.0,,MQTT_QOS0,mqtt_qos0_main_1000_nosleep_20260904_102455.csv,0.41,14.159
2026-09-04T10:32:53.382703,MQTT_QOS0,3,3,3,185,mqtt-qos0-main-3-185,success,12.737,407,221872,210572,110580,-41,0.0,,MQTT_QOS0,mqtt_qos0_main_1000_nosleep_20260904_102455.csv,0.407,12.33
2026-09-04T10:32:53.595568,MQTT_QOS0,3,3,3,186,mqtt-qos0-main-3-186,success,11.5,410,221872,210572,110580,-40,0.0,,MQTT_QOS0,mqtt_qos0_main_1000_nosleep_20260904_102455.csv,0.41,11.09
2026-09-04T10:32:53.807199,MQTT_QOS0,3,3,3,187,mqtt-qos0-main-3-187,success,15.763,429,221872,210572,110580,-40,0.0,,MQTT_QOS0,mqtt_qos0_main_1000_nosleep_20260904_102455.csv,0.429,15.334
2026-09-04T10:32:54.023100,MQTT_QOS0,3,3,3,188,mqtt-qos0-main-3-188,success,21.801,427,221872,210572,110580,-39,0.0,,MQTT_QOS0,mqtt_qos0_main_1000_nosleep_20260904_102455.csv,0.427,21.374
2026-09-04T10:32:54.245025,MQTT_QOS0,3,3,3,189,mqtt-qos0-main-3-189,success,13.898,407,221872,210572,110580,-39,0.0,,MQTT_QOS0,mqtt_qos0_main_1000_nosleep_20260904_102455.csv,0.407,13.491
2026-09-04T10:32:54.459040,MQTT_QOS0,3,3,3,190,mqtt-qos0-main-3-190,success,14.197,416,221872,210572,110580,-40,0.0,,MQTT_QOS0,mqtt_qos0_main_1000_nosleep_20260904_102455.csv,0.416,13.780999999999999
2026-09-04T10:32:54.673355,MQTT_QOS0,3,3,3,191,mqtt-qos0-main-3-191,success,19.489,407,221872,210572,110580,-42,0.0,,MQTT_QOS0,mqtt_qos0_main_1000_nosleep_20260904_102455.csv,0.407,19.082
2026-09-04T10:32:54.892964,MQTT_QOS0,3,3,3,192,mqtt-qos0-main-3-192,success,13.179,410,221872,210572,110580,-41,0.0,,MQTT_QOS0,mqtt_qos0_main_1000_nosleep_20260904_102455.csv,0.41,12.769
2026-09-04T10:32:55.106283,MQTT_QOS0,3,3,3,193,mqtt-qos0-main-3-193,success,13.275,412,221872,210572,110580,-39,0.0,,MQTT_QOS0,mqtt_qos0_main_1000_nosleep_20260904_102455.csv,0.412,12.863
2026-09-04T10:32:55.319684,MQTT_QOS0,3,3,3,194,mqtt-qos0-main-3-194,success,13.291,417,221872,210572,110580,-41,0.0,,MQTT_QOS0,mqtt_qos0_main_1000_nosleep_20260904_102455.csv,0.417,12.874
2026-09-04T10:32:55.533095,MQTT_QOS0,3,3,3,195,mqtt-qos0-main-3-195,success,20.577,405,221872,210572,110580,-40,0.0,,MQTT_QOS0,mqtt_qos0_main_1000_nosleep_20260904_102455.csv,0.405,20.172
2026-09-04T10:32:55.753793,MQTT_QOS0,3,3,3,196,mqtt-qos0-main-3-196,success,15.733,409,221872,210572,110580,-40,0.0,,MQTT_QOS0,mqtt_qos0_main_1000_nosleep_20260904_102455.csv,0.409,15.324
2026-09-04T10:32:55.969645,MQTT_QOS0,3,3,3,197,mqtt-qos0-main-3-197,success,21.949,418,221872,210572,110580,-39,0.0,,MQTT_QOS0,mqtt_qos0_main_1000_nosleep_20260904_102455.csv,0.418,21.531000000000002
2026-09-04T10:32:56.191733,MQTT_QOS0,3,3,3,198,mqtt-qos0-main-3-198,success,13.846,411,221872,210572,110580,-41,0.0,,MQTT_QOS0,mqtt_qos0_main_1000_nosleep_20260904_102455.csv,0.411,13.435
2026-09-04T10:32:56.405700,MQTT_QOS0,3,3,3,199,mqtt-qos0-main-3-199,success,14.167,465,221376,210572,110580,-41,0.0,,MQTT_QOS0,mqtt_qos0_main_1000_nosleep_20260904_102455.csv,0.465,13.702
2026-09-04T10:32:56.619986,MQTT_QOS0,3,3,3,200,mqtt-qos0-main-3-200,success,11.174,406,221872,210572,110580,-41,0.0,,MQTT_QOS0,mqtt_qos0_main_1000_nosleep_20260904_102455.csv,0.406,10.767999999999999
2026-09-04T10:34:42.255885,MQTT_QOS0,4,4,3,1,mqtt-qos0-main-4-1,success,61.309,461,221864,209036,110580,-38,0.0,,MQTT_QOS0,mqtt_qos0_main_1000_nosleep_20260904_102455.csv,0.461,60.848
2026-09-04T10:34:42.517395,MQTT_QOS0,4,4,3,2,mqtt-qos0-main-4-2,success,14.417,409,221864,209036,110580,-41,0.0,,MQTT_QOS0,mqtt_qos0_main_1000_nosleep_20260904_102455.csv,0.409,14.008
2026-09-04T10:34:42.731958,MQTT_QOS0,4,4,3,3,mqtt-qos0-main-4-3,success,13.523,424,221864,209036,110580,-42,0.0,,MQTT_QOS0,mqtt_qos0_main_1000_nosleep_20260904_102455.csv,0.424,13.099
2026-09-04T10:34:42.945621,MQTT_QOS0,4,4,3,4,mqtt-qos0-main-4-4,success,14.058,407,221864,209036,110580,-43,0.0,,MQTT_QOS0,mqtt_qos0_main_1000_nosleep_20260904_102455.csv,0.407,13.651
2026-09-04T10:34:43.159818,MQTT_QOS0,4,4,3,5,mqtt-qos0-main-4-5,success,15.239,409,221864,209036,110580,-42,0.0,,MQTT_QOS0,mqtt_qos0_main_1000_nosleep_20260904_102455.csv,0.409,14.83
2026-09-04T10:34:43.375190,MQTT_QOS0,4,4,3,6,mqtt-qos0-main-4-6,success,24.064,451,221864,209036,110580,-43,0.0,,MQTT_QOS0,mqtt_qos0_main_1000_nosleep_20260904_102455.csv,0.451,23.613
2026-09-04T10:34:43.599380,MQTT_QOS0,4,4,3,7,mqtt-qos0-main-4-7,success,16.563,407,221864,209036,110580,-42,0.0,,MQTT_QOS0,mqtt_qos0_main_1000_nosleep_20260904_102455.csv,0.407,16.156
2026-09-04T10:34:43.816067,MQTT_QOS0,4,4,3,8,mqtt-qos0-main-4-8,success,11.848,419,221864,209036,110580,-41,0.0,,MQTT_QOS0,mqtt_qos0_main_1000_nosleep_20260904_102455.csv,0.419,11.429
2026-09-04T10:34:44.028052,MQTT_QOS0,4,4,3,9,mqtt-qos0-main-4-9,success,18.789,408,221864,209036,110580,-41,0.0,,MQTT_QOS0,mqtt_qos0_main_1000_nosleep_20260904_102455.csv,0.408,18.381
2026-09-04T10:34:44.246979,MQTT_QOS0,4,4,3,10,mqtt-qos0-main-4-10,success,19.112,410,221864,209036,110580,-41,0.0,,MQTT_QOS0,mqtt_qos0_main_1000_nosleep_20260904_102455.csv,0.41,18.701999999999998
2026-09-04T10:34:44.466222,MQTT_QOS0,4,4,3,11,mqtt-qos0-main-4-11,success,13.987,408,221864,209036,110580,-43,0.0,,MQTT_QOS0,mqtt_qos0_main_1000_nosleep_20260904_102455.csv,0.408,13.579
2026-09-04T10:34:44.680337,MQTT_QOS0,4,4,3,12,mqtt-qos0-main-4-12,success,15.546,563,221660,209036,110580,-40,0.0,,MQTT_QOS0,mqtt_qos0_main_1000_nosleep_20260904_102455.csv,0.563,14.982999999999999
2026-09-04T10:34:44.896002,MQTT_QOS0,4,4,3,13,mqtt-qos0-main-4-13,success,12.428,421,221864,209036,110580,-41,0.0,,MQTT_QOS0,mqtt_qos0_main_1000_nosleep_20260904_102455.csv,0.421,12.007000000000001
2026-09-04T10:34:45.108570,MQTT_QOS0,4,4,3,14,mqtt-qos0-main-4-14,success,15.001,423,219428,209036,110580,-43,0.0,,MQTT_QOS0,mqtt_qos0_main_1000_nosleep_20260904_102455.csv,0.423,14.578
2026-09-04T10:34:45.323716,MQTT_QOS0,4,4,3,15,mqtt-qos0-main-4-15,success,14.362,407,221864,209036,110580,-41,0.0,,MQTT_QOS0,mqtt_qos0_main_1000_nosleep_20260904_102455.csv,0.407,13.955
2026-09-04T10:34:45.538197,MQTT_QOS0,4,4,3,16,mqtt-qos0-main-4-16,success,19.736,425,221572,209036,110580,-44,0.0,,MQTT_QOS0,mqtt_qos0_main_1000_nosleep_20260904_102455.csv,0.425,19.311
2026-09-04T10:34:45.758042,MQTT_QOS0,4,4,3,17,mqtt-qos0-main-4-17,success,14.158,419,221864,209036,110580,-43,0.0,,MQTT_QOS0,mqtt_qos0_main_1000_nosleep_20260904_102455.csv,0.419,13.738999999999999
2026-09-04T10:34:45.972319,MQTT_QOS0,4,4,3,18,mqtt-qos0-main-4-18,success,14.65,409,221864,209036,110580,-44,0.0,,MQTT_QOS0,mqtt_qos0_main_1000_nosleep_20260904_102455.csv,0.409,14.241
2026-09-04T10:34:46.187110,MQTT_QOS0,4,4,3,19,mqtt-qos0-main-4-19,success,14.602,470,221864,209036,110580,-42,0.0,,MQTT_QOS0,mqtt_qos0_main_1000_nosleep_20260904_102455.csv,0.47,14.132
2026-09-04T10:34:46.401830,MQTT_QOS0,4,4,3,20,mqtt-qos0-main-4-20,success,16.184,409,221864,209036,110580,-42,0.0,,MQTT_QOS0,mqtt_qos0_main_1000_nosleep_20260904_102455.csv,0.409,15.775
2026-09-04T10:34:46.618158,MQTT_QOS0,4,4,3,21,mqtt-qos0-main-4-21,success,20.612,406,221864,209036,110580,-43,0.0,,MQTT_QOS0,mqtt_qos0_main_1000_nosleep_20260904_102455.csv,0.406,20.206
2026-09-04T10:34:46.838902,MQTT_QOS0,4,4,3,22,mqtt-qos0-main-4-22,success,13.228,408,221864,209036,110580,-39,0.0,,MQTT_QOS0,mqtt_qos0_main_1000_nosleep_20260904_102455.csv,0.408,12.82
2026-09-04T10:34:47.052265,MQTT_QOS0,4,4,3,23,mqtt-qos0-main-4-23,success,15.527,412,221864,209036,110580,-40,0.0,,MQTT_QOS0,mqtt_qos0_main_1000_nosleep_20260904_102455.csv,0.412,15.114999999999998
2026-09-04T10:34:47.267905,MQTT_QOS0,4,4,3,24,mqtt-qos0-main-4-24,success,13.349,483,221864,209036,110580,-38,0.0,,MQTT_QOS0,mqtt_qos0_main_1000_nosleep_20260904_102455.csv,0.483,12.866
2026-09-04T10:34:47.481366,MQTT_QOS0,4,4,3,25,mqtt-qos0-main-4-25,success,14.518,406,221864,209036,110580,-37,0.0,,MQTT_QOS0,mqtt_qos0_main_1000_nosleep_20260904_102455.csv,0.406,14.112
2026-09-04T10:34:47.696003,MQTT_QOS0,4,4,3,26,mqtt-qos0-main-4-26,success,13.87,408,221864,209036,110580,-38,0.0,,MQTT_QOS0,mqtt_qos0_main_1000_nosleep_20260904_102455.csv,0.408,13.462
2026-09-04T10:34:47.909993,MQTT_QOS0,4,4,3,27,mqtt-qos0-main-4-27,success,14.809,409,221864,209036,110580,-44,0.0,,MQTT_QOS0,mqtt_qos0_main_1000_nosleep_20260904_102455.csv,0.409,14.399999999999999
2026-09-04T10:34:48.124940,MQTT_QOS0,4,4,3,28,mqtt-qos0-main-4-28,success,12.981,415,221864,209036,110580,-44,0.0,,MQTT_QOS0,mqtt_qos0_main_1000_nosleep_20260904_102455.csv,0.415,12.566
2026-09-04T10:34:48.338039,MQTT_QOS0,4,4,3,29,mqtt-qos0-main-4-29,success,11.492,406,221864,209036,110580,-43,0.0,,MQTT_QOS0,mqtt_qos0_main_1000_nosleep_20260904_102455.csv,0.406,11.086
2026-09-04T10:34:48.549656,MQTT_QOS0,4,4,3,30,mqtt-qos0-main-4-30,success,16.813,422,221864,209036,110580,-46,0.0,,MQTT_QOS0,mqtt_qos0_main_1000_nosleep_20260904_102455.csv,0.422,16.391
2026-09-04T10:34:48.766578,MQTT_QOS0,4,4,3,31,mqtt-qos0-main-4-31,success,11.617,425,221864,209036,110580,-47,0.0,,MQTT_QOS0,mqtt_qos0_main_1000_nosleep_20260904_102455.csv,0.425,11.192
2026-09-04T10:34:48.978309,MQTT_QOS0,4,4,3,32,mqtt-qos0-main-4-32,success,14.303,416,221864,209036,110580,-46,0.0,,MQTT_QOS0,mqtt_qos0_main_1000_nosleep_20260904_102455.csv,0.416,13.887
2026-09-04T10:34:49.192743,MQTT_QOS0,4,4,3,33,mqtt-qos0-main-4-33,success,13.86,484,221864,209036,110580,-46,0.0,,MQTT_QOS0,mqtt_qos0_main_1000_nosleep_20260904_102455.csv,0.484,13.376
2026-09-04T10:34:49.406731,MQTT_QOS0,4,4,3,34,mqtt-qos0-main-4-34,success,28.148,409,221864,209036,110580,-44,0.0,,MQTT_QOS0,mqtt_qos0_main_1000_nosleep_20260904_102455.csv,0.409,27.739
2026-09-04T10:34:49.634993,MQTT_QOS0,4,4,3,35,mqtt-qos0-main-4-35,success,17.723,407,221864,209036,110580,-45,0.0,,MQTT_QOS0,mqtt_qos0_main_1000_nosleep_20260904_102455.csv,0.407,17.316
2026-09-04T10:34:49.852836,MQTT_QOS0,4,4,3,36,mqtt-qos0-main-4-36,success,15.265,410,221864,209036,110580,-43,0.0,,MQTT_QOS0,mqtt_qos0_main_1000_nosleep_20260904_102455.csv,0.41,14.855
2026-09-04T10:34:50.068230,MQTT_QOS0,4,4,3,37,mqtt-qos0-main-4-37,success,11.784,406,221864,209036,110580,-43,0.0,,MQTT_QOS0,mqtt_qos0_main_1000_nosleep_20260904_102455.csv,0.406,11.378
2026-09-04T10:34:50.280130,MQTT_QOS0,4,4,3,38,mqtt-qos0-main-4-38,success,12.792,410,221864,209036,110580,-45,0.0,,MQTT_QOS0,mqtt_qos0_main_1000_nosleep_20260904_102455.csv,0.41,12.382
2026-09-04T10:34:50.493031,MQTT_QOS0,4,4,3,39,mqtt-qos0-main-4-39,success,17.337,405,221864,209036,110580,-45,0.0,,MQTT_QOS0,mqtt_qos0_main_1000_nosleep_20260904_102455.csv,0.405,16.932
2026-09-04T10:34:50.710478,MQTT_QOS0,4,4,3,40,mqtt-qos0-main-4-40,success,11.66,411,221864,209036,110580,-42,0.0,,MQTT_QOS0,mqtt_qos0_main_1000_nosleep_20260904_102455.csv,0.411,11.249
2026-09-04T10:34:50.922285,MQTT_QOS0,4,4,3,41,mqtt-qos0-main-4-41,success,16.671,417,221864,209036,110580,-43,0.0,,MQTT_QOS0,mqtt_qos0_main_1000_nosleep_20260904_102455.csv,0.417,16.253999999999998
2026-09-04T10:34:51.139104,MQTT_QOS0,4,4,3,42,mqtt-qos0-main-4-42,success,11.855,557,221660,209036,110580,-44,0.0,,MQTT_QOS0,mqtt_qos0_main_1000_nosleep_20260904_102455.csv,0.557,11.298
2026-09-04T10:34:51.351084,MQTT_QOS0,4,4,3,43,mqtt-qos0-main-4-43,success,16.174,408,221864,209036,110580,-41,0.0,,MQTT_QOS0,mqtt_qos0_main_1000_nosleep_20260904_102455.csv,0.408,15.766
2026-09-04T10:34:51.567368,MQTT_QOS0,4,4,3,44,mqtt-qos0-main-4-44,success,12.784,410,221864,209036,110580,-44,0.0,,MQTT_QOS0,mqtt_qos0_main_1000_nosleep_20260904_102455.csv,0.41,12.374
2026-09-04T10:34:51.780266,MQTT_QOS0,4,4,3,45,mqtt-qos0-main-4-45,success,13.384,408,221864,209036,110580,-50,0.0,,MQTT_QOS0,mqtt_qos0_main_1000_nosleep_20260904_102455.csv,0.408,12.976
2026-09-04T10:34:51.993779,MQTT_QOS0,4,4,3,46,mqtt-qos0-main-4-46,success,26.634,435,221864,209036,110580,-44,0.0,,MQTT_QOS0,mqtt_qos0_main_1000_nosleep_20260904_102455.csv,0.435,26.199
2026-09-04T10:34:52.220546,MQTT_QOS0,4,4,3,47,mqtt-qos0-main-4-47,success,12.451,443,221864,209036,110580,-44,0.0,,MQTT_QOS0,mqtt_qos0_main_1000_nosleep_20260904_102455.csv,0.443,12.008000000000001
2026-09-04T10:34:52.433118,MQTT_QOS0,4,4,3,48,mqtt-qos0-main-4-48,success,13.323,413,221864,209036,110580,-44,0.0,,MQTT_QOS0,mqtt_qos0_main_1000_nosleep_20260904_102455.csv,0.413,12.91
2026-09-04T10:34:52.646556,MQTT_QOS0,4,4,3,49,mqtt-qos0-main-4-49,success,13.561,409,221864,209036,110580,-43,0.0,,MQTT_QOS0,mqtt_qos0_main_1000_nosleep_20260904_102455.csv,0.409,13.152
2026-09-04T10:34:52.860238,MQTT_QOS0,4,4,3,50,mqtt-qos0-main-4-50,success,13.064,441,221864,209036,110580,-43,0.0,,MQTT_QOS0,mqtt_qos0_main_1000_nosleep_20260904_102455.csv,0.441,12.623
2026-09-04T10:34:53.073442,MQTT_QOS0,4,4,3,51,mqtt-qos0-main-4-51,success,13.68,418,221864,209036,110580,-42,0.0,,MQTT_QOS0,mqtt_qos0_main_1000_nosleep_20260904_102455.csv,0.418,13.262
2026-09-04T10:34:53.287248,MQTT_QOS0,4,4,3,52,mqtt-qos0-main-4-52,success,12.0,420,221864,209036,110580,-43,0.0,,MQTT_QOS0,mqtt_qos0_main_1000_nosleep_20260904_102455.csv,0.42,11.58
2026-09-04T10:34:53.499366,MQTT_QOS0,4,4,3,53,mqtt-qos0-main-4-53,success,18.281,412,221864,209036,110580,-44,0.0,,MQTT_QOS0,mqtt_qos0_main_1000_nosleep_20260904_102455.csv,0.412,17.869
2026-09-04T10:34:53.717761,MQTT_QOS0,4,4,3,54,mqtt-qos0-main-4-54,success,13.285,417,221864,209036,110580,-44,0.0,,MQTT_QOS0,mqtt_qos0_main_1000_nosleep_20260904_102455.csv,0.417,12.868
2026-09-04T10:34:53.931159,MQTT_QOS0,4,4,3,55,mqtt-qos0-main-4-55,success,13.94,415,221864,209036,110580,-43,0.0,,MQTT_QOS0,mqtt_qos0_main_1000_nosleep_20260904_102455.csv,0.415,13.525
2026-09-04T10:34:54.145233,MQTT_QOS0,4,4,3,56,mqtt-qos0-main-4-56,success,18.959,420,221864,209036,110580,-44,0.0,,MQTT_QOS0,mqtt_qos0_main_1000_nosleep_20260904_102455.csv,0.42,18.538999999999998
2026-09-04T10:34:54.364315,MQTT_QOS0,4,4,3,57,mqtt-qos0-main-4-57,success,14.387,409,221864,209036,110580,-43,0.0,,MQTT_QOS0,mqtt_qos0_main_1000_nosleep_20260904_102455.csv,0.409,13.978
2026-09-04T10:34:54.578827,MQTT_QOS0,4,4,3,58,mqtt-qos0-main-4-58,success,14.653,435,221864,209036,110580,-44,0.0,,MQTT_QOS0,mqtt_qos0_main_1000_nosleep_20260904_102455.csv,0.435,14.218
2026-09-04T10:34:54.793605,MQTT_QOS0,4,4,3,59,mqtt-qos0-main-4-59,success,16.012,429,221864,209036,110580,-43,0.0,,MQTT_QOS0,mqtt_qos0_main_1000_nosleep_20260904_102455.csv,0.429,15.583
2026-09-04T10:34:55.009750,MQTT_QOS0,4,4,3,60,mqtt-qos0-main-4-60,success,14.25,421,221864,209036,110580,-43,0.0,,MQTT_QOS0,mqtt_qos0_main_1000_nosleep_20260904_102455.csv,0.421,13.829
2026-09-04T10:34:55.224153,MQTT_QOS0,4,4,3,61,mqtt-qos0-main-4-61,success,15.124,409,221864,209036,110580,-44,0.0,,MQTT_QOS0,mqtt_qos0_main_1000_nosleep_20260904_102455.csv,0.409,14.715
2026-09-04T10:34:55.439402,MQTT_QOS0,4,4,3,62,mqtt-qos0-main-4-62,success,13.894,410,221864,209036,110580,-43,0.0,,MQTT_QOS0,mqtt_qos0_main_1000_nosleep_20260904_102455.csv,0.41,13.484
2026-09-04T10:34:55.653412,MQTT_QOS0,4,4,3,63,mqtt-qos0-main-4-63,success,13.641,409,221864,209036,110580,-42,0.0,,MQTT_QOS0,mqtt_qos0_main_1000_nosleep_20260904_102455.csv,0.409,13.232
2026-09-04T10:34:55.867186,MQTT_QOS0,4,4,3,64,mqtt-qos0-main-4-64,success,11.738,408,221864,209036,110580,-44,0.0,,MQTT_QOS0,mqtt_qos0_main_1000_nosleep_20260904_102455.csv,0.408,11.33
2026-09-04T10:34:56.079061,MQTT_QOS0,4,4,3,65,mqtt-qos0-main-4-65,success,14.71,412,221864,209036,110580,-43,0.0,,MQTT_QOS0,mqtt_qos0_main_1000_nosleep_20260904_102455.csv,0.412,14.298
2026-09-04T10:34:56.293904,MQTT_QOS0,4,4,3,66,mqtt-qos0-main-4-66,success,20.049,486,221864,209036,110580,-47,0.0,,MQTT_QOS0,mqtt_qos0_main_1000_nosleep_20260904_102455.csv,0.486,19.563
2026-09-04T10:34:56.514076,MQTT_QOS0,4,4,3,67,mqtt-qos0-main-4-67,success,15.609,424,221864,209036,110580,-45,0.0,,MQTT_QOS0,mqtt_qos0_main_1000_nosleep_20260904_102455.csv,0.424,15.185
2026-09-04T10:34:56.729796,MQTT_QOS0,4,4,3,68,mqtt-qos0-main-4-68,success,16.074,410,221864,209036,110580,-45,0.0,,MQTT_QOS0,mqtt_qos0_main_1000_nosleep_20260904_102455.csv,0.41,15.664000000000001
2026-09-04T10:34:56.945997,MQTT_QOS0,4,4,3,69,mqtt-qos0-main-4-69,success,18.782,409,221864,209036,110580,-44,0.0,,MQTT_QOS0,mqtt_qos0_main_1000_nosleep_20260904_102455.csv,0.409,18.373
2026-09-04T10:34:57.164920,MQTT_QOS0,4,4,3,70,mqtt-qos0-main-4-70,success,15.344,420,219428,209036,110580,-44,0.0,,MQTT_QOS0,mqtt_qos0_main_1000_nosleep_20260904_102455.csv,0.42,14.924
2026-09-04T10:34:57.380385,MQTT_QOS0,4,4,3,71,mqtt-qos0-main-4-71,success,11.189,430,221864,209036,110580,-42,0.0,,MQTT_QOS0,mqtt_qos0_main_1000_nosleep_20260904_102455.csv,0.43,10.759
2026-09-04T10:34:57.591691,MQTT_QOS0,4,4,3,72,mqtt-qos0-main-4-72,success,13.16,550,221660,209036,110580,-42,0.0,,MQTT_QOS0,mqtt_qos0_main_1000_nosleep_20260904_102455.csv,0.55,12.61
2026-09-04T10:34:57.804977,MQTT_QOS0,4,4,3,73,mqtt-qos0-main-4-73,success,14.485,406,221864,209036,110580,-45,0.0,,MQTT_QOS0,mqtt_qos0_main_1000_nosleep_20260904_102455.csv,0.406,14.078999999999999
2026-09-04T10:34:58.019611,MQTT_QOS0,4,4,3,74,mqtt-qos0-main-4-74,success,14.057,410,221856,209036,110580,-45,0.0,,MQTT_QOS0,mqtt_qos0_main_1000_nosleep_20260904_102455.csv,0.41,13.647
2026-09-04T10:34:58.233796,MQTT_QOS0,4,4,3,75,mqtt-qos0-main-4-75,success,12.286,414,221864,209036,110580,-45,0.0,,MQTT_QOS0,mqtt_qos0_main_1000_nosleep_20260904_102455.csv,0.414,11.872
2026-09-04T10:34:58.446226,MQTT_QOS0,4,4,3,76,mqtt-qos0-main-4-76,success,16.27,408,221864,209036,110580,-44,0.0,,MQTT_QOS0,mqtt_qos0_main_1000_nosleep_20260904_102455.csv,0.408,15.862
2026-09-04T10:34:58.662627,MQTT_QOS0,4,4,3,77,mqtt-qos0-main-4-77,success,12.116,414,221864,209036,110580,-43,0.0,,MQTT_QOS0,mqtt_qos0_main_1000_nosleep_20260904_102455.csv,0.414,11.702
2026-09-04T10:34:58.874871,MQTT_QOS0,4,4,3,78,mqtt-qos0-main-4-78,success,15.925,406,221864,209036,110580,-44,0.0,,MQTT_QOS0,mqtt_qos0_main_1000_nosleep_20260904_102455.csv,0.406,15.519
2026-09-04T10:34:59.090932,MQTT_QOS0,4,4,3,79,mqtt-qos0-main-4-79,success,13.445,406,221864,209036,110580,-46,0.0,,MQTT_QOS0,mqtt_qos0_main_1000_nosleep_20260904_102455.csv,0.406,13.039
2026-09-04T10:34:59.304497,MQTT_QOS0,4,4,3,80,mqtt-qos0-main-4-80,success,14.588,410,221864,209036,110580,-44,0.0,,MQTT_QOS0,mqtt_qos0_main_1000_nosleep_20260904_102455.csv,0.41,14.177999999999999
2026-09-04T10:34:59.519230,MQTT_QOS0,4,4,3,81,mqtt-qos0-main-4-81,success,20.717,408,221864,209036,110580,-46,0.0,,MQTT_QOS0,mqtt_qos0_main_1000_nosleep_20260904_102455.csv,0.408,20.308999999999997
2026-09-04T10:34:59.740068,MQTT_QOS0,4,4,3,82,mqtt-qos0-main-4-82,success,13.793,409,221864,209036,110580,-46,0.0,,MQTT_QOS0,mqtt_qos0_main_1000_nosleep_20260904_102455.csv,0.409,13.383999999999999
2026-09-04T10:34:59.953981,MQTT_QOS0,4,4,3,83,mqtt-qos0-main-4-83,success,18.367,407,221864,209036,110580,-45,0.0,,MQTT_QOS0,mqtt_qos0_main_1000_nosleep_20260904_102455.csv,0.407,17.96
2026-09-04T10:35:00.172480,MQTT_QOS0,4,4,3,84,mqtt-qos0-main-4-84,success,11.318,410,221864,209036,110580,-45,0.0,,MQTT_QOS0,mqtt_qos0_main_1000_nosleep_20260904_102455.csv,0.41,10.908
2026-09-04T10:35:00.383921,MQTT_QOS0,4,4,3,85,mqtt-qos0-main-4-85,success,13.416,418,221864,209036,110580,-46,0.0,,MQTT_QOS0,mqtt_qos0_main_1000_nosleep_20260904_102455.csv,0.418,12.998000000000001
2026-09-04T10:35:00.597455,MQTT_QOS0,4,4,3,86,mqtt-qos0-main-4-86,success,22.264,406,221864,209036,110580,-45,0.0,,MQTT_QOS0,mqtt_qos0_main_1000_nosleep_20260904_102455.csv,0.406,21.858
2026-09-04T10:35:00.819846,MQTT_QOS0,4,4,3,87,mqtt-qos0-main-4-87,success,14.781,433,221864,209036,110580,-45,0.0,,MQTT_QOS0,mqtt_qos0_main_1000_nosleep_20260904_102455.csv,0.433,14.348
2026-09-04T10:35:01.034756,MQTT_QOS0,4,4,3,88,mqtt-qos0-main-4-88,success,13.915,408,221864,209036,110580,-43,0.0,,MQTT_QOS0,mqtt_qos0_main_1000_nosleep_20260904_102455.csv,0.408,13.507
2026-09-04T10:35:01.248794,MQTT_QOS0,4,4,3,89,mqtt-qos0-main-4-89,success,15.434,410,221864,209036,110580,-44,0.0,,MQTT_QOS0,mqtt_qos0_main_1000_nosleep_20260904_102455.csv,0.41,15.024
2026-09-04T10:35:01.464344,MQTT_QOS0,4,4,3,90,mqtt-qos0-main-4-90,success,16.232,409,221864,209036,110580,-44,0.0,,MQTT_QOS0,mqtt_qos0_main_1000_nosleep_20260904_102455.csv,0.409,15.822999999999999
2026-09-04T10:35:01.680690,MQTT_QOS0,4,4,3,91,mqtt-qos0-main-4-91,success,13.308,421,221864,209036,110580,-44,0.0,,MQTT_QOS0,mqtt_qos0_main_1000_nosleep_20260904_102455.csv,0.421,12.887
2026-09-04T10:35:01.894114,MQTT_QOS0,4,4,3,92,mqtt-qos0-main-4-92,success,12.714,408,221864,209036,110580,-44,0.0,,MQTT_QOS0,mqtt_qos0_main_1000_nosleep_20260904_102455.csv,0.408,12.306000000000001
2026-09-04T10:35:02.106963,MQTT_QOS0,4,4,3,93,mqtt-qos0-main-4-93,success,14.226,414,221864,209036,110580,-43,0.0,,MQTT_QOS0,mqtt_qos0_main_1000_nosleep_20260904_102455.csv,0.414,13.812000000000001
2026-09-04T10:35:02.321314,MQTT_QOS0,4,4,3,94,mqtt-qos0-main-4-94,success,13.318,448,221864,209036,110580,-45,0.0,,MQTT_QOS0,mqtt_qos0_main_1000_nosleep_20260904_102455.csv,0.448,12.87
2026-09-04T10:35:02.534746,MQTT_QOS0,4,4,3,95,mqtt-qos0-main-4-95,success,14.25,407,221864,209036,110580,-45,0.0,,MQTT_QOS0,mqtt_qos0_main_1000_nosleep_20260904_102455.csv,0.407,13.843
2026-09-04T10:35:02.749113,MQTT_QOS0,4,4,3,96,mqtt-qos0-main-4-96,success,18.996,409,221864,209036,110580,-44,0.0,,MQTT_QOS0,mqtt_qos0_main_1000_nosleep_20260904_102455.csv,0.409,18.587
2026-09-04T10:35:02.968229,MQTT_QOS0,4,4,3,97,mqtt-qos0-main-4-97,success,12.63,416,221864,209036,110580,-45,0.0,,MQTT_QOS0,mqtt_qos0_main_1000_nosleep_20260904_102455.csv,0.416,12.214
2026-09-04T10:35:03.180998,MQTT_QOS0,4,4,3,98,mqtt-qos0-main-4-98,success,12.81,407,221864,209036,110580,-46,0.0,,MQTT_QOS0,mqtt_qos0_main_1000_nosleep_20260904_102455.csv,0.407,12.403
2026-09-04T10:35:03.393925,MQTT_QOS0,4,4,3,99,mqtt-qos0-main-4-99,success,12.306,408,221864,209036,110580,-43,0.0,,MQTT_QOS0,mqtt_qos0_main_1000_nosleep_20260904_102455.csv,0.408,11.898
2026-09-04T10:35:03.606348,MQTT_QOS0,4,4,3,100,mqtt-qos0-main-4-100,success,15.95,412,221864,209036,110580,-43,0.0,,MQTT_QOS0,mqtt_qos0_main_1000_nosleep_20260904_102455.csv,0.412,15.537999999999998
2026-09-04T10:35:03.822452,MQTT_QOS0,4,4,3,101,mqtt-qos0-main-4-101,success,12.487,404,221864,209036,110580,-46,0.0,,MQTT_QOS0,mqtt_qos0_main_1000_nosleep_20260904_102455.csv,0.404,12.083
2026-09-04T10:35:04.035081,MQTT_QOS0,4,4,3,102,mqtt-qos0-main-4-102,success,17.26,553,221660,209036,110580,-44,0.0,,MQTT_QOS0,mqtt_qos0_main_1000_nosleep_20260904_102455.csv,0.553,16.707
2026-09-04T10:35:04.252469,MQTT_QOS0,4,4,3,103,mqtt-qos0-main-4-103,success,23.898,407,221864,209036,110580,-45,0.0,,MQTT_QOS0,mqtt_qos0_main_1000_nosleep_20260904_102455.csv,0.407,23.491
2026-09-04T10:35:04.476490,MQTT_QOS0,4,4,3,104,mqtt-qos0-main-4-104,success,14.902,410,221864,209036,110580,-45,0.0,,MQTT_QOS0,mqtt_qos0_main_1000_nosleep_20260904_102455.csv,0.41,14.491999999999999
2026-09-04T10:35:04.691512,MQTT_QOS0,4,4,3,105,mqtt-qos0-main-4-105,success,18.699,424,221836,209036,110580,-46,0.0,,MQTT_QOS0,mqtt_qos0_main_1000_nosleep_20260904_102455.csv,0.424,18.275000000000002
2026-09-04T10:35:04.910330,MQTT_QOS0,4,4,3,106,mqtt-qos0-main-4-106,success,16.509,411,221864,209036,110580,-46,0.0,,MQTT_QOS0,mqtt_qos0_main_1000_nosleep_20260904_102455.csv,0.411,16.098
2026-09-04T10:35:05.126972,MQTT_QOS0,4,4,3,107,mqtt-qos0-main-4-107,success,13.374,443,221864,209036,110580,-43,0.0,,MQTT_QOS0,mqtt_qos0_main_1000_nosleep_20260904_102455.csv,0.443,12.931000000000001
2026-09-04T10:35:05.340469,MQTT_QOS0,4,4,3,108,mqtt-qos0-main-4-108,success,14.51,419,221864,209036,110580,-46,0.0,,MQTT_QOS0,mqtt_qos0_main_1000_nosleep_20260904_102455.csv,0.419,14.091
2026-09-04T10:35:05.555101,MQTT_QOS0,4,4,3,109,mqtt-qos0-main-4-109,success,16.365,413,221864,209036,110580,-43,0.0,,MQTT_QOS0,mqtt_qos0_main_1000_nosleep_20260904_102455.csv,0.413,15.951999999999998
2026-09-04T10:35:05.771584,MQTT_QOS0,4,4,3,110,mqtt-qos0-main-4-110,success,34.133,414,221864,209036,110580,-42,0.0,,MQTT_QOS0,mqtt_qos0_main_1000_nosleep_20260904_102455.csv,0.414,33.719
2026-09-04T10:35:06.005858,MQTT_QOS0,4,4,3,111,mqtt-qos0-main-4-111,success,19.553,407,221864,209036,110580,-40,0.0,,MQTT_QOS0,mqtt_qos0_main_1000_nosleep_20260904_102455.csv,0.407,19.146
2026-09-04T10:35:06.225543,MQTT_QOS0,4,4,3,112,mqtt-qos0-main-4-112,success,18.828,409,221864,209036,110580,-41,0.0,,MQTT_QOS0,mqtt_qos0_main_1000_nosleep_20260904_102455.csv,0.409,18.419
2026-09-04T10:35:06.444498,MQTT_QOS0,4,4,3,113,mqtt-qos0-main-4-113,success,12.562,418,221864,209036,110580,-41,0.0,,MQTT_QOS0,mqtt_qos0_main_1000_nosleep_20260904_102455.csv,0.418,12.144
2026-09-04T10:35:06.657195,MQTT_QOS0,4,4,3,114,mqtt-qos0-main-4-114,success,13.27,409,221864,209036,110580,-43,0.0,,MQTT_QOS0,mqtt_qos0_main_1000_nosleep_20260904_102455.csv,0.409,12.860999999999999
2026-09-04T10:35:06.870593,MQTT_QOS0,4,4,3,115,mqtt-qos0-main-4-115,success,16.06,436,221864,209036,110580,-43,0.0,,MQTT_QOS0,mqtt_qos0_main_1000_nosleep_20260904_102455.csv,0.436,15.623999999999999
2026-09-04T10:35:07.086795,MQTT_QOS0,4,4,3,116,mqtt-qos0-main-4-116,success,12.979,416,221864,209036,110580,-44,0.0,,MQTT_QOS0,mqtt_qos0_main_1000_nosleep_20260904_102455.csv,0.416,12.562999999999999
2026-09-04T10:35:07.299904,MQTT_QOS0,4,4,3,117,mqtt-qos0-main-4-117,success,15.896,420,221864,209036,110580,-44,0.0,,MQTT_QOS0,mqtt_qos0_main_1000_nosleep_20260904_102455.csv,0.42,15.476
2026-09-04T10:35:07.515925,MQTT_QOS0,4,4,3,118,mqtt-qos0-main-4-118,success,11.934,415,221864,209036,110580,-46,0.0,,MQTT_QOS0,mqtt_qos0_main_1000_nosleep_20260904_102455.csv,0.415,11.519
2026-09-04T10:35:07.727984,MQTT_QOS0,4,4,3,119,mqtt-qos0-main-4-119,success,13.43,409,221864,209036,110580,-44,0.0,,MQTT_QOS0,mqtt_qos0_main_1000_nosleep_20260904_102455.csv,0.409,13.020999999999999
2026-09-04T10:35:07.941540,MQTT_QOS0,4,4,3,120,mqtt-qos0-main-4-120,success,26.198,409,221864,209036,110580,-42,0.0,,MQTT_QOS0,mqtt_qos0_main_1000_nosleep_20260904_102455.csv,0.409,25.789
2026-09-04T10:35:08.167900,MQTT_QOS0,4,4,3,121,mqtt-qos0-main-4-121,success,13.348,422,221572,209036,110580,-42,0.0,,MQTT_QOS0,mqtt_qos0_main_1000_nosleep_20260904_102455.csv,0.422,12.926
2026-09-04T10:35:08.381377,MQTT_QOS0,4,4,3,122,mqtt-qos0-main-4-122,success,16.653,408,221864,209036,110580,-45,0.0,,MQTT_QOS0,mqtt_qos0_main_1000_nosleep_20260904_102455.csv,0.408,16.244999999999997
2026-09-04T10:35:08.598158,MQTT_QOS0,4,4,3,123,mqtt-qos0-main-4-123,success,17.907,437,221572,209036,110580,-44,0.0,,MQTT_QOS0,mqtt_qos0_main_1000_nosleep_20260904_102455.csv,0.437,17.47
2026-09-04T10:35:08.816191,MQTT_QOS0,4,4,3,124,mqtt-qos0-main-4-124,success,13.861,411,221864,209036,110580,-43,0.0,,MQTT_QOS0,mqtt_qos0_main_1000_nosleep_20260904_102455.csv,0.411,13.450000000000001
2026-09-04T10:35:09.030186,MQTT_QOS0,4,4,3,125,mqtt-qos0-main-4-125,success,23.95,422,221864,209036,110580,-42,0.0,,MQTT_QOS0,mqtt_qos0_main_1000_nosleep_20260904_102455.csv,0.422,23.528
2026-09-04T10:35:09.254270,MQTT_QOS0,4,4,3,126,mqtt-qos0-main-4-126,success,13.248,416,221864,209036,110580,-45,0.0,,MQTT_QOS0,mqtt_qos0_main_1000_nosleep_20260904_102455.csv,0.416,12.831999999999999
2026-09-04T10:35:09.467644,MQTT_QOS0,4,4,3,127,mqtt-qos0-main-4-127,success,14.342,410,221864,209036,110580,-43,0.0,,MQTT_QOS0,mqtt_qos0_main_1000_nosleep_20260904_102455.csv,0.41,13.932
2026-09-04T10:35:09.682106,MQTT_QOS0,4,4,3,128,mqtt-qos0-main-4-128,success,14.279,413,221864,209036,110580,-45,0.0,,MQTT_QOS0,mqtt_qos0_main_1000_nosleep_20260904_102455.csv,0.413,13.866
2026-09-04T10:35:09.896505,MQTT_QOS0,4,4,3,129,mqtt-qos0-main-4-129,success,13.779,415,221864,209036,110580,-45,0.0,,MQTT_QOS0,mqtt_qos0_main_1000_nosleep_20260904_102455.csv,0.415,13.364
2026-09-04T10:35:10.110428,MQTT_QOS0,4,4,3,130,mqtt-qos0-main-4-130,success,16.943,421,221864,209036,110580,-44,0.0,,MQTT_QOS0,mqtt_qos0_main_1000_nosleep_20260904_102455.csv,0.421,16.522000000000002
2026-09-04T10:35:10.327507,MQTT_QOS0,4,4,3,131,mqtt-qos0-main-4-131,success,18.021,464,221660,209036,110580,-46,0.0,,MQTT_QOS0,mqtt_qos0_main_1000_nosleep_20260904_102455.csv,0.464,17.557000000000002
2026-09-04T10:35:10.545665,MQTT_QOS0,4,4,3,132,mqtt-qos0-main-4-132,success,13.071,415,221572,209036,110580,-45,0.0,,MQTT_QOS0,mqtt_qos0_main_1000_nosleep_20260904_102455.csv,0.415,12.656
2026-09-04T10:35:10.758861,MQTT_QOS0,4,4,3,133,mqtt-qos0-main-4-133,success,13.049,425,221572,209036,110580,-73,0.0,,MQTT_QOS0,mqtt_qos0_main_1000_nosleep_20260904_102455.csv,0.425,12.623999999999999
2026-09-04T10:35:10.972038,MQTT_QOS0,4,4,3,134,mqtt-qos0-main-4-134,success,11.17,405,221864,209036,110580,-45,0.0,,MQTT_QOS0,mqtt_qos0_main_1000_nosleep_20260904_102455.csv,0.405,10.765
2026-09-04T10:35:11.183346,MQTT_QOS0,4,4,3,135,mqtt-qos0-main-4-135,success,13.983,411,221864,209036,110580,-45,0.0,,MQTT_QOS0,mqtt_qos0_main_1000_nosleep_20260904_102455.csv,0.411,13.572000000000001
2026-09-04T10:35:11.397451,MQTT_QOS0,4,4,3,136,mqtt-qos0-main-4-136,success,13.34,407,221864,209036,110580,-44,0.0,,MQTT_QOS0,mqtt_qos0_main_1000_nosleep_20260904_102455.csv,0.407,12.933
2026-09-04T10:35:11.610911,MQTT_QOS0,4,4,3,137,mqtt-qos0-main-4-137,success,12.823,477,221864,209036,110580,-44,0.0,,MQTT_QOS0,mqtt_qos0_main_1000_nosleep_20260904_102455.csv,0.477,12.346
2026-09-04T10:35:11.823860,MQTT_QOS0,4,4,3,138,mqtt-qos0-main-4-138,success,16.143,406,221864,209036,110580,-45,0.0,,MQTT_QOS0,mqtt_qos0_main_1000_nosleep_20260904_102455.csv,0.406,15.737
2026-09-04T10:35:12.040131,MQTT_QOS0,4,4,3,139,mqtt-qos0-main-4-139,success,18.593,409,221864,209036,110580,-46,0.0,,MQTT_QOS0,mqtt_qos0_main_1000_nosleep_20260904_102455.csv,0.409,18.184
2026-09-04T10:35:12.258850,MQTT_QOS0,4,4,3,140,mqtt-qos0-main-4-140,success,13.154,409,221864,209036,110580,-44,0.0,,MQTT_QOS0,mqtt_qos0_main_1000_nosleep_20260904_102455.csv,0.409,12.745
2026-09-04T10:35:12.472157,MQTT_QOS0,4,4,3,141,mqtt-qos0-main-4-141,success,17.283,422,221864,209036,110580,-45,0.0,,MQTT_QOS0,mqtt_qos0_main_1000_nosleep_20260904_102455.csv,0.422,16.861
2026-09-04T10:35:12.689562,MQTT_QOS0,4,4,3,142,mqtt-qos0-main-4-142,success,14.223,407,221864,209036,110580,-44,0.0,,MQTT_QOS0,mqtt_qos0_main_1000_nosleep_20260904_102455.csv,0.407,13.816
2026-09-04T10:35:12.903903,MQTT_QOS0,4,4,3,143,mqtt-qos0-main-4-143,success,13.091,414,221864,209036,110580,-45,0.0,,MQTT_QOS0,mqtt_qos0_main_1000_nosleep_20260904_102455.csv,0.414,12.677
2026-09-04T10:35:13.117128,MQTT_QOS0,4,4,3,144,mqtt-qos0-main-4-144,success,11.876,407,221864,209036,110580,-43,0.0,,MQTT_QOS0,mqtt_qos0_main_1000_nosleep_20260904_102455.csv,0.407,11.469
2026-09-04T10:35:13.329129,MQTT_QOS0,4,4,3,145,mqtt-qos0-main-4-145,success,15.355,478,221864,209036,110580,-45,0.0,,MQTT_QOS0,mqtt_qos0_main_1000_nosleep_20260904_102455.csv,0.478,14.877
2026-09-04T10:35:13.544600,MQTT_QOS0,4,4,3,146,mqtt-qos0-main-4-146,success,13.423,408,221864,209036,110580,-45,0.0,,MQTT_QOS0,mqtt_qos0_main_1000_nosleep_20260904_102455.csv,0.408,13.015
2026-09-04T10:35:13.758142,MQTT_QOS0,4,4,3,147,mqtt-qos0-main-4-147,success,17.784,426,221572,209036,110580,-45,0.0,,MQTT_QOS0,mqtt_qos0_main_1000_nosleep_20260904_102455.csv,0.426,17.358
2026-09-04T10:35:13.976049,MQTT_QOS0,4,4,3,148,mqtt-qos0-main-4-148,success,11.078,407,221864,209036,110580,-45,0.0,,MQTT_QOS0,mqtt_qos0_main_1000_nosleep_20260904_102455.csv,0.407,10.671
2026-09-04T10:35:14.187275,MQTT_QOS0,4,4,3,149,mqtt-qos0-main-4-149,success,15.202,409,221864,209036,110580,-42,0.0,,MQTT_QOS0,mqtt_qos0_main_1000_nosleep_20260904_102455.csv,0.409,14.793
2026-09-04T10:35:14.402597,MQTT_QOS0,4,4,3,150,mqtt-qos0-main-4-150,success,15.138,407,221864,209036,110580,-45,0.0,,MQTT_QOS0,mqtt_qos0_main_1000_nosleep_20260904_102455.csv,0.407,14.731
2026-09-04T10:35:14.617859,MQTT_QOS0,4,4,3,151,mqtt-qos0-main-4-151,success,13.484,419,221864,209036,110580,-44,0.0,,MQTT_QOS0,mqtt_qos0_main_1000_nosleep_20260904_102455.csv,0.419,13.065
2026-09-04T10:35:14.831473,MQTT_QOS0,4,4,3,152,mqtt-qos0-main-4-152,success,30.493,406,221864,209036,110580,-44,0.0,,MQTT_QOS0,mqtt_qos0_main_1000_nosleep_20260904_102455.csv,0.406,30.087
2026-09-04T10:35:15.062093,MQTT_QOS0,4,4,3,153,mqtt-qos0-main-4-153,success,18.506,411,221864,209036,110580,-45,0.0,,MQTT_QOS0,mqtt_qos0_main_1000_nosleep_20260904_102455.csv,0.411,18.095
2026-09-04T10:35:15.280723,MQTT_QOS0,4,4,3,154,mqtt-qos0-main-4-154,success,12.245,415,221864,209036,110580,-41,0.0,,MQTT_QOS0,mqtt_qos0_main_1000_nosleep_20260904_102455.csv,0.415,11.83
2026-09-04T10:35:15.493090,MQTT_QOS0,4,4,3,155,mqtt-qos0-main-4-155,success,12.157,421,221864,209036,110580,-43,0.0,,MQTT_QOS0,mqtt_qos0_main_1000_nosleep_20260904_102455.csv,0.421,11.736
2026-09-04T10:35:15.705365,MQTT_QOS0,4,4,3,156,mqtt-qos0-main-4-156,success,13.255,405,221864,209036,110580,-45,0.0,,MQTT_QOS0,mqtt_qos0_main_1000_nosleep_20260904_102455.csv,0.405,12.850000000000001
2026-09-04T10:35:15.918740,MQTT_QOS0,4,4,3,157,mqtt-qos0-main-4-157,success,12.848,417,221864,209036,110580,-42,0.0,,MQTT_QOS0,mqtt_qos0_main_1000_nosleep_20260904_102455.csv,0.417,12.431000000000001
2026-09-04T10:35:16.131735,MQTT_QOS0,4,4,3,158,mqtt-qos0-main-4-158,success,12.321,450,221864,209036,110580,-41,0.0,,MQTT_QOS0,mqtt_qos0_main_1000_nosleep_20260904_102455.csv,0.45,11.871
2026-09-04T10:35:16.344182,MQTT_QOS0,4,4,3,159,mqtt-qos0-main-4-159,success,15.414,411,221864,209036,110580,-44,0.0,,MQTT_QOS0,mqtt_qos0_main_1000_nosleep_20260904_102455.csv,0.411,15.003
2026-09-04T10:35:16.559722,MQTT_QOS0,4,4,3,160,mqtt-qos0-main-4-160,success,13.441,570,221660,209036,110580,-42,0.0,,MQTT_QOS0,mqtt_qos0_main_1000_nosleep_20260904_102455.csv,0.57,12.871
2026-09-04T10:35:16.773317,MQTT_QOS0,4,4,3,161,mqtt-qos0-main-4-161,success,19.497,413,221572,209036,110580,-45,0.0,,MQTT_QOS0,mqtt_qos0_main_1000_nosleep_20260904_102455.csv,0.413,19.084
2026-09-04T10:35:16.992958,MQTT_QOS0,4,4,3,162,mqtt-qos0-main-4-162,success,12.55,417,221864,209036,110580,-43,0.0,,MQTT_QOS0,mqtt_qos0_main_1000_nosleep_20260904_102455.csv,0.417,12.133000000000001
2026-09-04T10:35:17.205638,MQTT_QOS0,4,4,3,163,mqtt-qos0-main-4-163,success,13.037,414,221864,209036,110580,-44,0.0,,MQTT_QOS0,mqtt_qos0_main_1000_nosleep_20260904_102455.csv,0.414,12.623000000000001
2026-09-04T10:35:17.418800,MQTT_QOS0,4,4,3,164,mqtt-qos0-main-4-164,success,13.259,434,221572,209036,110580,-42,0.0,,MQTT_QOS0,mqtt_qos0_main_1000_nosleep_20260904_102455.csv,0.434,12.825000000000001
2026-09-04T10:35:17.632177,MQTT_QOS0,4,4,3,165,mqtt-qos0-main-4-165,success,23.309,414,221864,209036,110580,-43,0.0,,MQTT_QOS0,mqtt_qos0_main_1000_nosleep_20260904_102455.csv,0.414,22.895
2026-09-04T10:35:17.855609,MQTT_QOS0,4,4,3,166,mqtt-qos0-main-4-166,success,13.484,419,221572,209036,110580,-44,0.0,,MQTT_QOS0,mqtt_qos0_main_1000_nosleep_20260904_102455.csv,0.419,13.065
2026-09-04T10:35:18.069224,MQTT_QOS0,4,4,3,167,mqtt-qos0-main-4-167,success,13.126,405,221864,209036,110580,-44,0.0,,MQTT_QOS0,mqtt_qos0_main_1000_nosleep_20260904_102455.csv,0.405,12.721
2026-09-04T10:35:18.282475,MQTT_QOS0,4,4,3,168,mqtt-qos0-main-4-168,success,15.93,420,221864,209036,110580,-44,0.0,,MQTT_QOS0,mqtt_qos0_main_1000_nosleep_20260904_102455.csv,0.42,15.51
2026-09-04T10:35:18.498535,MQTT_QOS0,4,4,3,169,mqtt-qos0-main-4-169,success,14.7,426,221864,209036,110580,-43,0.0,,MQTT_QOS0,mqtt_qos0_main_1000_nosleep_20260904_102455.csv,0.426,14.274
2026-09-04T10:35:18.713355,MQTT_QOS0,4,4,3,170,mqtt-qos0-main-4-170,success,14.824,428,221864,209036,110580,-44,0.0,,MQTT_QOS0,mqtt_qos0_main_1000_nosleep_20260904_102455.csv,0.428,14.395999999999999
2026-09-04T10:35:18.928312,MQTT_QOS0,4,4,3,171,mqtt-qos0-main-4-171,success,16.811,404,221864,209036,110580,-44,0.0,,MQTT_QOS0,mqtt_qos0_main_1000_nosleep_20260904_102455.csv,0.404,16.407
2026-09-04T10:35:19.145255,MQTT_QOS0,4,4,3,172,mqtt-qos0-main-4-172,success,15.5,411,221864,209036,110580,-41,0.0,,MQTT_QOS0,mqtt_qos0_main_1000_nosleep_20260904_102455.csv,0.411,15.089
2026-09-04T10:35:19.360876,MQTT_QOS0,4,4,3,173,mqtt-qos0-main-4-173,success,13.479,424,221864,209036,110580,-44,0.0,,MQTT_QOS0,mqtt_qos0_main_1000_nosleep_20260904_102455.csv,0.424,13.055
2026-09-04T10:35:19.574489,MQTT_QOS0,4,4,3,174,mqtt-qos0-main-4-174,success,16.762,421,221864,209036,110580,-44,0.0,,MQTT_QOS0,mqtt_qos0_main_1000_nosleep_20260904_102455.csv,0.421,16.341
2026-09-04T10:35:19.791390,MQTT_QOS0,4,4,3,175,mqtt-qos0-main-4-175,success,12.999,427,221864,209036,110580,-44,0.0,,MQTT_QOS0,mqtt_qos0_main_1000_nosleep_20260904_102455.csv,0.427,12.572000000000001
2026-09-04T10:35:20.004528,MQTT_QOS0,4,4,3,176,mqtt-qos0-main-4-176,success,13.952,412,221864,209036,110580,-42,0.0,,MQTT_QOS0,mqtt_qos0_main_1000_nosleep_20260904_102455.csv,0.412,13.54
2026-09-04T10:35:20.218615,MQTT_QOS0,4,4,3,177,mqtt-qos0-main-4-177,success,11.46,414,221864,209036,110580,-44,0.0,,MQTT_QOS0,mqtt_qos0_main_1000_nosleep_20260904_102455.csv,0.414,11.046000000000001
2026-09-04T10:35:20.430199,MQTT_QOS0,4,4,3,178,mqtt-qos0-main-4-178,success,13.741,410,221864,209036,110580,-44,0.0,,MQTT_QOS0,mqtt_qos0_main_1000_nosleep_20260904_102455.csv,0.41,13.331
2026-09-04T10:35:20.644057,MQTT_QOS0,4,4,3,179,mqtt-qos0-main-4-179,success,19.627,405,221864,209036,110580,-41,0.0,,MQTT_QOS0,mqtt_qos0_main_1000_nosleep_20260904_102455.csv,0.405,19.221999999999998
2026-09-04T10:35:20.863819,MQTT_QOS0,4,4,3,180,mqtt-qos0-main-4-180,success,13.386,420,221864,209036,110580,-43,0.0,,MQTT_QOS0,mqtt_qos0_main_1000_nosleep_20260904_102455.csv,0.42,12.966
2026-09-04T10:35:21.077369,MQTT_QOS0,4,4,3,181,mqtt-qos0-main-4-181,success,20.43,404,221864,209036,110580,-43,0.0,,MQTT_QOS0,mqtt_qos0_main_1000_nosleep_20260904_102455.csv,0.404,20.026
2026-09-04T10:35:21.297934,MQTT_QOS0,4,4,3,182,mqtt-qos0-main-4-182,success,12.441,411,221864,209036,110580,-44,0.0,,MQTT_QOS0,mqtt_qos0_main_1000_nosleep_20260904_102455.csv,0.411,12.030000000000001
2026-09-04T10:35:21.510497,MQTT_QOS0,4,4,3,183,mqtt-qos0-main-4-183,success,16.686,405,221864,209036,110580,-45,0.0,,MQTT_QOS0,mqtt_qos0_main_1000_nosleep_20260904_102455.csv,0.405,16.281
2026-09-04T10:35:21.727306,MQTT_QOS0,4,4,3,184,mqtt-qos0-main-4-184,success,11.269,413,221864,209036,110580,-42,0.0,,MQTT_QOS0,mqtt_qos0_main_1000_nosleep_20260904_102455.csv,0.413,10.856
2026-09-04T10:35:21.938697,MQTT_QOS0,4,4,3,185,mqtt-qos0-main-4-185,success,16.111,404,221864,209036,110580,-44,0.0,,MQTT_QOS0,mqtt_qos0_main_1000_nosleep_20260904_102455.csv,0.404,15.707
2026-09-04T10:35:22.154980,MQTT_QOS0,4,4,3,186,mqtt-qos0-main-4-186,success,17.82,412,221864,209036,110580,-44,0.0,,MQTT_QOS0,mqtt_qos0_main_1000_nosleep_20260904_102455.csv,0.412,17.408
2026-09-04T10:35:22.372938,MQTT_QOS0,4,4,3,187,mqtt-qos0-main-4-187,success,11.833,439,221864,209036,110580,-43,0.0,,MQTT_QOS0,mqtt_qos0_main_1000_nosleep_20260904_102455.csv,0.439,11.394
2026-09-04T10:35:22.584897,MQTT_QOS0,4,4,3,188,mqtt-qos0-main-4-188,success,13.844,419,221864,209036,110580,-43,0.0,,MQTT_QOS0,mqtt_qos0_main_1000_nosleep_20260904_102455.csv,0.419,13.424999999999999
2026-09-04T10:35:22.798864,MQTT_QOS0,4,4,3,189,mqtt-qos0-main-4-189,success,15.717,464,221660,209036,110580,-45,0.0,,MQTT_QOS0,mqtt_qos0_main_1000_nosleep_20260904_102455.csv,0.464,15.253
2026-09-04T10:35:23.014732,MQTT_QOS0,4,4,3,190,mqtt-qos0-main-4-190,success,12.298,415,221864,209036,110580,-44,0.0,,MQTT_QOS0,mqtt_qos0_main_1000_nosleep_20260904_102455.csv,0.415,11.883000000000001
2026-09-04T10:35:23.227171,MQTT_QOS0,4,4,3,191,mqtt-qos0-main-4-191,success,16.689,417,221864,209036,110580,-45,0.0,,MQTT_QOS0,mqtt_qos0_main_1000_nosleep_20260904_102455.csv,0.417,16.272
2026-09-04T10:35:23.443991,MQTT_QOS0,4,4,3,192,mqtt-qos0-main-4-192,success,12.339,406,221864,209036,110580,-43,0.0,,MQTT_QOS0,mqtt_qos0_main_1000_nosleep_20260904_102455.csv,0.406,11.933
2026-09-04T10:35:23.656453,MQTT_QOS0,4,4,3,193,mqtt-qos0-main-4-193,success,15.018,420,221864,209036,110580,-44,0.0,,MQTT_QOS0,mqtt_qos0_main_1000_nosleep_20260904_102455.csv,0.42,14.598
2026-09-04T10:35:23.871593,MQTT_QOS0,4,4,3,194,mqtt-qos0-main-4-194,success,11.182,415,221864,209036,110580,-44,0.0,,MQTT_QOS0,mqtt_qos0_main_1000_nosleep_20260904_102455.csv,0.415,10.767000000000001
2026-09-04T10:35:24.082908,MQTT_QOS0,4,4,3,195,mqtt-qos0-main-4-195,success,14.319,508,221572,209036,110580,-41,0.0,,MQTT_QOS0,mqtt_qos0_main_1000_nosleep_20260904_102455.csv,0.508,13.811
2026-09-04T10:35:24.297350,MQTT_QOS0,4,4,3,196,mqtt-qos0-main-4-196,success,12.809,408,221864,209036,110580,-44,0.0,,MQTT_QOS0,mqtt_qos0_main_1000_nosleep_20260904_102455.csv,0.408,12.401
2026-09-04T10:35:24.510294,MQTT_QOS0,4,4,3,197,mqtt-qos0-main-4-197,success,12.785,413,221864,209036,110580,-45,0.0,,MQTT_QOS0,mqtt_qos0_main_1000_nosleep_20260904_102455.csv,0.413,12.372
2026-09-04T10:35:24.723207,MQTT_QOS0,4,4,3,198,mqtt-qos0-main-4-198,success,15.853,406,221864,209036,110580,-41,0.0,,MQTT_QOS0,mqtt_qos0_main_1000_nosleep_20260904_102455.csv,0.406,15.447
2026-09-04T10:35:24.939181,MQTT_QOS0,4,4,3,199,mqtt-qos0-main-4-199,success,17.808,423,221864,209036,110580,-44,0.0,,MQTT_QOS0,mqtt_qos0_main_1000_nosleep_20260904_102455.csv,0.423,17.385
2026-09-04T10:35:25.157122,MQTT_QOS0,4,4,3,200,mqtt-qos0-main-4-200,success,14.172,408,221864,209036,110580,-44,0.0,,MQTT_QOS0,mqtt_qos0_main_1000_nosleep_20260904_102455.csv,0.408,13.764000000000001
2026-09-04T10:36:23.585851,MQTT_QOS0,5,5,2,1,mqtt-qos0-main-5-1,success,59.807,407,225764,209036,110580,-41,0.0,,MQTT_QOS0,mqtt_qos0_main_1000_nosleep_20260904_102455.csv,0.407,59.400000000000006
2026-09-04T10:36:23.845857,MQTT_QOS0,5,5,2,2,mqtt-qos0-main-5-2,success,20.674,586,225560,209036,110580,-41,0.0,,MQTT_QOS0,mqtt_qos0_main_1000_nosleep_20260904_102455.csv,0.586,20.088
2026-09-04T10:36:24.066697,MQTT_QOS0,5,5,2,3,mqtt-qos0-main-5-3,success,13.471,407,225764,209036,110580,-42,0.0,,MQTT_QOS0,mqtt_qos0_main_1000_nosleep_20260904_102455.csv,0.407,13.064
2026-09-04T10:36:24.280297,MQTT_QOS0,5,5,2,4,mqtt-qos0-main-5-4,success,12.346,416,225764,209036,110580,-42,0.0,,MQTT_QOS0,mqtt_qos0_main_1000_nosleep_20260904_102455.csv,0.416,11.93
2026-09-04T10:36:24.492765,MQTT_QOS0,5,5,2,5,mqtt-qos0-main-5-5,success,12.902,405,225764,209036,110580,-42,0.0,,MQTT_QOS0,mqtt_qos0_main_1000_nosleep_20260904_102455.csv,0.405,12.497
2026-09-04T10:36:24.705788,MQTT_QOS0,5,5,2,6,mqtt-qos0-main-5-6,success,16.563,404,225764,209036,110580,-41,0.0,,MQTT_QOS0,mqtt_qos0_main_1000_nosleep_20260904_102455.csv,0.404,16.159
2026-09-04T10:36:24.922471,MQTT_QOS0,5,5,2,7,mqtt-qos0-main-5-7,success,15.92,403,225764,209036,110580,-42,0.0,,MQTT_QOS0,mqtt_qos0_main_1000_nosleep_20260904_102455.csv,0.403,15.517
2026-09-04T10:36:25.138531,MQTT_QOS0,5,5,2,8,mqtt-qos0-main-5-8,success,14.165,405,225764,209036,110580,-42,0.0,,MQTT_QOS0,mqtt_qos0_main_1000_nosleep_20260904_102455.csv,0.405,13.76
2026-09-04T10:36:25.352823,MQTT_QOS0,5,5,2,9,mqtt-qos0-main-5-9,success,13.81,405,225764,209036,110580,-43,0.0,,MQTT_QOS0,mqtt_qos0_main_1000_nosleep_20260904_102455.csv,0.405,13.405000000000001
2026-09-04T10:36:25.566755,MQTT_QOS0,5,5,2,10,mqtt-qos0-main-5-10,success,16.203,427,225560,209036,110580,-44,0.0,,MQTT_QOS0,mqtt_qos0_main_1000_nosleep_20260904_102455.csv,0.427,15.776
2026-09-04T10:36:25.783075,MQTT_QOS0,5,5,2,11,mqtt-qos0-main-5-11,success,17.958,427,225764,209036,110580,-42,0.0,,MQTT_QOS0,mqtt_qos0_main_1000_nosleep_20260904_102455.csv,0.427,17.531
2026-09-04T10:36:26.001163,MQTT_QOS0,5,5,2,12,mqtt-qos0-main-5-12,success,16.751,440,225764,209036,110580,-43,0.0,,MQTT_QOS0,mqtt_qos0_main_1000_nosleep_20260904_102455.csv,0.44,16.311
2026-09-04T10:36:26.218048,MQTT_QOS0,5,5,2,13,mqtt-qos0-main-5-13,success,14.066,403,225764,209036,110580,-42,0.0,,MQTT_QOS0,mqtt_qos0_main_1000_nosleep_20260904_102455.csv,0.403,13.663
2026-09-04T10:36:26.432249,MQTT_QOS0,5,5,2,14,mqtt-qos0-main-5-14,success,16.007,405,225764,209036,110580,-43,0.0,,MQTT_QOS0,mqtt_qos0_main_1000_nosleep_20260904_102455.csv,0.405,15.602000000000002
2026-09-04T10:36:26.648384,MQTT_QOS0,5,5,2,15,mqtt-qos0-main-5-15,success,12.279,403,225764,209036,110580,-43,0.0,,MQTT_QOS0,mqtt_qos0_main_1000_nosleep_20260904_102455.csv,0.403,11.876
2026-09-04T10:36:26.860784,MQTT_QOS0,5,5,2,16,mqtt-qos0-main-5-16,success,13.992,416,225764,209036,110580,-42,0.0,,MQTT_QOS0,mqtt_qos0_main_1000_nosleep_20260904_102455.csv,0.416,13.576
2026-09-04T10:36:27.074899,MQTT_QOS0,5,5,2,17,mqtt-qos0-main-5-17,success,14.439,410,225764,209036,110580,-42,0.0,,MQTT_QOS0,mqtt_qos0_main_1000_nosleep_20260904_102455.csv,0.41,14.029
2026-09-04T10:36:27.289460,MQTT_QOS0,5,5,2,18,mqtt-qos0-main-5-18,success,13.169,410,225764,209036,110580,-43,0.0,,MQTT_QOS0,mqtt_qos0_main_1000_nosleep_20260904_102455.csv,0.41,12.759
2026-09-04T10:36:27.502745,MQTT_QOS0,5,5,2,19,mqtt-qos0-main-5-19,success,18.421,419,225764,209036,110580,-42,0.0,,MQTT_QOS0,mqtt_qos0_main_1000_nosleep_20260904_102455.csv,0.419,18.002
2026-09-04T10:36:27.721287,MQTT_QOS0,5,5,2,20,mqtt-qos0-main-5-20,success,13.948,406,225764,209036,110580,-43,0.0,,MQTT_QOS0,mqtt_qos0_main_1000_nosleep_20260904_102455.csv,0.406,13.542
2026-09-04T10:36:27.935386,MQTT_QOS0,5,5,2,21,mqtt-qos0-main-5-21,success,13.018,410,225764,209036,110580,-43,0.0,,MQTT_QOS0,mqtt_qos0_main_1000_nosleep_20260904_102455.csv,0.41,12.608
2026-09-04T10:36:28.148553,MQTT_QOS0,5,5,2,22,mqtt-qos0-main-5-22,success,16.725,419,223328,209036,110580,-42,0.0,,MQTT_QOS0,mqtt_qos0_main_1000_nosleep_20260904_102455.csv,0.419,16.306
2026-09-04T10:36:28.365406,MQTT_QOS0,5,5,2,23,mqtt-qos0-main-5-23,success,14.953,403,225764,209036,110580,-42,0.0,,MQTT_QOS0,mqtt_qos0_main_1000_nosleep_20260904_102455.csv,0.403,14.549999999999999
2026-09-04T10:36:28.580474,MQTT_QOS0,5,5,2,24,mqtt-qos0-main-5-24,success,16.265,410,225764,209036,110580,-42,0.0,,MQTT_QOS0,mqtt_qos0_main_1000_nosleep_20260904_102455.csv,0.41,15.855
2026-09-04T10:36:28.796861,MQTT_QOS0,5,5,2,25,mqtt-qos0-main-5-25,success,13.65,404,225764,209036,110580,-42,0.0,,MQTT_QOS0,mqtt_qos0_main_1000_nosleep_20260904_102455.csv,0.404,13.246
2026-09-04T10:36:29.010635,MQTT_QOS0,5,5,2,26,mqtt-qos0-main-5-26,success,13.748,407,225764,209036,110580,-43,0.0,,MQTT_QOS0,mqtt_qos0_main_1000_nosleep_20260904_102455.csv,0.407,13.341
2026-09-04T10:36:29.224504,MQTT_QOS0,5,5,2,27,mqtt-qos0-main-5-27,success,12.761,409,225764,209036,110580,-42,0.0,,MQTT_QOS0,mqtt_qos0_main_1000_nosleep_20260904_102455.csv,0.409,12.351999999999999
2026-09-04T10:36:29.437386,MQTT_QOS0,5,5,2,28,mqtt-qos0-main-5-28,success,12.524,411,225764,209036,110580,-43,0.0,,MQTT_QOS0,mqtt_qos0_main_1000_nosleep_20260904_102455.csv,0.411,12.113
2026-09-04T10:36:29.650025,MQTT_QOS0,5,5,2,29,mqtt-qos0-main-5-29,success,28.311,403,225764,209036,110580,-43,0.0,,MQTT_QOS0,mqtt_qos0_main_1000_nosleep_20260904_102455.csv,0.403,27.908
2026-09-04T10:36:29.878451,MQTT_QOS0,5,5,2,30,mqtt-qos0-main-5-30,success,14.994,413,225764,209036,110580,-42,0.0,,MQTT_QOS0,mqtt_qos0_main_1000_nosleep_20260904_102455.csv,0.413,14.581
2026-09-04T10:36:30.093565,MQTT_QOS0,5,5,2,31,mqtt-qos0-main-5-31,success,19.022,582,225764,209036,110580,-43,0.0,,MQTT_QOS0,mqtt_qos0_main_1000_nosleep_20260904_102455.csv,0.582,18.439999999999998
2026-09-04T10:36:30.312705,MQTT_QOS0,5,5,2,32,mqtt-qos0-main-5-32,success,13.687,563,225560,209036,110580,-41,0.0,,MQTT_QOS0,mqtt_qos0_main_1000_nosleep_20260904_102455.csv,0.563,13.123999999999999
2026-09-04T10:36:30.526510,MQTT_QOS0,5,5,2,33,mqtt-qos0-main-5-33,success,21.888,412,225764,209036,110580,-43,0.0,,MQTT_QOS0,mqtt_qos0_main_1000_nosleep_20260904_102455.csv,0.412,21.476000000000003
2026-09-04T10:36:30.748516,MQTT_QOS0,5,5,2,34,mqtt-qos0-main-5-34,success,15.578,408,225764,209036,110580,-42,0.0,,MQTT_QOS0,mqtt_qos0_main_1000_nosleep_20260904_102455.csv,0.408,15.17
2026-09-04T10:36:30.964205,MQTT_QOS0,5,5,2,35,mqtt-qos0-main-5-35,success,12.505,403,225764,209036,110580,-41,0.0,,MQTT_QOS0,mqtt_qos0_main_1000_nosleep_20260904_102455.csv,0.403,12.102
2026-09-04T10:36:31.176834,MQTT_QOS0,5,5,2,36,mqtt-qos0-main-5-36,success,16.345,406,225764,209036,110580,-42,0.0,,MQTT_QOS0,mqtt_qos0_main_1000_nosleep_20260904_102455.csv,0.406,15.938999999999998
2026-09-04T10:36:31.393293,MQTT_QOS0,5,5,2,37,mqtt-qos0-main-5-37,success,13.28,405,225764,209036,110580,-43,0.0,,MQTT_QOS0,mqtt_qos0_main_1000_nosleep_20260904_102455.csv,0.405,12.875
2026-09-04T10:36:31.606685,MQTT_QOS0,5,5,2,38,mqtt-qos0-main-5-38,success,13.299,415,225764,209036,110580,-44,0.0,,MQTT_QOS0,mqtt_qos0_main_1000_nosleep_20260904_102455.csv,0.415,12.884
2026-09-04T10:36:31.820104,MQTT_QOS0,5,5,2,39,mqtt-qos0-main-5-39,success,12.379,406,225764,209036,110580,-44,0.0,,MQTT_QOS0,mqtt_qos0_main_1000_nosleep_20260904_102455.csv,0.406,11.972999999999999
2026-09-04T10:36:32.032609,MQTT_QOS0,5,5,2,40,mqtt-qos0-main-5-40,success,12.999,455,225764,209036,110580,-44,0.0,,MQTT_QOS0,mqtt_qos0_main_1000_nosleep_20260904_102455.csv,0.455,12.544
2026-09-04T10:36:32.245761,MQTT_QOS0,5,5,2,41,mqtt-qos0-main-5-41,success,15.734,405,225764,209036,110580,-44,0.0,,MQTT_QOS0,mqtt_qos0_main_1000_nosleep_20260904_102455.csv,0.405,15.329
2026-09-04T10:36:32.461630,MQTT_QOS0,5,5,2,42,mqtt-qos0-main-5-42,success,19.64,406,225764,209036,110580,-50,0.0,,MQTT_QOS0,mqtt_qos0_main_1000_nosleep_20260904_102455.csv,0.406,19.234
2026-09-04T10:36:32.681383,MQTT_QOS0,5,5,2,43,mqtt-qos0-main-5-43,success,11.757,406,225764,209036,110580,-42,0.0,,MQTT_QOS0,mqtt_qos0_main_1000_nosleep_20260904_102455.csv,0.406,11.350999999999999
2026-09-04T10:36:32.893253,MQTT_QOS0,5,5,2,44,mqtt-qos0-main-5-44,success,15.386,405,225764,209036,110580,-42,0.0,,MQTT_QOS0,mqtt_qos0_main_1000_nosleep_20260904_102455.csv,0.405,14.981
2026-09-04T10:36:33.108760,MQTT_QOS0,5,5,2,45,mqtt-qos0-main-5-45,success,13.162,405,225764,209036,110580,-43,0.0,,MQTT_QOS0,mqtt_qos0_main_1000_nosleep_20260904_102455.csv,0.405,12.757000000000001
2026-09-04T10:36:33.322039,MQTT_QOS0,5,5,2,46,mqtt-qos0-main-5-46,success,15.548,411,225764,209036,110580,-42,0.0,,MQTT_QOS0,mqtt_qos0_main_1000_nosleep_20260904_102455.csv,0.411,15.137
2026-09-04T10:36:33.537699,MQTT_QOS0,5,5,2,47,mqtt-qos0-main-5-47,success,13.811,421,225764,209036,110580,-42,0.0,,MQTT_QOS0,mqtt_qos0_main_1000_nosleep_20260904_102455.csv,0.421,13.39
2026-09-04T10:36:33.751628,MQTT_QOS0,5,5,2,48,mqtt-qos0-main-5-48,success,15.069,407,225764,209036,110580,-41,0.0,,MQTT_QOS0,mqtt_qos0_main_1000_nosleep_20260904_102455.csv,0.407,14.662
2026-09-04T10:36:33.966818,MQTT_QOS0,5,5,2,49,mqtt-qos0-main-5-49,success,14.935,404,225764,209036,110580,-41,0.0,,MQTT_QOS0,mqtt_qos0_main_1000_nosleep_20260904_102455.csv,0.404,14.531
2026-09-04T10:36:34.181879,MQTT_QOS0,5,5,2,50,mqtt-qos0-main-5-50,success,11.856,416,225764,209036,110580,-43,0.0,,MQTT_QOS0,mqtt_qos0_main_1000_nosleep_20260904_102455.csv,0.416,11.44
2026-09-04T10:36:34.393860,MQTT_QOS0,5,5,2,51,mqtt-qos0-main-5-51,success,17.427,417,225468,209036,110580,-43,0.0,,MQTT_QOS0,mqtt_qos0_main_1000_nosleep_20260904_102455.csv,0.417,17.009999999999998
2026-09-04T10:36:34.611398,MQTT_QOS0,5,5,2,52,mqtt-qos0-main-5-52,success,13.33,412,225764,209036,110580,-41,0.0,,MQTT_QOS0,mqtt_qos0_main_1000_nosleep_20260904_102455.csv,0.412,12.918
2026-09-04T10:36:34.824855,MQTT_QOS0,5,5,2,53,mqtt-qos0-main-5-53,success,13.463,411,225764,209036,110580,-42,0.0,,MQTT_QOS0,mqtt_qos0_main_1000_nosleep_20260904_102455.csv,0.411,13.052
2026-09-04T10:36:35.038448,MQTT_QOS0,5,5,2,54,mqtt-qos0-main-5-54,success,12.44,407,225764,209036,110580,-41,0.0,,MQTT_QOS0,mqtt_qos0_main_1000_nosleep_20260904_102455.csv,0.407,12.033
2026-09-04T10:36:35.251009,MQTT_QOS0,5,5,2,55,mqtt-qos0-main-5-55,success,14.6,420,225764,209036,110580,-40,0.0,,MQTT_QOS0,mqtt_qos0_main_1000_nosleep_20260904_102455.csv,0.42,14.18
2026-09-04T10:36:35.465741,MQTT_QOS0,5,5,2,56,mqtt-qos0-main-5-56,success,13.07,452,225764,209036,110580,-41,0.0,,MQTT_QOS0,mqtt_qos0_main_1000_nosleep_20260904_102455.csv,0.452,12.618
2026-09-04T10:36:35.678928,MQTT_QOS0,5,5,2,57,mqtt-qos0-main-5-57,success,22.757,433,225764,209036,110580,-41,0.0,,MQTT_QOS0,mqtt_qos0_main_1000_nosleep_20260904_102455.csv,0.433,22.324
2026-09-04T10:36:35.901798,MQTT_QOS0,5,5,2,58,mqtt-qos0-main-5-58,success,16.526,415,225764,209036,110580,-42,0.0,,MQTT_QOS0,mqtt_qos0_main_1000_nosleep_20260904_102455.csv,0.415,16.111
2026-09-04T10:36:36.118444,MQTT_QOS0,5,5,2,59,mqtt-qos0-main-5-59,success,12.733,404,225764,209036,110580,-41,0.0,,MQTT_QOS0,mqtt_qos0_main_1000_nosleep_20260904_102455.csv,0.404,12.329
2026-09-04T10:36:36.331296,MQTT_QOS0,5,5,2,60,mqtt-qos0-main-5-60,success,13.043,416,225764,209036,110580,-41,0.0,,MQTT_QOS0,mqtt_qos0_main_1000_nosleep_20260904_102455.csv,0.416,12.626999999999999
2026-09-04T10:36:36.544487,MQTT_QOS0,5,5,2,61,mqtt-qos0-main-5-61,success,19.934,414,225764,209036,110580,-69,0.0,,MQTT_QOS0,mqtt_qos0_main_1000_nosleep_20260904_102455.csv,0.414,19.52
2026-09-04T10:36:36.764546,MQTT_QOS0,5,5,2,62,mqtt-qos0-main-5-62,success,12.201,471,225268,209036,110580,-41,0.0,,MQTT_QOS0,mqtt_qos0_main_1000_nosleep_20260904_102455.csv,0.471,11.73
2026-09-04T10:36:36.976861,MQTT_QOS0,5,5,2,63,mqtt-qos0-main-5-63,success,18.799,407,225764,209036,110580,-41,0.0,,MQTT_QOS0,mqtt_qos0_main_1000_nosleep_20260904_102455.csv,0.407,18.392
2026-09-04T10:36:37.195788,MQTT_QOS0,5,5,2,64,mqtt-qos0-main-5-64,success,16.43,408,225764,209036,110580,-41,0.0,,MQTT_QOS0,mqtt_qos0_main_1000_nosleep_20260904_102455.csv,0.408,16.022
2026-09-04T10:36:37.412338,MQTT_QOS0,5,5,2,65,mqtt-qos0-main-5-65,success,14.006,405,225764,209036,110580,-41,0.0,,MQTT_QOS0,mqtt_qos0_main_1000_nosleep_20260904_102455.csv,0.405,13.601
2026-09-04T10:36:37.626460,MQTT_QOS0,5,5,2,66,mqtt-qos0-main-5-66,success,14.738,416,225764,209036,110580,-42,0.0,,MQTT_QOS0,mqtt_qos0_main_1000_nosleep_20260904_102455.csv,0.416,14.322
2026-09-04T10:36:37.841319,MQTT_QOS0,5,5,2,67,mqtt-qos0-main-5-67,success,12.215,411,225764,209036,110580,-42,0.0,,MQTT_QOS0,mqtt_qos0_main_1000_nosleep_20260904_102455.csv,0.411,11.804
2026-09-04T10:36:38.053664,MQTT_QOS0,5,5,2,68,mqtt-qos0-main-5-68,success,15.511,407,225764,209036,110580,-41,0.0,,MQTT_QOS0,mqtt_qos0_main_1000_nosleep_20260904_102455.csv,0.407,15.104
2026-09-04T10:36:38.269299,MQTT_QOS0,5,5,2,69,mqtt-qos0-main-5-69,success,12.298,416,223328,209036,110580,-42,0.0,,MQTT_QOS0,mqtt_qos0_main_1000_nosleep_20260904_102455.csv,0.416,11.882
2026-09-04T10:36:38.481721,MQTT_QOS0,5,5,2,70,mqtt-qos0-main-5-70,success,13.277,407,225764,209036,110580,-42,0.0,,MQTT_QOS0,mqtt_qos0_main_1000_nosleep_20260904_102455.csv,0.407,12.87
2026-09-04T10:36:38.695117,MQTT_QOS0,5,5,2,71,mqtt-qos0-main-5-71,success,19.48,402,225764,209036,110580,-41,0.0,,MQTT_QOS0,mqtt_qos0_main_1000_nosleep_20260904_102455.csv,0.402,19.078
2026-09-04T10:36:38.914713,MQTT_QOS0,5,5,2,72,mqtt-qos0-main-5-72,success,12.787,405,225764,209036,110580,-42,0.0,,MQTT_QOS0,mqtt_qos0_main_1000_nosleep_20260904_102455.csv,0.405,12.382000000000001
2026-09-04T10:36:39.127633,MQTT_QOS0,5,5,2,73,mqtt-qos0-main-5-73,success,12.973,415,225764,209036,110580,-42,0.0,,MQTT_QOS0,mqtt_qos0_main_1000_nosleep_20260904_102455.csv,0.415,12.558000000000002
2026-09-04T10:36:39.340722,MQTT_QOS0,5,5,2,74,mqtt-qos0-main-5-74,success,13.543,420,225472,209036,110580,-43,0.0,,MQTT_QOS0,mqtt_qos0_main_1000_nosleep_20260904_102455.csv,0.42,13.123
2026-09-04T10:36:39.554382,MQTT_QOS0,5,5,2,75,mqtt-qos0-main-5-75,success,15.96,401,225764,209036,110580,-41,0.0,,MQTT_QOS0,mqtt_qos0_main_1000_nosleep_20260904_102455.csv,0.401,15.559000000000001
2026-09-04T10:36:39.770454,MQTT_QOS0,5,5,2,76,mqtt-qos0-main-5-76,success,16.626,408,225764,209036,110580,-43,0.0,,MQTT_QOS0,mqtt_qos0_main_1000_nosleep_20260904_102455.csv,0.408,16.218
2026-09-04T10:36:39.987210,MQTT_QOS0,5,5,2,77,mqtt-qos0-main-5-77,success,15.571,403,225764,209036,110580,-42,0.0,,MQTT_QOS0,mqtt_qos0_main_1000_nosleep_20260904_102455.csv,0.403,15.168
2026-09-04T10:36:40.202907,MQTT_QOS0,5,5,2,78,mqtt-qos0-main-5-78,success,14.453,414,225764,209036,110580,-41,0.0,,MQTT_QOS0,mqtt_qos0_main_1000_nosleep_20260904_102455.csv,0.414,14.039
2026-09-04T10:36:40.417479,MQTT_QOS0,5,5,2,79,mqtt-qos0-main-5-79,success,12.916,401,225764,209036,110580,-41,0.0,,MQTT_QOS0,mqtt_qos0_main_1000_nosleep_20260904_102455.csv,0.401,12.515
2026-09-04T10:36:40.630509,MQTT_QOS0,5,5,2,80,mqtt-qos0-main-5-80,success,13.552,407,225764,209036,110580,-42,0.0,,MQTT_QOS0,mqtt_qos0_main_1000_nosleep_20260904_102455.csv,0.407,13.145
2026-09-04T10:36:40.844211,MQTT_QOS0,5,5,2,81,mqtt-qos0-main-5-81,success,17.296,417,225472,209036,110580,-42,0.0,,MQTT_QOS0,mqtt_qos0_main_1000_nosleep_20260904_102455.csv,0.417,16.878999999999998
2026-09-04T10:36:41.061651,MQTT_QOS0,5,5,2,82,mqtt-qos0-main-5-82,success,13.835,407,225764,209036,110580,-41,0.0,,MQTT_QOS0,mqtt_qos0_main_1000_nosleep_20260904_102455.csv,0.407,13.428
2026-09-04T10:36:41.275616,MQTT_QOS0,5,5,2,83,mqtt-qos0-main-5-83,success,14.697,409,225764,209036,110580,-42,0.0,,MQTT_QOS0,mqtt_qos0_main_1000_nosleep_20260904_102455.csv,0.409,14.287999999999998
2026-09-04T10:36:41.490438,MQTT_QOS0,5,5,2,84,mqtt-qos0-main-5-84,success,16.279,407,225764,209036,110580,-41,0.0,,MQTT_QOS0,mqtt_qos0_main_1000_nosleep_20260904_102455.csv,0.407,15.872
2026-09-04T10:36:41.706833,MQTT_QOS0,5,5,2,85,mqtt-qos0-main-5-85,success,12.972,421,223328,209036,110580,-42,0.0,,MQTT_QOS0,mqtt_qos0_main_1000_nosleep_20260904_102455.csv,0.421,12.551
2026-09-04T10:36:41.919921,MQTT_QOS0,5,5,2,86,mqtt-qos0-main-5-86,success,13.852,414,225764,209036,110580,-40,0.0,,MQTT_QOS0,mqtt_qos0_main_1000_nosleep_20260904_102455.csv,0.414,13.438
2026-09-04T10:36:42.133896,MQTT_QOS0,5,5,2,87,mqtt-qos0-main-5-87,success,12.992,405,225764,209036,110580,-41,0.0,,MQTT_QOS0,mqtt_qos0_main_1000_nosleep_20260904_102455.csv,0.405,12.587000000000002
2026-09-04T10:36:42.347007,MQTT_QOS0,5,5,2,88,mqtt-qos0-main-5-88,success,12.411,432,225764,209036,110580,-41,0.0,,MQTT_QOS0,mqtt_qos0_main_1000_nosleep_20260904_102455.csv,0.432,11.979
2026-09-04T10:36:42.559537,MQTT_QOS0,5,5,2,89,mqtt-qos0-main-5-89,success,13.327,402,225764,209036,110580,-41,0.0,,MQTT_QOS0,mqtt_qos0_main_1000_nosleep_20260904_102455.csv,0.402,12.925
2026-09-04T10:36:42.772981,MQTT_QOS0,5,5,2,90,mqtt-qos0-main-5-90,success,12.774,405,225764,209036,110580,-42,0.0,,MQTT_QOS0,mqtt_qos0_main_1000_nosleep_20260904_102455.csv,0.405,12.369
2026-09-04T10:36:42.985876,MQTT_QOS0,5,5,2,91,mqtt-qos0-main-5-91,success,13.829,412,225764,209036,110580,-42,0.0,,MQTT_QOS0,mqtt_qos0_main_1000_nosleep_20260904_102455.csv,0.412,13.417
2026-09-04T10:36:43.199832,MQTT_QOS0,5,5,2,92,mqtt-qos0-main-5-92,success,16.901,525,225560,209036,110580,-73,0.0,,MQTT_QOS0,mqtt_qos0_main_1000_nosleep_20260904_102455.csv,0.525,16.376
2026-09-04T10:36:43.416846,MQTT_QOS0,5,5,2,93,mqtt-qos0-main-5-93,success,13.429,409,225764,209036,110580,-41,0.0,,MQTT_QOS0,mqtt_qos0_main_1000_nosleep_20260904_102455.csv,0.409,13.02
2026-09-04T10:36:43.630386,MQTT_QOS0,5,5,2,94,mqtt-qos0-main-5-94,success,13.071,405,225764,209036,110580,-43,0.0,,MQTT_QOS0,mqtt_qos0_main_1000_nosleep_20260904_102455.csv,0.405,12.666
2026-09-04T10:36:43.843567,MQTT_QOS0,5,5,2,95,mqtt-qos0-main-5-95,success,13.073,404,225764,209036,110580,-41,0.0,,MQTT_QOS0,mqtt_qos0_main_1000_nosleep_20260904_102455.csv,0.404,12.669
2026-09-04T10:36:44.056760,MQTT_QOS0,5,5,2,96,mqtt-qos0-main-5-96,success,12.086,405,225764,209036,110580,-42,0.0,,MQTT_QOS0,mqtt_qos0_main_1000_nosleep_20260904_102455.csv,0.405,11.681000000000001
2026-09-04T10:36:44.268961,MQTT_QOS0,5,5,2,97,mqtt-qos0-main-5-97,success,13.808,404,225764,209036,110580,-42,0.0,,MQTT_QOS0,mqtt_qos0_main_1000_nosleep_20260904_102455.csv,0.404,13.404
2026-09-04T10:36:44.482883,MQTT_QOS0,5,5,2,98,mqtt-qos0-main-5-98,success,15.538,412,225764,209036,110580,-41,0.0,,MQTT_QOS0,mqtt_qos0_main_1000_nosleep_20260904_102455.csv,0.412,15.126
2026-09-04T10:36:44.698535,MQTT_QOS0,5,5,2,99,mqtt-qos0-main-5-99,success,12.412,407,225764,209036,110580,-42,0.0,,MQTT_QOS0,mqtt_qos0_main_1000_nosleep_20260904_102455.csv,0.407,12.005
2026-09-04T10:36:44.911056,MQTT_QOS0,5,5,2,100,mqtt-qos0-main-5-100,success,17.362,415,225764,209036,110580,-41,0.0,,MQTT_QOS0,mqtt_qos0_main_1000_nosleep_20260904_102455.csv,0.415,16.947
2026-09-04T10:36:45.128575,MQTT_QOS0,5,5,2,101,mqtt-qos0-main-5-101,success,12.257,410,225764,209036,110580,-41,0.0,,MQTT_QOS0,mqtt_qos0_main_1000_nosleep_20260904_102455.csv,0.41,11.847
2026-09-04T10:36:45.340966,MQTT_QOS0,5,5,2,102,mqtt-qos0-main-5-102,success,16.53,413,225764,209036,110580,-41,0.0,,MQTT_QOS0,mqtt_qos0_main_1000_nosleep_20260904_102455.csv,0.413,16.117
2026-09-04T10:36:45.557615,MQTT_QOS0,5,5,2,103,mqtt-qos0-main-5-103,success,17.38,417,225764,209036,110580,-41,0.0,,MQTT_QOS0,mqtt_qos0_main_1000_nosleep_20260904_102455.csv,0.417,16.962999999999997
2026-09-04T10:36:45.775113,MQTT_QOS0,5,5,2,104,mqtt-qos0-main-5-104,success,12.916,407,225764,209036,110580,-42,0.0,,MQTT_QOS0,mqtt_qos0_main_1000_nosleep_20260904_102455.csv,0.407,12.509
2026-09-04T10:36:45.988161,MQTT_QOS0,5,5,2,105,mqtt-qos0-main-5-105,success,13.582,406,225756,209036,110580,-43,0.0,,MQTT_QOS0,mqtt_qos0_main_1000_nosleep_20260904_102455.csv,0.406,13.176
2026-09-04T10:36:46.201887,MQTT_QOS0,5,5,2,106,mqtt-qos0-main-5-106,success,12.635,416,225756,209036,110580,-42,0.0,,MQTT_QOS0,mqtt_qos0_main_1000_nosleep_20260904_102455.csv,0.416,12.219
2026-09-04T10:36:46.414648,MQTT_QOS0,5,5,2,107,mqtt-qos0-main-5-107,success,13.409,419,225756,209036,110580,-42,0.0,,MQTT_QOS0,mqtt_qos0_main_1000_nosleep_20260904_102455.csv,0.419,12.99
2026-09-04T10:36:46.628181,MQTT_QOS0,5,5,2,108,mqtt-qos0-main-5-108,success,11.792,418,225756,209036,110580,-40,0.0,,MQTT_QOS0,mqtt_qos0_main_1000_nosleep_20260904_102455.csv,0.418,11.374
2026-09-04T10:36:46.840101,MQTT_QOS0,5,5,2,109,mqtt-qos0-main-5-109,success,12.806,420,223328,209036,110580,-38,0.0,,MQTT_QOS0,mqtt_qos0_main_1000_nosleep_20260904_102455.csv,0.42,12.386
2026-09-04T10:36:47.053035,MQTT_QOS0,5,5,2,110,mqtt-qos0-main-5-110,success,16.251,408,225764,209036,110580,-39,0.0,,MQTT_QOS0,mqtt_qos0_main_1000_nosleep_20260904_102455.csv,0.408,15.843000000000002
2026-09-04T10:36:47.269402,MQTT_QOS0,5,5,2,111,mqtt-qos0-main-5-111,success,17.393,423,225472,209036,110580,-42,0.0,,MQTT_QOS0,mqtt_qos0_main_1000_nosleep_20260904_102455.csv,0.423,16.970000000000002
2026-09-04T10:36:47.486913,MQTT_QOS0,5,5,2,112,mqtt-qos0-main-5-112,success,11.881,433,225764,209036,110580,-41,0.0,,MQTT_QOS0,mqtt_qos0_main_1000_nosleep_20260904_102455.csv,0.433,11.448
2026-09-04T10:36:47.698908,MQTT_QOS0,5,5,2,113,mqtt-qos0-main-5-113,success,12.169,410,225764,209036,110580,-39,0.0,,MQTT_QOS0,mqtt_qos0_main_1000_nosleep_20260904_102455.csv,0.41,11.759
2026-09-04T10:36:47.911187,MQTT_QOS0,5,5,2,114,mqtt-qos0-main-5-114,success,21.957,406,225764,209036,110580,-40,0.0,,MQTT_QOS0,mqtt_qos0_main_1000_nosleep_20260904_102455.csv,0.406,21.551000000000002
2026-09-04T10:36:48.133270,MQTT_QOS0,5,5,2,115,mqtt-qos0-main-5-115,success,13.626,415,225472,209036,110580,-37,0.0,,MQTT_QOS0,mqtt_qos0_main_1000_nosleep_20260904_102455.csv,0.415,13.211
2026-09-04T10:36:48.347015,MQTT_QOS0,5,5,2,116,mqtt-qos0-main-5-116,success,18.409,406,225764,209036,110580,-40,0.0,,MQTT_QOS0,mqtt_qos0_main_1000_nosleep_20260904_102455.csv,0.406,18.003
2026-09-04T10:36:48.565541,MQTT_QOS0,5,5,2,117,mqtt-qos0-main-5-117,success,22.707,425,225764,209036,110580,-40,0.0,,MQTT_QOS0,mqtt_qos0_main_1000_nosleep_20260904_102455.csv,0.425,22.282
2026-09-04T10:36:48.788369,MQTT_QOS0,5,5,2,118,mqtt-qos0-main-5-118,success,11.787,424,225764,209036,110580,-37,0.0,,MQTT_QOS0,mqtt_qos0_main_1000_nosleep_20260904_102455.csv,0.424,11.363000000000001
2026-09-04T10:36:49.000282,MQTT_QOS0,5,5,2,119,mqtt-qos0-main-5-119,success,16.484,414,225764,209036,110580,-39,0.0,,MQTT_QOS0,mqtt_qos0_main_1000_nosleep_20260904_102455.csv,0.414,16.07
2026-09-04T10:36:49.216891,MQTT_QOS0,5,5,2,120,mqtt-qos0-main-5-120,success,16.848,424,223328,209036,110580,-39,0.0,,MQTT_QOS0,mqtt_qos0_main_1000_nosleep_20260904_102455.csv,0.424,16.424
2026-09-04T10:36:49.433883,MQTT_QOS0,5,5,2,121,mqtt-qos0-main-5-121,success,16.85,605,225268,209036,110580,-38,0.0,,MQTT_QOS0,mqtt_qos0_main_1000_nosleep_20260904_102455.csv,0.605,16.245
2026-09-04T10:36:49.650865,MQTT_QOS0,5,5,2,122,mqtt-qos0-main-5-122,success,19.817,417,225764,209036,110580,-39,0.0,,MQTT_QOS0,mqtt_qos0_main_1000_nosleep_20260904_102455.csv,0.417,19.4
2026-09-04T10:36:49.870820,MQTT_QOS0,5,5,2,123,mqtt-qos0-main-5-123,success,12.374,406,225764,209036,110580,-39,0.0,,MQTT_QOS0,mqtt_qos0_main_1000_nosleep_20260904_102455.csv,0.406,11.968
2026-09-04T10:36:50.083325,MQTT_QOS0,5,5,2,124,mqtt-qos0-main-5-124,success,12.695,402,225764,209036,110580,-40,0.0,,MQTT_QOS0,mqtt_qos0_main_1000_nosleep_20260904_102455.csv,0.402,12.293000000000001
2026-09-04T10:36:50.296145,MQTT_QOS0,5,5,2,125,mqtt-qos0-main-5-125,success,13.787,407,225764,209036,110580,-40,0.0,,MQTT_QOS0,mqtt_qos0_main_1000_nosleep_20260904_102455.csv,0.407,13.38
2026-09-04T10:36:50.510058,MQTT_QOS0,5,5,2,126,mqtt-qos0-main-5-126,success,14.004,414,225764,209036,110580,-39,0.0,,MQTT_QOS0,mqtt_qos0_main_1000_nosleep_20260904_102455.csv,0.414,13.59
2026-09-04T10:36:50.724188,MQTT_QOS0,5,5,2,127,mqtt-qos0-main-5-127,success,11.024,419,225764,209036,110580,-39,0.0,,MQTT_QOS0,mqtt_qos0_main_1000_nosleep_20260904_102455.csv,0.419,10.604999999999999
2026-09-04T10:36:50.935331,MQTT_QOS0,5,5,2,128,mqtt-qos0-main-5-128,success,12.929,407,225764,209036,110580,-39,0.0,,MQTT_QOS0,mqtt_qos0_main_1000_nosleep_20260904_102455.csv,0.407,12.522
2026-09-04T10:36:51.148393,MQTT_QOS0,5,5,2,129,mqtt-qos0-main-5-129,success,12.673,406,225764,209036,110580,-39,0.0,,MQTT_QOS0,mqtt_qos0_main_1000_nosleep_20260904_102455.csv,0.406,12.267
2026-09-04T10:36:51.361188,MQTT_QOS0,5,5,2,130,mqtt-qos0-main-5-130,success,15.044,402,225764,209036,110580,-39,0.0,,MQTT_QOS0,mqtt_qos0_main_1000_nosleep_20260904_102455.csv,0.402,14.642000000000001
2026-09-04T10:36:51.576355,MQTT_QOS0,5,5,2,131,mqtt-qos0-main-5-131,success,11.76,421,225764,209036,110580,-38,0.0,,MQTT_QOS0,mqtt_qos0_main_1000_nosleep_20260904_102455.csv,0.421,11.339
2026-09-04T10:36:51.788238,MQTT_QOS0,5,5,2,132,mqtt-qos0-main-5-132,success,11.764,403,225764,209036,110580,-39,0.0,,MQTT_QOS0,mqtt_qos0_main_1000_nosleep_20260904_102455.csv,0.403,11.360999999999999
2026-09-04T10:36:52.000143,MQTT_QOS0,5,5,2,133,mqtt-qos0-main-5-133,success,14.552,407,225764,209036,110580,-38,0.0,,MQTT_QOS0,mqtt_qos0_main_1000_nosleep_20260904_102455.csv,0.407,14.145
2026-09-04T10:36:52.214831,MQTT_QOS0,5,5,2,134,mqtt-qos0-main-5-134,success,16.731,401,225764,209036,110580,-38,0.0,,MQTT_QOS0,mqtt_qos0_main_1000_nosleep_20260904_102455.csv,0.401,16.330000000000002
2026-09-04T10:36:52.431684,MQTT_QOS0,5,5,2,135,mqtt-qos0-main-5-135,success,14.134,406,225764,209036,110580,-39,0.0,,MQTT_QOS0,mqtt_qos0_main_1000_nosleep_20260904_102455.csv,0.406,13.728
2026-09-04T10:36:52.645935,MQTT_QOS0,5,5,2,136,mqtt-qos0-main-5-136,success,12.576,397,225764,209036,110580,-38,0.0,,MQTT_QOS0,mqtt_qos0_main_1000_nosleep_20260904_102455.csv,0.397,12.179
2026-09-04T10:36:52.858635,MQTT_QOS0,5,5,2,137,mqtt-qos0-main-5-137,success,13.886,417,225764,209036,110580,-39,0.0,,MQTT_QOS0,mqtt_qos0_main_1000_nosleep_20260904_102455.csv,0.417,13.469
2026-09-04T10:36:53.072657,MQTT_QOS0,5,5,2,138,mqtt-qos0-main-5-138,success,12.121,413,225472,209036,110580,-40,0.0,,MQTT_QOS0,mqtt_qos0_main_1000_nosleep_20260904_102455.csv,0.413,11.708
2026-09-04T10:36:53.284906,MQTT_QOS0,5,5,2,139,mqtt-qos0-main-5-139,success,15.055,406,225764,209036,110580,-39,0.0,,MQTT_QOS0,mqtt_qos0_main_1000_nosleep_20260904_102455.csv,0.406,14.649
2026-09-04T10:36:53.500078,MQTT_QOS0,5,5,2,140,mqtt-qos0-main-5-140,success,14.628,402,225764,209036,110580,-42,0.0,,MQTT_QOS0,mqtt_qos0_main_1000_nosleep_20260904_102455.csv,0.402,14.226
2026-09-04T10:36:53.714854,MQTT_QOS0,5,5,2,141,mqtt-qos0-main-5-141,success,16.068,423,223328,209036,110580,-41,0.0,,MQTT_QOS0,mqtt_qos0_main_1000_nosleep_20260904_102455.csv,0.423,15.645000000000001
2026-09-04T10:36:53.931052,MQTT_QOS0,5,5,2,142,mqtt-qos0-main-5-142,success,11.984,406,225764,209036,110580,-40,0.0,,MQTT_QOS0,mqtt_qos0_main_1000_nosleep_20260904_102455.csv,0.406,11.578
2026-09-04T10:36:54.143159,MQTT_QOS0,5,5,2,143,mqtt-qos0-main-5-143,success,12.185,409,225764,209036,110580,-39,0.0,,MQTT_QOS0,mqtt_qos0_main_1000_nosleep_20260904_102455.csv,0.409,11.776
2026-09-04T10:36:54.355466,MQTT_QOS0,5,5,2,144,mqtt-qos0-main-5-144,success,13.458,411,225764,209036,110580,-39,0.0,,MQTT_QOS0,mqtt_qos0_main_1000_nosleep_20260904_102455.csv,0.411,13.047
2026-09-04T10:36:54.569039,MQTT_QOS0,5,5,2,145,mqtt-qos0-main-5-145,success,17.34,527,225532,209036,110580,-38,0.0,,MQTT_QOS0,mqtt_qos0_main_1000_nosleep_20260904_102455.csv,0.527,16.813
2026-09-04T10:36:54.786500,MQTT_QOS0,5,5,2,146,mqtt-qos0-main-5-146,success,13.706,427,223328,209036,110580,-41,0.0,,MQTT_QOS0,mqtt_qos0_main_1000_nosleep_20260904_102455.csv,0.427,13.279
2026-09-04T10:36:55.000326,MQTT_QOS0,5,5,2,147,mqtt-qos0-main-5-147,success,12.748,408,225764,209036,110580,-40,0.0,,MQTT_QOS0,mqtt_qos0_main_1000_nosleep_20260904_102455.csv,0.408,12.34
2026-09-04T10:36:55.213190,MQTT_QOS0,5,5,2,148,mqtt-qos0-main-5-148,success,29.857,402,225764,209036,110580,-39,0.0,,MQTT_QOS0,mqtt_qos0_main_1000_nosleep_20260904_102455.csv,0.402,29.455
2026-09-04T10:36:55.443162,MQTT_QOS0,5,5,2,149,mqtt-qos0-main-5-149,success,18.258,405,225764,209036,110580,-41,0.0,,MQTT_QOS0,mqtt_qos0_main_1000_nosleep_20260904_102455.csv,0.405,17.852999999999998
2026-09-04T10:36:55.661537,MQTT_QOS0,5,5,2,150,mqtt-qos0-main-5-150,success,26.686,457,225560,209036,110580,-40,0.0,,MQTT_QOS0,mqtt_qos0_main_1000_nosleep_20260904_102455.csv,0.457,26.229
2026-09-04T10:36:55.888344,MQTT_QOS0,5,5,2,151,mqtt-qos0-main-5-151,success,26.131,408,225764,209036,110580,-39,0.0,,MQTT_QOS0,mqtt_qos0_main_1000_nosleep_20260904_102455.csv,0.408,25.723
2026-09-04T10:36:56.114600,MQTT_QOS0,5,5,2,152,mqtt-qos0-main-5-152,success,13.261,444,225472,209036,110580,-42,0.0,,MQTT_QOS0,mqtt_qos0_main_1000_nosleep_20260904_102455.csv,0.444,12.816999999999998
2026-09-04T10:36:56.327983,MQTT_QOS0,5,5,2,153,mqtt-qos0-main-5-153,success,19.665,403,225764,209036,110580,-39,0.0,,MQTT_QOS0,mqtt_qos0_main_1000_nosleep_20260904_102455.csv,0.403,19.262
2026-09-04T10:36:56.547764,MQTT_QOS0,5,5,2,154,mqtt-qos0-main-5-154,success,15.726,412,225764,209036,110580,-40,0.0,,MQTT_QOS0,mqtt_qos0_main_1000_nosleep_20260904_102455.csv,0.412,15.314
2026-09-04T10:36:56.763603,MQTT_QOS0,5,5,2,155,mqtt-qos0-main-5-155,success,13.928,405,225764,209036,110580,-41,0.0,,MQTT_QOS0,mqtt_qos0_main_1000_nosleep_20260904_102455.csv,0.405,13.523000000000001
2026-09-04T10:36:56.977644,MQTT_QOS0,5,5,2,156,mqtt-qos0-main-5-156,success,12.727,418,225764,209036,110580,-40,0.0,,MQTT_QOS0,mqtt_qos0_main_1000_nosleep_20260904_102455.csv,0.418,12.309000000000001
2026-09-04T10:36:57.190501,MQTT_QOS0,5,5,2,157,mqtt-qos0-main-5-157,success,13.985,402,225764,209036,110580,-40,0.0,,MQTT_QOS0,mqtt_qos0_main_1000_nosleep_20260904_102455.csv,0.402,13.583
2026-09-04T10:36:57.404605,MQTT_QOS0,5,5,2,158,mqtt-qos0-main-5-158,success,14.294,406,225764,209036,110580,-40,0.0,,MQTT_QOS0,mqtt_qos0_main_1000_nosleep_20260904_102455.csv,0.406,13.888
2026-09-04T10:36:57.619009,MQTT_QOS0,5,5,2,159,mqtt-qos0-main-5-159,success,12.712,402,225764,209036,110580,-41,0.0,,MQTT_QOS0,mqtt_qos0_main_1000_nosleep_20260904_102455.csv,0.402,12.31
2026-09-04T10:36:57.831841,MQTT_QOS0,5,5,2,160,mqtt-qos0-main-5-160,success,13.207,420,225764,209036,110580,-40,0.0,,MQTT_QOS0,mqtt_qos0_main_1000_nosleep_20260904_102455.csv,0.42,12.787
2026-09-04T10:36:58.045250,MQTT_QOS0,5,5,2,161,mqtt-qos0-main-5-161,success,17.519,411,225764,209036,110580,-41,0.0,,MQTT_QOS0,mqtt_qos0_main_1000_nosleep_20260904_102455.csv,0.411,17.107999999999997
2026-09-04T10:36:58.262916,MQTT_QOS0,5,5,2,162,mqtt-qos0-main-5-162,success,19.357,408,225764,209036,110580,-40,0.0,,MQTT_QOS0,mqtt_qos0_main_1000_nosleep_20260904_102455.csv,0.408,18.948999999999998
2026-09-04T10:36:58.482412,MQTT_QOS0,5,5,2,163,mqtt-qos0-main-5-163,success,13.683,401,225764,209036,110580,-39,0.0,,MQTT_QOS0,mqtt_qos0_main_1000_nosleep_20260904_102455.csv,0.401,13.282
2026-09-04T10:36:58.696221,MQTT_QOS0,5,5,2,164,mqtt-qos0-main-5-164,success,12.755,407,225764,209036,110580,-39,0.0,,MQTT_QOS0,mqtt_qos0_main_1000_nosleep_20260904_102455.csv,0.407,12.348
2026-09-04T10:36:58.909108,MQTT_QOS0,5,5,2,165,mqtt-qos0-main-5-165,success,15.614,408,225764,209036,110580,-39,0.0,,MQTT_QOS0,mqtt_qos0_main_1000_nosleep_20260904_102455.csv,0.408,15.206000000000001
2026-09-04T10:36:59.124860,MQTT_QOS0,5,5,2,166,mqtt-qos0-main-5-166,success,15.317,408,225764,209036,110580,-42,0.0,,MQTT_QOS0,mqtt_qos0_main_1000_nosleep_20260904_102455.csv,0.408,14.909
2026-09-04T10:36:59.340309,MQTT_QOS0,5,5,2,167,mqtt-qos0-main-5-167,success,29.962,403,225764,209036,110580,-41,0.0,,MQTT_QOS0,mqtt_qos0_main_1000_nosleep_20260904_102455.csv,0.403,29.559
2026-09-04T10:36:59.570399,MQTT_QOS0,5,5,2,168,mqtt-qos0-main-5-168,success,14.785,405,225764,209036,110580,-39,0.0,,MQTT_QOS0,mqtt_qos0_main_1000_nosleep_20260904_102455.csv,0.405,14.38
2026-09-04T10:36:59.785313,MQTT_QOS0,5,5,2,169,mqtt-qos0-main-5-169,success,22.979,402,225764,209036,110580,-40,0.0,,MQTT_QOS0,mqtt_qos0_main_1000_nosleep_20260904_102455.csv,0.402,22.576999999999998
2026-09-04T10:37:00.008428,MQTT_QOS0,5,5,2,170,mqtt-qos0-main-5-170,success,14.854,406,225764,209036,110580,-41,0.0,,MQTT_QOS0,mqtt_qos0_main_1000_nosleep_20260904_102455.csv,0.406,14.447999999999999
2026-09-04T10:37:00.223405,MQTT_QOS0,5,5,2,171,mqtt-qos0-main-5-171,success,12.388,414,225472,209036,110580,-40,0.0,,MQTT_QOS0,mqtt_qos0_main_1000_nosleep_20260904_102455.csv,0.414,11.974
2026-09-04T10:37:00.435917,MQTT_QOS0,5,5,2,172,mqtt-qos0-main-5-172,success,14.437,407,225764,209036,110580,-40,0.0,,MQTT_QOS0,mqtt_qos0_main_1000_nosleep_20260904_102455.csv,0.407,14.03
2026-09-04T10:37:00.650466,MQTT_QOS0,5,5,2,173,mqtt-qos0-main-5-173,success,14.517,402,225764,209036,110580,-39,0.0,,MQTT_QOS0,mqtt_qos0_main_1000_nosleep_20260904_102455.csv,0.402,14.115
2026-09-04T10:37:00.865112,MQTT_QOS0,5,5,2,174,mqtt-qos0-main-5-174,success,15.956,426,225764,209036,110580,-39,0.0,,MQTT_QOS0,mqtt_qos0_main_1000_nosleep_20260904_102455.csv,0.426,15.53
2026-09-04T10:37:01.081200,MQTT_QOS0,5,5,2,175,mqtt-qos0-main-5-175,success,15.988,406,225764,209036,110580,-41,0.0,,MQTT_QOS0,mqtt_qos0_main_1000_nosleep_20260904_102455.csv,0.406,15.581999999999999
2026-09-04T10:37:01.297311,MQTT_QOS0,5,5,2,176,mqtt-qos0-main-5-176,success,17.338,460,225764,209036,110580,-41,0.0,,MQTT_QOS0,mqtt_qos0_main_1000_nosleep_20260904_102455.csv,0.46,16.878
2026-09-04T10:37:01.514733,MQTT_QOS0,5,5,2,177,mqtt-qos0-main-5-177,success,10.928,405,225764,209036,110580,-41,0.0,,MQTT_QOS0,mqtt_qos0_main_1000_nosleep_20260904_102455.csv,0.405,10.523000000000001
2026-09-04T10:37:01.725779,MQTT_QOS0,5,5,2,178,mqtt-qos0-main-5-178,success,28.297,407,225764,209036,110580,-39,0.0,,MQTT_QOS0,mqtt_qos0_main_1000_nosleep_20260904_102455.csv,0.407,27.89
2026-09-04T10:37:01.954199,MQTT_QOS0,5,5,2,179,mqtt-qos0-main-5-179,success,14.495,563,225560,209036,110580,-39,0.0,,MQTT_QOS0,mqtt_qos0_main_1000_nosleep_20260904_102455.csv,0.563,13.931999999999999
2026-09-04T10:37:02.168819,MQTT_QOS0,5,5,2,180,mqtt-qos0-main-5-180,success,12.186,403,225764,209036,110580,-39,0.0,,MQTT_QOS0,mqtt_qos0_main_1000_nosleep_20260904_102455.csv,0.403,11.783
2026-09-04T10:37:02.381143,MQTT_QOS0,5,5,2,181,mqtt-qos0-main-5-181,success,12.144,418,225764,209036,110580,-40,0.0,,MQTT_QOS0,mqtt_qos0_main_1000_nosleep_20260904_102455.csv,0.418,11.726
2026-09-04T10:37:02.593410,MQTT_QOS0,5,5,2,182,mqtt-qos0-main-5-182,success,14.494,402,225764,209036,110580,-39,0.0,,MQTT_QOS0,mqtt_qos0_main_1000_nosleep_20260904_102455.csv,0.402,14.092
2026-09-04T10:37:02.808031,MQTT_QOS0,5,5,2,183,mqtt-qos0-main-5-183,success,17.065,422,225472,209036,110580,-38,0.0,,MQTT_QOS0,mqtt_qos0_main_1000_nosleep_20260904_102455.csv,0.422,16.643
2026-09-04T10:37:03.025229,MQTT_QOS0,5,5,2,184,mqtt-qos0-main-5-184,success,13.331,419,225764,209036,110580,-41,0.0,,MQTT_QOS0,mqtt_qos0_main_1000_nosleep_20260904_102455.csv,0.419,12.911999999999999
2026-09-04T10:37:03.238677,MQTT_QOS0,5,5,2,185,mqtt-qos0-main-5-185,success,13.798,406,225764,209036,110580,-38,0.0,,MQTT_QOS0,mqtt_qos0_main_1000_nosleep_20260904_102455.csv,0.406,13.392
2026-09-04T10:37:03.452596,MQTT_QOS0,5,5,2,186,mqtt-qos0-main-5-186,success,19.521,437,225764,209036,110580,-41,0.0,,MQTT_QOS0,mqtt_qos0_main_1000_nosleep_20260904_102455.csv,0.437,19.084
2026-09-04T10:37:03.672232,MQTT_QOS0,5,5,2,187,mqtt-qos0-main-5-187,success,10.387,409,225764,209036,110580,-41,0.0,,MQTT_QOS0,mqtt_qos0_main_1000_nosleep_20260904_102455.csv,0.409,9.978
2026-09-04T10:37:03.882746,MQTT_QOS0,5,5,2,188,mqtt-qos0-main-5-188,success,17.174,399,225764,209036,110580,-41,0.0,,MQTT_QOS0,mqtt_qos0_main_1000_nosleep_20260904_102455.csv,0.399,16.775
2026-09-04T10:37:04.100059,MQTT_QOS0,5,5,2,189,mqtt-qos0-main-5-189,success,16.024,406,225764,209036,110580,-41,0.0,,MQTT_QOS0,mqtt_qos0_main_1000_nosleep_20260904_102455.csv,0.406,15.618
2026-09-04T10:37:04.316197,MQTT_QOS0,5,5,2,190,mqtt-qos0-main-5-190,success,15.917,403,225764,209036,110580,-40,0.0,,MQTT_QOS0,mqtt_qos0_main_1000_nosleep_20260904_102455.csv,0.403,15.514
2026-09-04T10:37:04.532236,MQTT_QOS0,5,5,2,191,mqtt-qos0-main-5-191,success,11.607,412,225764,209036,110580,-40,0.0,,MQTT_QOS0,mqtt_qos0_main_1000_nosleep_20260904_102455.csv,0.412,11.194999999999999
2026-09-04T10:37:04.743955,MQTT_QOS0,5,5,2,192,mqtt-qos0-main-5-192,success,13.342,412,223328,209036,110580,-39,0.0,,MQTT_QOS0,mqtt_qos0_main_1000_nosleep_20260904_102455.csv,0.412,12.93
2026-09-04T10:37:04.957416,MQTT_QOS0,5,5,2,193,mqtt-qos0-main-5-193,success,14.855,406,225764,209036,110580,-39,0.0,,MQTT_QOS0,mqtt_qos0_main_1000_nosleep_20260904_102455.csv,0.406,14.449
2026-09-04T10:37:05.172406,MQTT_QOS0,5,5,2,194,mqtt-qos0-main-5-194,success,11.979,400,225764,209036,110580,-39,0.0,,MQTT_QOS0,mqtt_qos0_main_1000_nosleep_20260904_102455.csv,0.4,11.578999999999999
2026-09-04T10:37:05.384505,MQTT_QOS0,5,5,2,195,mqtt-qos0-main-5-195,success,14.982,406,225764,209036,110580,-43,0.0,,MQTT_QOS0,mqtt_qos0_main_1000_nosleep_20260904_102455.csv,0.406,14.575999999999999
2026-09-04T10:37:05.599610,MQTT_QOS0,5,5,2,196,mqtt-qos0-main-5-196,success,16.064,402,225764,209036,110580,-39,0.0,,MQTT_QOS0,mqtt_qos0_main_1000_nosleep_20260904_102455.csv,0.402,15.662
2026-09-04T10:37:05.815800,MQTT_QOS0,5,5,2,197,mqtt-qos0-main-5-197,success,15.209,417,225764,209036,110580,-41,0.0,,MQTT_QOS0,mqtt_qos0_main_1000_nosleep_20260904_102455.csv,0.417,14.792
2026-09-04T10:37:06.031161,MQTT_QOS0,5,5,2,198,mqtt-qos0-main-5-198,success,21.351,403,225764,209036,110580,-39,0.0,,MQTT_QOS0,mqtt_qos0_main_1000_nosleep_20260904_102455.csv,0.403,20.948
2026-09-04T10:37:06.252635,MQTT_QOS0,5,5,2,199,mqtt-qos0-main-5-199,success,13.265,407,225764,209036,110580,-40,0.0,,MQTT_QOS0,mqtt_qos0_main_1000_nosleep_20260904_102455.csv,0.407,12.858
2026-09-04T10:37:06.466016,MQTT_QOS0,5,5,2,200,mqtt-qos0-main-5-200,success,12.315,402,225764,209036,110580,-40,0.0,,MQTT_QOS0,mqtt_qos0_main_1000_nosleep_20260904_102455.csv,0.402,11.913
2026-09-04T10:27:07.557074,MQTT_QOS1,1,1,3,1,mqtt-qos1-main-1-1,success,15.499,409,221884,211356,110580,-38,1.0,,MQTT_QOS1,mqtt_qos1_main_1000_nosleep_20260904_102455.csv,0.409,15.09
2026-09-04T10:27:07.772784,MQTT_QOS1,1,1,3,2,mqtt-qos1-main-1-2,success,61.111,405,221884,211356,110580,-42,1.0,,MQTT_QOS1,mqtt_qos1_main_1000_nosleep_20260904_102455.csv,0.405,60.705999999999996
2026-09-04T10:27:08.034069,MQTT_QOS1,1,1,3,3,mqtt-qos1-main-1-3,success,59.757,430,221884,211356,110580,-39,1.0,,MQTT_QOS1,mqtt_qos1_main_1000_nosleep_20260904_102455.csv,0.43,59.327
2026-09-04T10:27:08.293978,MQTT_QOS1,1,1,3,4,mqtt-qos1-main-1-4,success,58.792,454,221884,211356,110580,-40,1.0,,MQTT_QOS1,mqtt_qos1_main_1000_nosleep_20260904_102455.csv,0.454,58.338
2026-09-04T10:27:08.552923,MQTT_QOS1,1,1,3,5,mqtt-qos1-main-1-5,success,60.809,407,221884,211356,110580,-40,1.0,,MQTT_QOS1,mqtt_qos1_main_1000_nosleep_20260904_102455.csv,0.407,60.402
2026-09-04T10:27:08.813897,MQTT_QOS1,1,1,3,6,mqtt-qos1-main-1-6,success,59.693,460,221680,211356,110580,-42,1.0,,MQTT_QOS1,mqtt_qos1_main_1000_nosleep_20260904_102455.csv,0.46,59.233
2026-09-04T10:27:09.073778,MQTT_QOS1,1,1,3,7,mqtt-qos1-main-1-7,success,59.315,415,221884,211356,110580,-42,1.0,,MQTT_QOS1,mqtt_qos1_main_1000_nosleep_20260904_102455.csv,0.415,58.9
2026-09-04T10:27:09.333260,MQTT_QOS1,1,1,3,8,mqtt-qos1-main-1-8,success,60.442,406,221884,211356,110580,-42,1.0,,MQTT_QOS1,mqtt_qos1_main_1000_nosleep_20260904_102455.csv,0.406,60.036
2026-09-04T10:27:09.593863,MQTT_QOS1,1,1,3,9,mqtt-qos1-main-1-9,success,56.132,412,221884,211356,110580,-39,1.0,,MQTT_QOS1,mqtt_qos1_main_1000_nosleep_20260904_102455.csv,0.412,55.72
2026-09-04T10:27:09.850153,MQTT_QOS1,1,1,3,10,mqtt-qos1-main-1-10,success,58.839,408,221884,211356,110580,-41,1.0,,MQTT_QOS1,mqtt_qos1_main_1000_nosleep_20260904_102455.csv,0.408,58.431
2026-09-04T10:27:10.109186,MQTT_QOS1,1,1,3,11,mqtt-qos1-main-1-11,success,59.765,405,221884,211356,110580,-41,1.0,,MQTT_QOS1,mqtt_qos1_main_1000_nosleep_20260904_102455.csv,0.405,59.36
2026-09-04T10:27:10.369113,MQTT_QOS1,1,1,3,12,mqtt-qos1-main-1-12,success,70.691,415,221884,211356,110580,-42,1.0,,MQTT_QOS1,mqtt_qos1_main_1000_nosleep_20260904_102455.csv,0.415,70.276
2026-09-04T10:27:10.639969,MQTT_QOS1,1,1,3,13,mqtt-qos1-main-1-13,success,57.118,405,221884,211356,110580,-41,1.0,,MQTT_QOS1,mqtt_qos1_main_1000_nosleep_20260904_102455.csv,0.405,56.713
2026-09-04T10:27:10.897243,MQTT_QOS1,1,1,3,14,mqtt-qos1-main-1-14,success,58.28,408,221884,211356,110580,-40,1.0,,MQTT_QOS1,mqtt_qos1_main_1000_nosleep_20260904_102455.csv,0.408,57.872
2026-09-04T10:27:11.155690,MQTT_QOS1,1,1,3,15,mqtt-qos1-main-1-15,success,57.137,417,221884,211356,110580,-40,1.0,,MQTT_QOS1,mqtt_qos1_main_1000_nosleep_20260904_102455.csv,0.417,56.72
2026-09-04T10:27:11.412978,MQTT_QOS1,1,1,3,16,mqtt-qos1-main-1-16,success,84.768,435,221884,211356,110580,-42,1.0,,MQTT_QOS1,mqtt_qos1_main_1000_nosleep_20260904_102455.csv,0.435,84.333
2026-09-04T10:27:11.697901,MQTT_QOS1,1,1,3,17,mqtt-qos1-main-1-17,success,75.218,421,221592,211356,110580,-41,1.0,,MQTT_QOS1,mqtt_qos1_main_1000_nosleep_20260904_102455.csv,0.421,74.797
2026-09-04T10:27:11.973279,MQTT_QOS1,1,1,3,18,mqtt-qos1-main-1-18,success,58.654,416,221884,211356,110580,-42,1.0,,MQTT_QOS1,mqtt_qos1_main_1000_nosleep_20260904_102455.csv,0.416,58.23800000000001
2026-09-04T10:27:12.232093,MQTT_QOS1,1,1,3,19,mqtt-qos1-main-1-19,success,56.586,413,221884,211356,110580,-40,1.0,,MQTT_QOS1,mqtt_qos1_main_1000_nosleep_20260904_102455.csv,0.413,56.173
2026-09-04T10:27:12.488830,MQTT_QOS1,1,1,3,20,mqtt-qos1-main-1-20,success,56.378,442,221884,211356,110580,-40,1.0,,MQTT_QOS1,mqtt_qos1_main_1000_nosleep_20260904_102455.csv,0.442,55.936
2026-09-04T10:27:12.745390,MQTT_QOS1,1,1,3,21,mqtt-qos1-main-1-21,success,60.602,406,221884,211356,110580,-40,1.0,,MQTT_QOS1,mqtt_qos1_main_1000_nosleep_20260904_102455.csv,0.406,60.196
2026-09-04T10:27:13.006165,MQTT_QOS1,1,1,3,22,mqtt-qos1-main-1-22,success,60.155,411,221884,211356,110580,-42,1.0,,MQTT_QOS1,mqtt_qos1_main_1000_nosleep_20260904_102455.csv,0.411,59.744
2026-09-04T10:27:13.266478,MQTT_QOS1,1,1,3,23,mqtt-qos1-main-1-23,success,59.19,417,221884,211356,110580,-42,1.0,,MQTT_QOS1,mqtt_qos1_main_1000_nosleep_20260904_102455.csv,0.417,58.772999999999996
2026-09-04T10:27:13.525825,MQTT_QOS1,1,1,3,24,mqtt-qos1-main-1-24,success,60.144,420,221884,211356,110580,-43,1.0,,MQTT_QOS1,mqtt_qos1_main_1000_nosleep_20260904_102455.csv,0.42,59.724
2026-09-04T10:27:13.786122,MQTT_QOS1,1,1,3,25,mqtt-qos1-main-1-25,success,63.212,408,221884,211356,110580,-42,1.0,,MQTT_QOS1,mqtt_qos1_main_1000_nosleep_20260904_102455.csv,0.408,62.804
2026-09-04T10:27:14.049504,MQTT_QOS1,1,1,3,26,mqtt-qos1-main-1-26,success,55.19,408,221884,211356,110580,-41,1.0,,MQTT_QOS1,mqtt_qos1_main_1000_nosleep_20260904_102455.csv,0.408,54.782
2026-09-04T10:27:14.304851,MQTT_QOS1,1,1,3,27,mqtt-qos1-main-1-27,success,55.82,405,221884,211356,110580,-42,1.0,,MQTT_QOS1,mqtt_qos1_main_1000_nosleep_20260904_102455.csv,0.405,55.415
2026-09-04T10:27:14.560824,MQTT_QOS1,1,1,3,28,mqtt-qos1-main-1-28,success,60.419,406,221884,211356,110580,-42,1.0,,MQTT_QOS1,mqtt_qos1_main_1000_nosleep_20260904_102455.csv,0.406,60.013
2026-09-04T10:27:14.821395,MQTT_QOS1,1,1,3,29,mqtt-qos1-main-1-29,success,59.867,404,221884,211356,110580,-41,1.0,,MQTT_QOS1,mqtt_qos1_main_1000_nosleep_20260904_102455.csv,0.404,59.462999999999994
2026-09-04T10:27:15.081428,MQTT_QOS1,1,1,3,30,mqtt-qos1-main-1-30,success,63.294,410,221884,211356,110580,-40,1.0,,MQTT_QOS1,mqtt_qos1_main_1000_nosleep_20260904_102455.csv,0.41,62.884
2026-09-04T10:27:15.344879,MQTT_QOS1,1,1,3,31,mqtt-qos1-main-1-31,success,61.736,409,221884,211356,110580,-41,1.0,,MQTT_QOS1,mqtt_qos1_main_1000_nosleep_20260904_102455.csv,0.409,61.327
2026-09-04T10:27:15.606765,MQTT_QOS1,1,1,3,32,mqtt-qos1-main-1-32,success,64.698,417,221884,211356,110580,-41,1.0,,MQTT_QOS1,mqtt_qos1_main_1000_nosleep_20260904_102455.csv,0.417,64.28099999999999
2026-09-04T10:27:15.871628,MQTT_QOS1,1,1,3,33,mqtt-qos1-main-1-33,success,53.723,468,221388,211356,110580,-42,1.0,,MQTT_QOS1,mqtt_qos1_main_1000_nosleep_20260904_102455.csv,0.468,53.254999999999995
2026-09-04T10:27:16.125527,MQTT_QOS1,1,1,3,34,mqtt-qos1-main-1-34,success,58.457,410,221884,211356,110580,-39,1.0,,MQTT_QOS1,mqtt_qos1_main_1000_nosleep_20260904_102455.csv,0.41,58.047000000000004
2026-09-04T10:27:16.384145,MQTT_QOS1,1,1,3,35,mqtt-qos1-main-1-35,success,57.033,408,221884,211356,110580,-42,1.0,,MQTT_QOS1,mqtt_qos1_main_1000_nosleep_20260904_102455.csv,0.408,56.625
2026-09-04T10:27:16.641331,MQTT_QOS1,1,1,3,36,mqtt-qos1-main-1-36,success,51.943,410,221884,211356,110580,-41,1.0,,MQTT_QOS1,mqtt_qos1_main_1000_nosleep_20260904_102455.csv,0.41,51.533
2026-09-04T10:27:16.893435,MQTT_QOS1,1,1,3,37,mqtt-qos1-main-1-37,success,55.387,406,221884,211356,110580,-42,1.0,,MQTT_QOS1,mqtt_qos1_main_1000_nosleep_20260904_102455.csv,0.406,54.981
2026-09-04T10:27:17.148991,MQTT_QOS1,1,1,3,38,mqtt-qos1-main-1-38,success,59.421,411,221884,211356,110580,-41,1.0,,MQTT_QOS1,mqtt_qos1_main_1000_nosleep_20260904_102455.csv,0.411,59.01
2026-09-04T10:27:17.408567,MQTT_QOS1,1,1,3,39,mqtt-qos1-main-1-39,success,57.125,411,221884,211356,110580,-41,1.0,,MQTT_QOS1,mqtt_qos1_main_1000_nosleep_20260904_102455.csv,0.411,56.714
2026-09-04T10:27:17.665840,MQTT_QOS1,1,1,3,40,mqtt-qos1-main-1-40,success,79.126,406,221884,211356,110580,-41,1.0,,MQTT_QOS1,mqtt_qos1_main_1000_nosleep_20260904_102455.csv,0.406,78.72
2026-09-04T10:27:17.945151,MQTT_QOS1,1,1,3,41,mqtt-qos1-main-1-41,success,75.461,411,221884,211356,110580,-41,1.0,,MQTT_QOS1,mqtt_qos1_main_1000_nosleep_20260904_102455.csv,0.411,75.05
2026-09-04T10:27:18.220790,MQTT_QOS1,1,1,3,42,mqtt-qos1-main-1-42,success,56.422,436,221884,211356,110580,-41,1.0,,MQTT_QOS1,mqtt_qos1_main_1000_nosleep_20260904_102455.csv,0.436,55.986
2026-09-04T10:27:18.477381,MQTT_QOS1,1,1,3,43,mqtt-qos1-main-1-43,success,55.535,424,221884,211356,110580,-42,1.0,,MQTT_QOS1,mqtt_qos1_main_1000_nosleep_20260904_102455.csv,0.424,55.111
2026-09-04T10:27:18.733075,MQTT_QOS1,1,1,3,44,mqtt-qos1-main-1-44,success,73.721,474,221884,211356,110580,-41,1.0,,MQTT_QOS1,mqtt_qos1_main_1000_nosleep_20260904_102455.csv,0.474,73.247
2026-09-04T10:27:19.006974,MQTT_QOS1,1,1,3,45,mqtt-qos1-main-1-45,success,57.914,408,221884,211356,110580,-40,1.0,,MQTT_QOS1,mqtt_qos1_main_1000_nosleep_20260904_102455.csv,0.408,57.506
2026-09-04T10:27:19.265051,MQTT_QOS1,1,1,3,46,mqtt-qos1-main-1-46,success,60.173,407,221884,211356,110580,-39,1.0,,MQTT_QOS1,mqtt_qos1_main_1000_nosleep_20260904_102455.csv,0.407,59.766000000000005
2026-09-04T10:27:19.525390,MQTT_QOS1,1,1,3,47,mqtt-qos1-main-1-47,success,55.664,409,221884,211356,110580,-43,1.0,,MQTT_QOS1,mqtt_qos1_main_1000_nosleep_20260904_102455.csv,0.409,55.255
2026-09-04T10:27:19.781211,MQTT_QOS1,1,1,3,48,mqtt-qos1-main-1-48,success,60.423,407,221884,211356,110580,-40,1.0,,MQTT_QOS1,mqtt_qos1_main_1000_nosleep_20260904_102455.csv,0.407,60.016000000000005
2026-09-04T10:27:20.041816,MQTT_QOS1,1,1,3,49,mqtt-qos1-main-1-49,success,59.566,409,221884,211356,110580,-41,1.0,,MQTT_QOS1,mqtt_qos1_main_1000_nosleep_20260904_102455.csv,0.409,59.157000000000004
2026-09-04T10:27:20.301556,MQTT_QOS1,1,1,3,50,mqtt-qos1-main-1-50,success,59.443,421,221884,211356,110580,-42,1.0,,MQTT_QOS1,mqtt_qos1_main_1000_nosleep_20260904_102455.csv,0.421,59.022
2026-09-04T10:27:20.561164,MQTT_QOS1,1,1,3,51,mqtt-qos1-main-1-51,success,55.599,418,221884,211356,110580,-40,1.0,,MQTT_QOS1,mqtt_qos1_main_1000_nosleep_20260904_102455.csv,0.418,55.181
2026-09-04T10:27:20.816937,MQTT_QOS1,1,1,3,52,mqtt-qos1-main-1-52,success,63.869,405,221884,211356,110580,-41,1.0,,MQTT_QOS1,mqtt_qos1_main_1000_nosleep_20260904_102455.csv,0.405,63.464
2026-09-04T10:27:21.080985,MQTT_QOS1,1,1,3,53,mqtt-qos1-main-1-53,success,59.967,415,221884,211356,110580,-41,1.0,,MQTT_QOS1,mqtt_qos1_main_1000_nosleep_20260904_102455.csv,0.415,59.552
2026-09-04T10:27:21.341127,MQTT_QOS1,1,1,3,54,mqtt-qos1-main-1-54,success,55.872,418,221884,211356,110580,-42,1.0,,MQTT_QOS1,mqtt_qos1_main_1000_nosleep_20260904_102455.csv,0.418,55.454
2026-09-04T10:27:21.597153,MQTT_QOS1,1,1,3,55,mqtt-qos1-main-1-55,success,59.533,421,221884,211356,110580,-40,1.0,,MQTT_QOS1,mqtt_qos1_main_1000_nosleep_20260904_102455.csv,0.421,59.112
2026-09-04T10:27:21.856858,MQTT_QOS1,1,1,3,56,mqtt-qos1-main-1-56,success,62.349,415,221884,211356,110580,-41,1.0,,MQTT_QOS1,mqtt_qos1_main_1000_nosleep_20260904_102455.csv,0.415,61.934
2026-09-04T10:27:22.119391,MQTT_QOS1,1,1,3,57,mqtt-qos1-main-1-57,success,58.662,410,221884,211356,110580,-41,1.0,,MQTT_QOS1,mqtt_qos1_main_1000_nosleep_20260904_102455.csv,0.41,58.252
2026-09-04T10:27:22.378228,MQTT_QOS1,1,1,3,58,mqtt-qos1-main-1-58,success,60.27,438,221884,211356,110580,-42,1.0,,MQTT_QOS1,mqtt_qos1_main_1000_nosleep_20260904_102455.csv,0.438,59.832
2026-09-04T10:27:22.638655,MQTT_QOS1,1,1,3,59,mqtt-qos1-main-1-59,success,58.227,404,221884,211356,110580,-41,1.0,,MQTT_QOS1,mqtt_qos1_main_1000_nosleep_20260904_102455.csv,0.404,57.82299999999999
2026-09-04T10:27:22.897040,MQTT_QOS1,1,1,3,60,mqtt-qos1-main-1-60,success,66.836,464,221680,211356,110580,-43,1.0,,MQTT_QOS1,mqtt_qos1_main_1000_nosleep_20260904_102455.csv,0.464,66.372
2026-09-04T10:27:23.164083,MQTT_QOS1,1,1,3,61,mqtt-qos1-main-1-61,success,96.706,546,221388,211356,110580,-40,1.0,,MQTT_QOS1,mqtt_qos1_main_1000_nosleep_20260904_102455.csv,0.546,96.16
2026-09-04T10:27:23.460944,MQTT_QOS1,1,1,3,62,mqtt-qos1-main-1-62,success,60.023,420,221884,211356,110580,-42,1.0,,MQTT_QOS1,mqtt_qos1_main_1000_nosleep_20260904_102455.csv,0.42,59.603
2026-09-04T10:27:23.721121,MQTT_QOS1,1,1,3,63,mqtt-qos1-main-1-63,success,55.468,429,221884,211356,110580,-40,1.0,,MQTT_QOS1,mqtt_qos1_main_1000_nosleep_20260904_102455.csv,0.429,55.039
2026-09-04T10:27:23.976743,MQTT_QOS1,1,1,3,64,mqtt-qos1-main-1-64,success,56.978,415,221884,211356,110580,-39,1.0,,MQTT_QOS1,mqtt_qos1_main_1000_nosleep_20260904_102455.csv,0.415,56.563
2026-09-04T10:27:24.233886,MQTT_QOS1,1,1,3,65,mqtt-qos1-main-1-65,success,56.862,407,221884,211356,110580,-40,1.0,,MQTT_QOS1,mqtt_qos1_main_1000_nosleep_20260904_102455.csv,0.407,56.455000000000005
2026-09-04T10:27:24.490907,MQTT_QOS1,1,1,3,66,mqtt-qos1-main-1-66,success,56.571,409,221884,211356,110580,-41,1.0,,MQTT_QOS1,mqtt_qos1_main_1000_nosleep_20260904_102455.csv,0.409,56.162
2026-09-04T10:27:24.747636,MQTT_QOS1,1,1,3,67,mqtt-qos1-main-1-67,success,60.254,407,221884,211356,110580,-42,1.0,,MQTT_QOS1,mqtt_qos1_main_1000_nosleep_20260904_102455.csv,0.407,59.847
2026-09-04T10:27:25.008056,MQTT_QOS1,1,1,3,68,mqtt-qos1-main-1-68,success,56.497,417,221884,211356,110580,-41,1.0,,MQTT_QOS1,mqtt_qos1_main_1000_nosleep_20260904_102455.csv,0.417,56.08
2026-09-04T10:27:25.264718,MQTT_QOS1,1,1,3,69,mqtt-qos1-main-1-69,success,59.754,412,221884,211356,110580,-41,1.0,,MQTT_QOS1,mqtt_qos1_main_1000_nosleep_20260904_102455.csv,0.412,59.342
2026-09-04T10:27:25.524628,MQTT_QOS1,1,1,3,70,mqtt-qos1-main-1-70,success,56.198,448,221884,211356,110580,-40,1.0,,MQTT_QOS1,mqtt_qos1_main_1000_nosleep_20260904_102455.csv,0.448,55.75
2026-09-04T10:27:25.780986,MQTT_QOS1,1,1,3,71,mqtt-qos1-main-1-71,success,56.173,410,221884,211356,110580,-42,1.0,,MQTT_QOS1,mqtt_qos1_main_1000_nosleep_20260904_102455.csv,0.41,55.763000000000005
2026-09-04T10:27:26.037329,MQTT_QOS1,1,1,3,72,mqtt-qos1-main-1-72,success,56.509,428,221884,211356,110580,-41,1.0,,MQTT_QOS1,mqtt_qos1_main_1000_nosleep_20260904_102455.csv,0.428,56.081
2026-09-04T10:27:26.294000,MQTT_QOS1,1,1,3,73,mqtt-qos1-main-1-73,success,66.533,405,221884,211356,110580,-41,1.0,,MQTT_QOS1,mqtt_qos1_main_1000_nosleep_20260904_102455.csv,0.405,66.128
2026-09-04T10:27:26.560687,MQTT_QOS1,1,1,3,74,mqtt-qos1-main-1-74,success,60.706,415,221884,211356,110580,-40,1.0,,MQTT_QOS1,mqtt_qos1_main_1000_nosleep_20260904_102455.csv,0.415,60.291000000000004
2026-09-04T10:27:26.821545,MQTT_QOS1,1,1,3,75,mqtt-qos1-main-1-75,success,59.684,427,221884,211356,110580,-41,1.0,,MQTT_QOS1,mqtt_qos1_main_1000_nosleep_20260904_102455.csv,0.427,59.257
2026-09-04T10:27:27.081388,MQTT_QOS1,1,1,3,76,mqtt-qos1-main-1-76,success,72.175,420,221884,211356,110580,-41,1.0,,MQTT_QOS1,mqtt_qos1_main_1000_nosleep_20260904_102455.csv,0.42,71.755
2026-09-04T10:27:27.353719,MQTT_QOS1,1,1,3,77,mqtt-qos1-main-1-77,success,59.8,406,221884,211356,110580,-41,1.0,,MQTT_QOS1,mqtt_qos1_main_1000_nosleep_20260904_102455.csv,0.406,59.394
2026-09-04T10:27:27.613671,MQTT_QOS1,1,1,3,78,mqtt-qos1-main-1-78,success,59.024,407,221884,211356,110580,-41,1.0,,MQTT_QOS1,mqtt_qos1_main_1000_nosleep_20260904_102455.csv,0.407,58.617000000000004
2026-09-04T10:27:27.872855,MQTT_QOS1,1,1,3,79,mqtt-qos1-main-1-79,success,55.884,416,221884,211356,110580,-41,1.0,,MQTT_QOS1,mqtt_qos1_main_1000_nosleep_20260904_102455.csv,0.416,55.468
2026-09-04T10:27:28.128915,MQTT_QOS1,1,1,3,80,mqtt-qos1-main-1-80,success,60.195,408,221884,211356,110580,-41,1.0,,MQTT_QOS1,mqtt_qos1_main_1000_nosleep_20260904_102455.csv,0.408,59.787
2026-09-04T10:27:28.389310,MQTT_QOS1,1,1,3,81,mqtt-qos1-main-1-81,success,55.606,409,221884,211356,110580,-42,1.0,,MQTT_QOS1,mqtt_qos1_main_1000_nosleep_20260904_102455.csv,0.409,55.197
2026-09-04T10:27:28.645079,MQTT_QOS1,1,1,3,82,mqtt-qos1-main-1-82,success,62.084,406,221884,211356,110580,-39,1.0,,MQTT_QOS1,mqtt_qos1_main_1000_nosleep_20260904_102455.csv,0.406,61.678000000000004
2026-09-04T10:27:28.907323,MQTT_QOS1,1,1,3,83,mqtt-qos1-main-1-83,success,94.436,409,221884,211356,110580,-41,1.0,,MQTT_QOS1,mqtt_qos1_main_1000_nosleep_20260904_102455.csv,0.409,94.027
2026-09-04T10:27:29.201919,MQTT_QOS1,1,1,3,84,mqtt-qos1-main-1-84,success,79.904,410,221884,211356,110580,-42,1.0,,MQTT_QOS1,mqtt_qos1_main_1000_nosleep_20260904_102455.csv,0.41,79.494
2026-09-04T10:27:29.481977,MQTT_QOS1,1,1,3,85,mqtt-qos1-main-1-85,success,55.768,408,221884,211356,110580,-42,1.0,,MQTT_QOS1,mqtt_qos1_main_1000_nosleep_20260904_102455.csv,0.408,55.36
2026-09-04T10:27:29.737893,MQTT_QOS1,1,1,3,86,mqtt-qos1-main-1-86,success,57.714,407,221884,211356,110580,-41,1.0,,MQTT_QOS1,mqtt_qos1_main_1000_nosleep_20260904_102455.csv,0.407,57.307
2026-09-04T10:27:29.995769,MQTT_QOS1,1,1,3,87,mqtt-qos1-main-1-87,success,53.851,455,221680,211356,110580,-41,1.0,,MQTT_QOS1,mqtt_qos1_main_1000_nosleep_20260904_102455.csv,0.455,53.396
2026-09-04T10:27:30.249775,MQTT_QOS1,1,1,3,88,mqtt-qos1-main-1-88,success,64.184,413,221884,211356,110580,-40,1.0,,MQTT_QOS1,mqtt_qos1_main_1000_nosleep_20260904_102455.csv,0.413,63.771
2026-09-04T10:27:30.514107,MQTT_QOS1,1,1,3,89,mqtt-qos1-main-1-89,success,58.809,419,221884,211356,110580,-39,1.0,,MQTT_QOS1,mqtt_qos1_main_1000_nosleep_20260904_102455.csv,0.419,58.39
2026-09-04T10:27:30.773066,MQTT_QOS1,1,1,3,90,mqtt-qos1-main-1-90,success,55.908,416,221884,211356,110580,-40,1.0,,MQTT_QOS1,mqtt_qos1_main_1000_nosleep_20260904_102455.csv,0.416,55.492000000000004
2026-09-04T10:27:31.029138,MQTT_QOS1,1,1,3,91,mqtt-qos1-main-1-91,success,62.351,423,221592,211356,110580,-42,1.0,,MQTT_QOS1,mqtt_qos1_main_1000_nosleep_20260904_102455.csv,0.423,61.928
2026-09-04T10:27:31.291641,MQTT_QOS1,1,1,3,92,mqtt-qos1-main-1-92,success,60.013,404,221884,211356,110580,-41,1.0,,MQTT_QOS1,mqtt_qos1_main_1000_nosleep_20260904_102455.csv,0.404,59.608999999999995
2026-09-04T10:27:31.551799,MQTT_QOS1,1,1,3,93,mqtt-qos1-main-1-93,success,57.972,414,221884,211356,110580,-42,1.0,,MQTT_QOS1,mqtt_qos1_main_1000_nosleep_20260904_102455.csv,0.414,57.558
2026-09-04T10:27:31.809927,MQTT_QOS1,1,1,3,94,mqtt-qos1-main-1-94,success,58.682,425,221884,211356,110580,-40,1.0,,MQTT_QOS1,mqtt_qos1_main_1000_nosleep_20260904_102455.csv,0.425,58.257000000000005
2026-09-04T10:27:32.068784,MQTT_QOS1,1,1,3,95,mqtt-qos1-main-1-95,success,58.398,418,221884,211356,110580,-42,1.0,,MQTT_QOS1,mqtt_qos1_main_1000_nosleep_20260904_102455.csv,0.418,57.980000000000004
2026-09-04T10:27:32.327342,MQTT_QOS1,1,1,3,96,mqtt-qos1-main-1-96,success,58.317,446,221884,211356,110580,-41,1.0,,MQTT_QOS1,mqtt_qos1_main_1000_nosleep_20260904_102455.csv,0.446,57.871
2026-09-04T10:27:32.585809,MQTT_QOS1,1,1,3,97,mqtt-qos1-main-1-97,success,59.979,412,221884,211356,110580,-41,1.0,,MQTT_QOS1,mqtt_qos1_main_1000_nosleep_20260904_102455.csv,0.412,59.567
2026-09-04T10:27:32.845950,MQTT_QOS1,1,1,3,98,mqtt-qos1-main-1-98,success,58.337,404,221884,211356,110580,-41,1.0,,MQTT_QOS1,mqtt_qos1_main_1000_nosleep_20260904_102455.csv,0.404,57.933
2026-09-04T10:27:33.104447,MQTT_QOS1,1,1,3,99,mqtt-qos1-main-1-99,success,63.414,423,221884,211356,110580,-41,1.0,,MQTT_QOS1,mqtt_qos1_main_1000_nosleep_20260904_102455.csv,0.423,62.991
2026-09-04T10:27:33.368013,MQTT_QOS1,1,1,3,100,mqtt-qos1-main-1-100,success,60.605,414,221884,211356,110580,-42,1.0,,MQTT_QOS1,mqtt_qos1_main_1000_nosleep_20260904_102455.csv,0.414,60.190999999999995
2026-09-04T10:27:33.628799,MQTT_QOS1,1,1,3,101,mqtt-qos1-main-1-101,success,55.644,410,221884,211356,110580,-41,1.0,,MQTT_QOS1,mqtt_qos1_main_1000_nosleep_20260904_102455.csv,0.41,55.234
2026-09-04T10:27:33.884608,MQTT_QOS1,1,1,3,102,mqtt-qos1-main-1-102,success,59.776,418,221884,211356,110580,-41,1.0,,MQTT_QOS1,mqtt_qos1_main_1000_nosleep_20260904_102455.csv,0.418,59.358000000000004
2026-09-04T10:27:34.144539,MQTT_QOS1,1,1,3,103,mqtt-qos1-main-1-103,success,56.316,409,221884,211356,110580,-41,1.0,,MQTT_QOS1,mqtt_qos1_main_1000_nosleep_20260904_102455.csv,0.409,55.907000000000004
2026-09-04T10:27:34.400999,MQTT_QOS1,1,1,3,104,mqtt-qos1-main-1-104,success,59.619,404,221884,211356,110580,-44,1.0,,MQTT_QOS1,mqtt_qos1_main_1000_nosleep_20260904_102455.csv,0.404,59.214999999999996
2026-09-04T10:27:34.660761,MQTT_QOS1,1,1,3,105,mqtt-qos1-main-1-105,success,61.975,409,221884,211356,110580,-41,1.0,,MQTT_QOS1,mqtt_qos1_main_1000_nosleep_20260904_102455.csv,0.409,61.566
2026-09-04T10:27:34.922894,MQTT_QOS1,1,1,3,106,mqtt-qos1-main-1-106,success,86.125,408,221884,211356,110580,-39,1.0,,MQTT_QOS1,mqtt_qos1_main_1000_nosleep_20260904_102455.csv,0.408,85.717
2026-09-04T10:27:35.209184,MQTT_QOS1,1,1,3,107,mqtt-qos1-main-1-107,success,68.783,411,221884,211356,110580,-42,1.0,,MQTT_QOS1,mqtt_qos1_main_1000_nosleep_20260904_102455.csv,0.411,68.372
2026-09-04T10:27:35.478120,MQTT_QOS1,1,1,3,108,mqtt-qos1-main-1-108,success,54.543,412,221884,211356,110580,-41,1.0,,MQTT_QOS1,mqtt_qos1_main_1000_nosleep_20260904_102455.csv,0.412,54.131
2026-09-04T10:27:35.732814,MQTT_QOS1,1,1,3,109,mqtt-qos1-main-1-109,success,57.525,427,221592,211356,110580,-41,1.0,,MQTT_QOS1,mqtt_qos1_main_1000_nosleep_20260904_102455.csv,0.427,57.098
2026-09-04T10:27:35.990503,MQTT_QOS1,1,1,3,110,mqtt-qos1-main-1-110,success,55.807,404,221884,211356,110580,-41,1.0,,MQTT_QOS1,mqtt_qos1_main_1000_nosleep_20260904_102455.csv,0.404,55.403
2026-09-04T10:27:36.246470,MQTT_QOS1,1,1,3,111,mqtt-qos1-main-1-111,success,62.315,411,221884,211356,110580,-40,1.0,,MQTT_QOS1,mqtt_qos1_main_1000_nosleep_20260904_102455.csv,0.411,61.903999999999996
2026-09-04T10:27:36.508936,MQTT_QOS1,1,1,3,112,mqtt-qos1-main-1-112,success,52.562,416,221592,211356,110580,-41,1.0,,MQTT_QOS1,mqtt_qos1_main_1000_nosleep_20260904_102455.csv,0.416,52.146
2026-09-04T10:27:36.761651,MQTT_QOS1,1,1,3,113,mqtt-qos1-main-1-113,success,59.513,589,221680,211356,110580,-42,1.0,,MQTT_QOS1,mqtt_qos1_main_1000_nosleep_20260904_102455.csv,0.589,58.924
2026-09-04T10:27:37.021324,MQTT_QOS1,1,1,3,114,mqtt-qos1-main-1-114,success,56.411,423,221884,211356,110580,-41,1.0,,MQTT_QOS1,mqtt_qos1_main_1000_nosleep_20260904_102455.csv,0.423,55.988
2026-09-04T10:27:37.277888,MQTT_QOS1,1,1,3,115,mqtt-qos1-main-1-115,success,61.3,435,221884,211356,110580,-41,1.0,,MQTT_QOS1,mqtt_qos1_main_1000_nosleep_20260904_102455.csv,0.435,60.864999999999995
2026-09-04T10:27:37.539339,MQTT_QOS1,1,1,3,116,mqtt-qos1-main-1-116,success,61.681,408,221884,211356,110580,-42,1.0,,MQTT_QOS1,mqtt_qos1_main_1000_nosleep_20260904_102455.csv,0.408,61.272999999999996
2026-09-04T10:27:37.801168,MQTT_QOS1,1,1,3,117,mqtt-qos1-main-1-117,success,55.39,434,221884,211356,110580,-42,1.0,,MQTT_QOS1,mqtt_qos1_main_1000_nosleep_20260904_102455.csv,0.434,54.956
2026-09-04T10:27:38.056714,MQTT_QOS1,1,1,3,118,mqtt-qos1-main-1-118,success,61.134,407,221884,211356,110580,-41,1.0,,MQTT_QOS1,mqtt_qos1_main_1000_nosleep_20260904_102455.csv,0.407,60.727000000000004
2026-09-04T10:27:38.318001,MQTT_QOS1,1,1,3,119,mqtt-qos1-main-1-119,success,59.577,421,221884,211356,110580,-40,1.0,,MQTT_QOS1,mqtt_qos1_main_1000_nosleep_20260904_102455.csv,0.421,59.156
2026-09-04T10:27:38.577736,MQTT_QOS1,1,1,3,120,mqtt-qos1-main-1-120,success,62.181,408,221884,211356,110580,-41,1.0,,MQTT_QOS1,mqtt_qos1_main_1000_nosleep_20260904_102455.csv,0.408,61.772999999999996
2026-09-04T10:27:38.840106,MQTT_QOS1,1,1,3,121,mqtt-qos1-main-1-121,success,67.109,638,221884,211356,110580,-41,1.0,,MQTT_QOS1,mqtt_qos1_main_1000_nosleep_20260904_102455.csv,0.638,66.47099999999999
2026-09-04T10:27:39.107380,MQTT_QOS1,1,1,3,122,mqtt-qos1-main-1-122,success,62.869,413,221884,211356,110580,-39,1.0,,MQTT_QOS1,mqtt_qos1_main_1000_nosleep_20260904_102455.csv,0.413,62.456
2026-09-04T10:27:39.370405,MQTT_QOS1,1,1,3,123,mqtt-qos1-main-1-123,success,65.916,408,221884,211356,110580,-41,1.0,,MQTT_QOS1,mqtt_qos1_main_1000_nosleep_20260904_102455.csv,0.408,65.508
2026-09-04T10:27:39.636462,MQTT_QOS1,1,1,3,124,mqtt-qos1-main-1-124,success,61.292,409,221884,211356,110580,-41,1.0,,MQTT_QOS1,mqtt_qos1_main_1000_nosleep_20260904_102455.csv,0.409,60.883
2026-09-04T10:27:39.897911,MQTT_QOS1,1,1,3,125,mqtt-qos1-main-1-125,success,62.706,410,221884,211356,110580,-40,1.0,,MQTT_QOS1,mqtt_qos1_main_1000_nosleep_20260904_102455.csv,0.41,62.29600000000001
2026-09-04T10:27:40.160791,MQTT_QOS1,1,1,3,126,mqtt-qos1-main-1-126,success,56.695,407,221884,211356,110580,-41,1.0,,MQTT_QOS1,mqtt_qos1_main_1000_nosleep_20260904_102455.csv,0.407,56.288000000000004
2026-09-04T10:27:40.417643,MQTT_QOS1,1,1,3,127,mqtt-qos1-main-1-127,success,91.088,460,221680,211356,110580,-41,1.0,,MQTT_QOS1,mqtt_qos1_main_1000_nosleep_20260904_102455.csv,0.46,90.628
2026-09-04T10:27:40.708885,MQTT_QOS1,1,1,3,128,mqtt-qos1-main-1-128,success,70.004,411,221884,211356,110580,-42,1.0,,MQTT_QOS1,mqtt_qos1_main_1000_nosleep_20260904_102455.csv,0.411,69.593
2026-09-04T10:27:40.979045,MQTT_QOS1,1,1,3,129,mqtt-qos1-main-1-129,success,69.981,413,221884,211356,110580,-40,1.0,,MQTT_QOS1,mqtt_qos1_main_1000_nosleep_20260904_102455.csv,0.413,69.568
2026-09-04T10:27:41.249194,MQTT_QOS1,1,1,3,130,mqtt-qos1-main-1-130,success,62.809,411,221884,211356,110580,-41,1.0,,MQTT_QOS1,mqtt_qos1_main_1000_nosleep_20260904_102455.csv,0.411,62.397999999999996
2026-09-04T10:27:41.512154,MQTT_QOS1,1,1,3,131,mqtt-qos1-main-1-131,success,56.468,409,221884,211356,110580,-41,1.0,,MQTT_QOS1,mqtt_qos1_main_1000_nosleep_20260904_102455.csv,0.409,56.059000000000005
2026-09-04T10:27:41.768780,MQTT_QOS1,1,1,3,132,mqtt-qos1-main-1-132,success,57.954,422,221884,211356,110580,-41,1.0,,MQTT_QOS1,mqtt_qos1_main_1000_nosleep_20260904_102455.csv,0.422,57.532000000000004
2026-09-04T10:27:42.026906,MQTT_QOS1,1,1,3,133,mqtt-qos1-main-1-133,success,57.65,411,221884,211356,110580,-40,1.0,,MQTT_QOS1,mqtt_qos1_main_1000_nosleep_20260904_102455.csv,0.411,57.239
2026-09-04T10:27:42.284716,MQTT_QOS1,1,1,3,134,mqtt-qos1-main-1-134,success,57.382,434,221884,211356,110580,-40,1.0,,MQTT_QOS1,mqtt_qos1_main_1000_nosleep_20260904_102455.csv,0.434,56.948
2026-09-04T10:27:42.542249,MQTT_QOS1,1,1,3,135,mqtt-qos1-main-1-135,success,63.031,428,221884,211356,110580,-40,1.0,,MQTT_QOS1,mqtt_qos1_main_1000_nosleep_20260904_102455.csv,0.428,62.603
2026-09-04T10:27:42.805433,MQTT_QOS1,1,1,3,136,mqtt-qos1-main-1-136,success,59.412,425,221884,211356,110580,-42,1.0,,MQTT_QOS1,mqtt_qos1_main_1000_nosleep_20260904_102455.csv,0.425,58.987
2026-09-04T10:27:43.065005,MQTT_QOS1,1,1,3,137,mqtt-qos1-main-1-137,success,56.186,421,221884,211356,110580,-43,1.0,,MQTT_QOS1,mqtt_qos1_main_1000_nosleep_20260904_102455.csv,0.421,55.765
2026-09-04T10:27:43.321346,MQTT_QOS1,1,1,3,138,mqtt-qos1-main-1-138,success,59.518,408,221884,211356,110580,-41,1.0,,MQTT_QOS1,mqtt_qos1_main_1000_nosleep_20260904_102455.csv,0.408,59.11
2026-09-04T10:27:43.581010,MQTT_QOS1,1,1,3,139,mqtt-qos1-main-1-139,success,61.58,465,221680,211356,110580,-42,1.0,,MQTT_QOS1,mqtt_qos1_main_1000_nosleep_20260904_102455.csv,0.465,61.114999999999995
2026-09-04T10:27:43.842736,MQTT_QOS1,1,1,3,140,mqtt-qos1-main-1-140,success,62.307,405,221884,211356,110580,-41,1.0,,MQTT_QOS1,mqtt_qos1_main_1000_nosleep_20260904_102455.csv,0.405,61.902
2026-09-04T10:27:44.105234,MQTT_QOS1,1,1,3,141,mqtt-qos1-main-1-141,success,59.322,410,221884,211356,110580,-41,1.0,,MQTT_QOS1,mqtt_qos1_main_1000_nosleep_20260904_102455.csv,0.41,58.912000000000006
2026-09-04T10:27:44.364713,MQTT_QOS1,1,1,3,142,mqtt-qos1-main-1-142,success,56.892,403,221884,211356,110580,-42,1.0,,MQTT_QOS1,mqtt_qos1_main_1000_nosleep_20260904_102455.csv,0.403,56.489000000000004
2026-09-04T10:27:44.621763,MQTT_QOS1,1,1,3,143,mqtt-qos1-main-1-143,success,70.576,409,221884,211356,110580,-40,1.0,,MQTT_QOS1,mqtt_qos1_main_1000_nosleep_20260904_102455.csv,0.409,70.16699999999999
2026-09-04T10:27:44.892500,MQTT_QOS1,1,1,3,144,mqtt-qos1-main-1-144,success,56.312,416,221884,211356,110580,-40,1.0,,MQTT_QOS1,mqtt_qos1_main_1000_nosleep_20260904_102455.csv,0.416,55.896
2026-09-04T10:27:45.148967,MQTT_QOS1,1,1,3,145,mqtt-qos1-main-1-145,success,63.0,412,221884,211356,110580,-41,1.0,,MQTT_QOS1,mqtt_qos1_main_1000_nosleep_20260904_102455.csv,0.412,62.588
2026-09-04T10:27:45.412117,MQTT_QOS1,1,1,3,146,mqtt-qos1-main-1-146,success,63.555,413,221884,211356,110580,-43,1.0,,MQTT_QOS1,mqtt_qos1_main_1000_nosleep_20260904_102455.csv,0.413,63.142
2026-09-04T10:27:45.675809,MQTT_QOS1,1,1,3,147,mqtt-qos1-main-1-147,success,94.212,448,221884,211356,110580,-42,1.0,,MQTT_QOS1,mqtt_qos1_main_1000_nosleep_20260904_102455.csv,0.448,93.76400000000001
2026-09-04T10:27:45.970180,MQTT_QOS1,1,1,3,148,mqtt-qos1-main-1-148,success,64.483,412,221884,211356,110580,-40,1.0,,MQTT_QOS1,mqtt_qos1_main_1000_nosleep_20260904_102455.csv,0.412,64.071
2026-09-04T10:27:46.234840,MQTT_QOS1,1,1,3,149,mqtt-qos1-main-1-149,success,54.077,430,221592,211356,110580,-40,1.0,,MQTT_QOS1,mqtt_qos1_main_1000_nosleep_20260904_102455.csv,0.43,53.647
2026-09-04T10:27:46.489069,MQTT_QOS1,1,1,3,150,mqtt-qos1-main-1-150,success,57.584,461,221884,211356,110580,-40,1.0,,MQTT_QOS1,mqtt_qos1_main_1000_nosleep_20260904_102455.csv,0.461,57.123000000000005
2026-09-04T10:27:46.746805,MQTT_QOS1,1,1,3,151,mqtt-qos1-main-1-151,success,59.192,410,221884,211356,110580,-41,1.0,,MQTT_QOS1,mqtt_qos1_main_1000_nosleep_20260904_102455.csv,0.41,58.782000000000004
2026-09-04T10:27:47.006165,MQTT_QOS1,1,1,3,152,mqtt-qos1-main-1-152,success,55.07,409,221884,211356,110580,-41,1.0,,MQTT_QOS1,mqtt_qos1_main_1000_nosleep_20260904_102455.csv,0.409,54.661
2026-09-04T10:27:47.261387,MQTT_QOS1,1,1,3,153,mqtt-qos1-main-1-153,success,54.997,429,221884,211356,110580,-41,1.0,,MQTT_QOS1,mqtt_qos1_main_1000_nosleep_20260904_102455.csv,0.429,54.568
2026-09-04T10:27:47.516528,MQTT_QOS1,1,1,3,154,mqtt-qos1-main-1-154,success,56.522,411,221884,211356,110580,-40,1.0,,MQTT_QOS1,mqtt_qos1_main_1000_nosleep_20260904_102455.csv,0.411,56.111
2026-09-04T10:27:47.773191,MQTT_QOS1,1,1,3,155,mqtt-qos1-main-1-155,success,63.014,409,221884,211356,110580,-40,1.0,,MQTT_QOS1,mqtt_qos1_main_1000_nosleep_20260904_102455.csv,0.409,62.605000000000004
2026-09-04T10:27:48.036362,MQTT_QOS1,1,1,3,156,mqtt-qos1-main-1-156,success,56.858,411,221884,211356,110580,-42,1.0,,MQTT_QOS1,mqtt_qos1_main_1000_nosleep_20260904_102455.csv,0.411,56.446999999999996
2026-09-04T10:27:48.293367,MQTT_QOS1,1,1,3,157,mqtt-qos1-main-1-157,success,60.701,409,221884,211356,110580,-41,1.0,,MQTT_QOS1,mqtt_qos1_main_1000_nosleep_20260904_102455.csv,0.409,60.292
2026-09-04T10:27:48.554219,MQTT_QOS1,1,1,3,158,mqtt-qos1-main-1-158,success,56.173,410,221884,211356,110580,-41,1.0,,MQTT_QOS1,mqtt_qos1_main_1000_nosleep_20260904_102455.csv,0.41,55.763000000000005
2026-09-04T10:27:48.810541,MQTT_QOS1,1,1,3,159,mqtt-qos1-main-1-159,success,59.135,409,221884,211356,110580,-41,1.0,,MQTT_QOS1,mqtt_qos1_main_1000_nosleep_20260904_102455.csv,0.409,58.726
2026-09-04T10:27:49.069827,MQTT_QOS1,1,1,3,160,mqtt-qos1-main-1-160,success,60.46,418,221884,211356,110580,-40,1.0,,MQTT_QOS1,mqtt_qos1_main_1000_nosleep_20260904_102455.csv,0.418,60.042
2026-09-04T10:27:49.330460,MQTT_QOS1,1,1,3,161,mqtt-qos1-main-1-161,success,57.337,410,221884,211356,110580,-42,1.0,,MQTT_QOS1,mqtt_qos1_main_1000_nosleep_20260904_102455.csv,0.41,56.92700000000001
2026-09-04T10:27:49.587945,MQTT_QOS1,1,1,3,162,mqtt-qos1-main-1-162,success,56.909,405,221884,211356,110580,-42,1.0,,MQTT_QOS1,mqtt_qos1_main_1000_nosleep_20260904_102455.csv,0.405,56.504
2026-09-04T10:27:49.845000,MQTT_QOS1,1,1,3,163,mqtt-qos1-main-1-163,success,55.84,421,221884,211356,110580,-41,1.0,,MQTT_QOS1,mqtt_qos1_main_1000_nosleep_20260904_102455.csv,0.421,55.419000000000004
2026-09-04T10:27:50.100994,MQTT_QOS1,1,1,3,164,mqtt-qos1-main-1-164,success,56.81,415,221592,211356,110580,-41,1.0,,MQTT_QOS1,mqtt_qos1_main_1000_nosleep_20260904_102455.csv,0.415,56.395
2026-09-04T10:27:50.357941,MQTT_QOS1,1,1,3,165,mqtt-qos1-main-1-165,success,59.273,457,221680,211356,110580,-42,1.0,,MQTT_QOS1,mqtt_qos1_main_1000_nosleep_20260904_102455.csv,0.457,58.816
2026-09-04T10:27:50.617349,MQTT_QOS1,1,1,3,166,mqtt-qos1-main-1-166,success,59.881,409,221884,211356,110580,-41,1.0,,MQTT_QOS1,mqtt_qos1_main_1000_nosleep_20260904_102455.csv,0.409,59.472
2026-09-04T10:27:50.877366,MQTT_QOS1,1,1,3,167,mqtt-qos1-main-1-167,success,64.686,408,221884,211356,110580,-43,1.0,,MQTT_QOS1,mqtt_qos1_main_1000_nosleep_20260904_102455.csv,0.408,64.278
2026-09-04T10:27:51.142202,MQTT_QOS1,1,1,3,168,mqtt-qos1-main-1-168,success,60.933,408,221884,211356,110580,-41,1.0,,MQTT_QOS1,mqtt_qos1_main_1000_nosleep_20260904_102455.csv,0.408,60.525
2026-09-04T10:27:51.403285,MQTT_QOS1,1,1,3,169,mqtt-qos1-main-1-169,success,65.35,409,221884,211356,110580,-41,1.0,,MQTT_QOS1,mqtt_qos1_main_1000_nosleep_20260904_102455.csv,0.409,64.94099999999999
2026-09-04T10:27:51.668781,MQTT_QOS1,1,1,3,170,mqtt-qos1-main-1-170,success,96.84,411,221884,211356,110580,-41,1.0,,MQTT_QOS1,mqtt_qos1_main_1000_nosleep_20260904_102455.csv,0.411,96.429
2026-09-04T10:27:51.965766,MQTT_QOS1,1,1,3,171,mqtt-qos1-main-1-171,success,68.709,413,221884,211356,110580,-41,1.0,,MQTT_QOS1,mqtt_qos1_main_1000_nosleep_20260904_102455.csv,0.413,68.296
2026-09-04T10:27:52.234640,MQTT_QOS1,1,1,3,172,mqtt-qos1-main-1-172,success,60.242,417,221884,211356,110580,-41,1.0,,MQTT_QOS1,mqtt_qos1_main_1000_nosleep_20260904_102455.csv,0.417,59.824999999999996
2026-09-04T10:27:52.495037,MQTT_QOS1,1,1,3,173,mqtt-qos1-main-1-173,success,54.135,412,221884,211356,110580,-42,1.0,,MQTT_QOS1,mqtt_qos1_main_1000_nosleep_20260904_102455.csv,0.412,53.723
2026-09-04T10:27:52.749322,MQTT_QOS1,1,1,3,174,mqtt-qos1-main-1-174,success,57.354,447,221884,211356,110580,-43,1.0,,MQTT_QOS1,mqtt_qos1_main_1000_nosleep_20260904_102455.csv,0.447,56.907
2026-09-04T10:27:53.006852,MQTT_QOS1,1,1,3,175,mqtt-qos1-main-1-175,success,60.949,408,221884,211356,110580,-41,1.0,,MQTT_QOS1,mqtt_qos1_main_1000_nosleep_20260904_102455.csv,0.408,60.541
2026-09-04T10:27:53.267960,MQTT_QOS1,1,1,3,176,mqtt-qos1-main-1-176,success,63.869,411,221884,211356,110580,-40,1.0,,MQTT_QOS1,mqtt_qos1_main_1000_nosleep_20260904_102455.csv,0.411,63.458
2026-09-04T10:27:53.531976,MQTT_QOS1,1,1,3,177,mqtt-qos1-main-1-177,success,57.658,416,221884,211356,110580,-42,1.0,,MQTT_QOS1,mqtt_qos1_main_1000_nosleep_20260904_102455.csv,0.416,57.242000000000004
2026-09-04T10:27:53.789785,MQTT_QOS1,1,1,3,178,mqtt-qos1-main-1-178,success,63.283,462,221884,211356,110580,-41,1.0,,MQTT_QOS1,mqtt_qos1_main_1000_nosleep_20260904_102455.csv,0.462,62.821
2026-09-04T10:27:54.053226,MQTT_QOS1,1,1,3,179,mqtt-qos1-main-1-179,success,64.086,410,221884,211356,110580,-41,1.0,,MQTT_QOS1,mqtt_qos1_main_1000_nosleep_20260904_102455.csv,0.41,63.676
2026-09-04T10:27:54.317464,MQTT_QOS1,1,1,3,180,mqtt-qos1-main-1-180,success,61.501,408,221884,211356,110580,-39,1.0,,MQTT_QOS1,mqtt_qos1_main_1000_nosleep_20260904_102455.csv,0.408,61.092999999999996
2026-09-04T10:27:54.579141,MQTT_QOS1,1,1,3,181,mqtt-qos1-main-1-181,success,58.077,440,221884,211356,110580,-40,1.0,,MQTT_QOS1,mqtt_qos1_main_1000_nosleep_20260904_102455.csv,0.44,57.637
2026-09-04T10:27:54.837371,MQTT_QOS1,1,1,3,182,mqtt-qos1-main-1-182,success,59.259,408,221884,211356,110580,-42,1.0,,MQTT_QOS1,mqtt_qos1_main_1000_nosleep_20260904_102455.csv,0.408,58.851
2026-09-04T10:27:55.096783,MQTT_QOS1,1,1,3,183,mqtt-qos1-main-1-183,success,56.42,418,221884,211356,110580,-40,1.0,,MQTT_QOS1,mqtt_qos1_main_1000_nosleep_20260904_102455.csv,0.418,56.002
2026-09-04T10:27:55.353350,MQTT_QOS1,1,1,3,184,mqtt-qos1-main-1-184,success,58.537,462,221884,211356,110580,-40,1.0,,MQTT_QOS1,mqtt_qos1_main_1000_nosleep_20260904_102455.csv,0.462,58.074999999999996
2026-09-04T10:27:55.612026,MQTT_QOS1,1,1,3,185,mqtt-qos1-main-1-185,success,69.903,409,221884,211356,110580,-40,1.0,,MQTT_QOS1,mqtt_qos1_main_1000_nosleep_20260904_102455.csv,0.409,69.494
2026-09-04T10:27:55.882075,MQTT_QOS1,1,1,3,186,mqtt-qos1-main-1-186,success,60.502,436,221884,211356,110580,-42,1.0,,MQTT_QOS1,mqtt_qos1_main_1000_nosleep_20260904_102455.csv,0.436,60.066
2026-09-04T10:27:56.142731,MQTT_QOS1,1,1,3,187,mqtt-qos1-main-1-187,success,58.426,469,221884,211356,110580,-41,1.0,,MQTT_QOS1,mqtt_qos1_main_1000_nosleep_20260904_102455.csv,0.469,57.957
2026-09-04T10:27:56.401293,MQTT_QOS1,1,1,3,188,mqtt-qos1-main-1-188,success,58.159,420,221884,211356,110580,-41,1.0,,MQTT_QOS1,mqtt_qos1_main_1000_nosleep_20260904_102455.csv,0.42,57.739
2026-09-04T10:27:56.659586,MQTT_QOS1,1,1,3,189,mqtt-qos1-main-1-189,success,62.533,409,221884,211356,110580,-40,1.0,,MQTT_QOS1,mqtt_qos1_main_1000_nosleep_20260904_102455.csv,0.409,62.124
2026-09-04T10:27:56.922268,MQTT_QOS1,1,1,3,190,mqtt-qos1-main-1-190,success,93.165,518,221388,211356,110580,-40,1.0,,MQTT_QOS1,mqtt_qos1_main_1000_nosleep_20260904_102455.csv,0.518,92.647
2026-09-04T10:27:57.215593,MQTT_QOS1,1,1,3,191,mqtt-qos1-main-1-191,success,70.651,457,221680,211356,110580,-41,1.0,,MQTT_QOS1,mqtt_qos1_main_1000_nosleep_20260904_102455.csv,0.457,70.194
2026-09-04T10:27:57.486394,MQTT_QOS1,1,1,3,192,mqtt-qos1-main-1-192,success,59.069,471,221884,211356,110580,-40,1.0,,MQTT_QOS1,mqtt_qos1_main_1000_nosleep_20260904_102455.csv,0.471,58.598000000000006
2026-09-04T10:27:57.745614,MQTT_QOS1,1,1,3,193,mqtt-qos1-main-1-193,success,55.473,413,221884,211356,110580,-39,1.0,,MQTT_QOS1,mqtt_qos1_main_1000_nosleep_20260904_102455.csv,0.413,55.06
2026-09-04T10:27:58.001251,MQTT_QOS1,1,1,3,194,mqtt-qos1-main-1-194,success,60.664,404,221884,211356,110580,-42,1.0,,MQTT_QOS1,mqtt_qos1_main_1000_nosleep_20260904_102455.csv,0.404,60.26
2026-09-04T10:27:58.262077,MQTT_QOS1,1,1,3,195,mqtt-qos1-main-1-195,success,59.671,412,221884,211356,110580,-41,1.0,,MQTT_QOS1,mqtt_qos1_main_1000_nosleep_20260904_102455.csv,0.412,59.259
2026-09-04T10:27:58.521900,MQTT_QOS1,1,1,3,196,mqtt-qos1-main-1-196,success,58.893,420,221884,211356,110580,-41,1.0,,MQTT_QOS1,mqtt_qos1_main_1000_nosleep_20260904_102455.csv,0.42,58.473
2026-09-04T10:27:58.780943,MQTT_QOS1,1,1,3,197,mqtt-qos1-main-1-197,success,55.804,473,221884,211356,110580,-42,1.0,,MQTT_QOS1,mqtt_qos1_main_1000_nosleep_20260904_102455.csv,0.473,55.331
2026-09-04T10:27:59.036908,MQTT_QOS1,1,1,3,198,mqtt-qos1-main-1-198,success,55.988,403,221884,211356,110580,-40,1.0,,MQTT_QOS1,mqtt_qos1_main_1000_nosleep_20260904_102455.csv,0.403,55.585
2026-09-04T10:27:59.293051,MQTT_QOS1,1,1,3,199,mqtt-qos1-main-1-199,success,55.552,416,221884,211356,110580,-42,1.0,,MQTT_QOS1,mqtt_qos1_main_1000_nosleep_20260904_102455.csv,0.416,55.136
2026-09-04T10:27:59.548754,MQTT_QOS1,1,1,3,200,mqtt-qos1-main-1-200,success,61.615,404,221884,211356,110580,-39,1.0,,MQTT_QOS1,mqtt_qos1_main_1000_nosleep_20260904_102455.csv,0.404,61.211
2026-09-04T10:28:48.823123,MQTT_QOS1,2,2,2,1,mqtt-qos1-main-2-1,success,12.913,405,225784,211356,110580,-33,1.0,,MQTT_QOS1,mqtt_qos1_main_1000_nosleep_20260904_102455.csv,0.405,12.508000000000001
2026-09-04T10:28:49.036250,MQTT_QOS1,2,2,2,2,mqtt-qos1-main-2-2,success,56.434,409,225784,211356,110580,-32,1.0,,MQTT_QOS1,mqtt_qos1_main_1000_nosleep_20260904_102455.csv,0.409,56.025
2026-09-04T10:28:49.292865,MQTT_QOS1,2,2,2,3,mqtt-qos1-main-2-3,success,59.947,407,225784,211356,110580,-33,1.0,,MQTT_QOS1,mqtt_qos1_main_1000_nosleep_20260904_102455.csv,0.407,59.540000000000006
2026-09-04T10:28:49.552976,MQTT_QOS1,2,2,2,4,mqtt-qos1-main-2-4,success,63.108,410,225784,211356,110580,-34,1.0,,MQTT_QOS1,mqtt_qos1_main_1000_nosleep_20260904_102455.csv,0.41,62.698
2026-09-04T10:28:49.816253,MQTT_QOS1,2,2,2,5,mqtt-qos1-main-2-5,success,57.118,412,225784,211356,110580,-34,1.0,,MQTT_QOS1,mqtt_qos1_main_1000_nosleep_20260904_102455.csv,0.412,56.706
2026-09-04T10:28:50.073547,MQTT_QOS1,2,2,2,6,mqtt-qos1-main-2-6,success,60.084,401,225784,211356,110580,-34,1.0,,MQTT_QOS1,mqtt_qos1_main_1000_nosleep_20260904_102455.csv,0.401,59.683
2026-09-04T10:28:50.333791,MQTT_QOS1,2,2,2,7,mqtt-qos1-main-2-7,success,71.48,437,225784,211356,110580,-34,1.0,,MQTT_QOS1,mqtt_qos1_main_1000_nosleep_20260904_102455.csv,0.437,71.043
2026-09-04T10:28:50.605440,MQTT_QOS1,2,2,2,8,mqtt-qos1-main-2-8,success,59.514,401,225784,211356,110580,-33,1.0,,MQTT_QOS1,mqtt_qos1_main_1000_nosleep_20260904_102455.csv,0.401,59.113
2026-09-04T10:28:50.865114,MQTT_QOS1,2,2,2,9,mqtt-qos1-main-2-9,success,57.171,433,225492,211356,110580,-33,1.0,,MQTT_QOS1,mqtt_qos1_main_1000_nosleep_20260904_102455.csv,0.433,56.738
2026-09-04T10:28:51.122439,MQTT_QOS1,2,2,2,10,mqtt-qos1-main-2-10,success,58.693,411,225784,211356,110580,-33,1.0,,MQTT_QOS1,mqtt_qos1_main_1000_nosleep_20260904_102455.csv,0.411,58.282
2026-09-04T10:28:51.381283,MQTT_QOS1,2,2,2,11,mqtt-qos1-main-2-11,success,55.283,427,225784,211356,110580,-35,1.0,,MQTT_QOS1,mqtt_qos1_main_1000_nosleep_20260904_102455.csv,0.427,54.856
2026-09-04T10:28:51.636719,MQTT_QOS1,2,2,2,12,mqtt-qos1-main-2-12,success,58.185,414,225784,211356,110580,-32,1.0,,MQTT_QOS1,mqtt_qos1_main_1000_nosleep_20260904_102455.csv,0.414,57.771
2026-09-04T10:28:51.895056,MQTT_QOS1,2,2,2,13,mqtt-qos1-main-2-13,success,57.508,405,225784,211356,110580,-34,1.0,,MQTT_QOS1,mqtt_qos1_main_1000_nosleep_20260904_102455.csv,0.405,57.103
2026-09-04T10:28:52.152730,MQTT_QOS1,2,2,2,14,mqtt-qos1-main-2-14,success,61.166,410,225784,211356,110580,-33,1.0,,MQTT_QOS1,mqtt_qos1_main_1000_nosleep_20260904_102455.csv,0.41,60.756
2026-09-04T10:28:52.414049,MQTT_QOS1,2,2,2,15,mqtt-qos1-main-2-15,success,65.869,407,225784,211356,110580,-32,1.0,,MQTT_QOS1,mqtt_qos1_main_1000_nosleep_20260904_102455.csv,0.407,65.462
2026-09-04T10:28:52.680065,MQTT_QOS1,2,2,2,16,mqtt-qos1-main-2-16,success,90.585,404,225784,211356,110580,-34,1.0,,MQTT_QOS1,mqtt_qos1_main_1000_nosleep_20260904_102455.csv,0.404,90.181
2026-09-04T10:28:52.970809,MQTT_QOS1,2,2,2,17,mqtt-qos1-main-2-17,success,72.117,406,225784,211356,110580,-34,1.0,,MQTT_QOS1,mqtt_qos1_main_1000_nosleep_20260904_102455.csv,0.406,71.711
2026-09-04T10:28:53.243083,MQTT_QOS1,2,2,2,18,mqtt-qos1-main-2-18,success,59.328,417,225784,211356,110580,-35,1.0,,MQTT_QOS1,mqtt_qos1_main_1000_nosleep_20260904_102455.csv,0.417,58.911
2026-09-04T10:28:53.502563,MQTT_QOS1,2,2,2,19,mqtt-qos1-main-2-19,success,54.304,412,225784,211356,110580,-33,1.0,,MQTT_QOS1,mqtt_qos1_main_1000_nosleep_20260904_102455.csv,0.412,53.892
2026-09-04T10:28:53.757020,MQTT_QOS1,2,2,2,20,mqtt-qos1-main-2-20,success,59.673,404,225784,211356,110580,-34,1.0,,MQTT_QOS1,mqtt_qos1_main_1000_nosleep_20260904_102455.csv,0.404,59.269
2026-09-04T10:28:54.016897,MQTT_QOS1,2,2,2,21,mqtt-qos1-main-2-21,success,57.355,409,225784,211356,110580,-35,1.0,,MQTT_QOS1,mqtt_qos1_main_1000_nosleep_20260904_102455.csv,0.409,56.946
2026-09-04T10:28:54.274415,MQTT_QOS1,2,2,2,22,mqtt-qos1-main-2-22,success,67.866,413,225784,211356,110580,-34,1.0,,MQTT_QOS1,mqtt_qos1_main_1000_nosleep_20260904_102455.csv,0.413,67.453
2026-09-04T10:28:54.542430,MQTT_QOS1,2,2,2,23,mqtt-qos1-main-2-23,success,58.686,406,225784,211356,110580,-36,1.0,,MQTT_QOS1,mqtt_qos1_main_1000_nosleep_20260904_102455.csv,0.406,58.28
2026-09-04T10:28:54.801260,MQTT_QOS1,2,2,2,24,mqtt-qos1-main-2-24,success,56.952,490,225580,211356,110580,-36,1.0,,MQTT_QOS1,mqtt_qos1_main_1000_nosleep_20260904_102455.csv,0.49,56.461999999999996
2026-09-04T10:28:55.058360,MQTT_QOS1,2,2,2,25,mqtt-qos1-main-2-25,success,65.562,403,225784,211356,110580,-37,1.0,,MQTT_QOS1,mqtt_qos1_main_1000_nosleep_20260904_102455.csv,0.403,65.15899999999999
2026-09-04T10:28:55.324063,MQTT_QOS1,2,2,2,26,mqtt-qos1-main-2-26,success,57.745,405,225784,211356,110580,-36,1.0,,MQTT_QOS1,mqtt_qos1_main_1000_nosleep_20260904_102455.csv,0.405,57.339999999999996
2026-09-04T10:28:55.581948,MQTT_QOS1,2,2,2,27,mqtt-qos1-main-2-27,success,58.721,456,225784,211356,110580,-35,1.0,,MQTT_QOS1,mqtt_qos1_main_1000_nosleep_20260904_102455.csv,0.456,58.26499999999999
2026-09-04T10:28:55.840808,MQTT_QOS1,2,2,2,28,mqtt-qos1-main-2-28,success,60.508,405,225784,211356,110580,-33,1.0,,MQTT_QOS1,mqtt_qos1_main_1000_nosleep_20260904_102455.csv,0.405,60.103
2026-09-04T10:28:56.101470,MQTT_QOS1,2,2,2,29,mqtt-qos1-main-2-29,success,55.106,402,225784,211356,110580,-36,1.0,,MQTT_QOS1,mqtt_qos1_main_1000_nosleep_20260904_102455.csv,0.402,54.704
2026-09-04T10:28:56.356720,MQTT_QOS1,2,2,2,30,mqtt-qos1-main-2-30,success,64.753,410,225784,211356,110580,-35,1.0,,MQTT_QOS1,mqtt_qos1_main_1000_nosleep_20260904_102455.csv,0.41,64.343
2026-09-04T10:28:56.621622,MQTT_QOS1,2,2,2,31,mqtt-qos1-main-2-31,success,58.868,404,225784,211356,110580,-35,1.0,,MQTT_QOS1,mqtt_qos1_main_1000_nosleep_20260904_102455.csv,0.404,58.464
2026-09-04T10:28:56.880638,MQTT_QOS1,2,2,2,32,mqtt-qos1-main-2-32,success,61.292,405,225784,211356,110580,-36,1.0,,MQTT_QOS1,mqtt_qos1_main_1000_nosleep_20260904_102455.csv,0.405,60.887
2026-09-04T10:28:57.142091,MQTT_QOS1,2,2,2,33,mqtt-qos1-main-2-33,success,61.366,405,225784,211356,110580,-36,1.0,,MQTT_QOS1,mqtt_qos1_main_1000_nosleep_20260904_102455.csv,0.405,60.961
2026-09-04T10:28:57.403612,MQTT_QOS1,2,2,2,34,mqtt-qos1-main-2-34,success,61.986,414,225784,211356,110580,-34,1.0,,MQTT_QOS1,mqtt_qos1_main_1000_nosleep_20260904_102455.csv,0.414,61.571999999999996
2026-09-04T10:28:57.665745,MQTT_QOS1,2,2,2,35,mqtt-qos1-main-2-35,success,59.159,404,225784,211356,110580,-34,1.0,,MQTT_QOS1,mqtt_qos1_main_1000_nosleep_20260904_102455.csv,0.404,58.754999999999995
2026-09-04T10:28:57.925060,MQTT_QOS1,2,2,2,36,mqtt-qos1-main-2-36,success,93.883,423,225784,211356,110580,-35,1.0,,MQTT_QOS1,mqtt_qos1_main_1000_nosleep_20260904_102455.csv,0.423,93.46
2026-09-04T10:28:58.219110,MQTT_QOS1,2,2,2,37,mqtt-qos1-main-2-37,success,69.682,421,225784,211356,110580,-35,1.0,,MQTT_QOS1,mqtt_qos1_main_1000_nosleep_20260904_102455.csv,0.421,69.261
2026-09-04T10:28:58.488952,MQTT_QOS1,2,2,2,38,mqtt-qos1-main-2-38,success,55.429,411,225784,211356,110580,-34,1.0,,MQTT_QOS1,mqtt_qos1_main_1000_nosleep_20260904_102455.csv,0.411,55.018
2026-09-04T10:28:58.744529,MQTT_QOS1,2,2,2,39,mqtt-qos1-main-2-39,success,52.354,428,225784,211356,110580,-33,1.0,,MQTT_QOS1,mqtt_qos1_main_1000_nosleep_20260904_102455.csv,0.428,51.926
2026-09-04T10:28:58.997036,MQTT_QOS1,2,2,2,40,mqtt-qos1-main-2-40,success,56.145,407,225784,211356,110580,-36,1.0,,MQTT_QOS1,mqtt_qos1_main_1000_nosleep_20260904_102455.csv,0.407,55.73800000000001
2026-09-04T10:28:59.253362,MQTT_QOS1,2,2,2,41,mqtt-qos1-main-2-41,success,51.559,464,225784,211356,110580,-35,1.0,,MQTT_QOS1,mqtt_qos1_main_1000_nosleep_20260904_102455.csv,0.464,51.095
2026-09-04T10:28:59.505072,MQTT_QOS1,2,2,2,42,mqtt-qos1-main-2-42,success,55.789,407,225784,211356,110580,-33,1.0,,MQTT_QOS1,mqtt_qos1_main_1000_nosleep_20260904_102455.csv,0.407,55.382000000000005
2026-09-04T10:28:59.761004,MQTT_QOS1,2,2,2,43,mqtt-qos1-main-2-43,success,55.958,403,225784,211356,110580,-34,1.0,,MQTT_QOS1,mqtt_qos1_main_1000_nosleep_20260904_102455.csv,0.403,55.555
2026-09-04T10:29:00.017109,MQTT_QOS1,2,2,2,44,mqtt-qos1-main-2-44,success,56.121,420,225784,211356,110580,-34,1.0,,MQTT_QOS1,mqtt_qos1_main_1000_nosleep_20260904_102455.csv,0.42,55.701
2026-09-04T10:29:00.273378,MQTT_QOS1,2,2,2,45,mqtt-qos1-main-2-45,success,61.285,404,225784,211356,110580,-33,1.0,,MQTT_QOS1,mqtt_qos1_main_1000_nosleep_20260904_102455.csv,0.404,60.88099999999999
2026-09-04T10:29:00.534809,MQTT_QOS1,2,2,2,46,mqtt-qos1-main-2-46,success,65.425,407,225784,211356,110580,-35,1.0,,MQTT_QOS1,mqtt_qos1_main_1000_nosleep_20260904_102455.csv,0.407,65.018
2026-09-04T10:29:00.800381,MQTT_QOS1,2,2,2,47,mqtt-qos1-main-2-47,success,57.614,403,225784,211356,110580,-34,1.0,,MQTT_QOS1,mqtt_qos1_main_1000_nosleep_20260904_102455.csv,0.403,57.211
2026-09-04T10:29:01.058146,MQTT_QOS1,2,2,2,48,mqtt-qos1-main-2-48,success,70.563,420,225784,211356,110580,-33,1.0,,MQTT_QOS1,mqtt_qos1_main_1000_nosleep_20260904_102455.csv,0.42,70.143
2026-09-04T10:29:01.328847,MQTT_QOS1,2,2,2,49,mqtt-qos1-main-2-49,success,59.9,401,225784,211356,110580,-35,1.0,,MQTT_QOS1,mqtt_qos1_main_1000_nosleep_20260904_102455.csv,0.401,59.498999999999995
2026-09-04T10:29:01.588887,MQTT_QOS1,2,2,2,50,mqtt-qos1-main-2-50,success,68.282,458,225784,211356,110580,-36,1.0,,MQTT_QOS1,mqtt_qos1_main_1000_nosleep_20260904_102455.csv,0.458,67.824
2026-09-04T10:29:01.857318,MQTT_QOS1,2,2,2,51,mqtt-qos1-main-2-51,success,56.276,551,225580,211356,110580,-33,1.0,,MQTT_QOS1,mqtt_qos1_main_1000_nosleep_20260904_102455.csv,0.551,55.725
2026-09-04T10:29:02.113774,MQTT_QOS1,2,2,2,52,mqtt-qos1-main-2-52,success,59.06,413,225784,211356,110580,-34,1.0,,MQTT_QOS1,mqtt_qos1_main_1000_nosleep_20260904_102455.csv,0.413,58.647000000000006
2026-09-04T10:29:02.373000,MQTT_QOS1,2,2,2,53,mqtt-qos1-main-2-53,success,56.015,416,225784,211356,110580,-34,1.0,,MQTT_QOS1,mqtt_qos1_main_1000_nosleep_20260904_102455.csv,0.416,55.599000000000004
2026-09-04T10:29:02.629179,MQTT_QOS1,2,2,2,54,mqtt-qos1-main-2-54,success,55.89,401,225784,211356,110580,-35,1.0,,MQTT_QOS1,mqtt_qos1_main_1000_nosleep_20260904_102455.csv,0.401,55.489
2026-09-04T10:29:02.885231,MQTT_QOS1,2,2,2,55,mqtt-qos1-main-2-55,success,66.998,405,225784,211356,110580,-34,1.0,,MQTT_QOS1,mqtt_qos1_main_1000_nosleep_20260904_102455.csv,0.405,66.593
2026-09-04T10:29:03.152404,MQTT_QOS1,2,2,2,56,mqtt-qos1-main-2-56,success,62.111,400,225784,211356,110580,-34,1.0,,MQTT_QOS1,mqtt_qos1_main_1000_nosleep_20260904_102455.csv,0.4,61.711
2026-09-04T10:29:03.414680,MQTT_QOS1,2,2,2,57,mqtt-qos1-main-2-57,success,58.711,410,225784,211356,110580,-32,1.0,,MQTT_QOS1,mqtt_qos1_main_1000_nosleep_20260904_102455.csv,0.41,58.301
2026-09-04T10:29:03.673551,MQTT_QOS1,2,2,2,58,mqtt-qos1-main-2-58,success,60.765,465,225784,211356,110580,-34,1.0,,MQTT_QOS1,mqtt_qos1_main_1000_nosleep_20260904_102455.csv,0.465,60.3
2026-09-04T10:29:03.934480,MQTT_QOS1,2,2,2,59,mqtt-qos1-main-2-59,success,86.344,439,225492,211356,110580,-34,1.0,,MQTT_QOS1,mqtt_qos1_main_1000_nosleep_20260904_102455.csv,0.439,85.905
2026-09-04T10:29:04.220999,MQTT_QOS1,2,2,2,60,mqtt-qos1-main-2-60,success,67.849,472,225784,211356,110580,-33,1.0,,MQTT_QOS1,mqtt_qos1_main_1000_nosleep_20260904_102455.csv,0.472,67.37700000000001
2026-09-04T10:29:04.489042,MQTT_QOS1,2,2,2,61,mqtt-qos1-main-2-61,success,55.899,409,225784,211356,110580,-34,1.0,,MQTT_QOS1,mqtt_qos1_main_1000_nosleep_20260904_102455.csv,0.409,55.49
2026-09-04T10:29:04.745093,MQTT_QOS1,2,2,2,62,mqtt-qos1-main-2-62,success,56.902,404,225784,211356,110580,-34,1.0,,MQTT_QOS1,mqtt_qos1_main_1000_nosleep_20260904_102455.csv,0.404,56.498
2026-09-04T10:29:05.002155,MQTT_QOS1,2,2,2,63,mqtt-qos1-main-2-63,success,55.768,410,225784,211356,110580,-34,1.0,,MQTT_QOS1,mqtt_qos1_main_1000_nosleep_20260904_102455.csv,0.41,55.358000000000004
2026-09-04T10:29:05.258073,MQTT_QOS1,2,2,2,64,mqtt-qos1-main-2-64,success,55.553,413,225784,211356,110580,-34,1.0,,MQTT_QOS1,mqtt_qos1_main_1000_nosleep_20260904_102455.csv,0.413,55.14
2026-09-04T10:29:05.513766,MQTT_QOS1,2,2,2,65,mqtt-qos1-main-2-65,success,57.251,409,225784,211356,110580,-36,1.0,,MQTT_QOS1,mqtt_qos1_main_1000_nosleep_20260904_102455.csv,0.409,56.842
2026-09-04T10:29:05.771154,MQTT_QOS1,2,2,2,66,mqtt-qos1-main-2-66,success,60.008,412,225784,211356,110580,-34,1.0,,MQTT_QOS1,mqtt_qos1_main_1000_nosleep_20260904_102455.csv,0.412,59.596000000000004
2026-09-04T10:29:06.031318,MQTT_QOS1,2,2,2,67,mqtt-qos1-main-2-67,success,57.731,413,225784,211356,110580,-34,1.0,,MQTT_QOS1,mqtt_qos1_main_1000_nosleep_20260904_102455.csv,0.413,57.318000000000005
2026-09-04T10:29:06.289202,MQTT_QOS1,2,2,2,68,mqtt-qos1-main-2-68,success,63.502,412,225784,211356,110580,-34,1.0,,MQTT_QOS1,mqtt_qos1_main_1000_nosleep_20260904_102455.csv,0.412,63.09
2026-09-04T10:29:06.552852,MQTT_QOS1,2,2,2,69,mqtt-qos1-main-2-69,success,61.246,443,225784,211356,110580,-35,1.0,,MQTT_QOS1,mqtt_qos1_main_1000_nosleep_20260904_102455.csv,0.443,60.803000000000004
2026-09-04T10:29:06.814249,MQTT_QOS1,2,2,2,70,mqtt-qos1-main-2-70,success,58.886,413,225784,211356,110580,-34,1.0,,MQTT_QOS1,mqtt_qos1_main_1000_nosleep_20260904_102455.csv,0.413,58.473000000000006
2026-09-04T10:29:07.073292,MQTT_QOS1,2,2,2,71,mqtt-qos1-main-2-71,success,59.493,403,225784,211356,110580,-34,1.0,,MQTT_QOS1,mqtt_qos1_main_1000_nosleep_20260904_102455.csv,0.403,59.09
2026-09-04T10:29:07.332937,MQTT_QOS1,2,2,2,72,mqtt-qos1-main-2-72,success,61.384,403,225784,211356,110580,-33,1.0,,MQTT_QOS1,mqtt_qos1_main_1000_nosleep_20260904_102455.csv,0.403,60.981
2026-09-04T10:29:07.594482,MQTT_QOS1,2,2,2,73,mqtt-qos1-main-2-73,success,58.288,410,225784,211356,110580,-34,1.0,,MQTT_QOS1,mqtt_qos1_main_1000_nosleep_20260904_102455.csv,0.41,57.878
2026-09-04T10:29:07.852923,MQTT_QOS1,2,2,2,74,mqtt-qos1-main-2-74,success,68.402,421,225784,211356,110580,-34,1.0,,MQTT_QOS1,mqtt_qos1_main_1000_nosleep_20260904_102455.csv,0.421,67.981
2026-09-04T10:29:08.121499,MQTT_QOS1,2,2,2,75,mqtt-qos1-main-2-75,success,56.58,419,225784,211356,110580,-35,1.0,,MQTT_QOS1,mqtt_qos1_main_1000_nosleep_20260904_102455.csv,0.419,56.161
2026-09-04T10:29:08.378243,MQTT_QOS1,2,2,2,76,mqtt-qos1-main-2-76,success,60.408,406,225784,211356,110580,-34,1.0,,MQTT_QOS1,mqtt_qos1_main_1000_nosleep_20260904_102455.csv,0.406,60.002
2026-09-04T10:29:08.638823,MQTT_QOS1,2,2,2,77,mqtt-qos1-main-2-77,success,61.922,433,225784,211356,110580,-34,1.0,,MQTT_QOS1,mqtt_qos1_main_1000_nosleep_20260904_102455.csv,0.433,61.489
2026-09-04T10:29:08.900908,MQTT_QOS1,2,2,2,78,mqtt-qos1-main-2-78,success,65.295,456,225580,211356,110580,-34,1.0,,MQTT_QOS1,mqtt_qos1_main_1000_nosleep_20260904_102455.csv,0.456,64.839
2026-09-04T10:29:09.166376,MQTT_QOS1,2,2,2,79,mqtt-qos1-main-2-79,success,60.216,413,225492,211356,110580,-34,1.0,,MQTT_QOS1,mqtt_qos1_main_1000_nosleep_20260904_102455.csv,0.413,59.803000000000004
2026-09-04T10:29:09.426761,MQTT_QOS1,2,2,2,80,mqtt-qos1-main-2-80,success,58.336,402,225784,211356,110580,-35,1.0,,MQTT_QOS1,mqtt_qos1_main_1000_nosleep_20260904_102455.csv,0.402,57.934
2026-09-04T10:29:09.685284,MQTT_QOS1,2,2,2,81,mqtt-qos1-main-2-81,success,84.708,641,225580,211356,110580,-34,1.0,,MQTT_QOS1,mqtt_qos1_main_1000_nosleep_20260904_102455.csv,0.641,84.067
2026-09-04T10:29:09.970156,MQTT_QOS1,2,2,2,82,mqtt-qos1-main-2-82,success,67.557,461,225784,211356,110580,-34,1.0,,MQTT_QOS1,mqtt_qos1_main_1000_nosleep_20260904_102455.csv,0.461,67.096
2026-09-04T10:29:10.237885,MQTT_QOS1,2,2,2,83,mqtt-qos1-main-2-83,success,61.953,405,225784,211356,110580,-35,1.0,,MQTT_QOS1,mqtt_qos1_main_1000_nosleep_20260904_102455.csv,0.405,61.548
2026-09-04T10:29:10.499989,MQTT_QOS1,2,2,2,84,mqtt-qos1-main-2-84,success,53.071,409,225784,211356,110580,-34,1.0,,MQTT_QOS1,mqtt_qos1_main_1000_nosleep_20260904_102455.csv,0.409,52.662
2026-09-04T10:29:10.753202,MQTT_QOS1,2,2,2,85,mqtt-qos1-main-2-85,success,59.303,404,225784,211356,110580,-33,1.0,,MQTT_QOS1,mqtt_qos1_main_1000_nosleep_20260904_102455.csv,0.404,58.898999999999994
2026-09-04T10:29:11.012699,MQTT_QOS1,2,2,2,86,mqtt-qos1-main-2-86,success,55.975,409,225784,211356,110580,-33,1.0,,MQTT_QOS1,mqtt_qos1_main_1000_nosleep_20260904_102455.csv,0.409,55.566
2026-09-04T10:29:11.268822,MQTT_QOS1,2,2,2,87,mqtt-qos1-main-2-87,success,72.235,408,225784,211356,110580,-34,1.0,,MQTT_QOS1,mqtt_qos1_main_1000_nosleep_20260904_102455.csv,0.408,71.827
2026-09-04T10:29:11.541199,MQTT_QOS1,2,2,2,88,mqtt-qos1-main-2-88,success,65.346,407,225784,211356,110580,-34,1.0,,MQTT_QOS1,mqtt_qos1_main_1000_nosleep_20260904_102455.csv,0.407,64.93900000000001
2026-09-04T10:29:11.806684,MQTT_QOS1,2,2,2,89,mqtt-qos1-main-2-89,success,59.154,404,225784,211356,110580,-35,1.0,,MQTT_QOS1,mqtt_qos1_main_1000_nosleep_20260904_102455.csv,0.404,58.75
2026-09-04T10:29:12.065989,MQTT_QOS1,2,2,2,90,mqtt-qos1-main-2-90,success,59.536,408,225784,211356,110580,-32,1.0,,MQTT_QOS1,mqtt_qos1_main_1000_nosleep_20260904_102455.csv,0.408,59.128
2026-09-04T10:29:12.325670,MQTT_QOS1,2,2,2,91,mqtt-qos1-main-2-91,success,73.4,403,225784,211356,110580,-35,1.0,,MQTT_QOS1,mqtt_qos1_main_1000_nosleep_20260904_102455.csv,0.403,72.997
2026-09-04T10:29:12.599224,MQTT_QOS1,2,2,2,92,mqtt-qos1-main-2-92,success,58.206,449,225784,211356,110580,-34,1.0,,MQTT_QOS1,mqtt_qos1_main_1000_nosleep_20260904_102455.csv,0.449,57.757000000000005
2026-09-04T10:29:12.857588,MQTT_QOS1,2,2,2,93,mqtt-qos1-main-2-93,success,62.894,403,225784,211356,110580,-35,1.0,,MQTT_QOS1,mqtt_qos1_main_1000_nosleep_20260904_102455.csv,0.403,62.491
2026-09-04T10:29:13.120655,MQTT_QOS1,2,2,2,94,mqtt-qos1-main-2-94,success,56.256,405,225784,211356,110580,-34,1.0,,MQTT_QOS1,mqtt_qos1_main_1000_nosleep_20260904_102455.csv,0.405,55.851
2026-09-04T10:29:13.377070,MQTT_QOS1,2,2,2,95,mqtt-qos1-main-2-95,success,56.377,420,225492,211356,110580,-33,1.0,,MQTT_QOS1,mqtt_qos1_main_1000_nosleep_20260904_102455.csv,0.42,55.957
2026-09-04T10:29:13.633600,MQTT_QOS1,2,2,2,96,mqtt-qos1-main-2-96,success,55.745,421,225784,211356,110580,-33,1.0,,MQTT_QOS1,mqtt_qos1_main_1000_nosleep_20260904_102455.csv,0.421,55.324
2026-09-04T10:29:13.889515,MQTT_QOS1,2,2,2,97,mqtt-qos1-main-2-97,success,59.664,415,225784,211356,110580,-33,1.0,,MQTT_QOS1,mqtt_qos1_main_1000_nosleep_20260904_102455.csv,0.415,59.249
2026-09-04T10:29:14.149342,MQTT_QOS1,2,2,2,98,mqtt-qos1-main-2-98,success,60.3,403,225784,211356,110580,-33,1.0,,MQTT_QOS1,mqtt_qos1_main_1000_nosleep_20260904_102455.csv,0.403,59.897
2026-09-04T10:29:14.409800,MQTT_QOS1,2,2,2,99,mqtt-qos1-main-2-99,success,61.301,414,225784,211356,110580,-33,1.0,,MQTT_QOS1,mqtt_qos1_main_1000_nosleep_20260904_102455.csv,0.414,60.887
2026-09-04T10:29:14.671254,MQTT_QOS1,2,2,2,100,mqtt-qos1-main-2-100,success,61.827,404,225784,211356,110580,-33,1.0,,MQTT_QOS1,mqtt_qos1_main_1000_nosleep_20260904_102455.csv,0.404,61.422999999999995
2026-09-04T10:29:14.933275,MQTT_QOS1,2,2,2,101,mqtt-qos1-main-2-101,success,84.382,629,225580,211356,110580,-33,1.0,,MQTT_QOS1,mqtt_qos1_main_1000_nosleep_20260904_102455.csv,0.629,83.753
2026-09-04T10:29:15.217816,MQTT_QOS1,2,2,2,102,mqtt-qos1-main-2-102,success,72.923,424,225784,211356,110580,-34,1.0,,MQTT_QOS1,mqtt_qos1_main_1000_nosleep_20260904_102455.csv,0.424,72.499
2026-09-04T10:29:15.490884,MQTT_QOS1,2,2,2,103,mqtt-qos1-main-2-103,success,54.719,405,225784,211356,110580,-35,1.0,,MQTT_QOS1,mqtt_qos1_main_1000_nosleep_20260904_102455.csv,0.405,54.314
2026-09-04T10:29:15.745743,MQTT_QOS1,2,2,2,104,mqtt-qos1-main-2-104,success,55.118,445,225784,211356,110580,-35,1.0,,MQTT_QOS1,mqtt_qos1_main_1000_nosleep_20260904_102455.csv,0.445,54.673
2026-09-04T10:29:16.001018,MQTT_QOS1,2,2,2,105,mqtt-qos1-main-2-105,success,56.075,413,225784,211356,110580,-33,1.0,,MQTT_QOS1,mqtt_qos1_main_1000_nosleep_20260904_102455.csv,0.413,55.662000000000006
2026-09-04T10:29:16.257257,MQTT_QOS1,2,2,2,106,mqtt-qos1-main-2-106,success,56.978,453,225152,211356,110580,-33,1.0,,MQTT_QOS1,mqtt_qos1_main_1000_nosleep_20260904_102455.csv,0.453,56.525
2026-09-04T10:29:16.514382,MQTT_QOS1,2,2,2,107,mqtt-qos1-main-2-107,success,54.265,436,225784,211356,110580,-35,1.0,,MQTT_QOS1,mqtt_qos1_main_1000_nosleep_20260904_102455.csv,0.436,53.829
2026-09-04T10:29:16.768789,MQTT_QOS1,2,2,2,108,mqtt-qos1-main-2-108,success,55.841,410,225784,211356,110580,-33,1.0,,MQTT_QOS1,mqtt_qos1_main_1000_nosleep_20260904_102455.csv,0.41,55.431000000000004
2026-09-04T10:29:17.024772,MQTT_QOS1,2,2,2,109,mqtt-qos1-main-2-109,success,60.449,406,225784,211356,110580,-32,1.0,,MQTT_QOS1,mqtt_qos1_main_1000_nosleep_20260904_102455.csv,0.406,60.043
2026-09-04T10:29:17.285369,MQTT_QOS1,2,2,2,110,mqtt-qos1-main-2-110,success,61.602,404,225784,211356,110580,-34,1.0,,MQTT_QOS1,mqtt_qos1_main_1000_nosleep_20260904_102455.csv,0.404,61.19799999999999
2026-09-04T10:29:17.547111,MQTT_QOS1,2,2,2,111,mqtt-qos1-main-2-111,success,57.954,415,225784,211356,110580,-32,1.0,,MQTT_QOS1,mqtt_qos1_main_1000_nosleep_20260904_102455.csv,0.415,57.539
2026-09-04T10:29:17.805221,MQTT_QOS1,2,2,2,112,mqtt-qos1-main-2-112,success,59.973,416,225784,211356,110580,-35,1.0,,MQTT_QOS1,mqtt_qos1_main_1000_nosleep_20260904_102455.csv,0.416,59.557
2026-09-04T10:29:18.065358,MQTT_QOS1,2,2,2,113,mqtt-qos1-main-2-113,success,64.44,405,225784,211356,110580,-34,1.0,,MQTT_QOS1,mqtt_qos1_main_1000_nosleep_20260904_102455.csv,0.405,64.035
2026-09-04T10:29:18.329961,MQTT_QOS1,2,2,2,114,mqtt-qos1-main-2-114,success,63.276,411,225784,211356,110580,-32,1.0,,MQTT_QOS1,mqtt_qos1_main_1000_nosleep_20260904_102455.csv,0.411,62.865
2026-09-04T10:29:18.593399,MQTT_QOS1,2,2,2,115,mqtt-qos1-main-2-115,success,59.896,410,225784,211356,110580,-34,1.0,,MQTT_QOS1,mqtt_qos1_main_1000_nosleep_20260904_102455.csv,0.41,59.486000000000004
2026-09-04T10:29:18.853453,MQTT_QOS1,2,2,2,116,mqtt-qos1-main-2-116,success,63.838,418,225784,211356,110580,-34,1.0,,MQTT_QOS1,mqtt_qos1_main_1000_nosleep_20260904_102455.csv,0.418,63.42
2026-09-04T10:29:19.117459,MQTT_QOS1,2,2,2,117,mqtt-qos1-main-2-117,success,59.779,404,225784,211356,110580,-35,1.0,,MQTT_QOS1,mqtt_qos1_main_1000_nosleep_20260904_102455.csv,0.404,59.375
2026-09-04T10:29:19.377397,MQTT_QOS1,2,2,2,118,mqtt-qos1-main-2-118,success,59.981,411,225784,211356,110580,-33,1.0,,MQTT_QOS1,mqtt_qos1_main_1000_nosleep_20260904_102455.csv,0.411,59.57
2026-09-04T10:29:19.637532,MQTT_QOS1,2,2,2,119,mqtt-qos1-main-2-119,success,59.403,413,225784,211356,110580,-44,1.0,,MQTT_QOS1,mqtt_qos1_main_1000_nosleep_20260904_102455.csv,0.413,58.99
2026-09-04T10:29:19.897101,MQTT_QOS1,2,2,2,120,mqtt-qos1-main-2-120,success,59.976,410,225784,211356,110580,-34,1.0,,MQTT_QOS1,mqtt_qos1_main_1000_nosleep_20260904_102455.csv,0.41,59.566
2026-09-04T10:29:20.157273,MQTT_QOS1,2,2,2,121,mqtt-qos1-main-2-121,success,55.724,405,225784,211356,110580,-35,1.0,,MQTT_QOS1,mqtt_qos1_main_1000_nosleep_20260904_102455.csv,0.405,55.318999999999996
2026-09-04T10:29:20.413166,MQTT_QOS1,2,2,2,122,mqtt-qos1-main-2-122,success,52.854,456,225492,211356,110580,-35,1.0,,MQTT_QOS1,mqtt_qos1_main_1000_nosleep_20260904_102455.csv,0.456,52.397999999999996
2026-09-04T10:29:20.666183,MQTT_QOS1,2,2,2,123,mqtt-qos1-main-2-123,success,58.278,402,225784,211356,110580,-35,1.0,,MQTT_QOS1,mqtt_qos1_main_1000_nosleep_20260904_102455.csv,0.402,57.876
2026-09-04T10:29:20.924629,MQTT_QOS1,2,2,2,124,mqtt-qos1-main-2-124,success,58.323,413,225784,211356,110580,-34,1.0,,MQTT_QOS1,mqtt_qos1_main_1000_nosleep_20260904_102455.csv,0.413,57.910000000000004
2026-09-04T10:29:21.183122,MQTT_QOS1,2,2,2,125,mqtt-qos1-main-2-125,success,88.533,415,225580,211356,110580,-33,1.0,,MQTT_QOS1,mqtt_qos1_main_1000_nosleep_20260904_102455.csv,0.415,88.118
2026-09-04T10:29:21.471821,MQTT_QOS1,2,2,2,126,mqtt-qos1-main-2-126,success,69.039,412,225784,211356,110580,-34,1.0,,MQTT_QOS1,mqtt_qos1_main_1000_nosleep_20260904_102455.csv,0.412,68.627
2026-09-04T10:29:21.741015,MQTT_QOS1,2,2,2,127,mqtt-qos1-main-2-127,success,51.733,435,225784,211356,110580,-34,1.0,,MQTT_QOS1,mqtt_qos1_main_1000_nosleep_20260904_102455.csv,0.435,51.297999999999995
2026-09-04T10:29:21.992924,MQTT_QOS1,2,2,2,128,mqtt-qos1-main-2-128,success,52.666,407,225784,211356,110580,-35,1.0,,MQTT_QOS1,mqtt_qos1_main_1000_nosleep_20260904_102455.csv,0.407,52.259
2026-09-04T10:29:22.245752,MQTT_QOS1,2,2,2,129,mqtt-qos1-main-2-129,success,63.993,404,225784,211356,110580,-35,1.0,,MQTT_QOS1,mqtt_qos1_main_1000_nosleep_20260904_102455.csv,0.404,63.589
2026-09-04T10:29:22.509903,MQTT_QOS1,2,2,2,130,mqtt-qos1-main-2-130,success,56.326,493,225580,211356,110580,-34,1.0,,MQTT_QOS1,mqtt_qos1_main_1000_nosleep_20260904_102455.csv,0.493,55.833
2026-09-04T10:29:22.766381,MQTT_QOS1,2,2,2,131,mqtt-qos1-main-2-131,success,60.315,414,225784,211356,110580,-33,1.0,,MQTT_QOS1,mqtt_qos1_main_1000_nosleep_20260904_102455.csv,0.414,59.900999999999996
2026-09-04T10:29:23.026874,MQTT_QOS1,2,2,2,132,mqtt-qos1-main-2-132,success,60.461,407,225784,211356,110580,-33,1.0,,MQTT_QOS1,mqtt_qos1_main_1000_nosleep_20260904_102455.csv,0.407,60.054
2026-09-04T10:29:23.287499,MQTT_QOS1,2,2,2,133,mqtt-qos1-main-2-133,success,57.813,420,225784,211356,110580,-33,1.0,,MQTT_QOS1,mqtt_qos1_main_1000_nosleep_20260904_102455.csv,0.42,57.393
2026-09-04T10:29:23.545471,MQTT_QOS1,2,2,2,134,mqtt-qos1-main-2-134,success,63.921,411,225784,211356,110580,-33,1.0,,MQTT_QOS1,mqtt_qos1_main_1000_nosleep_20260904_102455.csv,0.411,63.51
2026-09-04T10:29:23.809556,MQTT_QOS1,2,2,2,135,mqtt-qos1-main-2-135,success,63.704,405,225784,211356,110580,-33,1.0,,MQTT_QOS1,mqtt_qos1_main_1000_nosleep_20260904_102455.csv,0.405,63.299
2026-09-04T10:29:24.073429,MQTT_QOS1,2,2,2,136,mqtt-qos1-main-2-136,success,59.694,428,225784,211356,110580,-33,1.0,,MQTT_QOS1,mqtt_qos1_main_1000_nosleep_20260904_102455.csv,0.428,59.266000000000005
2026-09-04T10:29:24.333283,MQTT_QOS1,2,2,2,137,mqtt-qos1-main-2-137,success,59.468,416,225784,211356,110580,-33,1.0,,MQTT_QOS1,mqtt_qos1_main_1000_nosleep_20260904_102455.csv,0.416,59.05200000000001
2026-09-04T10:29:24.592914,MQTT_QOS1,2,2,2,138,mqtt-qos1-main-2-138,success,65.409,405,225784,211356,110580,-34,1.0,,MQTT_QOS1,mqtt_qos1_main_1000_nosleep_20260904_102455.csv,0.405,65.004
2026-09-04T10:29:24.858480,MQTT_QOS1,2,2,2,139,mqtt-qos1-main-2-139,success,59.478,407,225784,211356,110580,-33,1.0,,MQTT_QOS1,mqtt_qos1_main_1000_nosleep_20260904_102455.csv,0.407,59.071000000000005
2026-09-04T10:29:25.118133,MQTT_QOS1,2,2,2,140,mqtt-qos1-main-2-140,success,60.191,416,225784,211356,110580,-34,1.0,,MQTT_QOS1,mqtt_qos1_main_1000_nosleep_20260904_102455.csv,0.416,59.775000000000006
2026-09-04T10:29:25.378512,MQTT_QOS1,2,2,2,141,mqtt-qos1-main-2-141,success,58.242,408,225784,211356,110580,-34,1.0,,MQTT_QOS1,mqtt_qos1_main_1000_nosleep_20260904_102455.csv,0.408,57.833999999999996
2026-09-04T10:29:25.636907,MQTT_QOS1,2,2,2,142,mqtt-qos1-main-2-142,success,60.14,405,225784,211356,110580,-33,1.0,,MQTT_QOS1,mqtt_qos1_main_1000_nosleep_20260904_102455.csv,0.405,59.735
2026-09-04T10:29:25.897195,MQTT_QOS1,2,2,2,143,mqtt-qos1-main-2-143,success,60.388,408,225784,211356,110580,-35,1.0,,MQTT_QOS1,mqtt_qos1_main_1000_nosleep_20260904_102455.csv,0.408,59.98
2026-09-04T10:29:26.157736,MQTT_QOS1,2,2,2,144,mqtt-qos1-main-2-144,success,60.744,406,225784,211356,110580,-33,1.0,,MQTT_QOS1,mqtt_qos1_main_1000_nosleep_20260904_102455.csv,0.406,60.338
2026-09-04T10:29:26.418626,MQTT_QOS1,2,2,2,145,mqtt-qos1-main-2-145,success,65.135,459,225784,211356,110580,-33,1.0,,MQTT_QOS1,mqtt_qos1_main_1000_nosleep_20260904_102455.csv,0.459,64.676
2026-09-04T10:29:26.683898,MQTT_QOS1,2,2,2,146,mqtt-qos1-main-2-146,success,100.312,421,225580,211356,110580,-34,1.0,,MQTT_QOS1,mqtt_qos1_main_1000_nosleep_20260904_102455.csv,0.421,99.89099999999999
2026-09-04T10:29:26.984373,MQTT_QOS1,2,2,2,147,mqtt-qos1-main-2-147,success,65.923,409,225784,211356,110580,-34,1.0,,MQTT_QOS1,mqtt_qos1_main_1000_nosleep_20260904_102455.csv,0.409,65.514
2026-09-04T10:29:27.250457,MQTT_QOS1,2,2,2,148,mqtt-qos1-main-2-148,success,55.147,417,225784,211356,110580,-32,1.0,,MQTT_QOS1,mqtt_qos1_main_1000_nosleep_20260904_102455.csv,0.417,54.73
2026-09-04T10:29:27.505757,MQTT_QOS1,2,2,2,149,mqtt-qos1-main-2-149,success,55.234,416,225784,211356,110580,-33,1.0,,MQTT_QOS1,mqtt_qos1_main_1000_nosleep_20260904_102455.csv,0.416,54.818000000000005
2026-09-04T10:29:27.761146,MQTT_QOS1,2,2,2,150,mqtt-qos1-main-2-150,success,55.925,408,225784,211356,110580,-33,1.0,,MQTT_QOS1,mqtt_qos1_main_1000_nosleep_20260904_102455.csv,0.408,55.516999999999996
2026-09-04T10:29:28.017230,MQTT_QOS1,2,2,2,151,mqtt-qos1-main-2-151,success,56.024,406,225784,211356,110580,-34,1.0,,MQTT_QOS1,mqtt_qos1_main_1000_nosleep_20260904_102455.csv,0.406,55.618
2026-09-04T10:29:28.273415,MQTT_QOS1,2,2,2,152,mqtt-qos1-main-2-152,success,59.633,417,225784,211356,110580,-34,1.0,,MQTT_QOS1,mqtt_qos1_main_1000_nosleep_20260904_102455.csv,0.417,59.216
2026-09-04T10:29:28.533203,MQTT_QOS1,2,2,2,153,mqtt-qos1-main-2-153,success,59.796,406,225784,211356,110580,-32,1.0,,MQTT_QOS1,mqtt_qos1_main_1000_nosleep_20260904_102455.csv,0.406,59.39
2026-09-04T10:29:28.793159,MQTT_QOS1,2,2,2,154,mqtt-qos1-main-2-154,success,56.903,436,225784,211356,110580,-34,1.0,,MQTT_QOS1,mqtt_qos1_main_1000_nosleep_20260904_102455.csv,0.436,56.467
2026-09-04T10:29:29.050236,MQTT_QOS1,2,2,2,155,mqtt-qos1-main-2-155,success,58.945,406,225784,211356,110580,-35,1.0,,MQTT_QOS1,mqtt_qos1_main_1000_nosleep_20260904_102455.csv,0.406,58.539
2026-09-04T10:29:29.309340,MQTT_QOS1,2,2,2,156,mqtt-qos1-main-2-156,success,61.4,539,225580,211356,110580,-34,1.0,,MQTT_QOS1,mqtt_qos1_main_1000_nosleep_20260904_102455.csv,0.539,60.861
2026-09-04T10:29:29.570898,MQTT_QOS1,2,2,2,157,mqtt-qos1-main-2-157,success,57.99,406,225784,211356,110580,-34,1.0,,MQTT_QOS1,mqtt_qos1_main_1000_nosleep_20260904_102455.csv,0.406,57.584
2026-09-04T10:29:29.829051,MQTT_QOS1,2,2,2,158,mqtt-qos1-main-2-158,success,55.908,405,225784,211356,110580,-35,1.0,,MQTT_QOS1,mqtt_qos1_main_1000_nosleep_20260904_102455.csv,0.405,55.503
2026-09-04T10:29:30.085124,MQTT_QOS1,2,2,2,159,mqtt-qos1-main-2-159,success,60.15,460,225784,211356,110580,-34,1.0,,MQTT_QOS1,mqtt_qos1_main_1000_nosleep_20260904_102455.csv,0.46,59.69
2026-09-04T10:29:30.345431,MQTT_QOS1,2,2,2,160,mqtt-qos1-main-2-160,success,58.169,476,225784,211356,110580,-33,1.0,,MQTT_QOS1,mqtt_qos1_main_1000_nosleep_20260904_102455.csv,0.476,57.693
2026-09-04T10:29:30.603783,MQTT_QOS1,2,2,2,161,mqtt-qos1-main-2-161,success,56.581,404,225784,211356,110580,-35,1.0,,MQTT_QOS1,mqtt_qos1_main_1000_nosleep_20260904_102455.csv,0.404,56.177
2026-09-04T10:29:30.860516,MQTT_QOS1,2,2,2,162,mqtt-qos1-main-2-162,success,60.545,405,225784,211356,110580,-35,1.0,,MQTT_QOS1,mqtt_qos1_main_1000_nosleep_20260904_102455.csv,0.405,60.14
2026-09-04T10:29:31.121218,MQTT_QOS1,2,2,2,163,mqtt-qos1-main-2-163,success,59.48,407,225784,211356,110580,-33,1.0,,MQTT_QOS1,mqtt_qos1_main_1000_nosleep_20260904_102455.csv,0.407,59.073
2026-09-04T10:29:31.380841,MQTT_QOS1,2,2,2,164,mqtt-qos1-main-2-164,success,60.983,403,225784,211356,110580,-33,1.0,,MQTT_QOS1,mqtt_qos1_main_1000_nosleep_20260904_102455.csv,0.403,60.58
2026-09-04T10:29:31.641970,MQTT_QOS1,2,2,2,165,mqtt-qos1-main-2-165,success,63.219,411,225784,211356,110580,-33,1.0,,MQTT_QOS1,mqtt_qos1_main_1000_nosleep_20260904_102455.csv,0.411,62.808
2026-09-04T10:29:31.905341,MQTT_QOS1,2,2,2,166,mqtt-qos1-main-2-166,success,60.283,416,225784,211356,110580,-31,1.0,,MQTT_QOS1,mqtt_qos1_main_1000_nosleep_20260904_102455.csv,0.416,59.867000000000004
2026-09-04T10:29:32.165784,MQTT_QOS1,2,2,2,167,mqtt-qos1-main-2-167,success,59.482,411,225784,211356,110580,-32,1.0,,MQTT_QOS1,mqtt_qos1_main_1000_nosleep_20260904_102455.csv,0.411,59.071
2026-09-04T10:29:32.425428,MQTT_QOS1,2,2,2,168,mqtt-qos1-main-2-168,success,55.653,422,225784,211356,110580,-34,1.0,,MQTT_QOS1,mqtt_qos1_main_1000_nosleep_20260904_102455.csv,0.422,55.231
2026-09-04T10:29:32.681236,MQTT_QOS1,2,2,2,169,mqtt-qos1-main-2-169,success,91.734,404,225580,211356,110580,-34,1.0,,MQTT_QOS1,mqtt_qos1_main_1000_nosleep_20260904_102455.csv,0.404,91.33
2026-09-04T10:29:32.973136,MQTT_QOS1,2,2,2,170,mqtt-qos1-main-2-170,success,67.673,407,225784,211356,110580,-32,1.0,,MQTT_QOS1,mqtt_qos1_main_1000_nosleep_20260904_102455.csv,0.407,67.266
2026-09-04T10:29:33.240977,MQTT_QOS1,2,2,2,171,mqtt-qos1-main-2-171,success,56.352,417,225784,211356,110580,-33,1.0,,MQTT_QOS1,mqtt_qos1_main_1000_nosleep_20260904_102455.csv,0.417,55.934999999999995
2026-09-04T10:29:33.497490,MQTT_QOS1,2,2,2,172,mqtt-qos1-main-2-172,success,56.73,408,225784,211356,110580,-34,1.0,,MQTT_QOS1,mqtt_qos1_main_1000_nosleep_20260904_102455.csv,0.408,56.321999999999996
2026-09-04T10:29:33.754377,MQTT_QOS1,2,2,2,173,mqtt-qos1-main-2-173,success,54.99,418,225784,211356,110580,-33,1.0,,MQTT_QOS1,mqtt_qos1_main_1000_nosleep_20260904_102455.csv,0.418,54.572
2026-09-04T10:29:34.009565,MQTT_QOS1,2,2,2,174,mqtt-qos1-main-2-174,success,55.49,432,225784,211356,110580,-34,1.0,,MQTT_QOS1,mqtt_qos1_main_1000_nosleep_20260904_102455.csv,0.432,55.058
2026-09-04T10:29:34.265237,MQTT_QOS1,2,2,2,175,mqtt-qos1-main-2-175,success,56.124,431,225784,211356,110580,-34,1.0,,MQTT_QOS1,mqtt_qos1_main_1000_nosleep_20260904_102455.csv,0.431,55.693000000000005
2026-09-04T10:29:34.521535,MQTT_QOS1,2,2,2,176,mqtt-qos1-main-2-176,success,55.724,462,225784,211356,110580,-33,1.0,,MQTT_QOS1,mqtt_qos1_main_1000_nosleep_20260904_102455.csv,0.462,55.26199999999999
2026-09-04T10:29:34.777419,MQTT_QOS1,2,2,2,177,mqtt-qos1-main-2-177,success,56.425,402,225784,211356,110580,-35,1.0,,MQTT_QOS1,mqtt_qos1_main_1000_nosleep_20260904_102455.csv,0.402,56.022999999999996
2026-09-04T10:29:35.034014,MQTT_QOS1,2,2,2,178,mqtt-qos1-main-2-178,success,60.875,414,225784,211356,110580,-32,1.0,,MQTT_QOS1,mqtt_qos1_main_1000_nosleep_20260904_102455.csv,0.414,60.461
2026-09-04T10:29:35.295052,MQTT_QOS1,2,2,2,179,mqtt-qos1-main-2-179,success,58.471,410,225784,211356,110580,-35,1.0,,MQTT_QOS1,mqtt_qos1_main_1000_nosleep_20260904_102455.csv,0.41,58.061
2026-09-04T10:29:35.553683,MQTT_QOS1,2,2,2,180,mqtt-qos1-main-2-180,success,56.447,418,225784,211356,110580,-33,1.0,,MQTT_QOS1,mqtt_qos1_main_1000_nosleep_20260904_102455.csv,0.418,56.029
2026-09-04T10:29:35.810317,MQTT_QOS1,2,2,2,181,mqtt-qos1-main-2-181,success,55.369,407,225784,211356,110580,-36,1.0,,MQTT_QOS1,mqtt_qos1_main_1000_nosleep_20260904_102455.csv,0.407,54.962
2026-09-04T10:29:36.065851,MQTT_QOS1,2,2,2,182,mqtt-qos1-main-2-182,success,59.489,460,225580,211356,110580,-33,1.0,,MQTT_QOS1,mqtt_qos1_main_1000_nosleep_20260904_102455.csv,0.46,59.028999999999996
2026-09-04T10:29:36.325490,MQTT_QOS1,2,2,2,183,mqtt-qos1-main-2-183,success,59.016,407,225784,211356,110580,-33,1.0,,MQTT_QOS1,mqtt_qos1_main_1000_nosleep_20260904_102455.csv,0.407,58.609
2026-09-04T10:29:36.584657,MQTT_QOS1,2,2,2,184,mqtt-qos1-main-2-184,success,63.899,408,225784,211356,110580,-35,1.0,,MQTT_QOS1,mqtt_qos1_main_1000_nosleep_20260904_102455.csv,0.408,63.491
2026-09-04T10:29:36.848702,MQTT_QOS1,2,2,2,185,mqtt-qos1-main-2-185,success,62.923,417,225784,211356,110580,-35,1.0,,MQTT_QOS1,mqtt_qos1_main_1000_nosleep_20260904_102455.csv,0.417,62.506
2026-09-04T10:29:37.111781,MQTT_QOS1,2,2,2,186,mqtt-qos1-main-2-186,success,61.276,407,225784,211356,110580,-33,1.0,,MQTT_QOS1,mqtt_qos1_main_1000_nosleep_20260904_102455.csv,0.407,60.86900000000001
2026-09-04T10:29:37.373202,MQTT_QOS1,2,2,2,187,mqtt-qos1-main-2-187,success,63.233,405,225784,211356,110580,-35,1.0,,MQTT_QOS1,mqtt_qos1_main_1000_nosleep_20260904_102455.csv,0.405,62.827999999999996
2026-09-04T10:29:37.636582,MQTT_QOS1,2,2,2,188,mqtt-qos1-main-2-188,success,56.6,405,225784,211356,110580,-35,1.0,,MQTT_QOS1,mqtt_qos1_main_1000_nosleep_20260904_102455.csv,0.405,56.195
2026-09-04T10:29:37.893328,MQTT_QOS1,2,2,2,189,mqtt-qos1-main-2-189,success,56.968,418,225784,211356,110580,-33,1.0,,MQTT_QOS1,mqtt_qos1_main_1000_nosleep_20260904_102455.csv,0.418,56.550000000000004
2026-09-04T10:29:38.150452,MQTT_QOS1,2,2,2,190,mqtt-qos1-main-2-190,success,75.909,416,225784,211356,110580,-34,1.0,,MQTT_QOS1,mqtt_qos1_main_1000_nosleep_20260904_102455.csv,0.416,75.49300000000001
2026-09-04T10:29:38.426516,MQTT_QOS1,2,2,2,191,mqtt-qos1-main-2-191,success,59.074,404,225784,211356,110580,-33,1.0,,MQTT_QOS1,mqtt_qos1_main_1000_nosleep_20260904_102455.csv,0.404,58.669999999999995
2026-09-04T10:29:38.685732,MQTT_QOS1,2,2,2,192,mqtt-qos1-main-2-192,success,94.191,434,225288,211356,110580,-34,1.0,,MQTT_QOS1,mqtt_qos1_main_1000_nosleep_20260904_102455.csv,0.434,93.757
2026-09-04T10:29:38.980067,MQTT_QOS1,2,2,2,193,mqtt-qos1-main-2-193,success,77.133,410,225784,211356,110580,-32,1.0,,MQTT_QOS1,mqtt_qos1_main_1000_nosleep_20260904_102455.csv,0.41,76.723
2026-09-04T10:29:39.257342,MQTT_QOS1,2,2,2,194,mqtt-qos1-main-2-194,success,58.872,411,225784,211356,110580,-33,1.0,,MQTT_QOS1,mqtt_qos1_main_1000_nosleep_20260904_102455.csv,0.411,58.461
2026-09-04T10:29:39.516351,MQTT_QOS1,2,2,2,195,mqtt-qos1-main-2-195,success,57.087,409,225784,211356,110580,-36,1.0,,MQTT_QOS1,mqtt_qos1_main_1000_nosleep_20260904_102455.csv,0.409,56.678000000000004
2026-09-04T10:29:39.773574,MQTT_QOS1,2,2,2,196,mqtt-qos1-main-2-196,success,59.941,406,225784,211356,110580,-34,1.0,,MQTT_QOS1,mqtt_qos1_main_1000_nosleep_20260904_102455.csv,0.406,59.535000000000004
2026-09-04T10:29:40.033675,MQTT_QOS1,2,2,2,197,mqtt-qos1-main-2-197,success,65.853,407,225784,211356,110580,-34,1.0,,MQTT_QOS1,mqtt_qos1_main_1000_nosleep_20260904_102455.csv,0.407,65.446
2026-09-04T10:29:40.299698,MQTT_QOS1,2,2,2,198,mqtt-qos1-main-2-198,success,58.398,405,225784,211356,110580,-34,1.0,,MQTT_QOS1,mqtt_qos1_main_1000_nosleep_20260904_102455.csv,0.405,57.993
2026-09-04T10:29:40.558254,MQTT_QOS1,2,2,2,199,mqtt-qos1-main-2-199,success,59.049,442,225784,211356,110580,-35,1.0,,MQTT_QOS1,mqtt_qos1_main_1000_nosleep_20260904_102455.csv,0.442,58.607
2026-09-04T10:29:40.817475,MQTT_QOS1,2,2,2,200,mqtt-qos1-main-2-200,success,59.443,414,225784,211356,110580,-34,1.0,,MQTT_QOS1,mqtt_qos1_main_1000_nosleep_20260904_102455.csv,0.414,59.028999999999996
2026-09-04T10:30:31.040914,MQTT_QOS1,3,3,1,1,mqtt-qos1-main-3-1,success,60.141,439,221880,211004,110580,-40,1.0,,MQTT_QOS1,mqtt_qos1_main_1000_nosleep_20260904_102455.csv,0.439,59.702
2026-09-04T10:30:31.301309,MQTT_QOS1,3,3,1,2,mqtt-qos1-main-3-2,success,60.391,412,221880,211004,110580,-40,1.0,,MQTT_QOS1,mqtt_qos1_main_1000_nosleep_20260904_102455.csv,0.412,59.979
2026-09-04T10:30:31.561888,MQTT_QOS1,3,3,1,3,mqtt-qos1-main-3-3,success,59.178,412,221880,211004,110580,-40,1.0,,MQTT_QOS1,mqtt_qos1_main_1000_nosleep_20260904_102455.csv,0.412,58.766
2026-09-04T10:30:31.821241,MQTT_QOS1,3,3,1,4,mqtt-qos1-main-3-4,success,60.173,408,221880,211004,110580,-39,1.0,,MQTT_QOS1,mqtt_qos1_main_1000_nosleep_20260904_102455.csv,0.408,59.765
2026-09-04T10:30:32.081597,MQTT_QOS1,3,3,1,5,mqtt-qos1-main-3-5,success,64.452,412,221880,211004,110580,-37,1.0,,MQTT_QOS1,mqtt_qos1_main_1000_nosleep_20260904_102455.csv,0.412,64.03999999999999
2026-09-04T10:30:32.346219,MQTT_QOS1,3,3,1,6,mqtt-qos1-main-3-6,success,58.729,479,221588,211004,110580,-38,1.0,,MQTT_QOS1,mqtt_qos1_main_1000_nosleep_20260904_102455.csv,0.479,58.25
2026-09-04T10:30:32.605104,MQTT_QOS1,3,3,1,7,mqtt-qos1-main-3-7,success,60.757,426,221880,211004,110580,-39,1.0,,MQTT_QOS1,mqtt_qos1_main_1000_nosleep_20260904_102455.csv,0.426,60.330999999999996
2026-09-04T10:30:32.866021,MQTT_QOS1,3,3,1,8,mqtt-qos1-main-3-8,success,58.926,542,221676,211004,110580,-39,1.0,,MQTT_QOS1,mqtt_qos1_main_1000_nosleep_20260904_102455.csv,0.542,58.384
2026-09-04T10:30:33.125118,MQTT_QOS1,3,3,1,9,mqtt-qos1-main-3-9,success,63.64,404,221880,211004,110580,-38,1.0,,MQTT_QOS1,mqtt_qos1_main_1000_nosleep_20260904_102455.csv,0.404,63.236
2026-09-04T10:30:33.388914,MQTT_QOS1,3,3,1,10,mqtt-qos1-main-3-10,success,62.537,422,221880,211004,110580,-39,1.0,,MQTT_QOS1,mqtt_qos1_main_1000_nosleep_20260904_102455.csv,0.422,62.115
2026-09-04T10:30:33.651600,MQTT_QOS1,3,3,1,11,mqtt-qos1-main-3-11,success,57.584,414,221880,211004,110580,-40,1.0,,MQTT_QOS1,mqtt_qos1_main_1000_nosleep_20260904_102455.csv,0.414,57.17
2026-09-04T10:30:33.909345,MQTT_QOS1,3,3,1,12,mqtt-qos1-main-3-12,success,56.77,409,221880,211004,110580,-39,1.0,,MQTT_QOS1,mqtt_qos1_main_1000_nosleep_20260904_102455.csv,0.409,56.361000000000004
2026-09-04T10:30:34.166286,MQTT_QOS1,3,3,1,13,mqtt-qos1-main-3-13,success,59.195,406,221880,211004,110580,-39,1.0,,MQTT_QOS1,mqtt_qos1_main_1000_nosleep_20260904_102455.csv,0.406,58.789
2026-09-04T10:30:34.425637,MQTT_QOS1,3,3,1,14,mqtt-qos1-main-3-14,success,63.241,413,221880,211004,110580,-39,1.0,,MQTT_QOS1,mqtt_qos1_main_1000_nosleep_20260904_102455.csv,0.413,62.828
2026-09-04T10:30:34.689028,MQTT_QOS1,3,3,1,15,mqtt-qos1-main-3-15,success,55.631,425,221588,211004,110580,-38,1.0,,MQTT_QOS1,mqtt_qos1_main_1000_nosleep_20260904_102455.csv,0.425,55.206
2026-09-04T10:30:34.944820,MQTT_QOS1,3,3,1,16,mqtt-qos1-main-3-16,success,56.766,421,221880,211004,110580,-39,1.0,,MQTT_QOS1,mqtt_qos1_main_1000_nosleep_20260904_102455.csv,0.421,56.345
2026-09-04T10:30:35.201746,MQTT_QOS1,3,3,1,17,mqtt-qos1-main-3-17,success,60.262,405,221880,211004,110580,-40,1.0,,MQTT_QOS1,mqtt_qos1_main_1000_nosleep_20260904_102455.csv,0.405,59.857
2026-09-04T10:30:35.462173,MQTT_QOS1,3,3,1,18,mqtt-qos1-main-3-18,success,86.848,652,221676,211004,110580,-39,1.0,,MQTT_QOS1,mqtt_qos1_main_1000_nosleep_20260904_102455.csv,0.652,86.196
2026-09-04T10:30:35.749172,MQTT_QOS1,3,3,1,19,mqtt-qos1-main-3-19,success,67.662,410,221880,211004,110580,-38,1.0,,MQTT_QOS1,mqtt_qos1_main_1000_nosleep_20260904_102455.csv,0.41,67.25200000000001
2026-09-04T10:30:36.016992,MQTT_QOS1,3,3,1,20,mqtt-qos1-main-3-20,success,56.159,411,221880,211004,110580,-38,1.0,,MQTT_QOS1,mqtt_qos1_main_1000_nosleep_20260904_102455.csv,0.411,55.748
2026-09-04T10:30:36.273338,MQTT_QOS1,3,3,1,21,mqtt-qos1-main-3-21,success,52.003,417,221880,211004,110580,-39,1.0,,MQTT_QOS1,mqtt_qos1_main_1000_nosleep_20260904_102455.csv,0.417,51.586
2026-09-04T10:30:36.525494,MQTT_QOS1,3,3,1,22,mqtt-qos1-main-3-22,success,55.392,408,221880,211004,110580,-38,1.0,,MQTT_QOS1,mqtt_qos1_main_1000_nosleep_20260904_102455.csv,0.408,54.984
2026-09-04T10:30:36.781025,MQTT_QOS1,3,3,1,23,mqtt-qos1-main-3-23,success,53.913,422,221588,211004,110580,-37,1.0,,MQTT_QOS1,mqtt_qos1_main_1000_nosleep_20260904_102455.csv,0.422,53.491
2026-09-04T10:30:37.035099,MQTT_QOS1,3,3,1,24,mqtt-qos1-main-3-24,success,53.711,439,221880,211004,110580,-37,1.0,,MQTT_QOS1,mqtt_qos1_main_1000_nosleep_20260904_102455.csv,0.439,53.272
2026-09-04T10:30:37.288963,MQTT_QOS1,3,3,1,25,mqtt-qos1-main-3-25,success,55.862,474,221880,211004,110580,-40,1.0,,MQTT_QOS1,mqtt_qos1_main_1000_nosleep_20260904_102455.csv,0.474,55.388000000000005
2026-09-04T10:30:37.544979,MQTT_QOS1,3,3,1,26,mqtt-qos1-main-3-26,success,56.387,418,221880,211004,110580,-39,1.0,,MQTT_QOS1,mqtt_qos1_main_1000_nosleep_20260904_102455.csv,0.418,55.969
2026-09-04T10:30:37.801524,MQTT_QOS1,3,3,1,27,mqtt-qos1-main-3-27,success,59.629,434,221880,211004,110580,-38,1.0,,MQTT_QOS1,mqtt_qos1_main_1000_nosleep_20260904_102455.csv,0.434,59.195
2026-09-04T10:30:38.061327,MQTT_QOS1,3,3,1,28,mqtt-qos1-main-3-28,success,60.352,408,221880,211004,110580,-38,1.0,,MQTT_QOS1,mqtt_qos1_main_1000_nosleep_20260904_102455.csv,0.408,59.943999999999996
2026-09-04T10:30:38.321837,MQTT_QOS1,3,3,1,29,mqtt-qos1-main-3-29,success,59.456,433,221880,211004,110580,-37,1.0,,MQTT_QOS1,mqtt_qos1_main_1000_nosleep_20260904_102455.csv,0.433,59.023
2026-09-04T10:30:38.581445,MQTT_QOS1,3,3,1,30,mqtt-qos1-main-3-30,success,59.514,409,221880,211004,110580,-39,1.0,,MQTT_QOS1,mqtt_qos1_main_1000_nosleep_20260904_102455.csv,0.409,59.105000000000004
2026-09-04T10:30:38.841112,MQTT_QOS1,3,3,1,31,mqtt-qos1-main-3-31,success,61.652,409,221880,211004,110580,-38,1.0,,MQTT_QOS1,mqtt_qos1_main_1000_nosleep_20260904_102455.csv,0.409,61.243
2026-09-04T10:30:39.102920,MQTT_QOS1,3,3,1,32,mqtt-qos1-main-3-32,success,59.055,422,221880,211004,110580,-38,1.0,,MQTT_QOS1,mqtt_qos1_main_1000_nosleep_20260904_102455.csv,0.422,58.633
2026-09-04T10:30:39.362129,MQTT_QOS1,3,3,1,33,mqtt-qos1-main-3-33,success,59.852,405,221880,211004,110580,-38,1.0,,MQTT_QOS1,mqtt_qos1_main_1000_nosleep_20260904_102455.csv,0.405,59.446999999999996
2026-09-04T10:30:39.622134,MQTT_QOS1,3,3,1,34,mqtt-qos1-main-3-34,success,59.531,410,221880,211004,110580,-38,1.0,,MQTT_QOS1,mqtt_qos1_main_1000_nosleep_20260904_102455.csv,0.41,59.121
2026-09-04T10:30:39.881824,MQTT_QOS1,3,3,1,35,mqtt-qos1-main-3-35,success,56.602,543,221676,211004,110580,-39,1.0,,MQTT_QOS1,mqtt_qos1_main_1000_nosleep_20260904_102455.csv,0.543,56.059
2026-09-04T10:30:40.138605,MQTT_QOS1,3,3,1,36,mqtt-qos1-main-3-36,success,58.473,414,221880,211004,110580,-38,1.0,,MQTT_QOS1,mqtt_qos1_main_1000_nosleep_20260904_102455.csv,0.414,58.059
2026-09-04T10:30:40.397232,MQTT_QOS1,3,3,1,37,mqtt-qos1-main-3-37,success,64.841,408,221880,211004,110580,-40,1.0,,MQTT_QOS1,mqtt_qos1_main_1000_nosleep_20260904_102455.csv,0.408,64.43299999999999
2026-09-04T10:30:40.662221,MQTT_QOS1,3,3,1,38,mqtt-qos1-main-3-38,success,58.216,435,221880,211004,110580,-39,1.0,,MQTT_QOS1,mqtt_qos1_main_1000_nosleep_20260904_102455.csv,0.435,57.781
2026-09-04T10:30:40.920586,MQTT_QOS1,3,3,1,39,mqtt-qos1-main-3-39,success,58.414,408,221880,211004,110580,-41,1.0,,MQTT_QOS1,mqtt_qos1_main_1000_nosleep_20260904_102455.csv,0.408,58.006
2026-09-04T10:30:41.179163,MQTT_QOS1,3,3,1,40,mqtt-qos1-main-3-40,success,59.166,406,221880,211004,110580,-42,1.0,,MQTT_QOS1,mqtt_qos1_main_1000_nosleep_20260904_102455.csv,0.406,58.76
2026-09-04T10:30:41.438515,MQTT_QOS1,3,3,1,41,mqtt-qos1-main-3-41,success,58.433,409,221880,211004,110580,-41,1.0,,MQTT_QOS1,mqtt_qos1_main_1000_nosleep_20260904_102455.csv,0.409,58.024
2026-09-04T10:30:41.697095,MQTT_QOS1,3,3,1,42,mqtt-qos1-main-3-42,success,60.458,404,221880,211004,110580,-40,1.0,,MQTT_QOS1,mqtt_qos1_main_1000_nosleep_20260904_102455.csv,0.404,60.053999999999995
2026-09-04T10:30:41.957697,MQTT_QOS1,3,3,1,43,mqtt-qos1-main-3-43,success,94.396,473,221676,211004,110580,-40,1.0,,MQTT_QOS1,mqtt_qos1_main_1000_nosleep_20260904_102455.csv,0.473,93.923
2026-09-04T10:30:42.252254,MQTT_QOS1,3,3,1,44,mqtt-qos1-main-3-44,success,69.436,408,221880,211004,110580,-43,1.0,,MQTT_QOS1,mqtt_qos1_main_1000_nosleep_20260904_102455.csv,0.408,69.028
2026-09-04T10:30:42.521842,MQTT_QOS1,3,3,1,45,mqtt-qos1-main-3-45,success,63.219,414,221880,211004,110580,-44,1.0,,MQTT_QOS1,mqtt_qos1_main_1000_nosleep_20260904_102455.csv,0.414,62.805
2026-09-04T10:30:42.785228,MQTT_QOS1,3,3,1,46,mqtt-qos1-main-3-46,success,55.835,453,221880,211004,110580,-42,1.0,,MQTT_QOS1,mqtt_qos1_main_1000_nosleep_20260904_102455.csv,0.453,55.382
2026-09-04T10:30:43.041227,MQTT_QOS1,3,3,1,47,mqtt-qos1-main-3-47,success,56.055,419,221880,211004,110580,-41,1.0,,MQTT_QOS1,mqtt_qos1_main_1000_nosleep_20260904_102455.csv,0.419,55.636
2026-09-04T10:30:43.297436,MQTT_QOS1,3,3,1,48,mqtt-qos1-main-3-48,success,59.498,413,221880,211004,110580,-43,1.0,,MQTT_QOS1,mqtt_qos1_main_1000_nosleep_20260904_102455.csv,0.413,59.085
2026-09-04T10:30:43.557086,MQTT_QOS1,3,3,1,49,mqtt-qos1-main-3-49,success,55.715,441,221588,211004,110580,-42,1.0,,MQTT_QOS1,mqtt_qos1_main_1000_nosleep_20260904_102455.csv,0.441,55.274
2026-09-04T10:30:43.812956,MQTT_QOS1,3,3,1,50,mqtt-qos1-main-3-50,success,64.095,406,221880,211004,110580,-38,1.0,,MQTT_QOS1,mqtt_qos1_main_1000_nosleep_20260904_102455.csv,0.406,63.689
2026-09-04T10:30:44.077218,MQTT_QOS1,3,3,1,51,mqtt-qos1-main-3-51,success,61.44,411,221880,211004,110580,-40,1.0,,MQTT_QOS1,mqtt_qos1_main_1000_nosleep_20260904_102455.csv,0.411,61.028999999999996
2026-09-04T10:30:44.338819,MQTT_QOS1,3,3,1,52,mqtt-qos1-main-3-52,success,66.063,404,221880,211004,110580,-39,1.0,,MQTT_QOS1,mqtt_qos1_main_1000_nosleep_20260904_102455.csv,0.404,65.659
2026-09-04T10:30:44.605029,MQTT_QOS1,3,3,1,53,mqtt-qos1-main-3-53,success,55.706,409,221880,211004,110580,-39,1.0,,MQTT_QOS1,mqtt_qos1_main_1000_nosleep_20260904_102455.csv,0.409,55.297000000000004
2026-09-04T10:30:44.860884,MQTT_QOS1,3,3,1,54,mqtt-qos1-main-3-54,success,62.998,419,221588,211004,110580,-39,1.0,,MQTT_QOS1,mqtt_qos1_main_1000_nosleep_20260904_102455.csv,0.419,62.579
2026-09-04T10:30:45.124046,MQTT_QOS1,3,3,1,55,mqtt-qos1-main-3-55,success,57.913,409,221880,211004,110580,-41,1.0,,MQTT_QOS1,mqtt_qos1_main_1000_nosleep_20260904_102455.csv,0.409,57.504
2026-09-04T10:30:45.382106,MQTT_QOS1,3,3,1,56,mqtt-qos1-main-3-56,success,59.819,403,221880,211004,110580,-40,1.0,,MQTT_QOS1,mqtt_qos1_main_1000_nosleep_20260904_102455.csv,0.403,59.416000000000004
2026-09-04T10:30:45.642075,MQTT_QOS1,3,3,1,57,mqtt-qos1-main-3-57,success,59.027,410,221880,211004,110580,-40,1.0,,MQTT_QOS1,mqtt_qos1_main_1000_nosleep_20260904_102455.csv,0.41,58.617000000000004
2026-09-04T10:30:45.901256,MQTT_QOS1,3,3,1,58,mqtt-qos1-main-3-58,success,59.579,406,221880,211004,110580,-41,1.0,,MQTT_QOS1,mqtt_qos1_main_1000_nosleep_20260904_102455.csv,0.406,59.173
2026-09-04T10:30:46.161008,MQTT_QOS1,3,3,1,59,mqtt-qos1-main-3-59,success,59.387,409,221880,211004,110580,-40,1.0,,MQTT_QOS1,mqtt_qos1_main_1000_nosleep_20260904_102455.csv,0.409,58.978
2026-09-04T10:30:46.420548,MQTT_QOS1,3,3,1,60,mqtt-qos1-main-3-60,success,56.486,412,221880,211004,110580,-39,1.0,,MQTT_QOS1,mqtt_qos1_main_1000_nosleep_20260904_102455.csv,0.412,56.074
2026-09-04T10:30:46.677214,MQTT_QOS1,3,3,1,61,mqtt-qos1-main-3-61,success,60.9,416,221880,211004,110580,-41,1.0,,MQTT_QOS1,mqtt_qos1_main_1000_nosleep_20260904_102455.csv,0.416,60.484
2026-09-04T10:30:46.938276,MQTT_QOS1,3,3,1,62,mqtt-qos1-main-3-62,success,59.236,460,221676,211004,110580,-43,1.0,,MQTT_QOS1,mqtt_qos1_main_1000_nosleep_20260904_102455.csv,0.46,58.775999999999996
2026-09-04T10:30:47.197668,MQTT_QOS1,3,3,1,63,mqtt-qos1-main-3-63,success,59.973,405,221880,211004,110580,-41,1.0,,MQTT_QOS1,mqtt_qos1_main_1000_nosleep_20260904_102455.csv,0.405,59.568
2026-09-04T10:30:47.457778,MQTT_QOS1,3,3,1,64,mqtt-qos1-main-3-64,success,60.261,423,221880,211004,110580,-43,1.0,,MQTT_QOS1,mqtt_qos1_main_1000_nosleep_20260904_102455.csv,0.423,59.838
2026-09-04T10:30:47.718186,MQTT_QOS1,3,3,1,65,mqtt-qos1-main-3-65,success,82.561,462,221384,211004,110580,-43,1.0,,MQTT_QOS1,mqtt_qos1_main_1000_nosleep_20260904_102455.csv,0.462,82.099
2026-09-04T10:30:48.000910,MQTT_QOS1,3,3,1,66,mqtt-qos1-main-3-66,success,69.027,433,219444,211004,110580,-42,1.0,,MQTT_QOS1,mqtt_qos1_main_1000_nosleep_20260904_102455.csv,0.433,68.594
2026-09-04T10:30:48.270092,MQTT_QOS1,3,3,1,67,mqtt-qos1-main-3-67,success,54.64,408,221880,211004,110580,-40,1.0,,MQTT_QOS1,mqtt_qos1_main_1000_nosleep_20260904_102455.csv,0.408,54.232
2026-09-04T10:30:48.524884,MQTT_QOS1,3,3,1,68,mqtt-qos1-main-3-68,success,61.611,411,221880,211004,110580,-43,1.0,,MQTT_QOS1,mqtt_qos1_main_1000_nosleep_20260904_102455.csv,0.411,61.199999999999996
2026-09-04T10:30:48.786651,MQTT_QOS1,3,3,1,69,mqtt-qos1-main-3-69,success,54.132,450,221880,211004,110580,-43,1.0,,MQTT_QOS1,mqtt_qos1_main_1000_nosleep_20260904_102455.csv,0.45,53.681999999999995
2026-09-04T10:30:49.040942,MQTT_QOS1,3,3,1,70,mqtt-qos1-main-3-70,success,56.017,436,221880,211004,110580,-40,1.0,,MQTT_QOS1,mqtt_qos1_main_1000_nosleep_20260904_102455.csv,0.436,55.581
2026-09-04T10:30:49.297113,MQTT_QOS1,3,3,1,71,mqtt-qos1-main-3-71,success,59.548,418,221880,211004,110580,-40,1.0,,MQTT_QOS1,mqtt_qos1_main_1000_nosleep_20260904_102455.csv,0.418,59.13
2026-09-04T10:30:49.556808,MQTT_QOS1,3,3,1,72,mqtt-qos1-main-3-72,success,59.459,408,221880,211004,110580,-41,1.0,,MQTT_QOS1,mqtt_qos1_main_1000_nosleep_20260904_102455.csv,0.408,59.051
2026-09-04T10:30:49.816419,MQTT_QOS1,3,3,1,73,mqtt-qos1-main-3-73,success,56.981,409,221880,211004,110580,-42,1.0,,MQTT_QOS1,mqtt_qos1_main_1000_nosleep_20260904_102455.csv,0.409,56.572
2026-09-04T10:30:50.073555,MQTT_QOS1,3,3,1,74,mqtt-qos1-main-3-74,success,69.248,407,221880,211004,110580,-43,1.0,,MQTT_QOS1,mqtt_qos1_main_1000_nosleep_20260904_102455.csv,0.407,68.84100000000001
2026-09-04T10:30:50.342971,MQTT_QOS1,3,3,1,75,mqtt-qos1-main-3-75,success,58.476,417,221880,211004,110580,-40,1.0,,MQTT_QOS1,mqtt_qos1_main_1000_nosleep_20260904_102455.csv,0.417,58.059
2026-09-04T10:30:50.601600,MQTT_QOS1,3,3,1,76,mqtt-qos1-main-3-76,success,52.235,429,221880,211004,110580,-40,1.0,,MQTT_QOS1,mqtt_qos1_main_1000_nosleep_20260904_102455.csv,0.429,51.806
2026-09-04T10:30:50.853988,MQTT_QOS1,3,3,1,77,mqtt-qos1-main-3-77,success,58.573,437,221880,211004,110580,-42,1.0,,MQTT_QOS1,mqtt_qos1_main_1000_nosleep_20260904_102455.csv,0.437,58.136
2026-09-04T10:30:51.112726,MQTT_QOS1,3,3,1,78,mqtt-qos1-main-3-78,success,59.19,425,221880,211004,110580,-42,1.0,,MQTT_QOS1,mqtt_qos1_main_1000_nosleep_20260904_102455.csv,0.425,58.765
2026-09-04T10:30:51.372065,MQTT_QOS1,3,3,1,79,mqtt-qos1-main-3-79,success,56.913,410,221880,211004,110580,-39,1.0,,MQTT_QOS1,mqtt_qos1_main_1000_nosleep_20260904_102455.csv,0.41,56.503
2026-09-04T10:30:51.629125,MQTT_QOS1,3,3,1,80,mqtt-qos1-main-3-80,success,60.26,412,221880,211004,110580,-37,1.0,,MQTT_QOS1,mqtt_qos1_main_1000_nosleep_20260904_102455.csv,0.412,59.848
2026-09-04T10:30:51.889561,MQTT_QOS1,3,3,1,81,mqtt-qos1-main-3-81,success,57.178,405,221880,211004,110580,-41,1.0,,MQTT_QOS1,mqtt_qos1_main_1000_nosleep_20260904_102455.csv,0.405,56.772999999999996
2026-09-04T10:30:52.146906,MQTT_QOS1,3,3,1,82,mqtt-qos1-main-3-82,success,60.121,408,221880,211004,110580,-41,1.0,,MQTT_QOS1,mqtt_qos1_main_1000_nosleep_20260904_102455.csv,0.408,59.713
2026-09-04T10:30:52.407173,MQTT_QOS1,3,3,1,83,mqtt-qos1-main-3-83,success,67.166,461,221880,211004,110580,-39,1.0,,MQTT_QOS1,mqtt_qos1_main_1000_nosleep_20260904_102455.csv,0.461,66.705
2026-09-04T10:30:52.674477,MQTT_QOS1,3,3,1,84,mqtt-qos1-main-3-84,success,58.379,413,221880,211004,110580,-38,1.0,,MQTT_QOS1,mqtt_qos1_main_1000_nosleep_20260904_102455.csv,0.413,57.966
2026-09-04T10:30:52.932996,MQTT_QOS1,3,3,1,85,mqtt-qos1-main-3-85,success,62.375,406,221880,211004,110580,-37,1.0,,MQTT_QOS1,mqtt_qos1_main_1000_nosleep_20260904_102455.csv,0.406,61.969
2026-09-04T10:30:53.195530,MQTT_QOS1,3,3,1,86,mqtt-qos1-main-3-86,success,62.617,409,221880,211004,110580,-36,1.0,,MQTT_QOS1,mqtt_qos1_main_1000_nosleep_20260904_102455.csv,0.409,62.208
2026-09-04T10:30:53.458292,MQTT_QOS1,3,3,1,87,mqtt-qos1-main-3-87,success,91.884,583,221384,211004,110580,-36,1.0,,MQTT_QOS1,mqtt_qos1_main_1000_nosleep_20260904_102455.csv,0.583,91.301
2026-09-04T10:30:53.750321,MQTT_QOS1,3,3,1,88,mqtt-qos1-main-3-88,success,77.56,410,221880,211004,110580,-39,1.0,,MQTT_QOS1,mqtt_qos1_main_1000_nosleep_20260904_102455.csv,0.41,77.15
2026-09-04T10:30:54.028047,MQTT_QOS1,3,3,1,89,mqtt-qos1-main-3-89,success,58.883,635,221676,211004,110580,-41,1.0,,MQTT_QOS1,mqtt_qos1_main_1000_nosleep_20260904_102455.csv,0.635,58.248000000000005
2026-09-04T10:30:54.287091,MQTT_QOS1,3,3,1,90,mqtt-qos1-main-3-90,success,56.033,411,221880,211004,110580,-40,1.0,,MQTT_QOS1,mqtt_qos1_main_1000_nosleep_20260904_102455.csv,0.411,55.622
2026-09-04T10:30:54.543276,MQTT_QOS1,3,3,1,91,mqtt-qos1-main-3-91,success,53.645,409,221880,211004,110580,-40,1.0,,MQTT_QOS1,mqtt_qos1_main_1000_nosleep_20260904_102455.csv,0.409,53.236000000000004
2026-09-04T10:30:54.797073,MQTT_QOS1,3,3,1,92,mqtt-qos1-main-3-92,success,63.234,407,221880,211004,110580,-40,1.0,,MQTT_QOS1,mqtt_qos1_main_1000_nosleep_20260904_102455.csv,0.407,62.827000000000005
2026-09-04T10:30:55.060472,MQTT_QOS1,3,3,1,93,mqtt-qos1-main-3-93,success,69.288,411,221880,211004,110580,-38,1.0,,MQTT_QOS1,mqtt_qos1_main_1000_nosleep_20260904_102455.csv,0.411,68.877
2026-09-04T10:30:55.329909,MQTT_QOS1,3,3,1,94,mqtt-qos1-main-3-94,success,60.838,411,221880,211004,110580,-37,1.0,,MQTT_QOS1,mqtt_qos1_main_1000_nosleep_20260904_102455.csv,0.411,60.427
2026-09-04T10:30:55.590897,MQTT_QOS1,3,3,1,95,mqtt-qos1-main-3-95,success,60.99,411,221880,211004,110580,-37,1.0,,MQTT_QOS1,mqtt_qos1_main_1000_nosleep_20260904_102455.csv,0.411,60.579
2026-09-04T10:30:55.852042,MQTT_QOS1,3,3,1,96,mqtt-qos1-main-3-96,success,57.832,404,221880,211004,110580,-38,1.0,,MQTT_QOS1,mqtt_qos1_main_1000_nosleep_20260904_102455.csv,0.404,57.428
2026-09-04T10:30:56.110034,MQTT_QOS1,3,3,1,97,mqtt-qos1-main-3-97,success,69.687,410,221880,211004,110580,-40,1.0,,MQTT_QOS1,mqtt_qos1_main_1000_nosleep_20260904_102455.csv,0.41,69.277
2026-09-04T10:30:56.379866,MQTT_QOS1,3,3,1,98,mqtt-qos1-main-3-98,success,75.635,404,221880,211004,110580,-42,1.0,,MQTT_QOS1,mqtt_qos1_main_1000_nosleep_20260904_102455.csv,0.404,75.23100000000001
2026-09-04T10:30:56.655635,MQTT_QOS1,3,3,1,99,mqtt-qos1-main-3-99,success,58.134,409,221880,211004,110580,-40,1.0,,MQTT_QOS1,mqtt_qos1_main_1000_nosleep_20260904_102455.csv,0.409,57.725
2026-09-04T10:30:56.913909,MQTT_QOS1,3,3,1,100,mqtt-qos1-main-3-100,success,63.682,403,221880,211004,110580,-38,1.0,,MQTT_QOS1,mqtt_qos1_main_1000_nosleep_20260904_102455.csv,0.403,63.279
2026-09-04T10:30:57.177778,MQTT_QOS1,3,3,1,101,mqtt-qos1-main-3-101,success,60.894,408,221880,211004,110580,-38,1.0,,MQTT_QOS1,mqtt_qos1_main_1000_nosleep_20260904_102455.csv,0.408,60.486
2026-09-04T10:30:57.438833,MQTT_QOS1,3,3,1,102,mqtt-qos1-main-3-102,success,60.763,406,221880,211004,110580,-39,1.0,,MQTT_QOS1,mqtt_qos1_main_1000_nosleep_20260904_102455.csv,0.406,60.357
2026-09-04T10:30:57.699748,MQTT_QOS1,3,3,1,103,mqtt-qos1-main-3-103,success,68.066,413,221880,211004,110580,-37,1.0,,MQTT_QOS1,mqtt_qos1_main_1000_nosleep_20260904_102455.csv,0.413,67.653
2026-09-04T10:30:57.967974,MQTT_QOS1,3,3,1,104,mqtt-qos1-main-3-104,success,105.426,407,221676,211004,110580,-37,1.0,,MQTT_QOS1,mqtt_qos1_main_1000_nosleep_20260904_102455.csv,0.407,105.019
2026-09-04T10:30:58.273581,MQTT_QOS1,3,3,1,105,mqtt-qos1-main-3-105,success,60.951,412,221880,211004,110580,-38,1.0,,MQTT_QOS1,mqtt_qos1_main_1000_nosleep_20260904_102455.csv,0.412,60.539
2026-09-04T10:30:58.534690,MQTT_QOS1,3,3,1,106,mqtt-qos1-main-3-106,success,60.04,404,221880,211004,110580,-37,1.0,,MQTT_QOS1,mqtt_qos1_main_1000_nosleep_20260904_102455.csv,0.404,59.635999999999996
2026-09-04T10:30:58.794889,MQTT_QOS1,3,3,1,107,mqtt-qos1-main-3-107,success,54.528,420,221880,211004,110580,-36,1.0,,MQTT_QOS1,mqtt_qos1_main_1000_nosleep_20260904_102455.csv,0.42,54.108
2026-09-04T10:30:59.049573,MQTT_QOS1,3,3,1,108,mqtt-qos1-main-3-108,success,59.35,407,221880,211004,110580,-36,1.0,,MQTT_QOS1,mqtt_qos1_main_1000_nosleep_20260904_102455.csv,0.407,58.943000000000005
2026-09-04T10:30:59.309073,MQTT_QOS1,3,3,1,109,mqtt-qos1-main-3-109,success,60.69,410,221880,211004,110580,-39,1.0,,MQTT_QOS1,mqtt_qos1_main_1000_nosleep_20260904_102455.csv,0.41,60.28
2026-09-04T10:30:59.569907,MQTT_QOS1,3,3,1,110,mqtt-qos1-main-3-110,success,59.946,405,221880,211004,110580,-37,1.0,,MQTT_QOS1,mqtt_qos1_main_1000_nosleep_20260904_102455.csv,0.405,59.541
2026-09-04T10:30:59.829998,MQTT_QOS1,3,3,1,111,mqtt-qos1-main-3-111,success,60.087,412,221880,211004,110580,-39,1.0,,MQTT_QOS1,mqtt_qos1_main_1000_nosleep_20260904_102455.csv,0.412,59.675000000000004
2026-09-04T10:31:00.090248,MQTT_QOS1,3,3,1,112,mqtt-qos1-main-3-112,success,61.077,405,221880,211004,110580,-40,1.0,,MQTT_QOS1,mqtt_qos1_main_1000_nosleep_20260904_102455.csv,0.405,60.672
2026-09-04T10:31:00.351475,MQTT_QOS1,3,3,1,113,mqtt-qos1-main-3-113,success,57.466,421,221588,211004,110580,-38,1.0,,MQTT_QOS1,mqtt_qos1_main_1000_nosleep_20260904_102455.csv,0.421,57.045
2026-09-04T10:31:00.609086,MQTT_QOS1,3,3,1,114,mqtt-qos1-main-3-114,success,59.478,404,221880,211004,110580,-37,1.0,,MQTT_QOS1,mqtt_qos1_main_1000_nosleep_20260904_102455.csv,0.404,59.074
2026-09-04T10:31:00.868712,MQTT_QOS1,3,3,1,115,mqtt-qos1-main-3-115,success,60.92,466,221676,211004,110580,-37,1.0,,MQTT_QOS1,mqtt_qos1_main_1000_nosleep_20260904_102455.csv,0.466,60.454
2026-09-04T10:31:01.129795,MQTT_QOS1,3,3,1,116,mqtt-qos1-main-3-116,success,70.426,409,221880,211004,110580,-36,1.0,,MQTT_QOS1,mqtt_qos1_main_1000_nosleep_20260904_102455.csv,0.409,70.017
2026-09-04T10:31:01.400374,MQTT_QOS1,3,3,1,117,mqtt-qos1-main-3-117,success,56.906,419,221880,211004,110580,-38,1.0,,MQTT_QOS1,mqtt_qos1_main_1000_nosleep_20260904_102455.csv,0.419,56.487
2026-09-04T10:31:01.657426,MQTT_QOS1,3,3,1,118,mqtt-qos1-main-3-118,success,59.971,408,221880,211004,110580,-38,1.0,,MQTT_QOS1,mqtt_qos1_main_1000_nosleep_20260904_102455.csv,0.408,59.562999999999995
2026-09-04T10:31:01.917545,MQTT_QOS1,3,3,1,119,mqtt-qos1-main-3-119,success,59.28,414,221880,211004,110580,-38,1.0,,MQTT_QOS1,mqtt_qos1_main_1000_nosleep_20260904_102455.csv,0.414,58.866
2026-09-04T10:31:02.176984,MQTT_QOS1,3,3,1,120,mqtt-qos1-main-3-120,success,59.796,408,221880,211004,110580,-37,1.0,,MQTT_QOS1,mqtt_qos1_main_1000_nosleep_20260904_102455.csv,0.408,59.388
2026-09-04T10:31:02.436954,MQTT_QOS1,3,3,1,121,mqtt-qos1-main-3-121,success,61.694,410,221880,211004,110580,-36,1.0,,MQTT_QOS1,mqtt_qos1_main_1000_nosleep_20260904_102455.csv,0.41,61.284000000000006
2026-09-04T10:31:02.698804,MQTT_QOS1,3,3,1,122,mqtt-qos1-main-3-122,success,61.287,432,221880,211004,110580,-39,1.0,,MQTT_QOS1,mqtt_qos1_main_1000_nosleep_20260904_102455.csv,0.432,60.855
2026-09-04T10:31:02.960238,MQTT_QOS1,3,3,1,123,mqtt-qos1-main-3-123,success,96.66,413,221880,211004,110580,-37,1.0,,MQTT_QOS1,mqtt_qos1_main_1000_nosleep_20260904_102455.csv,0.413,96.247
2026-09-04T10:31:03.257047,MQTT_QOS1,3,3,1,124,mqtt-qos1-main-3-124,success,69.606,416,221880,211004,110580,-35,1.0,,MQTT_QOS1,mqtt_qos1_main_1000_nosleep_20260904_102455.csv,0.416,69.19
2026-09-04T10:31:03.526804,MQTT_QOS1,3,3,1,125,mqtt-qos1-main-3-125,success,56.649,413,221880,211004,110580,-38,1.0,,MQTT_QOS1,mqtt_qos1_main_1000_nosleep_20260904_102455.csv,0.413,56.236000000000004
2026-09-04T10:31:03.783592,MQTT_QOS1,3,3,1,126,mqtt-qos1-main-3-126,success,53.382,411,221880,211004,110580,-38,1.0,,MQTT_QOS1,mqtt_qos1_main_1000_nosleep_20260904_102455.csv,0.411,52.971
2026-09-04T10:31:04.037135,MQTT_QOS1,3,3,1,127,mqtt-qos1-main-3-127,success,57.593,416,221880,211004,110580,-38,1.0,,MQTT_QOS1,mqtt_qos1_main_1000_nosleep_20260904_102455.csv,0.416,57.17700000000001
2026-09-04T10:31:04.294898,MQTT_QOS1,3,3,1,128,mqtt-qos1-main-3-128,success,56.342,411,221880,211004,110580,-36,1.0,,MQTT_QOS1,mqtt_qos1_main_1000_nosleep_20260904_102455.csv,0.411,55.931
2026-09-04T10:31:04.551383,MQTT_QOS1,3,3,1,129,mqtt-qos1-main-3-129,success,67.411,414,221880,211004,110580,-37,1.0,,MQTT_QOS1,mqtt_qos1_main_1000_nosleep_20260904_102455.csv,0.414,66.997
2026-09-04T10:31:04.818940,MQTT_QOS1,3,3,1,130,mqtt-qos1-main-3-130,success,58.096,410,221880,211004,110580,-37,1.0,,MQTT_QOS1,mqtt_qos1_main_1000_nosleep_20260904_102455.csv,0.41,57.686
2026-09-04T10:31:05.077197,MQTT_QOS1,3,3,1,131,mqtt-qos1-main-3-131,success,68.84,412,221880,211004,110580,-38,1.0,,MQTT_QOS1,mqtt_qos1_main_1000_nosleep_20260904_102455.csv,0.412,68.428
2026-09-04T10:31:05.346181,MQTT_QOS1,3,3,1,132,mqtt-qos1-main-3-132,success,59.37,436,221880,211004,110580,-38,1.0,,MQTT_QOS1,mqtt_qos1_main_1000_nosleep_20260904_102455.csv,0.436,58.934
2026-09-04T10:31:05.605689,MQTT_QOS1,3,3,1,133,mqtt-qos1-main-3-133,success,59.886,409,221880,211004,110580,-37,1.0,,MQTT_QOS1,mqtt_qos1_main_1000_nosleep_20260904_102455.csv,0.409,59.477000000000004
2026-09-04T10:31:05.865720,MQTT_QOS1,3,3,1,134,mqtt-qos1-main-3-134,success,63.504,408,221880,211004,110580,-37,1.0,,MQTT_QOS1,mqtt_qos1_main_1000_nosleep_20260904_102455.csv,0.408,63.096
2026-09-04T10:31:06.129386,MQTT_QOS1,3,3,1,135,mqtt-qos1-main-3-135,success,59.982,433,221880,211004,110580,-38,1.0,,MQTT_QOS1,mqtt_qos1_main_1000_nosleep_20260904_102455.csv,0.433,59.549
2026-09-04T10:31:06.389513,MQTT_QOS1,3,3,1,136,mqtt-qos1-main-3-136,success,61.548,409,221880,211004,110580,-38,1.0,,MQTT_QOS1,mqtt_qos1_main_1000_nosleep_20260904_102455.csv,0.409,61.139
2026-09-04T10:31:06.651206,MQTT_QOS1,3,3,1,137,mqtt-qos1-main-3-137,success,57.082,463,221880,211004,110580,-37,1.0,,MQTT_QOS1,mqtt_qos1_main_1000_nosleep_20260904_102455.csv,0.463,56.619
2026-09-04T10:31:06.908434,MQTT_QOS1,3,3,1,138,mqtt-qos1-main-3-138,success,56.835,409,221880,211004,110580,-37,1.0,,MQTT_QOS1,mqtt_qos1_main_1000_nosleep_20260904_102455.csv,0.409,56.426
2026-09-04T10:31:07.165428,MQTT_QOS1,3,3,1,139,mqtt-qos1-main-3-139,success,55.745,422,221588,211004,110580,-38,1.0,,MQTT_QOS1,mqtt_qos1_main_1000_nosleep_20260904_102455.csv,0.422,55.323
2026-09-04T10:31:07.421328,MQTT_QOS1,3,3,1,140,mqtt-qos1-main-3-140,success,55.619,418,221880,211004,110580,-37,1.0,,MQTT_QOS1,mqtt_qos1_main_1000_nosleep_20260904_102455.csv,0.418,55.201
2026-09-04T10:31:07.677130,MQTT_QOS1,3,3,1,141,mqtt-qos1-main-3-141,success,59.939,518,221676,211004,110580,-40,1.0,,MQTT_QOS1,mqtt_qos1_main_1000_nosleep_20260904_102455.csv,0.518,59.421
2026-09-04T10:31:07.937237,MQTT_QOS1,3,3,1,142,mqtt-qos1-main-3-142,success,60.293,403,221880,211004,110580,-40,1.0,,MQTT_QOS1,mqtt_qos1_main_1000_nosleep_20260904_102455.csv,0.403,59.89
2026-09-04T10:31:08.197701,MQTT_QOS1,3,3,1,143,mqtt-qos1-main-3-143,success,66.416,413,221880,211004,110580,-39,1.0,,MQTT_QOS1,mqtt_qos1_main_1000_nosleep_20260904_102455.csv,0.413,66.003
2026-09-04T10:31:08.464272,MQTT_QOS1,3,3,1,144,mqtt-qos1-main-3-144,success,89.56,420,221880,211004,110580,-41,1.0,,MQTT_QOS1,mqtt_qos1_main_1000_nosleep_20260904_102455.csv,0.42,89.14
2026-09-04T10:31:08.753980,MQTT_QOS1,3,3,1,145,mqtt-qos1-main-3-145,success,81.668,432,221880,211004,110580,-38,1.0,,MQTT_QOS1,mqtt_qos1_main_1000_nosleep_20260904_102455.csv,0.432,81.236
2026-09-04T10:31:09.035821,MQTT_QOS1,3,3,1,146,mqtt-qos1-main-3-146,success,53.085,417,221880,211004,110580,-38,1.0,,MQTT_QOS1,mqtt_qos1_main_1000_nosleep_20260904_102455.csv,0.417,52.668
2026-09-04T10:31:09.289067,MQTT_QOS1,3,3,1,147,mqtt-qos1-main-3-147,success,56.544,409,221880,211004,110580,-39,1.0,,MQTT_QOS1,mqtt_qos1_main_1000_nosleep_20260904_102455.csv,0.409,56.135
2026-09-04T10:31:09.545771,MQTT_QOS1,3,3,1,148,mqtt-qos1-main-3-148,success,55.677,410,221880,211004,110580,-39,1.0,,MQTT_QOS1,mqtt_qos1_main_1000_nosleep_20260904_102455.csv,0.41,55.267
2026-09-04T10:31:09.801605,MQTT_QOS1,3,3,1,149,mqtt-qos1-main-3-149,success,56.646,409,221880,211004,110580,-39,1.0,,MQTT_QOS1,mqtt_qos1_main_1000_nosleep_20260904_102455.csv,0.409,56.237
2026-09-04T10:31:10.058430,MQTT_QOS1,3,3,1,150,mqtt-qos1-main-3-150,success,58.357,407,221880,211004,110580,-38,1.0,,MQTT_QOS1,mqtt_qos1_main_1000_nosleep_20260904_102455.csv,0.407,57.95
2026-09-04T10:31:10.316942,MQTT_QOS1,3,3,1,151,mqtt-qos1-main-3-151,success,61.75,414,221880,211004,110580,-41,1.0,,MQTT_QOS1,mqtt_qos1_main_1000_nosleep_20260904_102455.csv,0.414,61.336
2026-09-04T10:31:10.578852,MQTT_QOS1,3,3,1,152,mqtt-qos1-main-3-152,success,61.253,408,221880,211004,110580,-36,1.0,,MQTT_QOS1,mqtt_qos1_main_1000_nosleep_20260904_102455.csv,0.408,60.845
2026-09-04T10:31:10.840263,MQTT_QOS1,3,3,1,153,mqtt-qos1-main-3-153,success,57.019,418,221880,211004,110580,-38,1.0,,MQTT_QOS1,mqtt_qos1_main_1000_nosleep_20260904_102455.csv,0.418,56.601
2026-09-04T10:31:11.097457,MQTT_QOS1,3,3,1,154,mqtt-qos1-main-3-154,success,60.009,406,221880,211004,110580,-39,1.0,,MQTT_QOS1,mqtt_qos1_main_1000_nosleep_20260904_102455.csv,0.406,59.603
2026-09-04T10:31:11.357622,MQTT_QOS1,3,3,1,155,mqtt-qos1-main-3-155,success,61.651,409,221880,211004,110580,-39,1.0,,MQTT_QOS1,mqtt_qos1_main_1000_nosleep_20260904_102455.csv,0.409,61.242000000000004
2026-09-04T10:31:11.619428,MQTT_QOS1,3,3,1,156,mqtt-qos1-main-3-156,success,66.1,405,221880,211004,110580,-39,1.0,,MQTT_QOS1,mqtt_qos1_main_1000_nosleep_20260904_102455.csv,0.405,65.695
2026-09-04T10:31:11.885684,MQTT_QOS1,3,3,1,157,mqtt-qos1-main-3-157,success,66.803,417,221880,211004,110580,-39,1.0,,MQTT_QOS1,mqtt_qos1_main_1000_nosleep_20260904_102455.csv,0.417,66.386
2026-09-04T10:31:12.152655,MQTT_QOS1,3,3,1,158,mqtt-qos1-main-3-158,success,57.612,404,221880,211004,110580,-38,1.0,,MQTT_QOS1,mqtt_qos1_main_1000_nosleep_20260904_102455.csv,0.404,57.208
2026-09-04T10:31:12.410420,MQTT_QOS1,3,3,1,159,mqtt-qos1-main-3-159,success,59.749,410,221880,211004,110580,-39,1.0,,MQTT_QOS1,mqtt_qos1_main_1000_nosleep_20260904_102455.csv,0.41,59.339000000000006
2026-09-04T10:31:12.670321,MQTT_QOS1,3,3,1,160,mqtt-qos1-main-3-160,success,62.569,407,221880,211004,110580,-38,1.0,,MQTT_QOS1,mqtt_qos1_main_1000_nosleep_20260904_102455.csv,0.407,62.162000000000006
2026-09-04T10:31:12.933071,MQTT_QOS1,3,3,1,161,mqtt-qos1-main-3-161,success,79.846,426,219444,211004,110580,-40,1.0,,MQTT_QOS1,mqtt_qos1_main_1000_nosleep_20260904_102455.csv,0.426,79.42
2026-09-04T10:31:13.213083,MQTT_QOS1,3,3,1,162,mqtt-qos1-main-3-162,success,105.922,434,221880,211004,110580,-35,1.0,,MQTT_QOS1,mqtt_qos1_main_1000_nosleep_20260904_102455.csv,0.434,105.488
2026-09-04T10:31:13.519158,MQTT_QOS1,3,3,1,163,mqtt-qos1-main-3-163,success,58.971,413,221880,211004,110580,-38,1.0,,MQTT_QOS1,mqtt_qos1_main_1000_nosleep_20260904_102455.csv,0.413,58.558
2026-09-04T10:31:13.778273,MQTT_QOS1,3,3,1,164,mqtt-qos1-main-3-164,success,55.232,421,221588,211004,110580,-38,1.0,,MQTT_QOS1,mqtt_qos1_main_1000_nosleep_20260904_102455.csv,0.421,54.811
2026-09-04T10:31:14.033659,MQTT_QOS1,3,3,1,165,mqtt-qos1-main-3-165,success,66.161,412,221880,211004,110580,-38,1.0,,MQTT_QOS1,mqtt_qos1_main_1000_nosleep_20260904_102455.csv,0.412,65.749
2026-09-04T10:31:14.299966,MQTT_QOS1,3,3,1,166,mqtt-qos1-main-3-166,success,57.651,410,221880,211004,110580,-41,1.0,,MQTT_QOS1,mqtt_qos1_main_1000_nosleep_20260904_102455.csv,0.41,57.24100000000001
2026-09-04T10:31:14.557751,MQTT_QOS1,3,3,1,167,mqtt-qos1-main-3-167,success,60.858,487,221676,211004,110580,-41,1.0,,MQTT_QOS1,mqtt_qos1_main_1000_nosleep_20260904_102455.csv,0.487,60.370999999999995
2026-09-04T10:31:14.818752,MQTT_QOS1,3,3,1,168,mqtt-qos1-main-3-168,success,62.044,409,221880,211004,110580,-40,1.0,,MQTT_QOS1,mqtt_qos1_main_1000_nosleep_20260904_102455.csv,0.409,61.635
2026-09-04T10:31:15.080948,MQTT_QOS1,3,3,1,169,mqtt-qos1-main-3-169,success,56.338,420,221880,211004,110580,-37,1.0,,MQTT_QOS1,mqtt_qos1_main_1000_nosleep_20260904_102455.csv,0.42,55.918
2026-09-04T10:31:15.337425,MQTT_QOS1,3,3,1,170,mqtt-qos1-main-3-170,success,56.608,430,221880,211004,110580,-39,1.0,,MQTT_QOS1,mqtt_qos1_main_1000_nosleep_20260904_102455.csv,0.43,56.178
2026-09-04T10:31:15.594165,MQTT_QOS1,3,3,1,171,mqtt-qos1-main-3-171,success,55.422,408,221880,211004,110580,-39,1.0,,MQTT_QOS1,mqtt_qos1_main_1000_nosleep_20260904_102455.csv,0.408,55.013999999999996
2026-09-04T10:31:15.849729,MQTT_QOS1,3,3,1,172,mqtt-qos1-main-3-172,success,57.627,410,221880,211004,110580,-41,1.0,,MQTT_QOS1,mqtt_qos1_main_1000_nosleep_20260904_102455.csv,0.41,57.217000000000006
2026-09-04T10:31:16.107536,MQTT_QOS1,3,3,1,173,mqtt-qos1-main-3-173,success,57.709,437,221880,211004,110580,-43,1.0,,MQTT_QOS1,mqtt_qos1_main_1000_nosleep_20260904_102455.csv,0.437,57.272000000000006
2026-09-04T10:31:16.365404,MQTT_QOS1,3,3,1,174,mqtt-qos1-main-3-174,success,60.137,409,221880,211004,110580,-42,1.0,,MQTT_QOS1,mqtt_qos1_main_1000_nosleep_20260904_102455.csv,0.409,59.728
2026-09-04T10:31:16.625692,MQTT_QOS1,3,3,1,175,mqtt-qos1-main-3-175,success,59.549,410,221880,211004,110580,-42,1.0,,MQTT_QOS1,mqtt_qos1_main_1000_nosleep_20260904_102455.csv,0.41,59.139
2026-09-04T10:31:16.885411,MQTT_QOS1,3,3,1,176,mqtt-qos1-main-3-176,success,59.722,414,221880,211004,110580,-40,1.0,,MQTT_QOS1,mqtt_qos1_main_1000_nosleep_20260904_102455.csv,0.414,59.308
2026-09-04T10:31:17.145296,MQTT_QOS1,3,3,1,177,mqtt-qos1-main-3-177,success,60.002,410,221880,211004,110580,-40,1.0,,MQTT_QOS1,mqtt_qos1_main_1000_nosleep_20260904_102455.csv,0.41,59.592000000000006
2026-09-04T10:31:17.405447,MQTT_QOS1,3,3,1,178,mqtt-qos1-main-3-178,success,59.772,415,221880,211004,110580,-41,1.0,,MQTT_QOS1,mqtt_qos1_main_1000_nosleep_20260904_102455.csv,0.415,59.357
2026-09-04T10:31:17.665367,MQTT_QOS1,3,3,1,179,mqtt-qos1-main-3-179,success,60.196,422,221880,211004,110580,-43,1.0,,MQTT_QOS1,mqtt_qos1_main_1000_nosleep_20260904_102455.csv,0.422,59.774
2026-09-04T10:31:17.925720,MQTT_QOS1,3,3,1,180,mqtt-qos1-main-3-180,success,55.065,421,221880,211004,110580,-41,1.0,,MQTT_QOS1,mqtt_qos1_main_1000_nosleep_20260904_102455.csv,0.421,54.644
2026-09-04T10:31:18.180985,MQTT_QOS1,3,3,1,181,mqtt-qos1-main-3-181,success,64.148,412,221880,211004,110580,-42,1.0,,MQTT_QOS1,mqtt_qos1_main_1000_nosleep_20260904_102455.csv,0.412,63.736
2026-09-04T10:31:18.445296,MQTT_QOS1,3,3,1,182,mqtt-qos1-main-3-182,success,62.914,408,221880,211004,110580,-38,1.0,,MQTT_QOS1,mqtt_qos1_main_1000_nosleep_20260904_102455.csv,0.408,62.506
2026-09-04T10:31:18.708356,MQTT_QOS1,3,3,1,183,mqtt-qos1-main-3-183,success,59.793,409,221880,211004,110580,-42,1.0,,MQTT_QOS1,mqtt_qos1_main_1000_nosleep_20260904_102455.csv,0.409,59.384
2026-09-04T10:31:18.968304,MQTT_QOS1,3,3,1,184,mqtt-qos1-main-3-184,success,88.691,414,221880,211004,110580,-41,1.0,,MQTT_QOS1,mqtt_qos1_main_1000_nosleep_20260904_102455.csv,0.414,88.277
2026-09-04T10:31:19.257156,MQTT_QOS1,3,3,1,185,mqtt-qos1-main-3-185,success,68.703,412,221880,211004,110580,-40,1.0,,MQTT_QOS1,mqtt_qos1_main_1000_nosleep_20260904_102455.csv,0.412,68.291
2026-09-04T10:31:19.526000,MQTT_QOS1,3,3,1,186,mqtt-qos1-main-3-186,success,59.104,419,221880,211004,110580,-40,1.0,,MQTT_QOS1,mqtt_qos1_main_1000_nosleep_20260904_102455.csv,0.419,58.685
2026-09-04T10:31:19.785254,MQTT_QOS1,3,3,1,187,mqtt-qos1-main-3-187,success,56.499,414,221880,211004,110580,-42,1.0,,MQTT_QOS1,mqtt_qos1_main_1000_nosleep_20260904_102455.csv,0.414,56.085
2026-09-04T10:31:20.041915,MQTT_QOS1,3,3,1,188,mqtt-qos1-main-3-188,success,54.816,409,221880,211004,110580,-38,1.0,,MQTT_QOS1,mqtt_qos1_main_1000_nosleep_20260904_102455.csv,0.409,54.407000000000004
2026-09-04T10:31:20.296877,MQTT_QOS1,3,3,1,189,mqtt-qos1-main-3-189,success,57.469,412,221880,211004,110580,-39,1.0,,MQTT_QOS1,mqtt_qos1_main_1000_nosleep_20260904_102455.csv,0.412,57.057
2026-09-04T10:31:20.554481,MQTT_QOS1,3,3,1,190,mqtt-qos1-main-3-190,success,54.099,432,221880,211004,110580,-38,1.0,,MQTT_QOS1,mqtt_qos1_main_1000_nosleep_20260904_102455.csv,0.432,53.666999999999994
2026-09-04T10:31:20.808720,MQTT_QOS1,3,3,1,191,mqtt-qos1-main-3-191,success,62.009,411,221880,211004,110580,-54,1.0,,MQTT_QOS1,mqtt_qos1_main_1000_nosleep_20260904_102455.csv,0.411,61.598
2026-09-04T10:31:21.070892,MQTT_QOS1,3,3,1,192,mqtt-qos1-main-3-192,success,58.511,408,221880,211004,110580,-40,1.0,,MQTT_QOS1,mqtt_qos1_main_1000_nosleep_20260904_102455.csv,0.408,58.103
2026-09-04T10:31:21.329547,MQTT_QOS1,3,3,1,193,mqtt-qos1-main-3-193,success,63.984,446,221676,211004,110580,-40,1.0,,MQTT_QOS1,mqtt_qos1_main_1000_nosleep_20260904_102455.csv,0.446,63.538000000000004
2026-09-04T10:31:21.593669,MQTT_QOS1,3,3,1,194,mqtt-qos1-main-3-194,success,62.262,406,221880,211004,110580,-37,1.0,,MQTT_QOS1,mqtt_qos1_main_1000_nosleep_20260904_102455.csv,0.406,61.856
2026-09-04T10:31:21.856073,MQTT_QOS1,3,3,1,195,mqtt-qos1-main-3-195,success,53.012,423,221880,211004,110580,-37,1.0,,MQTT_QOS1,mqtt_qos1_main_1000_nosleep_20260904_102455.csv,0.423,52.589
2026-09-04T10:31:22.109247,MQTT_QOS1,3,3,1,196,mqtt-qos1-main-3-196,success,67.909,404,221880,211004,110580,-39,1.0,,MQTT_QOS1,mqtt_qos1_main_1000_nosleep_20260904_102455.csv,0.404,67.50500000000001
2026-09-04T10:31:22.377305,MQTT_QOS1,3,3,1,197,mqtt-qos1-main-3-197,success,56.207,420,221880,211004,110580,-39,1.0,,MQTT_QOS1,mqtt_qos1_main_1000_nosleep_20260904_102455.csv,0.42,55.787
2026-09-04T10:31:22.633668,MQTT_QOS1,3,3,1,198,mqtt-qos1-main-3-198,success,55.171,416,221880,211004,110580,-39,1.0,,MQTT_QOS1,mqtt_qos1_main_1000_nosleep_20260904_102455.csv,0.416,54.755
2026-09-04T10:31:22.889004,MQTT_QOS1,3,3,1,199,mqtt-qos1-main-3-199,success,60.306,410,221880,211004,110580,-41,1.0,,MQTT_QOS1,mqtt_qos1_main_1000_nosleep_20260904_102455.csv,0.41,59.896
2026-09-04T10:31:23.149473,MQTT_QOS1,3,3,1,200,mqtt-qos1-main-3-200,success,66.111,440,221588,211004,110580,-39,1.0,,MQTT_QOS1,mqtt_qos1_main_1000_nosleep_20260904_102455.csv,0.44,65.671
2026-09-04T10:33:46.910669,MQTT_QOS1,4,4,2,1,mqtt-qos1-main-4-1,success,63.867,415,221864,209036,110580,-40,1.0,,MQTT_QOS1,mqtt_qos1_main_1000_nosleep_20260904_102455.csv,0.415,63.452
2026-09-04T10:33:47.174796,MQTT_QOS1,4,4,2,2,mqtt-qos1-main-4-2,success,61.928,408,221864,209036,110580,-42,1.0,,MQTT_QOS1,mqtt_qos1_main_1000_nosleep_20260904_102455.csv,0.408,61.519999999999996
2026-09-04T10:33:47.436909,MQTT_QOS1,4,4,2,3,mqtt-qos1-main-4-3,success,67.18,409,221864,209036,110580,-42,1.0,,MQTT_QOS1,mqtt_qos1_main_1000_nosleep_20260904_102455.csv,0.409,66.771
2026-09-04T10:33:47.704262,MQTT_QOS1,4,4,2,4,mqtt-qos1-main-4-4,success,60.664,408,221864,209036,110580,-40,1.0,,MQTT_QOS1,mqtt_qos1_main_1000_nosleep_20260904_102455.csv,0.408,60.256
2026-09-04T10:33:47.965103,MQTT_QOS1,4,4,2,5,mqtt-qos1-main-4-5,success,59.675,409,221864,209036,110580,-40,1.0,,MQTT_QOS1,mqtt_qos1_main_1000_nosleep_20260904_102455.csv,0.409,59.266
2026-09-04T10:33:48.224956,MQTT_QOS1,4,4,2,6,mqtt-qos1-main-4-6,success,61.433,415,221864,209036,110580,-40,1.0,,MQTT_QOS1,mqtt_qos1_main_1000_nosleep_20260904_102455.csv,0.415,61.018
2026-09-04T10:33:48.486551,MQTT_QOS1,4,4,2,7,mqtt-qos1-main-4-7,success,62.826,407,221864,209036,110580,-40,1.0,,MQTT_QOS1,mqtt_qos1_main_1000_nosleep_20260904_102455.csv,0.407,62.419000000000004
2026-09-04T10:33:48.749537,MQTT_QOS1,4,4,2,8,mqtt-qos1-main-4-8,success,100.819,410,221864,209036,110580,-42,1.0,,MQTT_QOS1,mqtt_qos1_main_1000_nosleep_20260904_102455.csv,0.41,100.409
2026-09-04T10:33:49.050527,MQTT_QOS1,4,4,2,9,mqtt-qos1-main-4-9,success,62.603,414,221864,209036,110580,-38,1.0,,MQTT_QOS1,mqtt_qos1_main_1000_nosleep_20260904_102455.csv,0.414,62.189
2026-09-04T10:33:49.313285,MQTT_QOS1,4,4,2,10,mqtt-qos1-main-4-10,success,66.157,411,221864,209036,110580,-39,1.0,,MQTT_QOS1,mqtt_qos1_main_1000_nosleep_20260904_102455.csv,0.411,65.746
2026-09-04T10:33:49.579601,MQTT_QOS1,4,4,2,11,mqtt-qos1-main-4-11,success,59.834,414,221864,209036,110580,-44,1.0,,MQTT_QOS1,mqtt_qos1_main_1000_nosleep_20260904_102455.csv,0.414,59.42
2026-09-04T10:33:49.839591,MQTT_QOS1,4,4,2,12,mqtt-qos1-main-4-12,success,57.523,406,221864,209036,110580,-44,1.0,,MQTT_QOS1,mqtt_qos1_main_1000_nosleep_20260904_102455.csv,0.406,57.117000000000004
2026-09-04T10:33:50.097275,MQTT_QOS1,4,4,2,13,mqtt-qos1-main-4-13,success,62.622,412,221864,209036,110580,-43,1.0,,MQTT_QOS1,mqtt_qos1_main_1000_nosleep_20260904_102455.csv,0.412,62.21
2026-09-04T10:33:50.360048,MQTT_QOS1,4,4,2,14,mqtt-qos1-main-4-14,success,60.535,448,221864,209036,110580,-45,1.0,,MQTT_QOS1,mqtt_qos1_main_1000_nosleep_20260904_102455.csv,0.448,60.086999999999996
2026-09-04T10:33:50.620737,MQTT_QOS1,4,4,2,15,mqtt-qos1-main-4-15,success,58.565,410,221864,209036,110580,-44,1.0,,MQTT_QOS1,mqtt_qos1_main_1000_nosleep_20260904_102455.csv,0.41,58.155
2026-09-04T10:33:50.879450,MQTT_QOS1,4,4,2,16,mqtt-qos1-main-4-16,success,62.534,405,221864,209036,110580,-44,1.0,,MQTT_QOS1,mqtt_qos1_main_1000_nosleep_20260904_102455.csv,0.405,62.129
2026-09-04T10:33:51.142141,MQTT_QOS1,4,4,2,17,mqtt-qos1-main-4-17,success,59.503,411,221864,209036,110580,-44,1.0,,MQTT_QOS1,mqtt_qos1_main_1000_nosleep_20260904_102455.csv,0.411,59.092
2026-09-04T10:33:51.401794,MQTT_QOS1,4,4,2,18,mqtt-qos1-main-4-18,success,64.113,410,221864,209036,110580,-44,1.0,,MQTT_QOS1,mqtt_qos1_main_1000_nosleep_20260904_102455.csv,0.41,63.703
2026-09-04T10:33:51.666054,MQTT_QOS1,4,4,2,19,mqtt-qos1-main-4-19,success,60.261,421,221864,209036,110580,-44,1.0,,MQTT_QOS1,mqtt_qos1_main_1000_nosleep_20260904_102455.csv,0.421,59.84
2026-09-04T10:33:51.926467,MQTT_QOS1,4,4,2,20,mqtt-qos1-main-4-20,success,59.221,407,221864,209036,110580,-41,1.0,,MQTT_QOS1,mqtt_qos1_main_1000_nosleep_20260904_102455.csv,0.407,58.814
2026-09-04T10:33:52.185895,MQTT_QOS1,4,4,2,21,mqtt-qos1-main-4-21,success,61.074,411,221864,209036,110580,-43,1.0,,MQTT_QOS1,mqtt_qos1_main_1000_nosleep_20260904_102455.csv,0.411,60.663
2026-09-04T10:33:52.447126,MQTT_QOS1,4,4,2,22,mqtt-qos1-main-4-22,success,65.398,405,221864,209036,110580,-43,1.0,,MQTT_QOS1,mqtt_qos1_main_1000_nosleep_20260904_102455.csv,0.405,64.993
2026-09-04T10:33:52.712676,MQTT_QOS1,4,4,2,23,mqtt-qos1-main-4-23,success,65.444,419,221864,209036,110580,-44,1.0,,MQTT_QOS1,mqtt_qos1_main_1000_nosleep_20260904_102455.csv,0.419,65.025
2026-09-04T10:33:52.978270,MQTT_QOS1,4,4,2,24,mqtt-qos1-main-4-24,success,59.0,409,221864,209036,110580,-44,1.0,,MQTT_QOS1,mqtt_qos1_main_1000_nosleep_20260904_102455.csv,0.409,58.591
2026-09-04T10:33:53.237435,MQTT_QOS1,4,4,2,25,mqtt-qos1-main-4-25,success,63.197,412,221864,209036,110580,-45,1.0,,MQTT_QOS1,mqtt_qos1_main_1000_nosleep_20260904_102455.csv,0.412,62.785000000000004
2026-09-04T10:33:53.500784,MQTT_QOS1,4,4,2,26,mqtt-qos1-main-4-26,success,95.848,548,221456,209036,110580,-43,1.0,,MQTT_QOS1,mqtt_qos1_main_1000_nosleep_20260904_102455.csv,0.548,95.3
2026-09-04T10:33:53.796783,MQTT_QOS1,4,4,2,27,mqtt-qos1-main-4-27,success,69.305,408,221864,209036,110580,-44,1.0,,MQTT_QOS1,mqtt_qos1_main_1000_nosleep_20260904_102455.csv,0.408,68.897
2026-09-04T10:33:54.066249,MQTT_QOS1,4,4,2,28,mqtt-qos1-main-4-28,success,54.344,411,221864,209036,110580,-44,1.0,,MQTT_QOS1,mqtt_qos1_main_1000_nosleep_20260904_102455.csv,0.411,53.933
2026-09-04T10:33:54.320749,MQTT_QOS1,4,4,2,29,mqtt-qos1-main-4-29,success,56.343,438,221864,209036,110580,-41,1.0,,MQTT_QOS1,mqtt_qos1_main_1000_nosleep_20260904_102455.csv,0.438,55.905
2026-09-04T10:33:54.577245,MQTT_QOS1,4,4,2,30,mqtt-qos1-main-4-30,success,55.093,434,221572,209036,110580,-44,1.0,,MQTT_QOS1,mqtt_qos1_main_1000_nosleep_20260904_102455.csv,0.434,54.659000000000006
2026-09-04T10:33:54.832486,MQTT_QOS1,4,4,2,31,mqtt-qos1-main-4-31,success,71.148,409,221864,209036,110580,-41,1.0,,MQTT_QOS1,mqtt_qos1_main_1000_nosleep_20260904_102455.csv,0.409,70.73899999999999
2026-09-04T10:33:55.103796,MQTT_QOS1,4,4,2,32,mqtt-qos1-main-4-32,success,56.806,415,221864,209036,110580,-41,1.0,,MQTT_QOS1,mqtt_qos1_main_1000_nosleep_20260904_102455.csv,0.415,56.391
2026-09-04T10:33:55.360751,MQTT_QOS1,4,4,2,33,mqtt-qos1-main-4-33,success,59.925,408,221864,209036,110580,-42,1.0,,MQTT_QOS1,mqtt_qos1_main_1000_nosleep_20260904_102455.csv,0.408,59.516999999999996
2026-09-04T10:33:55.620827,MQTT_QOS1,4,4,2,34,mqtt-qos1-main-4-34,success,56.029,403,221864,209036,110580,-41,1.0,,MQTT_QOS1,mqtt_qos1_main_1000_nosleep_20260904_102455.csv,0.403,55.626000000000005
2026-09-04T10:33:55.877005,MQTT_QOS1,4,4,2,35,mqtt-qos1-main-4-35,success,63.542,408,221864,209036,110580,-41,1.0,,MQTT_QOS1,mqtt_qos1_main_1000_nosleep_20260904_102455.csv,0.408,63.134
2026-09-04T10:33:56.140705,MQTT_QOS1,4,4,2,36,mqtt-qos1-main-4-36,success,61.309,406,221864,209036,110580,-41,1.0,,MQTT_QOS1,mqtt_qos1_main_1000_nosleep_20260904_102455.csv,0.406,60.903
2026-09-04T10:33:56.402166,MQTT_QOS1,4,4,2,37,mqtt-qos1-main-4-37,success,59.052,407,221864,209036,110580,-42,1.0,,MQTT_QOS1,mqtt_qos1_main_1000_nosleep_20260904_102455.csv,0.407,58.645
2026-09-04T10:33:56.661367,MQTT_QOS1,4,4,2,38,mqtt-qos1-main-4-38,success,63.842,421,221864,209036,110580,-41,1.0,,MQTT_QOS1,mqtt_qos1_main_1000_nosleep_20260904_102455.csv,0.421,63.421
2026-09-04T10:33:56.925353,MQTT_QOS1,4,4,2,39,mqtt-qos1-main-4-39,success,56.874,404,221864,209036,110580,-40,1.0,,MQTT_QOS1,mqtt_qos1_main_1000_nosleep_20260904_102455.csv,0.404,56.47
2026-09-04T10:33:57.182386,MQTT_QOS1,4,4,2,40,mqtt-qos1-main-4-40,success,59.056,420,221864,209036,110580,-41,1.0,,MQTT_QOS1,mqtt_qos1_main_1000_nosleep_20260904_102455.csv,0.42,58.635999999999996
2026-09-04T10:33:57.441621,MQTT_QOS1,4,4,2,41,mqtt-qos1-main-4-41,success,60.436,411,221864,209036,110580,-41,1.0,,MQTT_QOS1,mqtt_qos1_main_1000_nosleep_20260904_102455.csv,0.411,60.025
2026-09-04T10:33:57.702211,MQTT_QOS1,4,4,2,42,mqtt-qos1-main-4-42,success,59.651,409,221864,209036,110580,-41,1.0,,MQTT_QOS1,mqtt_qos1_main_1000_nosleep_20260904_102455.csv,0.409,59.242000000000004
2026-09-04T10:33:57.962016,MQTT_QOS1,4,4,2,43,mqtt-qos1-main-4-43,success,57.392,409,221864,209036,110580,-42,1.0,,MQTT_QOS1,mqtt_qos1_main_1000_nosleep_20260904_102455.csv,0.409,56.983000000000004
2026-09-04T10:33:58.219576,MQTT_QOS1,4,4,2,44,mqtt-qos1-main-4-44,success,57.191,422,221864,209036,110580,-40,1.0,,MQTT_QOS1,mqtt_qos1_main_1000_nosleep_20260904_102455.csv,0.422,56.769000000000005
2026-09-04T10:33:58.476924,MQTT_QOS1,4,4,2,45,mqtt-qos1-main-4-45,success,59.714,405,221864,209036,110580,-42,1.0,,MQTT_QOS1,mqtt_qos1_main_1000_nosleep_20260904_102455.csv,0.405,59.309
2026-09-04T10:33:58.736792,MQTT_QOS1,4,4,2,46,mqtt-qos1-main-4-46,success,56.667,420,221864,209036,110580,-44,1.0,,MQTT_QOS1,mqtt_qos1_main_1000_nosleep_20260904_102455.csv,0.42,56.247
2026-09-04T10:33:58.993620,MQTT_QOS1,4,4,2,47,mqtt-qos1-main-4-47,success,59.259,404,221864,209036,110580,-46,1.0,,MQTT_QOS1,mqtt_qos1_main_1000_nosleep_20260904_102455.csv,0.404,58.855
2026-09-04T10:33:59.253038,MQTT_QOS1,4,4,2,48,mqtt-qos1-main-4-48,success,88.111,595,221368,209036,110580,-47,1.0,,MQTT_QOS1,mqtt_qos1_main_1000_nosleep_20260904_102455.csv,0.595,87.516
2026-09-04T10:33:59.541297,MQTT_QOS1,4,4,2,49,mqtt-qos1-main-4-49,success,71.673,444,221864,209036,110580,-48,1.0,,MQTT_QOS1,mqtt_qos1_main_1000_nosleep_20260904_102455.csv,0.444,71.229
2026-09-04T10:33:59.813116,MQTT_QOS1,4,4,2,50,mqtt-qos1-main-4-50,success,55.831,437,221864,209036,110580,-43,1.0,,MQTT_QOS1,mqtt_qos1_main_1000_nosleep_20260904_102455.csv,0.437,55.394000000000005
2026-09-04T10:34:00.069107,MQTT_QOS1,4,4,2,51,mqtt-qos1-main-4-51,success,56.944,426,221864,209036,110580,-46,1.0,,MQTT_QOS1,mqtt_qos1_main_1000_nosleep_20260904_102455.csv,0.426,56.518
2026-09-04T10:34:00.326202,MQTT_QOS1,4,4,2,52,mqtt-qos1-main-4-52,success,54.578,416,221864,209036,110580,-45,1.0,,MQTT_QOS1,mqtt_qos1_main_1000_nosleep_20260904_102455.csv,0.416,54.162000000000006
2026-09-04T10:34:00.580924,MQTT_QOS1,4,4,2,53,mqtt-qos1-main-4-53,success,55.888,553,221660,209036,110580,-41,1.0,,MQTT_QOS1,mqtt_qos1_main_1000_nosleep_20260904_102455.csv,0.553,55.335
2026-09-04T10:34:00.836961,MQTT_QOS1,4,4,2,54,mqtt-qos1-main-4-54,success,55.555,429,219428,209036,110580,-44,1.0,,MQTT_QOS1,mqtt_qos1_main_1000_nosleep_20260904_102455.csv,0.429,55.126
2026-09-04T10:34:01.092675,MQTT_QOS1,4,4,2,55,mqtt-qos1-main-4-55,success,56.425,413,221864,209036,110580,-42,1.0,,MQTT_QOS1,mqtt_qos1_main_1000_nosleep_20260904_102455.csv,0.413,56.012
2026-09-04T10:34:01.349248,MQTT_QOS1,4,4,2,56,mqtt-qos1-main-4-56,success,58.272,404,221864,209036,110580,-44,1.0,,MQTT_QOS1,mqtt_qos1_main_1000_nosleep_20260904_102455.csv,0.404,57.867999999999995
2026-09-04T10:34:01.607661,MQTT_QOS1,4,4,2,57,mqtt-qos1-main-4-57,success,65.946,412,221864,209036,110580,-41,1.0,,MQTT_QOS1,mqtt_qos1_main_1000_nosleep_20260904_102455.csv,0.412,65.53399999999999
2026-09-04T10:34:01.873753,MQTT_QOS1,4,4,2,58,mqtt-qos1-main-4-58,success,64.152,420,219428,209036,110580,-44,1.0,,MQTT_QOS1,mqtt_qos1_main_1000_nosleep_20260904_102455.csv,0.42,63.732
2026-09-04T10:34:02.138068,MQTT_QOS1,4,4,2,59,mqtt-qos1-main-4-59,success,59.089,408,221864,209036,110580,-41,1.0,,MQTT_QOS1,mqtt_qos1_main_1000_nosleep_20260904_102455.csv,0.408,58.681
2026-09-04T10:34:02.397307,MQTT_QOS1,4,4,2,60,mqtt-qos1-main-4-60,success,57.32,404,221864,209036,110580,-43,1.0,,MQTT_QOS1,mqtt_qos1_main_1000_nosleep_20260904_102455.csv,0.404,56.916
2026-09-04T10:34:02.654816,MQTT_QOS1,4,4,2,61,mqtt-qos1-main-4-61,success,58.25,410,221864,209036,110580,-41,1.0,,MQTT_QOS1,mqtt_qos1_main_1000_nosleep_20260904_102455.csv,0.41,57.84
2026-09-04T10:34:02.913220,MQTT_QOS1,4,4,2,62,mqtt-qos1-main-4-62,success,55.704,411,221864,209036,110580,-41,1.0,,MQTT_QOS1,mqtt_qos1_main_1000_nosleep_20260904_102455.csv,0.411,55.293
2026-09-04T10:34:03.169085,MQTT_QOS1,4,4,2,63,mqtt-qos1-main-4-63,success,56.731,409,221864,209036,110580,-40,1.0,,MQTT_QOS1,mqtt_qos1_main_1000_nosleep_20260904_102455.csv,0.409,56.322
2026-09-04T10:34:03.425969,MQTT_QOS1,4,4,2,64,mqtt-qos1-main-4-64,success,59.145,425,221864,209036,110580,-41,1.0,,MQTT_QOS1,mqtt_qos1_main_1000_nosleep_20260904_102455.csv,0.425,58.720000000000006
2026-09-04T10:34:03.685266,MQTT_QOS1,4,4,2,65,mqtt-qos1-main-4-65,success,60.071,434,221864,209036,110580,-43,1.0,,MQTT_QOS1,mqtt_qos1_main_1000_nosleep_20260904_102455.csv,0.434,59.637
2026-09-04T10:34:03.945502,MQTT_QOS1,4,4,2,66,mqtt-qos1-main-4-66,success,60.044,416,221864,209036,110580,-43,1.0,,MQTT_QOS1,mqtt_qos1_main_1000_nosleep_20260904_102455.csv,0.416,59.628
2026-09-04T10:34:04.205717,MQTT_QOS1,4,4,2,67,mqtt-qos1-main-4-67,success,60.361,429,221864,209036,110580,-42,1.0,,MQTT_QOS1,mqtt_qos1_main_1000_nosleep_20260904_102455.csv,0.429,59.931999999999995
2026-09-04T10:34:04.466232,MQTT_QOS1,4,4,2,68,mqtt-qos1-main-4-68,success,55.798,409,221864,209036,110580,-43,1.0,,MQTT_QOS1,mqtt_qos1_main_1000_nosleep_20260904_102455.csv,0.409,55.389
2026-09-04T10:34:04.722178,MQTT_QOS1,4,4,2,69,mqtt-qos1-main-4-69,success,59.599,408,221864,209036,110580,-44,1.0,,MQTT_QOS1,mqtt_qos1_main_1000_nosleep_20260904_102455.csv,0.408,59.190999999999995
2026-09-04T10:34:04.981930,MQTT_QOS1,4,4,2,70,mqtt-qos1-main-4-70,success,61.762,402,221864,209036,110580,-41,1.0,,MQTT_QOS1,mqtt_qos1_main_1000_nosleep_20260904_102455.csv,0.402,61.36
2026-09-04T10:34:05.243851,MQTT_QOS1,4,4,2,71,mqtt-qos1-main-4-71,success,57.609,428,221864,209036,110580,-42,1.0,,MQTT_QOS1,mqtt_qos1_main_1000_nosleep_20260904_102455.csv,0.428,57.181000000000004
2026-09-04T10:34:05.501609,MQTT_QOS1,4,4,2,72,mqtt-qos1-main-4-72,success,61.313,401,221864,209036,110580,-44,1.0,,MQTT_QOS1,mqtt_qos1_main_1000_nosleep_20260904_102455.csv,0.401,60.912
2026-09-04T10:34:05.763064,MQTT_QOS1,4,4,2,73,mqtt-qos1-main-4-73,success,86.857,447,221368,209036,110580,-44,1.0,,MQTT_QOS1,mqtt_qos1_main_1000_nosleep_20260904_102455.csv,0.447,86.41
2026-09-04T10:34:06.050081,MQTT_QOS1,4,4,2,74,mqtt-qos1-main-4-74,success,62.774,429,221864,209036,110580,-43,1.0,,MQTT_QOS1,mqtt_qos1_main_1000_nosleep_20260904_102455.csv,0.429,62.345
2026-09-04T10:34:06.313004,MQTT_QOS1,4,4,2,75,mqtt-qos1-main-4-75,success,56.589,427,221864,209036,110580,-43,1.0,,MQTT_QOS1,mqtt_qos1_main_1000_nosleep_20260904_102455.csv,0.427,56.162
2026-09-04T10:34:06.569737,MQTT_QOS1,4,4,2,76,mqtt-qos1-main-4-76,success,55.091,408,221864,209036,110580,-44,1.0,,MQTT_QOS1,mqtt_qos1_main_1000_nosleep_20260904_102455.csv,0.408,54.683
2026-09-04T10:34:06.824974,MQTT_QOS1,4,4,2,77,mqtt-qos1-main-4-77,success,53.929,423,221864,209036,110580,-43,1.0,,MQTT_QOS1,mqtt_qos1_main_1000_nosleep_20260904_102455.csv,0.423,53.506
2026-09-04T10:34:07.079059,MQTT_QOS1,4,4,2,78,mqtt-qos1-main-4-78,success,53.111,475,221864,209036,110580,-42,1.0,,MQTT_QOS1,mqtt_qos1_main_1000_nosleep_20260904_102455.csv,0.475,52.635999999999996
2026-09-04T10:34:07.332319,MQTT_QOS1,4,4,2,79,mqtt-qos1-main-4-79,success,52.823,428,221864,209036,110580,-41,1.0,,MQTT_QOS1,mqtt_qos1_main_1000_nosleep_20260904_102455.csv,0.428,52.395
2026-09-04T10:34:07.585293,MQTT_QOS1,4,4,2,80,mqtt-qos1-main-4-80,success,52.443,467,221660,209036,110580,-41,1.0,,MQTT_QOS1,mqtt_qos1_main_1000_nosleep_20260904_102455.csv,0.467,51.976
2026-09-04T10:34:07.837919,MQTT_QOS1,4,4,2,81,mqtt-qos1-main-4-81,success,55.454,408,221864,209036,110580,-44,1.0,,MQTT_QOS1,mqtt_qos1_main_1000_nosleep_20260904_102455.csv,0.408,55.046
2026-09-04T10:34:08.093540,MQTT_QOS1,4,4,2,82,mqtt-qos1-main-4-82,success,55.524,408,221864,209036,110580,-44,1.0,,MQTT_QOS1,mqtt_qos1_main_1000_nosleep_20260904_102455.csv,0.408,55.116
2026-09-04T10:34:08.349213,MQTT_QOS1,4,4,2,83,mqtt-qos1-main-4-83,success,55.624,408,221864,209036,110580,-44,1.0,,MQTT_QOS1,mqtt_qos1_main_1000_nosleep_20260904_102455.csv,0.408,55.216
2026-09-04T10:34:08.604989,MQTT_QOS1,4,4,2,84,mqtt-qos1-main-4-84,success,57.027,408,221864,209036,110580,-43,1.0,,MQTT_QOS1,mqtt_qos1_main_1000_nosleep_20260904_102455.csv,0.408,56.619
2026-09-04T10:34:08.862163,MQTT_QOS1,4,4,2,85,mqtt-qos1-main-4-85,success,58.939,408,221864,209036,110580,-44,1.0,,MQTT_QOS1,mqtt_qos1_main_1000_nosleep_20260904_102455.csv,0.408,58.531
2026-09-04T10:34:09.121255,MQTT_QOS1,4,4,2,86,mqtt-qos1-main-4-86,success,57.446,409,221864,209036,110580,-40,1.0,,MQTT_QOS1,mqtt_qos1_main_1000_nosleep_20260904_102455.csv,0.409,57.037
2026-09-04T10:34:09.378854,MQTT_QOS1,4,4,2,87,mqtt-qos1-main-4-87,success,63.299,423,221572,209036,110580,-41,1.0,,MQTT_QOS1,mqtt_qos1_main_1000_nosleep_20260904_102455.csv,0.423,62.876
2026-09-04T10:34:09.642302,MQTT_QOS1,4,4,2,88,mqtt-qos1-main-4-88,success,65.252,420,221864,209036,110580,-40,1.0,,MQTT_QOS1,mqtt_qos1_main_1000_nosleep_20260904_102455.csv,0.42,64.832
2026-09-04T10:34:09.907707,MQTT_QOS1,4,4,2,89,mqtt-qos1-main-4-89,success,61.175,406,221864,209036,110580,-42,1.0,,MQTT_QOS1,mqtt_qos1_main_1000_nosleep_20260904_102455.csv,0.406,60.769
2026-09-04T10:34:10.169042,MQTT_QOS1,4,4,2,90,mqtt-qos1-main-4-90,success,63.194,418,221864,209036,110580,-40,1.0,,MQTT_QOS1,mqtt_qos1_main_1000_nosleep_20260904_102455.csv,0.418,62.776
2026-09-04T10:34:10.432385,MQTT_QOS1,4,4,2,91,mqtt-qos1-main-4-91,success,68.319,411,221864,209036,110580,-39,1.0,,MQTT_QOS1,mqtt_qos1_main_1000_nosleep_20260904_102455.csv,0.411,67.908
2026-09-04T10:34:10.700850,MQTT_QOS1,4,4,2,92,mqtt-qos1-main-4-92,success,55.851,409,221864,209036,110580,-43,1.0,,MQTT_QOS1,mqtt_qos1_main_1000_nosleep_20260904_102455.csv,0.409,55.442
2026-09-04T10:34:10.956846,MQTT_QOS1,4,4,2,93,mqtt-qos1-main-4-93,success,56.09,406,221864,209036,110580,-41,1.0,,MQTT_QOS1,mqtt_qos1_main_1000_nosleep_20260904_102455.csv,0.406,55.684000000000005
2026-09-04T10:34:11.213100,MQTT_QOS1,4,4,2,94,mqtt-qos1-main-4-94,success,52.607,414,221864,209036,110580,-42,1.0,,MQTT_QOS1,mqtt_qos1_main_1000_nosleep_20260904_102455.csv,0.414,52.193
2026-09-04T10:34:11.465870,MQTT_QOS1,4,4,2,95,mqtt-qos1-main-4-95,success,58.207,446,221864,209036,110580,-44,1.0,,MQTT_QOS1,mqtt_qos1_main_1000_nosleep_20260904_102455.csv,0.446,57.761
2026-09-04T10:34:11.724237,MQTT_QOS1,4,4,2,96,mqtt-qos1-main-4-96,success,56.933,417,221864,209036,110580,-44,1.0,,MQTT_QOS1,mqtt_qos1_main_1000_nosleep_20260904_102455.csv,0.417,56.516
2026-09-04T10:34:11.981326,MQTT_QOS1,4,4,2,97,mqtt-qos1-main-4-97,success,56.058,432,221864,209036,110580,-40,1.0,,MQTT_QOS1,mqtt_qos1_main_1000_nosleep_20260904_102455.csv,0.432,55.626
2026-09-04T10:34:12.237559,MQTT_QOS1,4,4,2,98,mqtt-qos1-main-4-98,success,61.103,410,221864,209036,110580,-42,1.0,,MQTT_QOS1,mqtt_qos1_main_1000_nosleep_20260904_102455.csv,0.41,60.693000000000005
2026-09-04T10:34:12.498826,MQTT_QOS1,4,4,2,99,mqtt-qos1-main-4-99,success,65.038,418,221864,209036,110580,-42,1.0,,MQTT_QOS1,mqtt_qos1_main_1000_nosleep_20260904_102455.csv,0.418,64.61999999999999
2026-09-04T10:34:12.764021,MQTT_QOS1,4,4,2,100,mqtt-qos1-main-4-100,success,84.387,474,221660,209036,110580,-41,1.0,,MQTT_QOS1,mqtt_qos1_main_1000_nosleep_20260904_102455.csv,0.474,83.913
2026-09-04T10:34:13.048604,MQTT_QOS1,4,4,2,101,mqtt-qos1-main-4-101,success,70.089,412,221864,209036,110580,-41,1.0,,MQTT_QOS1,mqtt_qos1_main_1000_nosleep_20260904_102455.csv,0.412,69.67699999999999
2026-09-04T10:34:13.318858,MQTT_QOS1,4,4,2,102,mqtt-qos1-main-4-102,success,59.611,467,221864,209036,110580,-40,1.0,,MQTT_QOS1,mqtt_qos1_main_1000_nosleep_20260904_102455.csv,0.467,59.144
2026-09-04T10:34:13.578613,MQTT_QOS1,4,4,2,103,mqtt-qos1-main-4-103,success,58.797,428,221864,209036,110580,-40,1.0,,MQTT_QOS1,mqtt_qos1_main_1000_nosleep_20260904_102455.csv,0.428,58.369
2026-09-04T10:34:13.837554,MQTT_QOS1,4,4,2,104,mqtt-qos1-main-4-104,success,55.254,422,221864,209036,110580,-39,1.0,,MQTT_QOS1,mqtt_qos1_main_1000_nosleep_20260904_102455.csv,0.422,54.832
2026-09-04T10:34:14.092963,MQTT_QOS1,4,4,2,105,mqtt-qos1-main-4-105,success,62.762,419,221864,209036,110580,-42,1.0,,MQTT_QOS1,mqtt_qos1_main_1000_nosleep_20260904_102455.csv,0.419,62.343
2026-09-04T10:34:14.355874,MQTT_QOS1,4,4,2,106,mqtt-qos1-main-4-106,success,63.756,409,221864,209036,110580,-42,1.0,,MQTT_QOS1,mqtt_qos1_main_1000_nosleep_20260904_102455.csv,0.409,63.347
2026-09-04T10:34:14.619774,MQTT_QOS1,4,4,2,107,mqtt-qos1-main-4-107,success,61.231,406,221864,209036,110580,-40,1.0,,MQTT_QOS1,mqtt_qos1_main_1000_nosleep_20260904_102455.csv,0.406,60.825
2026-09-04T10:34:14.881150,MQTT_QOS1,4,4,2,108,mqtt-qos1-main-4-108,success,59.64,422,221864,209036,110580,-42,1.0,,MQTT_QOS1,mqtt_qos1_main_1000_nosleep_20260904_102455.csv,0.422,59.218
2026-09-04T10:34:15.140948,MQTT_QOS1,4,4,2,109,mqtt-qos1-main-4-109,success,56.714,415,221864,209036,110580,-44,1.0,,MQTT_QOS1,mqtt_qos1_main_1000_nosleep_20260904_102455.csv,0.415,56.299
2026-09-04T10:34:15.397811,MQTT_QOS1,4,4,2,110,mqtt-qos1-main-4-110,success,58.972,420,221864,209036,110580,-41,1.0,,MQTT_QOS1,mqtt_qos1_main_1000_nosleep_20260904_102455.csv,0.42,58.552
2026-09-04T10:34:15.656932,MQTT_QOS1,4,4,2,111,mqtt-qos1-main-4-111,success,55.44,406,221864,209036,110580,-43,1.0,,MQTT_QOS1,mqtt_qos1_main_1000_nosleep_20260904_102455.csv,0.406,55.034
2026-09-04T10:34:15.912522,MQTT_QOS1,4,4,2,112,mqtt-qos1-main-4-112,success,56.186,408,221864,209036,110580,-41,1.0,,MQTT_QOS1,mqtt_qos1_main_1000_nosleep_20260904_102455.csv,0.408,55.778
2026-09-04T10:34:16.168874,MQTT_QOS1,4,4,2,113,mqtt-qos1-main-4-113,success,57.905,420,221864,209036,110580,-42,1.0,,MQTT_QOS1,mqtt_qos1_main_1000_nosleep_20260904_102455.csv,0.42,57.485
2026-09-04T10:34:16.426918,MQTT_QOS1,4,4,2,114,mqtt-qos1-main-4-114,success,58.106,410,221864,209036,110580,-39,1.0,,MQTT_QOS1,mqtt_qos1_main_1000_nosleep_20260904_102455.csv,0.41,57.696000000000005
2026-09-04T10:34:16.685172,MQTT_QOS1,4,4,2,115,mqtt-qos1-main-4-115,success,59.747,459,221864,209036,110580,-40,1.0,,MQTT_QOS1,mqtt_qos1_main_1000_nosleep_20260904_102455.csv,0.459,59.288
2026-09-04T10:34:16.945067,MQTT_QOS1,4,4,2,116,mqtt-qos1-main-4-116,success,56.556,410,221864,209036,110580,-44,1.0,,MQTT_QOS1,mqtt_qos1_main_1000_nosleep_20260904_102455.csv,0.41,56.146
2026-09-04T10:34:17.201779,MQTT_QOS1,4,4,2,117,mqtt-qos1-main-4-117,success,59.76,476,221864,209036,110580,-43,1.0,,MQTT_QOS1,mqtt_qos1_main_1000_nosleep_20260904_102455.csv,0.476,59.284
2026-09-04T10:34:17.461683,MQTT_QOS1,4,4,2,118,mqtt-qos1-main-4-118,success,76.193,408,221864,209036,110580,-43,1.0,,MQTT_QOS1,mqtt_qos1_main_1000_nosleep_20260904_102455.csv,0.408,75.785
2026-09-04T10:34:17.738021,MQTT_QOS1,4,4,2,119,mqtt-qos1-main-4-119,success,55.3,409,221864,209036,110580,-41,1.0,,MQTT_QOS1,mqtt_qos1_main_1000_nosleep_20260904_102455.csv,0.409,54.891
2026-09-04T10:34:17.993476,MQTT_QOS1,4,4,2,120,mqtt-qos1-main-4-120,success,68.827,408,221864,209036,110580,-41,1.0,,MQTT_QOS1,mqtt_qos1_main_1000_nosleep_20260904_102455.csv,0.408,68.419
2026-09-04T10:34:18.262492,MQTT_QOS1,4,4,2,121,mqtt-qos1-main-4-121,success,91.164,409,221864,209036,110580,-43,1.0,,MQTT_QOS1,mqtt_qos1_main_1000_nosleep_20260904_102455.csv,0.409,90.755
2026-09-04T10:34:18.553820,MQTT_QOS1,4,4,2,122,mqtt-qos1-main-4-122,success,73.079,420,221864,209036,110580,-44,1.0,,MQTT_QOS1,mqtt_qos1_main_1000_nosleep_20260904_102455.csv,0.42,72.65899999999999
2026-09-04T10:34:18.827045,MQTT_QOS1,4,4,2,123,mqtt-qos1-main-4-123,success,53.787,406,221864,209036,110580,-42,1.0,,MQTT_QOS1,mqtt_qos1_main_1000_nosleep_20260904_102455.csv,0.406,53.381
2026-09-04T10:34:19.080979,MQTT_QOS1,4,4,2,124,mqtt-qos1-main-4-124,success,69.632,411,221864,209036,110580,-43,1.0,,MQTT_QOS1,mqtt_qos1_main_1000_nosleep_20260904_102455.csv,0.411,69.221
2026-09-04T10:34:19.350766,MQTT_QOS1,4,4,2,125,mqtt-qos1-main-4-125,success,59.424,415,221864,209036,110580,-43,1.0,,MQTT_QOS1,mqtt_qos1_main_1000_nosleep_20260904_102455.csv,0.415,59.009
2026-09-04T10:34:19.610344,MQTT_QOS1,4,4,2,126,mqtt-qos1-main-4-126,success,72.12,424,221864,209036,110580,-42,1.0,,MQTT_QOS1,mqtt_qos1_main_1000_nosleep_20260904_102455.csv,0.424,71.696
2026-09-04T10:34:19.882619,MQTT_QOS1,4,4,2,127,mqtt-qos1-main-4-127,success,58.477,422,221572,209036,110580,-42,1.0,,MQTT_QOS1,mqtt_qos1_main_1000_nosleep_20260904_102455.csv,0.422,58.055
2026-09-04T10:34:20.141258,MQTT_QOS1,4,4,2,128,mqtt-qos1-main-4-128,success,55.727,420,221864,209036,110580,-44,1.0,,MQTT_QOS1,mqtt_qos1_main_1000_nosleep_20260904_102455.csv,0.42,55.306999999999995
2026-09-04T10:34:20.397138,MQTT_QOS1,4,4,2,129,mqtt-qos1-main-4-129,success,59.944,423,221864,209036,110580,-45,1.0,,MQTT_QOS1,mqtt_qos1_main_1000_nosleep_20260904_102455.csv,0.423,59.521
2026-09-04T10:34:20.657233,MQTT_QOS1,4,4,2,130,mqtt-qos1-main-4-130,success,65.587,408,221864,209036,110580,-42,1.0,,MQTT_QOS1,mqtt_qos1_main_1000_nosleep_20260904_102455.csv,0.408,65.179
2026-09-04T10:34:20.922974,MQTT_QOS1,4,4,2,131,mqtt-qos1-main-4-131,success,62.006,404,221864,209036,110580,-43,1.0,,MQTT_QOS1,mqtt_qos1_main_1000_nosleep_20260904_102455.csv,0.404,61.602
2026-09-04T10:34:21.185149,MQTT_QOS1,4,4,2,132,mqtt-qos1-main-4-132,success,61.417,462,221660,209036,110580,-43,1.0,,MQTT_QOS1,mqtt_qos1_main_1000_nosleep_20260904_102455.csv,0.462,60.955
2026-09-04T10:34:21.446732,MQTT_QOS1,4,4,2,133,mqtt-qos1-main-4-133,success,60.203,440,221572,209036,110580,-42,1.0,,MQTT_QOS1,mqtt_qos1_main_1000_nosleep_20260904_102455.csv,0.44,59.763000000000005
2026-09-04T10:34:21.707089,MQTT_QOS1,4,4,2,134,mqtt-qos1-main-4-134,success,58.714,410,221864,209036,110580,-41,1.0,,MQTT_QOS1,mqtt_qos1_main_1000_nosleep_20260904_102455.csv,0.41,58.304
2026-09-04T10:34:21.965960,MQTT_QOS1,4,4,2,135,mqtt-qos1-main-4-135,success,63.39,409,221864,209036,110580,-42,1.0,,MQTT_QOS1,mqtt_qos1_main_1000_nosleep_20260904_102455.csv,0.409,62.981
2026-09-04T10:34:22.229518,MQTT_QOS1,4,4,2,136,mqtt-qos1-main-4-136,success,59.763,420,221864,209036,110580,-43,1.0,,MQTT_QOS1,mqtt_qos1_main_1000_nosleep_20260904_102455.csv,0.42,59.342999999999996
2026-09-04T10:34:22.489433,MQTT_QOS1,4,4,2,137,mqtt-qos1-main-4-137,success,65.018,418,221864,209036,110580,-44,1.0,,MQTT_QOS1,mqtt_qos1_main_1000_nosleep_20260904_102455.csv,0.418,64.6
2026-09-04T10:34:22.754597,MQTT_QOS1,4,4,2,138,mqtt-qos1-main-4-138,success,95.258,578,221660,209036,110580,-41,1.0,,MQTT_QOS1,mqtt_qos1_main_1000_nosleep_20260904_102455.csv,0.578,94.67999999999999
2026-09-04T10:34:23.050016,MQTT_QOS1,4,4,2,139,mqtt-qos1-main-4-139,success,74.057,422,221864,209036,110580,-45,1.0,,MQTT_QOS1,mqtt_qos1_main_1000_nosleep_20260904_102455.csv,0.422,73.635
2026-09-04T10:34:23.324229,MQTT_QOS1,4,4,2,140,mqtt-qos1-main-4-140,success,64.801,560,221864,209036,110580,-46,1.0,,MQTT_QOS1,mqtt_qos1_main_1000_nosleep_20260904_102455.csv,0.56,64.241
2026-09-04T10:34:23.589208,MQTT_QOS1,4,4,2,141,mqtt-qos1-main-4-141,success,70.61,432,221864,209036,110580,-44,1.0,,MQTT_QOS1,mqtt_qos1_main_1000_nosleep_20260904_102455.csv,0.432,70.178
2026-09-04T10:34:23.859974,MQTT_QOS1,4,4,2,142,mqtt-qos1-main-4-142,success,57.239,410,221864,209036,110580,-44,1.0,,MQTT_QOS1,mqtt_qos1_main_1000_nosleep_20260904_102455.csv,0.41,56.829
2026-09-04T10:34:24.117375,MQTT_QOS1,4,4,2,143,mqtt-qos1-main-4-143,success,63.276,418,221864,209036,110580,-44,1.0,,MQTT_QOS1,mqtt_qos1_main_1000_nosleep_20260904_102455.csv,0.418,62.858000000000004
2026-09-04T10:34:24.380800,MQTT_QOS1,4,4,2,144,mqtt-qos1-main-4-144,success,61.924,410,221864,209036,110580,-44,1.0,,MQTT_QOS1,mqtt_qos1_main_1000_nosleep_20260904_102455.csv,0.41,61.514
2026-09-04T10:34:24.642877,MQTT_QOS1,4,4,2,145,mqtt-qos1-main-4-145,success,58.499,425,221572,209036,110580,-43,1.0,,MQTT_QOS1,mqtt_qos1_main_1000_nosleep_20260904_102455.csv,0.425,58.074000000000005
2026-09-04T10:34:24.901535,MQTT_QOS1,4,4,2,146,mqtt-qos1-main-4-146,success,55.641,412,221864,209036,110580,-42,1.0,,MQTT_QOS1,mqtt_qos1_main_1000_nosleep_20260904_102455.csv,0.412,55.229
2026-09-04T10:34:25.157344,MQTT_QOS1,4,4,2,147,mqtt-qos1-main-4-147,success,61.111,415,221864,209036,110580,-43,1.0,,MQTT_QOS1,mqtt_qos1_main_1000_nosleep_20260904_102455.csv,0.415,60.696
2026-09-04T10:34:25.418611,MQTT_QOS1,4,4,2,148,mqtt-qos1-main-4-148,success,58.833,415,221864,209036,110580,-40,1.0,,MQTT_QOS1,mqtt_qos1_main_1000_nosleep_20260904_102455.csv,0.415,58.418
2026-09-04T10:34:25.677598,MQTT_QOS1,4,4,2,149,mqtt-qos1-main-4-149,success,60.22,409,221864,209036,110580,-39,1.0,,MQTT_QOS1,mqtt_qos1_main_1000_nosleep_20260904_102455.csv,0.409,59.811
2026-09-04T10:34:25.937975,MQTT_QOS1,4,4,2,150,mqtt-qos1-main-4-150,success,62.377,429,221864,209036,110580,-42,1.0,,MQTT_QOS1,mqtt_qos1_main_1000_nosleep_20260904_102455.csv,0.429,61.948
2026-09-04T10:34:26.200512,MQTT_QOS1,4,4,2,151,mqtt-qos1-main-4-151,success,57.343,410,221864,209036,110580,-40,1.0,,MQTT_QOS1,mqtt_qos1_main_1000_nosleep_20260904_102455.csv,0.41,56.93300000000001
2026-09-04T10:34:26.458007,MQTT_QOS1,4,4,2,152,mqtt-qos1-main-4-152,success,58.732,463,221864,209036,110580,-39,1.0,,MQTT_QOS1,mqtt_qos1_main_1000_nosleep_20260904_102455.csv,0.463,58.269
2026-09-04T10:34:26.716896,MQTT_QOS1,4,4,2,153,mqtt-qos1-main-4-153,success,56.799,418,221864,209036,110580,-41,1.0,,MQTT_QOS1,mqtt_qos1_main_1000_nosleep_20260904_102455.csv,0.418,56.381
2026-09-04T10:34:26.973844,MQTT_QOS1,4,4,2,154,mqtt-qos1-main-4-154,success,58.781,408,221864,209036,110580,-40,1.0,,MQTT_QOS1,mqtt_qos1_main_1000_nosleep_20260904_102455.csv,0.408,58.373
2026-09-04T10:34:27.232786,MQTT_QOS1,4,4,2,155,mqtt-qos1-main-4-155,success,55.896,416,221864,209036,110580,-40,1.0,,MQTT_QOS1,mqtt_qos1_main_1000_nosleep_20260904_102455.csv,0.416,55.480000000000004
2026-09-04T10:34:27.488841,MQTT_QOS1,4,4,2,156,mqtt-qos1-main-4-156,success,57.287,418,221864,209036,110580,-41,1.0,,MQTT_QOS1,mqtt_qos1_main_1000_nosleep_20260904_102455.csv,0.418,56.869
2026-09-04T10:34:27.746284,MQTT_QOS1,4,4,2,157,mqtt-qos1-main-4-157,success,58.353,411,221864,209036,110580,-40,1.0,,MQTT_QOS1,mqtt_qos1_main_1000_nosleep_20260904_102455.csv,0.411,57.942
2026-09-04T10:34:28.004807,MQTT_QOS1,4,4,2,158,mqtt-qos1-main-4-158,success,61.843,548,221660,209036,110580,-41,1.0,,MQTT_QOS1,mqtt_qos1_main_1000_nosleep_20260904_102455.csv,0.548,61.295
2026-09-04T10:34:28.266830,MQTT_QOS1,4,4,2,159,mqtt-qos1-main-4-159,success,86.434,464,221864,209036,110580,-41,1.0,,MQTT_QOS1,mqtt_qos1_main_1000_nosleep_20260904_102455.csv,0.464,85.97
2026-09-04T10:34:28.553428,MQTT_QOS1,4,4,2,160,mqtt-qos1-main-4-160,success,67.065,412,221864,209036,110580,-42,1.0,,MQTT_QOS1,mqtt_qos1_main_1000_nosleep_20260904_102455.csv,0.412,66.65299999999999
2026-09-04T10:34:28.820679,MQTT_QOS1,4,4,2,161,mqtt-qos1-main-4-161,success,58.397,422,221864,209036,110580,-43,1.0,,MQTT_QOS1,mqtt_qos1_main_1000_nosleep_20260904_102455.csv,0.422,57.975
2026-09-04T10:34:29.079249,MQTT_QOS1,4,4,2,162,mqtt-qos1-main-4-162,success,53.787,417,221864,209036,110580,-42,1.0,,MQTT_QOS1,mqtt_qos1_main_1000_nosleep_20260904_102455.csv,0.417,53.37
2026-09-04T10:34:29.333199,MQTT_QOS1,4,4,2,163,mqtt-qos1-main-4-163,success,56.897,408,221864,209036,110580,-43,1.0,,MQTT_QOS1,mqtt_qos1_main_1000_nosleep_20260904_102455.csv,0.408,56.489
2026-09-04T10:34:29.590261,MQTT_QOS1,4,4,2,164,mqtt-qos1-main-4-164,success,58.92,423,221864,209036,110580,-43,1.0,,MQTT_QOS1,mqtt_qos1_main_1000_nosleep_20260904_102455.csv,0.423,58.497
2026-09-04T10:34:29.849333,MQTT_QOS1,4,4,2,165,mqtt-qos1-main-4-165,success,55.438,409,221864,209036,110580,-43,1.0,,MQTT_QOS1,mqtt_qos1_main_1000_nosleep_20260904_102455.csv,0.409,55.029
2026-09-04T10:34:30.104931,MQTT_QOS1,4,4,2,166,mqtt-qos1-main-4-166,success,57.67,408,221864,209036,110580,-43,1.0,,MQTT_QOS1,mqtt_qos1_main_1000_nosleep_20260904_102455.csv,0.408,57.262
2026-09-04T10:34:30.362737,MQTT_QOS1,4,4,2,167,mqtt-qos1-main-4-167,success,62.785,440,221864,209036,110580,-43,1.0,,MQTT_QOS1,mqtt_qos1_main_1000_nosleep_20260904_102455.csv,0.44,62.345
2026-09-04T10:34:30.625681,MQTT_QOS1,4,4,2,168,mqtt-qos1-main-4-168,success,63.125,408,221864,209036,110580,-43,1.0,,MQTT_QOS1,mqtt_qos1_main_1000_nosleep_20260904_102455.csv,0.408,62.717
2026-09-04T10:34:30.888958,MQTT_QOS1,4,4,2,169,mqtt-qos1-main-4-169,success,60.239,409,221864,209036,110580,-42,1.0,,MQTT_QOS1,mqtt_qos1_main_1000_nosleep_20260904_102455.csv,0.409,59.83
2026-09-04T10:34:31.149361,MQTT_QOS1,4,4,2,170,mqtt-qos1-main-4-170,success,60.743,408,221864,209036,110580,-42,1.0,,MQTT_QOS1,mqtt_qos1_main_1000_nosleep_20260904_102455.csv,0.408,60.335
2026-09-04T10:34:31.410259,MQTT_QOS1,4,4,2,171,mqtt-qos1-main-4-171,success,80.187,406,221864,209036,110580,-42,1.0,,MQTT_QOS1,mqtt_qos1_main_1000_nosleep_20260904_102455.csv,0.406,79.78099999999999
2026-09-04T10:34:31.690596,MQTT_QOS1,4,4,2,172,mqtt-qos1-main-4-172,success,58.236,416,221864,209036,110580,-42,1.0,,MQTT_QOS1,mqtt_qos1_main_1000_nosleep_20260904_102455.csv,0.416,57.82
2026-09-04T10:34:31.948985,MQTT_QOS1,4,4,2,173,mqtt-qos1-main-4-173,success,56.061,410,221864,209036,110580,-41,1.0,,MQTT_QOS1,mqtt_qos1_main_1000_nosleep_20260904_102455.csv,0.41,55.651
2026-09-04T10:34:32.205212,MQTT_QOS1,4,4,2,174,mqtt-qos1-main-4-174,success,56.8,408,221864,209036,110580,-42,1.0,,MQTT_QOS1,mqtt_qos1_main_1000_nosleep_20260904_102455.csv,0.408,56.391999999999996
2026-09-04T10:34:32.462163,MQTT_QOS1,4,4,2,175,mqtt-qos1-main-4-175,success,59.604,422,221864,209036,110580,-41,1.0,,MQTT_QOS1,mqtt_qos1_main_1000_nosleep_20260904_102455.csv,0.422,59.182
2026-09-04T10:34:32.721924,MQTT_QOS1,4,4,2,176,mqtt-qos1-main-4-176,success,56.103,417,221864,209036,110580,-41,1.0,,MQTT_QOS1,mqtt_qos1_main_1000_nosleep_20260904_102455.csv,0.417,55.686
2026-09-04T10:34:32.978192,MQTT_QOS1,4,4,2,177,mqtt-qos1-main-4-177,success,59.665,434,221864,209036,110580,-41,1.0,,MQTT_QOS1,mqtt_qos1_main_1000_nosleep_20260904_102455.csv,0.434,59.231
2026-09-04T10:34:33.238022,MQTT_QOS1,4,4,2,178,mqtt-qos1-main-4-178,success,56.196,472,221864,209036,110580,-41,1.0,,MQTT_QOS1,mqtt_qos1_main_1000_nosleep_20260904_102455.csv,0.472,55.724
2026-09-04T10:34:33.494369,MQTT_QOS1,4,4,2,179,mqtt-qos1-main-4-179,success,58.329,416,221864,209036,110580,-42,1.0,,MQTT_QOS1,mqtt_qos1_main_1000_nosleep_20260904_102455.csv,0.416,57.913000000000004
2026-09-04T10:34:33.752848,MQTT_QOS1,4,4,2,180,mqtt-qos1-main-4-180,success,56.498,408,221864,209036,110580,-40,1.0,,MQTT_QOS1,mqtt_qos1_main_1000_nosleep_20260904_102455.csv,0.408,56.089999999999996
2026-09-04T10:34:34.009554,MQTT_QOS1,4,4,2,181,mqtt-qos1-main-4-181,success,83.449,421,221864,209036,110580,-43,1.0,,MQTT_QOS1,mqtt_qos1_main_1000_nosleep_20260904_102455.csv,0.421,83.02799999999999
2026-09-04T10:34:34.293183,MQTT_QOS1,4,4,2,182,mqtt-qos1-main-4-182,success,80.044,410,221864,209036,110580,-43,1.0,,MQTT_QOS1,mqtt_qos1_main_1000_nosleep_20260904_102455.csv,0.41,79.634
2026-09-04T10:34:34.573396,MQTT_QOS1,4,4,2,183,mqtt-qos1-main-4-183,success,56.319,408,221864,209036,110580,-43,1.0,,MQTT_QOS1,mqtt_qos1_main_1000_nosleep_20260904_102455.csv,0.408,55.911
2026-09-04T10:34:34.829879,MQTT_QOS1,4,4,2,184,mqtt-qos1-main-4-184,success,55.977,458,221660,209036,110580,-44,1.0,,MQTT_QOS1,mqtt_qos1_main_1000_nosleep_20260904_102455.csv,0.458,55.519
2026-09-04T10:34:35.086023,MQTT_QOS1,4,4,2,185,mqtt-qos1-main-4-185,success,58.53,411,221864,209036,110580,-44,1.0,,MQTT_QOS1,mqtt_qos1_main_1000_nosleep_20260904_102455.csv,0.411,58.119
2026-09-04T10:34:35.344718,MQTT_QOS1,4,4,2,186,mqtt-qos1-main-4-186,success,56.041,419,221864,209036,110580,-41,1.0,,MQTT_QOS1,mqtt_qos1_main_1000_nosleep_20260904_102455.csv,0.419,55.622
2026-09-04T10:34:35.600911,MQTT_QOS1,4,4,2,187,mqtt-qos1-main-4-187,success,58.193,411,221864,209036,110580,-45,1.0,,MQTT_QOS1,mqtt_qos1_main_1000_nosleep_20260904_102455.csv,0.411,57.782
2026-09-04T10:34:35.859255,MQTT_QOS1,4,4,2,188,mqtt-qos1-main-4-188,success,58.331,410,221864,209036,110580,-44,1.0,,MQTT_QOS1,mqtt_qos1_main_1000_nosleep_20260904_102455.csv,0.41,57.92100000000001
2026-09-04T10:34:36.117750,MQTT_QOS1,4,4,2,189,mqtt-qos1-main-4-189,success,67.532,424,221864,209036,110580,-42,1.0,,MQTT_QOS1,mqtt_qos1_main_1000_nosleep_20260904_102455.csv,0.424,67.10799999999999
2026-09-04T10:34:36.385438,MQTT_QOS1,4,4,2,190,mqtt-qos1-main-4-190,success,61.679,408,221864,209036,110580,-41,1.0,,MQTT_QOS1,mqtt_qos1_main_1000_nosleep_20260904_102455.csv,0.408,61.271
2026-09-04T10:34:36.647274,MQTT_QOS1,4,4,2,191,mqtt-qos1-main-4-191,success,57.719,420,221864,209036,110580,-43,1.0,,MQTT_QOS1,mqtt_qos1_main_1000_nosleep_20260904_102455.csv,0.42,57.299
2026-09-04T10:34:36.905147,MQTT_QOS1,4,4,2,192,mqtt-qos1-main-4-192,success,61.099,410,221864,209036,110580,-41,1.0,,MQTT_QOS1,mqtt_qos1_main_1000_nosleep_20260904_102455.csv,0.41,60.689
2026-09-04T10:34:37.166413,MQTT_QOS1,4,4,2,193,mqtt-qos1-main-4-193,success,77.467,426,219428,209036,110580,-42,1.0,,MQTT_QOS1,mqtt_qos1_main_1000_nosleep_20260904_102455.csv,0.426,77.041
2026-09-04T10:34:37.444037,MQTT_QOS1,4,4,2,194,mqtt-qos1-main-4-194,success,56.93,407,221864,209036,110580,-42,1.0,,MQTT_QOS1,mqtt_qos1_main_1000_nosleep_20260904_102455.csv,0.407,56.523
2026-09-04T10:34:37.701122,MQTT_QOS1,4,4,2,195,mqtt-qos1-main-4-195,success,59.704,409,221864,209036,110580,-42,1.0,,MQTT_QOS1,mqtt_qos1_main_1000_nosleep_20260904_102455.csv,0.409,59.295
2026-09-04T10:34:37.960980,MQTT_QOS1,4,4,2,196,mqtt-qos1-main-4-196,success,58.631,408,221864,209036,110580,-41,1.0,,MQTT_QOS1,mqtt_qos1_main_1000_nosleep_20260904_102455.csv,0.408,58.223
2026-09-04T10:34:38.219775,MQTT_QOS1,4,4,2,197,mqtt-qos1-main-4-197,success,53.115,410,221864,209036,110580,-41,1.0,,MQTT_QOS1,mqtt_qos1_main_1000_nosleep_20260904_102455.csv,0.41,52.705000000000005
2026-09-04T10:34:38.473048,MQTT_QOS1,4,4,2,198,mqtt-qos1-main-4-198,success,56.479,417,221864,209036,110580,-41,1.0,,MQTT_QOS1,mqtt_qos1_main_1000_nosleep_20260904_102455.csv,0.417,56.062
2026-09-04T10:34:38.729681,MQTT_QOS1,4,4,2,199,mqtt-qos1-main-4-199,success,59.204,408,221864,209036,110580,-41,1.0,,MQTT_QOS1,mqtt_qos1_main_1000_nosleep_20260904_102455.csv,0.408,58.796
2026-09-04T10:34:38.989061,MQTT_QOS1,4,4,2,200,mqtt-qos1-main-4-200,success,66.147,410,221864,209036,110580,-42,1.0,,MQTT_QOS1,mqtt_qos1_main_1000_nosleep_20260904_102455.csv,0.41,65.73700000000001
2026-09-04T10:35:28.371962,MQTT_QOS1,5,5,1,1,mqtt-qos1-main-5-1,success,12.318,410,221864,209036,110580,-41,1.0,,MQTT_QOS1,mqtt_qos1_main_1000_nosleep_20260904_102455.csv,0.41,11.908
2026-09-04T10:35:28.584500,MQTT_QOS1,5,5,1,2,mqtt-qos1-main-5-2,success,59.056,408,221864,209036,110580,-45,1.0,,MQTT_QOS1,mqtt_qos1_main_1000_nosleep_20260904_102455.csv,0.408,58.647999999999996
2026-09-04T10:35:28.843731,MQTT_QOS1,5,5,1,3,mqtt-qos1-main-5-3,success,53.931,417,221864,209036,110580,-43,1.0,,MQTT_QOS1,mqtt_qos1_main_1000_nosleep_20260904_102455.csv,0.417,53.513999999999996
2026-09-04T10:35:29.097838,MQTT_QOS1,5,5,1,4,mqtt-qos1-main-5-4,success,57.278,405,221864,209036,110580,-45,1.0,,MQTT_QOS1,mqtt_qos1_main_1000_nosleep_20260904_102455.csv,0.405,56.873
2026-09-04T10:35:29.355273,MQTT_QOS1,5,5,1,5,mqtt-qos1-main-5-5,success,59.185,422,221572,209036,110580,-43,1.0,,MQTT_QOS1,mqtt_qos1_main_1000_nosleep_20260904_102455.csv,0.422,58.763000000000005
2026-09-04T10:35:29.614611,MQTT_QOS1,5,5,1,6,mqtt-qos1-main-5-6,success,58.284,414,221572,209036,110580,-44,1.0,,MQTT_QOS1,mqtt_qos1_main_1000_nosleep_20260904_102455.csv,0.414,57.87
2026-09-04T10:35:29.873053,MQTT_QOS1,5,5,1,7,mqtt-qos1-main-5-7,success,55.92,411,221864,209036,110580,-44,1.0,,MQTT_QOS1,mqtt_qos1_main_1000_nosleep_20260904_102455.csv,0.411,55.509
2026-09-04T10:35:30.129141,MQTT_QOS1,5,5,1,8,mqtt-qos1-main-5-8,success,60.542,405,221864,209036,110580,-45,1.0,,MQTT_QOS1,mqtt_qos1_main_1000_nosleep_20260904_102455.csv,0.405,60.137
2026-09-04T10:35:30.389843,MQTT_QOS1,5,5,1,9,mqtt-qos1-main-5-9,success,59.059,417,221864,209036,110580,-43,1.0,,MQTT_QOS1,mqtt_qos1_main_1000_nosleep_20260904_102455.csv,0.417,58.641999999999996
2026-09-04T10:35:30.649052,MQTT_QOS1,5,5,1,10,mqtt-qos1-main-5-10,success,60.907,405,221864,209036,110580,-45,1.0,,MQTT_QOS1,mqtt_qos1_main_1000_nosleep_20260904_102455.csv,0.405,60.501999999999995
2026-09-04T10:35:30.910111,MQTT_QOS1,5,5,1,11,mqtt-qos1-main-5-11,success,69.799,419,221572,209036,110580,-41,1.0,,MQTT_QOS1,mqtt_qos1_main_1000_nosleep_20260904_102455.csv,0.419,69.38000000000001
2026-09-04T10:35:31.180063,MQTT_QOS1,5,5,1,12,mqtt-qos1-main-5-12,success,56.855,414,219428,209036,110580,-44,1.0,,MQTT_QOS1,mqtt_qos1_main_1000_nosleep_20260904_102455.csv,0.414,56.440999999999995
2026-09-04T10:35:31.437071,MQTT_QOS1,5,5,1,13,mqtt-qos1-main-5-13,success,56.337,419,221864,209036,110580,-43,1.0,,MQTT_QOS1,mqtt_qos1_main_1000_nosleep_20260904_102455.csv,0.419,55.918000000000006
2026-09-04T10:35:31.693558,MQTT_QOS1,5,5,1,14,mqtt-qos1-main-5-14,success,55.678,404,221864,209036,110580,-41,1.0,,MQTT_QOS1,mqtt_qos1_main_1000_nosleep_20260904_102455.csv,0.404,55.273999999999994
2026-09-04T10:35:31.949385,MQTT_QOS1,5,5,1,15,mqtt-qos1-main-5-15,success,59.959,417,221864,209036,110580,-43,1.0,,MQTT_QOS1,mqtt_qos1_main_1000_nosleep_20260904_102455.csv,0.417,59.542
2026-09-04T10:35:32.209504,MQTT_QOS1,5,5,1,16,mqtt-qos1-main-5-16,success,60.822,404,221864,209036,110580,-41,1.0,,MQTT_QOS1,mqtt_qos1_main_1000_nosleep_20260904_102455.csv,0.404,60.418
2026-09-04T10:35:32.470480,MQTT_QOS1,5,5,1,17,mqtt-qos1-main-5-17,success,60.568,552,221660,209036,110580,-44,1.0,,MQTT_QOS1,mqtt_qos1_main_1000_nosleep_20260904_102455.csv,0.552,60.016
2026-09-04T10:35:32.731195,MQTT_QOS1,5,5,1,18,mqtt-qos1-main-5-18,success,61.383,409,221864,209036,110580,-45,1.0,,MQTT_QOS1,mqtt_qos1_main_1000_nosleep_20260904_102455.csv,0.409,60.974000000000004
2026-09-04T10:35:32.992733,MQTT_QOS1,5,5,1,19,mqtt-qos1-main-5-19,success,60.193,425,221864,209036,110580,-43,1.0,,MQTT_QOS1,mqtt_qos1_main_1000_nosleep_20260904_102455.csv,0.425,59.768
2026-09-04T10:35:33.253078,MQTT_QOS1,5,5,1,20,mqtt-qos1-main-5-20,success,57.295,418,221864,209036,110580,-42,1.0,,MQTT_QOS1,mqtt_qos1_main_1000_nosleep_20260904_102455.csv,0.418,56.877
2026-09-04T10:35:33.510549,MQTT_QOS1,5,5,1,21,mqtt-qos1-main-5-21,success,59.294,409,221864,209036,110580,-43,1.0,,MQTT_QOS1,mqtt_qos1_main_1000_nosleep_20260904_102455.csv,0.409,58.885
2026-09-04T10:35:33.769988,MQTT_QOS1,5,5,1,22,mqtt-qos1-main-5-22,success,86.169,567,221660,209036,110580,-40,1.0,,MQTT_QOS1,mqtt_qos1_main_1000_nosleep_20260904_102455.csv,0.567,85.602
2026-09-04T10:35:34.056339,MQTT_QOS1,5,5,1,23,mqtt-qos1-main-5-23,success,77.406,429,221864,209036,110580,-41,1.0,,MQTT_QOS1,mqtt_qos1_main_1000_nosleep_20260904_102455.csv,0.429,76.977
2026-09-04T10:35:34.333908,MQTT_QOS1,5,5,1,24,mqtt-qos1-main-5-24,success,52.0,410,221864,209036,110580,-43,1.0,,MQTT_QOS1,mqtt_qos1_main_1000_nosleep_20260904_102455.csv,0.41,51.59
2026-09-04T10:35:34.586063,MQTT_QOS1,5,5,1,25,mqtt-qos1-main-5-25,success,60.395,413,221864,209036,110580,-44,1.0,,MQTT_QOS1,mqtt_qos1_main_1000_nosleep_20260904_102455.csv,0.413,59.982000000000006
2026-09-04T10:35:34.846612,MQTT_QOS1,5,5,1,26,mqtt-qos1-main-5-26,success,54.286,414,221864,209036,110580,-42,1.0,,MQTT_QOS1,mqtt_qos1_main_1000_nosleep_20260904_102455.csv,0.414,53.872
2026-09-04T10:35:35.101055,MQTT_QOS1,5,5,1,27,mqtt-qos1-main-5-27,success,60.045,420,221864,209036,110580,-42,1.0,,MQTT_QOS1,mqtt_qos1_main_1000_nosleep_20260904_102455.csv,0.42,59.625
2026-09-04T10:35:35.361247,MQTT_QOS1,5,5,1,28,mqtt-qos1-main-5-28,success,66.298,417,221864,209036,110580,-42,1.0,,MQTT_QOS1,mqtt_qos1_main_1000_nosleep_20260904_102455.csv,0.417,65.881
2026-09-04T10:35:35.627693,MQTT_QOS1,5,5,1,29,mqtt-qos1-main-5-29,success,57.981,410,221864,209036,110580,-40,1.0,,MQTT_QOS1,mqtt_qos1_main_1000_nosleep_20260904_102455.csv,0.41,57.571000000000005
2026-09-04T10:35:35.885821,MQTT_QOS1,5,5,1,30,mqtt-qos1-main-5-30,success,59.157,408,221864,209036,110580,-42,1.0,,MQTT_QOS1,mqtt_qos1_main_1000_nosleep_20260904_102455.csv,0.408,58.748999999999995
2026-09-04T10:35:36.145134,MQTT_QOS1,5,5,1,31,mqtt-qos1-main-5-31,success,56.111,450,221864,209036,110580,-40,1.0,,MQTT_QOS1,mqtt_qos1_main_1000_nosleep_20260904_102455.csv,0.45,55.660999999999994
2026-09-04T10:35:36.401400,MQTT_QOS1,5,5,1,32,mqtt-qos1-main-5-32,success,55.809,420,221572,209036,110580,-41,1.0,,MQTT_QOS1,mqtt_qos1_main_1000_nosleep_20260904_102455.csv,0.42,55.388999999999996
2026-09-04T10:35:36.657351,MQTT_QOS1,5,5,1,33,mqtt-qos1-main-5-33,success,60.486,408,221864,209036,110580,-42,1.0,,MQTT_QOS1,mqtt_qos1_main_1000_nosleep_20260904_102455.csv,0.408,60.077999999999996
2026-09-04T10:35:36.917993,MQTT_QOS1,5,5,1,34,mqtt-qos1-main-5-34,success,66.427,409,221864,209036,110580,-43,1.0,,MQTT_QOS1,mqtt_qos1_main_1000_nosleep_20260904_102455.csv,0.409,66.018
2026-09-04T10:35:37.184577,MQTT_QOS1,5,5,1,35,mqtt-qos1-main-5-35,success,57.327,420,221864,209036,110580,-41,1.0,,MQTT_QOS1,mqtt_qos1_main_1000_nosleep_20260904_102455.csv,0.42,56.907
2026-09-04T10:35:37.442059,MQTT_QOS1,5,5,1,36,mqtt-qos1-main-5-36,success,59.782,408,221864,209036,110580,-41,1.0,,MQTT_QOS1,mqtt_qos1_main_1000_nosleep_20260904_102455.csv,0.408,59.373999999999995
2026-09-04T10:35:37.702000,MQTT_QOS1,5,5,1,37,mqtt-qos1-main-5-37,success,59.802,420,221864,209036,110580,-43,1.0,,MQTT_QOS1,mqtt_qos1_main_1000_nosleep_20260904_102455.csv,0.42,59.382
2026-09-04T10:35:37.961953,MQTT_QOS1,5,5,1,38,mqtt-qos1-main-5-38,success,62.594,409,221864,209036,110580,-43,1.0,,MQTT_QOS1,mqtt_qos1_main_1000_nosleep_20260904_102455.csv,0.409,62.185
2026-09-04T10:35:38.224705,MQTT_QOS1,5,5,1,39,mqtt-qos1-main-5-39,success,57.18,411,221864,209036,110580,-43,1.0,,MQTT_QOS1,mqtt_qos1_main_1000_nosleep_20260904_102455.csv,0.411,56.769
2026-09-04T10:35:38.482037,MQTT_QOS1,5,5,1,40,mqtt-qos1-main-5-40,success,55.334,426,221572,209036,110580,-43,1.0,,MQTT_QOS1,mqtt_qos1_main_1000_nosleep_20260904_102455.csv,0.426,54.908
2026-09-04T10:35:38.737557,MQTT_QOS1,5,5,1,41,mqtt-qos1-main-5-41,success,59.029,409,221864,209036,110580,-43,1.0,,MQTT_QOS1,mqtt_qos1_main_1000_nosleep_20260904_102455.csv,0.409,58.620000000000005
2026-09-04T10:35:38.996754,MQTT_QOS1,5,5,1,42,mqtt-qos1-main-5-42,success,60.373,411,221864,209036,110580,-41,1.0,,MQTT_QOS1,mqtt_qos1_main_1000_nosleep_20260904_102455.csv,0.411,59.961999999999996
2026-09-04T10:35:39.257283,MQTT_QOS1,5,5,1,43,mqtt-qos1-main-5-43,success,62.062,408,221864,209036,110580,-43,1.0,,MQTT_QOS1,mqtt_qos1_main_1000_nosleep_20260904_102455.csv,0.408,61.653999999999996
2026-09-04T10:35:39.519499,MQTT_QOS1,5,5,1,44,mqtt-qos1-main-5-44,success,89.694,420,221660,209036,110580,-42,1.0,,MQTT_QOS1,mqtt_qos1_main_1000_nosleep_20260904_102455.csv,0.42,89.274
2026-09-04T10:35:39.809334,MQTT_QOS1,5,5,1,45,mqtt-qos1-main-5-45,success,65.735,408,221864,209036,110580,-41,1.0,,MQTT_QOS1,mqtt_qos1_main_1000_nosleep_20260904_102455.csv,0.408,65.327
2026-09-04T10:35:40.075245,MQTT_QOS1,5,5,1,46,mqtt-qos1-main-5-46,success,55.122,411,221864,209036,110580,-40,1.0,,MQTT_QOS1,mqtt_qos1_main_1000_nosleep_20260904_102455.csv,0.411,54.711
2026-09-04T10:35:40.330525,MQTT_QOS1,5,5,1,47,mqtt-qos1-main-5-47,success,59.094,420,221864,209036,110580,-41,1.0,,MQTT_QOS1,mqtt_qos1_main_1000_nosleep_20260904_102455.csv,0.42,58.674
2026-09-04T10:35:40.589766,MQTT_QOS1,5,5,1,48,mqtt-qos1-main-5-48,success,61.069,411,221864,209036,110580,-40,1.0,,MQTT_QOS1,mqtt_qos1_main_1000_nosleep_20260904_102455.csv,0.411,60.658
2026-09-04T10:35:40.850981,MQTT_QOS1,5,5,1,49,mqtt-qos1-main-5-49,success,53.664,420,219688,209036,110580,-41,1.0,,MQTT_QOS1,mqtt_qos1_main_1000_nosleep_20260904_102455.csv,0.42,53.244
2026-09-04T10:35:41.104799,MQTT_QOS1,5,5,1,50,mqtt-qos1-main-5-50,success,62.685,420,222124,209036,110580,-42,1.0,,MQTT_QOS1,mqtt_qos1_main_1000_nosleep_20260904_102455.csv,0.42,62.265
2026-09-04T10:35:41.367637,MQTT_QOS1,5,5,1,51,mqtt-qos1-main-5-51,success,58.182,417,222904,209036,110580,-42,1.0,,MQTT_QOS1,mqtt_qos1_main_1000_nosleep_20260904_102455.csv,0.417,57.765
2026-09-04T10:35:41.625968,MQTT_QOS1,5,5,1,52,mqtt-qos1-main-5-52,success,60.479,410,222904,209036,110580,-43,1.0,,MQTT_QOS1,mqtt_qos1_main_1000_nosleep_20260904_102455.csv,0.41,60.069
2026-09-04T10:35:41.886596,MQTT_QOS1,5,5,1,53,mqtt-qos1-main-5-53,success,58.554,404,223424,209036,110580,-41,1.0,,MQTT_QOS1,mqtt_qos1_main_1000_nosleep_20260904_102455.csv,0.404,58.15
2026-09-04T10:35:42.145309,MQTT_QOS1,5,5,1,54,mqtt-qos1-main-5-54,success,62.992,421,223424,209036,110580,-42,1.0,,MQTT_QOS1,mqtt_qos1_main_1000_nosleep_20260904_102455.csv,0.421,62.571
2026-09-04T10:35:42.408452,MQTT_QOS1,5,5,1,55,mqtt-qos1-main-5-55,success,60.995,418,223944,209036,110580,-41,1.0,,MQTT_QOS1,mqtt_qos1_main_1000_nosleep_20260904_102455.csv,0.418,60.577
2026-09-04T10:35:42.669596,MQTT_QOS1,5,5,1,56,mqtt-qos1-main-5-56,success,68.647,429,223652,209036,110580,-38,1.0,,MQTT_QOS1,mqtt_qos1_main_1000_nosleep_20260904_102455.csv,0.429,68.218
2026-09-04T10:35:42.938390,MQTT_QOS1,5,5,1,57,mqtt-qos1-main-5-57,success,70.383,403,224464,209036,110580,-37,1.0,,MQTT_QOS1,mqtt_qos1_main_1000_nosleep_20260904_102455.csv,0.403,69.97999999999999
2026-09-04T10:35:43.208928,MQTT_QOS1,5,5,1,58,mqtt-qos1-main-5-58,success,59.559,408,224464,209036,110580,-39,1.0,,MQTT_QOS1,mqtt_qos1_main_1000_nosleep_20260904_102455.csv,0.408,59.150999999999996
2026-09-04T10:35:43.468628,MQTT_QOS1,5,5,1,59,mqtt-qos1-main-5-59,success,57.085,402,225244,209036,110580,-41,1.0,,MQTT_QOS1,mqtt_qos1_main_1000_nosleep_20260904_102455.csv,0.402,56.683
2026-09-04T10:35:43.725852,MQTT_QOS1,5,5,1,60,mqtt-qos1-main-5-60,success,59.55,412,225244,209036,110580,-38,1.0,,MQTT_QOS1,mqtt_qos1_main_1000_nosleep_20260904_102455.csv,0.412,59.138
2026-09-04T10:35:43.985583,MQTT_QOS1,5,5,1,61,mqtt-qos1-main-5-61,success,61.025,407,225764,209036,110580,-40,1.0,,MQTT_QOS1,mqtt_qos1_main_1000_nosleep_20260904_102455.csv,0.407,60.618
2026-09-04T10:35:44.246766,MQTT_QOS1,5,5,1,62,mqtt-qos1-main-5-62,success,65.524,404,225764,209036,110580,-40,1.0,,MQTT_QOS1,mqtt_qos1_main_1000_nosleep_20260904_102455.csv,0.404,65.12
2026-09-04T10:35:44.512438,MQTT_QOS1,5,5,1,63,mqtt-qos1-main-5-63,success,56.682,402,225764,209036,110580,-38,1.0,,MQTT_QOS1,mqtt_qos1_main_1000_nosleep_20260904_102455.csv,0.402,56.28
2026-09-04T10:35:44.769264,MQTT_QOS1,5,5,1,64,mqtt-qos1-main-5-64,success,92.132,407,225764,209036,110580,-39,1.0,,MQTT_QOS1,mqtt_qos1_main_1000_nosleep_20260904_102455.csv,0.407,91.72500000000001
2026-09-04T10:35:45.061563,MQTT_QOS1,5,5,1,65,mqtt-qos1-main-5-65,success,71.299,405,225764,209036,110580,-42,1.0,,MQTT_QOS1,mqtt_qos1_main_1000_nosleep_20260904_102455.csv,0.405,70.894
2026-09-04T10:35:45.333017,MQTT_QOS1,5,5,1,66,mqtt-qos1-main-5-66,success,56.141,408,225764,209036,110580,-39,1.0,,MQTT_QOS1,mqtt_qos1_main_1000_nosleep_20260904_102455.csv,0.408,55.733
2026-09-04T10:35:45.589305,MQTT_QOS1,5,5,1,67,mqtt-qos1-main-5-67,success,57.262,405,225764,209036,110580,-41,1.0,,MQTT_QOS1,mqtt_qos1_main_1000_nosleep_20260904_102455.csv,0.405,56.857
2026-09-04T10:35:45.846714,MQTT_QOS1,5,5,1,68,mqtt-qos1-main-5-68,success,56.2,440,225764,209036,110580,-40,1.0,,MQTT_QOS1,mqtt_qos1_main_1000_nosleep_20260904_102455.csv,0.44,55.760000000000005
2026-09-04T10:35:46.103077,MQTT_QOS1,5,5,1,69,mqtt-qos1-main-5-69,success,59.271,403,225764,209036,110580,-39,1.0,,MQTT_QOS1,mqtt_qos1_main_1000_nosleep_20260904_102455.csv,0.403,58.868
2026-09-04T10:35:46.362500,MQTT_QOS1,5,5,1,70,mqtt-qos1-main-5-70,success,60.027,408,225764,209036,110580,-39,1.0,,MQTT_QOS1,mqtt_qos1_main_1000_nosleep_20260904_102455.csv,0.408,59.619
2026-09-04T10:35:46.622676,MQTT_QOS1,5,5,1,71,mqtt-qos1-main-5-71,success,58.359,478,225268,209036,110580,-37,1.0,,MQTT_QOS1,mqtt_qos1_main_1000_nosleep_20260904_102455.csv,0.478,57.881
2026-09-04T10:35:46.881187,MQTT_QOS1,5,5,1,72,mqtt-qos1-main-5-72,success,64.885,411,225764,209036,110580,-41,1.0,,MQTT_QOS1,mqtt_qos1_main_1000_nosleep_20260904_102455.csv,0.411,64.474
2026-09-04T10:35:47.146227,MQTT_QOS1,5,5,1,73,mqtt-qos1-main-5-73,success,60.264,407,225764,209036,110580,-41,1.0,,MQTT_QOS1,mqtt_qos1_main_1000_nosleep_20260904_102455.csv,0.407,59.857000000000006
2026-09-04T10:35:47.406645,MQTT_QOS1,5,5,1,74,mqtt-qos1-main-5-74,success,60.383,401,225764,209036,110580,-38,1.0,,MQTT_QOS1,mqtt_qos1_main_1000_nosleep_20260904_102455.csv,0.401,59.982
2026-09-04T10:35:47.667187,MQTT_QOS1,5,5,1,75,mqtt-qos1-main-5-75,success,60.672,406,225764,209036,110580,-39,1.0,,MQTT_QOS1,mqtt_qos1_main_1000_nosleep_20260904_102455.csv,0.406,60.266
2026-09-04T10:35:47.928016,MQTT_QOS1,5,5,1,76,mqtt-qos1-main-5-76,success,57.869,399,225764,209036,110580,-40,1.0,,MQTT_QOS1,mqtt_qos1_main_1000_nosleep_20260904_102455.csv,0.399,57.47
2026-09-04T10:35:48.186050,MQTT_QOS1,5,5,1,77,mqtt-qos1-main-5-77,success,54.954,413,225764,209036,110580,-39,1.0,,MQTT_QOS1,mqtt_qos1_main_1000_nosleep_20260904_102455.csv,0.413,54.541000000000004
2026-09-04T10:35:48.441155,MQTT_QOS1,5,5,1,78,mqtt-qos1-main-5-78,success,59.52,409,225764,209036,110580,-40,1.0,,MQTT_QOS1,mqtt_qos1_main_1000_nosleep_20260904_102455.csv,0.409,59.111000000000004
2026-09-04T10:35:48.700833,MQTT_QOS1,5,5,1,79,mqtt-qos1-main-5-79,success,63.164,407,225764,209036,110580,-39,1.0,,MQTT_QOS1,mqtt_qos1_main_1000_nosleep_20260904_102455.csv,0.407,62.757000000000005
2026-09-04T10:35:48.964151,MQTT_QOS1,5,5,1,80,mqtt-qos1-main-5-80,success,56.628,412,225764,209036,110580,-40,1.0,,MQTT_QOS1,mqtt_qos1_main_1000_nosleep_20260904_102455.csv,0.412,56.216
2026-09-04T10:35:49.220975,MQTT_QOS1,5,5,1,81,mqtt-qos1-main-5-81,success,55.655,406,225764,209036,110580,-39,1.0,,MQTT_QOS1,mqtt_qos1_main_1000_nosleep_20260904_102455.csv,0.406,55.249
2026-09-04T10:35:49.476785,MQTT_QOS1,5,5,1,82,mqtt-qos1-main-5-82,success,59.0,400,225764,209036,110580,-40,1.0,,MQTT_QOS1,mqtt_qos1_main_1000_nosleep_20260904_102455.csv,0.4,58.6
2026-09-04T10:35:49.735938,MQTT_QOS1,5,5,1,83,mqtt-qos1-main-5-83,success,63.381,422,225764,209036,110580,-40,1.0,,MQTT_QOS1,mqtt_qos1_main_1000_nosleep_20260904_102455.csv,0.422,62.959
2026-09-04T10:35:49.999476,MQTT_QOS1,5,5,1,84,mqtt-qos1-main-5-84,success,58.081,402,225764,209036,110580,-38,1.0,,MQTT_QOS1,mqtt_qos1_main_1000_nosleep_20260904_102455.csv,0.402,57.679
2026-09-04T10:35:50.257714,MQTT_QOS1,5,5,1,85,mqtt-qos1-main-5-85,success,55.679,418,225764,209036,110580,-40,1.0,,MQTT_QOS1,mqtt_qos1_main_1000_nosleep_20260904_102455.csv,0.418,55.261
2026-09-04T10:35:50.513540,MQTT_QOS1,5,5,1,86,mqtt-qos1-main-5-86,success,55.776,405,225764,209036,110580,-41,1.0,,MQTT_QOS1,mqtt_qos1_main_1000_nosleep_20260904_102455.csv,0.405,55.371
2026-09-04T10:35:50.769465,MQTT_QOS1,5,5,1,87,mqtt-qos1-main-5-87,success,81.657,410,225764,209036,110580,-41,1.0,,MQTT_QOS1,mqtt_qos1_main_1000_nosleep_20260904_102455.csv,0.41,81.247
2026-09-04T10:35:51.051285,MQTT_QOS1,5,5,1,88,mqtt-qos1-main-5-88,success,79.919,473,225764,209036,110580,-38,1.0,,MQTT_QOS1,mqtt_qos1_main_1000_nosleep_20260904_102455.csv,0.473,79.446
2026-09-04T10:35:51.331357,MQTT_QOS1,5,5,1,89,mqtt-qos1-main-5-89,success,54.44,409,225764,209036,110580,-39,1.0,,MQTT_QOS1,mqtt_qos1_main_1000_nosleep_20260904_102455.csv,0.409,54.031
2026-09-04T10:35:51.585941,MQTT_QOS1,5,5,1,90,mqtt-qos1-main-5-90,success,55.159,438,225764,209036,110580,-40,1.0,,MQTT_QOS1,mqtt_qos1_main_1000_nosleep_20260904_102455.csv,0.438,54.721
2026-09-04T10:35:51.841246,MQTT_QOS1,5,5,1,91,mqtt-qos1-main-5-91,success,72.775,408,225764,209036,110580,-40,1.0,,MQTT_QOS1,mqtt_qos1_main_1000_nosleep_20260904_102455.csv,0.408,72.367
2026-09-04T10:35:52.114174,MQTT_QOS1,5,5,1,92,mqtt-qos1-main-5-92,success,59.786,418,225764,209036,110580,-40,1.0,,MQTT_QOS1,mqtt_qos1_main_1000_nosleep_20260904_102455.csv,0.418,59.368
2026-09-04T10:35:52.374122,MQTT_QOS1,5,5,1,93,mqtt-qos1-main-5-93,success,59.203,413,225764,209036,110580,-38,1.0,,MQTT_QOS1,mqtt_qos1_main_1000_nosleep_20260904_102455.csv,0.413,58.790000000000006
2026-09-04T10:35:52.633478,MQTT_QOS1,5,5,1,94,mqtt-qos1-main-5-94,success,56.009,399,225764,209036,110580,-39,1.0,,MQTT_QOS1,mqtt_qos1_main_1000_nosleep_20260904_102455.csv,0.399,55.61
2026-09-04T10:35:52.889647,MQTT_QOS1,5,5,1,95,mqtt-qos1-main-5-95,success,58.853,419,225764,209036,110580,-37,1.0,,MQTT_QOS1,mqtt_qos1_main_1000_nosleep_20260904_102455.csv,0.419,58.434000000000005
2026-09-04T10:35:53.148654,MQTT_QOS1,5,5,1,96,mqtt-qos1-main-5-96,success,56.587,408,225764,209036,110580,-39,1.0,,MQTT_QOS1,mqtt_qos1_main_1000_nosleep_20260904_102455.csv,0.408,56.179
2026-09-04T10:35:53.405390,MQTT_QOS1,5,5,1,97,mqtt-qos1-main-5-97,success,55.821,419,225472,209036,110580,-39,1.0,,MQTT_QOS1,mqtt_qos1_main_1000_nosleep_20260904_102455.csv,0.419,55.402
2026-09-04T10:35:53.661357,MQTT_QOS1,5,5,1,98,mqtt-qos1-main-5-98,success,62.348,457,225560,209036,110580,-39,1.0,,MQTT_QOS1,mqtt_qos1_main_1000_nosleep_20260904_102455.csv,0.457,61.891
2026-09-04T10:35:53.923854,MQTT_QOS1,5,5,1,99,mqtt-qos1-main-5-99,success,58.785,401,225764,209036,110580,-39,1.0,,MQTT_QOS1,mqtt_qos1_main_1000_nosleep_20260904_102455.csv,0.401,58.38399999999999
2026-09-04T10:35:54.182797,MQTT_QOS1,5,5,1,100,mqtt-qos1-main-5-100,success,59.541,411,225764,209036,110580,-40,1.0,,MQTT_QOS1,mqtt_qos1_main_1000_nosleep_20260904_102455.csv,0.411,59.129999999999995
2026-09-04T10:35:54.442524,MQTT_QOS1,5,5,1,101,mqtt-qos1-main-5-101,success,59.006,407,225764,209036,110580,-40,1.0,,MQTT_QOS1,mqtt_qos1_main_1000_nosleep_20260904_102455.csv,0.407,58.599000000000004
2026-09-04T10:35:54.701677,MQTT_QOS1,5,5,1,102,mqtt-qos1-main-5-102,success,55.59,415,225764,209036,110580,-40,1.0,,MQTT_QOS1,mqtt_qos1_main_1000_nosleep_20260904_102455.csv,0.415,55.175000000000004
2026-09-04T10:35:54.957411,MQTT_QOS1,5,5,1,103,mqtt-qos1-main-5-103,success,59.384,403,225764,209036,110580,-41,1.0,,MQTT_QOS1,mqtt_qos1_main_1000_nosleep_20260904_102455.csv,0.403,58.981
2026-09-04T10:35:55.216947,MQTT_QOS1,5,5,1,104,mqtt-qos1-main-5-104,success,59.639,411,225764,209036,110580,-41,1.0,,MQTT_QOS1,mqtt_qos1_main_1000_nosleep_20260904_102455.csv,0.411,59.228
2026-09-04T10:35:55.476734,MQTT_QOS1,5,5,1,105,mqtt-qos1-main-5-105,success,57.38,402,225764,209036,110580,-39,1.0,,MQTT_QOS1,mqtt_qos1_main_1000_nosleep_20260904_102455.csv,0.402,56.978
2026-09-04T10:35:55.734258,MQTT_QOS1,5,5,1,106,mqtt-qos1-main-5-106,success,55.192,412,225764,209036,110580,-42,1.0,,MQTT_QOS1,mqtt_qos1_main_1000_nosleep_20260904_102455.csv,0.412,54.78
2026-09-04T10:35:55.989609,MQTT_QOS1,5,5,1,107,mqtt-qos1-main-5-107,success,59.712,402,225764,209036,110580,-43,1.0,,MQTT_QOS1,mqtt_qos1_main_1000_nosleep_20260904_102455.csv,0.402,59.31
2026-09-04T10:35:56.249476,MQTT_QOS1,5,5,1,108,mqtt-qos1-main-5-108,success,58.854,404,225764,209036,110580,-38,1.0,,MQTT_QOS1,mqtt_qos1_main_1000_nosleep_20260904_102455.csv,0.404,58.449999999999996
2026-09-04T10:35:56.508481,MQTT_QOS1,5,5,1,109,mqtt-qos1-main-5-109,success,52.485,417,223328,209036,110580,-40,1.0,,MQTT_QOS1,mqtt_qos1_main_1000_nosleep_20260904_102455.csv,0.417,52.068
2026-09-04T10:35:56.761116,MQTT_QOS1,5,5,1,110,mqtt-qos1-main-5-110,success,57.509,415,225764,209036,110580,-41,1.0,,MQTT_QOS1,mqtt_qos1_main_1000_nosleep_20260904_102455.csv,0.415,57.094
2026-09-04T10:35:57.018793,MQTT_QOS1,5,5,1,111,mqtt-qos1-main-5-111,success,80.534,420,225268,209036,110580,-41,1.0,,MQTT_QOS1,mqtt_qos1_main_1000_nosleep_20260904_102455.csv,0.42,80.114
2026-09-04T10:35:57.299478,MQTT_QOS1,5,5,1,112,mqtt-qos1-main-5-112,success,82.365,408,225764,209036,110580,-42,1.0,,MQTT_QOS1,mqtt_qos1_main_1000_nosleep_20260904_102455.csv,0.408,81.957
2026-09-04T10:35:57.581993,MQTT_QOS1,5,5,1,113,mqtt-qos1-main-5-113,success,59.138,405,225764,209036,110580,-44,1.0,,MQTT_QOS1,mqtt_qos1_main_1000_nosleep_20260904_102455.csv,0.405,58.733
2026-09-04T10:35:57.841275,MQTT_QOS1,5,5,1,114,mqtt-qos1-main-5-114,success,61.336,438,225736,209036,110580,-42,1.0,,MQTT_QOS1,mqtt_qos1_main_1000_nosleep_20260904_102455.csv,0.438,60.897999999999996
2026-09-04T10:35:58.102771,MQTT_QOS1,5,5,1,115,mqtt-qos1-main-5-115,success,59.341,414,225764,209036,110580,-41,1.0,,MQTT_QOS1,mqtt_qos1_main_1000_nosleep_20260904_102455.csv,0.414,58.927
2026-09-04T10:35:58.362264,MQTT_QOS1,5,5,1,116,mqtt-qos1-main-5-116,success,60.008,418,225764,209036,110580,-43,1.0,,MQTT_QOS1,mqtt_qos1_main_1000_nosleep_20260904_102455.csv,0.418,59.59
2026-09-04T10:35:58.622417,MQTT_QOS1,5,5,1,117,mqtt-qos1-main-5-117,success,58.952,406,225764,209036,110580,-43,1.0,,MQTT_QOS1,mqtt_qos1_main_1000_nosleep_20260904_102455.csv,0.406,58.546
2026-09-04T10:35:58.881511,MQTT_QOS1,5,5,1,118,mqtt-qos1-main-5-118,success,59.566,417,225764,209036,110580,-42,1.0,,MQTT_QOS1,mqtt_qos1_main_1000_nosleep_20260904_102455.csv,0.417,59.149
2026-09-04T10:35:59.141230,MQTT_QOS1,5,5,1,119,mqtt-qos1-main-5-119,success,55.619,415,225472,209036,110580,-42,1.0,,MQTT_QOS1,mqtt_qos1_main_1000_nosleep_20260904_102455.csv,0.415,55.204
2026-09-04T10:35:59.396995,MQTT_QOS1,5,5,1,120,mqtt-qos1-main-5-120,success,70.601,417,225472,209036,110580,-43,1.0,,MQTT_QOS1,mqtt_qos1_main_1000_nosleep_20260904_102455.csv,0.417,70.184
2026-09-04T10:35:59.667773,MQTT_QOS1,5,5,1,121,mqtt-qos1-main-5-121,success,57.812,418,223328,209036,110580,-42,1.0,,MQTT_QOS1,mqtt_qos1_main_1000_nosleep_20260904_102455.csv,0.418,57.394
2026-09-04T10:35:59.925757,MQTT_QOS1,5,5,1,122,mqtt-qos1-main-5-122,success,57.579,408,225764,209036,110580,-42,1.0,,MQTT_QOS1,mqtt_qos1_main_1000_nosleep_20260904_102455.csv,0.408,57.171
2026-09-04T10:36:00.183513,MQTT_QOS1,5,5,1,123,mqtt-qos1-main-5-123,success,57.974,408,225764,209036,110580,-41,1.0,,MQTT_QOS1,mqtt_qos1_main_1000_nosleep_20260904_102455.csv,0.408,57.565999999999995
2026-09-04T10:36:00.441654,MQTT_QOS1,5,5,1,124,mqtt-qos1-main-5-124,success,55.07,460,225560,209036,110580,-41,1.0,,MQTT_QOS1,mqtt_qos1_main_1000_nosleep_20260904_102455.csv,0.46,54.61
2026-09-04T10:36:00.696893,MQTT_QOS1,5,5,1,125,mqtt-qos1-main-5-125,success,55.877,405,225764,209036,110580,-41,1.0,,MQTT_QOS1,mqtt_qos1_main_1000_nosleep_20260904_102455.csv,0.405,55.472
2026-09-04T10:36:00.952933,MQTT_QOS1,5,5,1,126,mqtt-qos1-main-5-126,success,55.501,455,225764,209036,110580,-42,1.0,,MQTT_QOS1,mqtt_qos1_main_1000_nosleep_20260904_102455.csv,0.455,55.046
2026-09-04T10:36:01.208609,MQTT_QOS1,5,5,1,127,mqtt-qos1-main-5-127,success,59.176,419,225764,209036,110580,-43,1.0,,MQTT_QOS1,mqtt_qos1_main_1000_nosleep_20260904_102455.csv,0.419,58.757000000000005
2026-09-04T10:36:01.467943,MQTT_QOS1,5,5,1,128,mqtt-qos1-main-5-128,success,58.107,404,225764,209036,110580,-42,1.0,,MQTT_QOS1,mqtt_qos1_main_1000_nosleep_20260904_102455.csv,0.404,57.702999999999996
2026-09-04T10:36:01.726213,MQTT_QOS1,5,5,1,129,mqtt-qos1-main-5-129,success,79.386,418,225764,209036,110580,-42,1.0,,MQTT_QOS1,mqtt_qos1_main_1000_nosleep_20260904_102455.csv,0.418,78.96799999999999
2026-09-04T10:36:02.005765,MQTT_QOS1,5,5,1,130,mqtt-qos1-main-5-130,success,59.323,403,225764,209036,110580,-43,1.0,,MQTT_QOS1,mqtt_qos1_main_1000_nosleep_20260904_102455.csv,0.403,58.92
2026-09-04T10:36:02.265249,MQTT_QOS1,5,5,1,131,mqtt-qos1-main-5-131,success,100.031,411,225764,209036,110580,-42,1.0,,MQTT_QOS1,mqtt_qos1_main_1000_nosleep_20260904_102455.csv,0.411,99.62
2026-09-04T10:36:02.565435,MQTT_QOS1,5,5,1,132,mqtt-qos1-main-5-132,success,63.205,407,225764,209036,110580,-43,1.0,,MQTT_QOS1,mqtt_qos1_main_1000_nosleep_20260904_102455.csv,0.407,62.798
2026-09-04T10:36:02.828799,MQTT_QOS1,5,5,1,133,mqtt-qos1-main-5-133,success,57.869,455,225764,209036,110580,-42,1.0,,MQTT_QOS1,mqtt_qos1_main_1000_nosleep_20260904_102455.csv,0.455,57.414
2026-09-04T10:36:03.086848,MQTT_QOS1,5,5,1,134,mqtt-qos1-main-5-134,success,57.265,420,225764,209036,110580,-42,1.0,,MQTT_QOS1,mqtt_qos1_main_1000_nosleep_20260904_102455.csv,0.42,56.845
2026-09-04T10:36:03.344271,MQTT_QOS1,5,5,1,135,mqtt-qos1-main-5-135,success,53.3,477,225764,209036,110580,-43,1.0,,MQTT_QOS1,mqtt_qos1_main_1000_nosleep_20260904_102455.csv,0.477,52.823
2026-09-04T10:36:03.597720,MQTT_QOS1,5,5,1,136,mqtt-qos1-main-5-136,success,55.037,402,225764,209036,110580,-43,1.0,,MQTT_QOS1,mqtt_qos1_main_1000_nosleep_20260904_102455.csv,0.402,54.635
2026-09-04T10:36:03.852918,MQTT_QOS1,5,5,1,137,mqtt-qos1-main-5-137,success,73.189,478,225764,209036,110580,-42,1.0,,MQTT_QOS1,mqtt_qos1_main_1000_nosleep_20260904_102455.csv,0.478,72.711
2026-09-04T10:36:04.126295,MQTT_QOS1,5,5,1,138,mqtt-qos1-main-5-138,success,62.163,404,225764,209036,110580,-40,1.0,,MQTT_QOS1,mqtt_qos1_main_1000_nosleep_20260904_102455.csv,0.404,61.75899999999999
2026-09-04T10:36:04.388616,MQTT_QOS1,5,5,1,139,mqtt-qos1-main-5-139,success,62.082,410,225764,209036,110580,-42,1.0,,MQTT_QOS1,mqtt_qos1_main_1000_nosleep_20260904_102455.csv,0.41,61.672000000000004
2026-09-04T10:36:04.650857,MQTT_QOS1,5,5,1,140,mqtt-qos1-main-5-140,success,61.617,417,225764,209036,110580,-41,1.0,,MQTT_QOS1,mqtt_qos1_main_1000_nosleep_20260904_102455.csv,0.417,61.199999999999996
2026-09-04T10:36:04.912661,MQTT_QOS1,5,5,1,141,mqtt-qos1-main-5-141,success,56.45,418,225764,209036,110580,-41,1.0,,MQTT_QOS1,mqtt_qos1_main_1000_nosleep_20260904_102455.csv,0.418,56.032000000000004
2026-09-04T10:36:05.169283,MQTT_QOS1,5,5,1,142,mqtt-qos1-main-5-142,success,60.288,422,225764,209036,110580,-42,1.0,,MQTT_QOS1,mqtt_qos1_main_1000_nosleep_20260904_102455.csv,0.422,59.866
2026-09-04T10:36:05.429720,MQTT_QOS1,5,5,1,143,mqtt-qos1-main-5-143,success,55.108,422,225764,209036,110580,-41,1.0,,MQTT_QOS1,mqtt_qos1_main_1000_nosleep_20260904_102455.csv,0.422,54.686
2026-09-04T10:36:05.684972,MQTT_QOS1,5,5,1,144,mqtt-qos1-main-5-144,success,56.55,417,225764,209036,110580,-42,1.0,,MQTT_QOS1,mqtt_qos1_main_1000_nosleep_20260904_102455.csv,0.417,56.132999999999996
2026-09-04T10:36:05.941662,MQTT_QOS1,5,5,1,145,mqtt-qos1-main-5-145,success,58.972,417,225764,209036,110580,-41,1.0,,MQTT_QOS1,mqtt_qos1_main_1000_nosleep_20260904_102455.csv,0.417,58.555
2026-09-04T10:36:06.200797,MQTT_QOS1,5,5,1,146,mqtt-qos1-main-5-146,success,57.075,411,225764,209036,110580,-42,1.0,,MQTT_QOS1,mqtt_qos1_main_1000_nosleep_20260904_102455.csv,0.411,56.664
2026-09-04T10:36:06.458016,MQTT_QOS1,5,5,1,147,mqtt-qos1-main-5-147,success,59.106,408,225764,209036,110580,-41,1.0,,MQTT_QOS1,mqtt_qos1_main_1000_nosleep_20260904_102455.csv,0.408,58.698
2026-09-04T10:36:06.717268,MQTT_QOS1,5,5,1,148,mqtt-qos1-main-5-148,success,60.111,410,225764,209036,110580,-42,1.0,,MQTT_QOS1,mqtt_qos1_main_1000_nosleep_20260904_102455.csv,0.41,59.701
2026-09-04T10:36:06.977522,MQTT_QOS1,5,5,1,149,mqtt-qos1-main-5-149,success,59.224,421,225764,209036,110580,-42,1.0,,MQTT_QOS1,mqtt_qos1_main_1000_nosleep_20260904_102455.csv,0.421,58.803
2026-09-04T10:36:07.236912,MQTT_QOS1,5,5,1,150,mqtt-qos1-main-5-150,success,61.699,466,225560,209036,110580,-40,1.0,,MQTT_QOS1,mqtt_qos1_main_1000_nosleep_20260904_102455.csv,0.466,61.233
2026-09-04T10:36:07.498759,MQTT_QOS1,5,5,1,151,mqtt-qos1-main-5-151,success,59.751,413,225764,209036,110580,-41,1.0,,MQTT_QOS1,mqtt_qos1_main_1000_nosleep_20260904_102455.csv,0.413,59.338
2026-09-04T10:36:07.758652,MQTT_QOS1,5,5,1,152,mqtt-qos1-main-5-152,success,58.331,419,225764,209036,110580,-41,1.0,,MQTT_QOS1,mqtt_qos1_main_1000_nosleep_20260904_102455.csv,0.419,57.912000000000006
2026-09-04T10:36:08.017140,MQTT_QOS1,5,5,1,153,mqtt-qos1-main-5-153,success,87.975,452,225764,209036,110580,-42,1.0,,MQTT_QOS1,mqtt_qos1_main_1000_nosleep_20260904_102455.csv,0.452,87.523
2026-09-04T10:36:08.305278,MQTT_QOS1,5,5,1,154,mqtt-qos1-main-5-154,success,75.438,421,223328,209036,110580,-41,1.0,,MQTT_QOS1,mqtt_qos1_main_1000_nosleep_20260904_102455.csv,0.421,75.017
2026-09-04T10:36:08.580869,MQTT_QOS1,5,5,1,155,mqtt-qos1-main-5-155,success,58.911,406,225764,209036,110580,-41,1.0,,MQTT_QOS1,mqtt_qos1_main_1000_nosleep_20260904_102455.csv,0.406,58.505
2026-09-04T10:36:08.839941,MQTT_QOS1,5,5,1,156,mqtt-qos1-main-5-156,success,52.981,421,225764,209036,110580,-43,1.0,,MQTT_QOS1,mqtt_qos1_main_1000_nosleep_20260904_102455.csv,0.421,52.56
2026-09-04T10:36:09.093090,MQTT_QOS1,5,5,1,157,mqtt-qos1-main-5-157,success,62.406,440,225764,209036,110580,-41,1.0,,MQTT_QOS1,mqtt_qos1_main_1000_nosleep_20260904_102455.csv,0.44,61.966
2026-09-04T10:36:09.355647,MQTT_QOS1,5,5,1,158,mqtt-qos1-main-5-158,success,69.772,407,225764,209036,110580,-42,1.0,,MQTT_QOS1,mqtt_qos1_main_1000_nosleep_20260904_102455.csv,0.407,69.36500000000001
2026-09-04T10:36:09.625566,MQTT_QOS1,5,5,1,159,mqtt-qos1-main-5-159,success,60.417,404,225764,209036,110580,-41,1.0,,MQTT_QOS1,mqtt_qos1_main_1000_nosleep_20260904_102455.csv,0.404,60.013
2026-09-04T10:36:09.886137,MQTT_QOS1,5,5,1,160,mqtt-qos1-main-5-160,success,59.008,404,225764,209036,110580,-42,1.0,,MQTT_QOS1,mqtt_qos1_main_1000_nosleep_20260904_102455.csv,0.404,58.604
2026-09-04T10:36:10.145344,MQTT_QOS1,5,5,1,161,mqtt-qos1-main-5-161,success,60.127,401,225764,209036,110580,-41,1.0,,MQTT_QOS1,mqtt_qos1_main_1000_nosleep_20260904_102455.csv,0.401,59.726
2026-09-04T10:36:10.405623,MQTT_QOS1,5,5,1,162,mqtt-qos1-main-5-162,success,55.199,404,225764,209036,110580,-42,1.0,,MQTT_QOS1,mqtt_qos1_main_1000_nosleep_20260904_102455.csv,0.404,54.794999999999995
2026-09-04T10:36:10.660968,MQTT_QOS1,5,5,1,163,mqtt-qos1-main-5-163,success,59.437,414,225764,209036,110580,-41,1.0,,MQTT_QOS1,mqtt_qos1_main_1000_nosleep_20260904_102455.csv,0.414,59.022999999999996
2026-09-04T10:36:10.920553,MQTT_QOS1,5,5,1,164,mqtt-qos1-main-5-164,success,59.069,406,225764,209036,110580,-41,1.0,,MQTT_QOS1,mqtt_qos1_main_1000_nosleep_20260904_102455.csv,0.406,58.663000000000004
2026-09-04T10:36:11.179787,MQTT_QOS1,5,5,1,165,mqtt-qos1-main-5-165,success,58.74,430,225764,209036,110580,-42,1.0,,MQTT_QOS1,mqtt_qos1_main_1000_nosleep_20260904_102455.csv,0.43,58.31
2026-09-04T10:36:11.438679,MQTT_QOS1,5,5,1,166,mqtt-qos1-main-5-166,success,59.22,411,225764,209036,110580,-43,1.0,,MQTT_QOS1,mqtt_qos1_main_1000_nosleep_20260904_102455.csv,0.411,58.809
2026-09-04T10:36:11.698046,MQTT_QOS1,5,5,1,167,mqtt-qos1-main-5-167,success,57.066,413,225764,209036,110580,-43,1.0,,MQTT_QOS1,mqtt_qos1_main_1000_nosleep_20260904_102455.csv,0.413,56.653000000000006
2026-09-04T10:36:11.955264,MQTT_QOS1,5,5,1,168,mqtt-qos1-main-5-168,success,58.392,418,225764,209036,110580,-43,1.0,,MQTT_QOS1,mqtt_qos1_main_1000_nosleep_20260904_102455.csv,0.418,57.974000000000004
2026-09-04T10:36:12.213821,MQTT_QOS1,5,5,1,169,mqtt-qos1-main-5-169,success,59.78,403,225764,209036,110580,-41,1.0,,MQTT_QOS1,mqtt_qos1_main_1000_nosleep_20260904_102455.csv,0.403,59.377
2026-09-04T10:36:12.473746,MQTT_QOS1,5,5,1,170,mqtt-qos1-main-5-170,success,63.001,412,225764,209036,110580,-42,1.0,,MQTT_QOS1,mqtt_qos1_main_1000_nosleep_20260904_102455.csv,0.412,62.589
2026-09-04T10:36:12.736891,MQTT_QOS1,5,5,1,171,mqtt-qos1-main-5-171,success,55.962,414,225764,209036,110580,-42,1.0,,MQTT_QOS1,mqtt_qos1_main_1000_nosleep_20260904_102455.csv,0.414,55.548
2026-09-04T10:36:12.993009,MQTT_QOS1,5,5,1,172,mqtt-qos1-main-5-172,success,62.503,433,225472,209036,110580,-43,1.0,,MQTT_QOS1,mqtt_qos1_main_1000_nosleep_20260904_102455.csv,0.433,62.07
2026-09-04T10:36:13.255673,MQTT_QOS1,5,5,1,173,mqtt-qos1-main-5-173,success,62.686,419,225764,209036,110580,-43,1.0,,MQTT_QOS1,mqtt_qos1_main_1000_nosleep_20260904_102455.csv,0.419,62.267
2026-09-04T10:36:13.518508,MQTT_QOS1,5,5,1,174,mqtt-qos1-main-5-174,success,59.613,407,225764,209036,110580,-41,1.0,,MQTT_QOS1,mqtt_qos1_main_1000_nosleep_20260904_102455.csv,0.407,59.206
2026-09-04T10:36:13.778269,MQTT_QOS1,5,5,1,175,mqtt-qos1-main-5-175,success,87.677,460,225560,209036,110580,-42,1.0,,MQTT_QOS1,mqtt_qos1_main_1000_nosleep_20260904_102455.csv,0.46,87.21700000000001
2026-09-04T10:36:14.066118,MQTT_QOS1,5,5,1,176,mqtt-qos1-main-5-176,success,70.752,440,225560,209036,110580,-41,1.0,,MQTT_QOS1,mqtt_qos1_main_1000_nosleep_20260904_102455.csv,0.44,70.312
2026-09-04T10:36:14.337032,MQTT_QOS1,5,5,1,177,mqtt-qos1-main-5-177,success,55.714,416,225764,209036,110580,-42,1.0,,MQTT_QOS1,mqtt_qos1_main_1000_nosleep_20260904_102455.csv,0.416,55.298
2026-09-04T10:36:14.592899,MQTT_QOS1,5,5,1,178,mqtt-qos1-main-5-178,success,58.595,430,225764,209036,110580,-43,1.0,,MQTT_QOS1,mqtt_qos1_main_1000_nosleep_20260904_102455.csv,0.43,58.165
2026-09-04T10:36:14.851651,MQTT_QOS1,5,5,1,179,mqtt-qos1-main-5-179,success,51.117,470,225764,209036,110580,-43,1.0,,MQTT_QOS1,mqtt_qos1_main_1000_nosleep_20260904_102455.csv,0.47,50.647
2026-09-04T10:36:15.102935,MQTT_QOS1,5,5,1,180,mqtt-qos1-main-5-180,success,60.281,411,225764,209036,110580,-42,1.0,,MQTT_QOS1,mqtt_qos1_main_1000_nosleep_20260904_102455.csv,0.411,59.87
2026-09-04T10:36:15.363400,MQTT_QOS1,5,5,1,181,mqtt-qos1-main-5-181,success,61.726,411,225764,209036,110580,-43,1.0,,MQTT_QOS1,mqtt_qos1_main_1000_nosleep_20260904_102455.csv,0.411,61.315
2026-09-04T10:36:15.625278,MQTT_QOS1,5,5,1,182,mqtt-qos1-main-5-182,success,56.372,413,225764,209036,110580,-43,1.0,,MQTT_QOS1,mqtt_qos1_main_1000_nosleep_20260904_102455.csv,0.413,55.959
2026-09-04T10:36:15.881804,MQTT_QOS1,5,5,1,183,mqtt-qos1-main-5-183,success,56.127,407,225764,209036,110580,-43,1.0,,MQTT_QOS1,mqtt_qos1_main_1000_nosleep_20260904_102455.csv,0.407,55.720000000000006
2026-09-04T10:36:16.138096,MQTT_QOS1,5,5,1,184,mqtt-qos1-main-5-184,success,66.56,413,225764,209036,110580,-42,1.0,,MQTT_QOS1,mqtt_qos1_main_1000_nosleep_20260904_102455.csv,0.413,66.147
2026-09-04T10:36:16.404807,MQTT_QOS1,5,5,1,185,mqtt-qos1-main-5-185,success,57.778,508,225764,209036,110580,-42,1.0,,MQTT_QOS1,mqtt_qos1_main_1000_nosleep_20260904_102455.csv,0.508,57.269999999999996
2026-09-04T10:36:16.662733,MQTT_QOS1,5,5,1,186,mqtt-qos1-main-5-186,success,62.398,430,225764,209036,110580,-42,1.0,,MQTT_QOS1,mqtt_qos1_main_1000_nosleep_20260904_102455.csv,0.43,61.968
2026-09-04T10:36:16.925279,MQTT_QOS1,5,5,1,187,mqtt-qos1-main-5-187,success,63.417,406,225764,209036,110580,-43,1.0,,MQTT_QOS1,mqtt_qos1_main_1000_nosleep_20260904_102455.csv,0.406,63.011
2026-09-04T10:36:17.188861,MQTT_QOS1,5,5,1,188,mqtt-qos1-main-5-188,success,56.613,405,225764,209036,110580,-42,1.0,,MQTT_QOS1,mqtt_qos1_main_1000_nosleep_20260904_102455.csv,0.405,56.208
2026-09-04T10:36:17.445625,MQTT_QOS1,5,5,1,189,mqtt-qos1-main-5-189,success,55.454,471,225764,209036,110580,-42,1.0,,MQTT_QOS1,mqtt_qos1_main_1000_nosleep_20260904_102455.csv,0.471,54.983000000000004
2026-09-04T10:36:17.701224,MQTT_QOS1,5,5,1,190,mqtt-qos1-main-5-190,success,56.749,404,225764,209036,110580,-42,1.0,,MQTT_QOS1,mqtt_qos1_main_1000_nosleep_20260904_102455.csv,0.404,56.345
2026-09-04T10:36:17.958121,MQTT_QOS1,5,5,1,191,mqtt-qos1-main-5-191,success,61.162,419,225764,209036,110580,-43,1.0,,MQTT_QOS1,mqtt_qos1_main_1000_nosleep_20260904_102455.csv,0.419,60.743
2026-09-04T10:36:18.219455,MQTT_QOS1,5,5,1,192,mqtt-qos1-main-5-192,success,53.952,406,225764,209036,110580,-42,1.0,,MQTT_QOS1,mqtt_qos1_main_1000_nosleep_20260904_102455.csv,0.406,53.546
2026-09-04T10:36:18.473567,MQTT_QOS1,5,5,1,193,mqtt-qos1-main-5-193,success,63.17,407,225764,209036,110580,-42,1.0,,MQTT_QOS1,mqtt_qos1_main_1000_nosleep_20260904_102455.csv,0.407,62.763000000000005
2026-09-04T10:36:18.736884,MQTT_QOS1,5,5,1,194,mqtt-qos1-main-5-194,success,59.744,404,225764,209036,110580,-42,1.0,,MQTT_QOS1,mqtt_qos1_main_1000_nosleep_20260904_102455.csv,0.404,59.339999999999996
2026-09-04T10:36:18.996789,MQTT_QOS1,5,5,1,195,mqtt-qos1-main-5-195,success,56.729,419,225764,209036,110580,-43,1.0,,MQTT_QOS1,mqtt_qos1_main_1000_nosleep_20260904_102455.csv,0.419,56.31
2026-09-04T10:36:19.253673,MQTT_QOS1,5,5,1,196,mqtt-qos1-main-5-196,success,55.264,416,225764,209036,110580,-42,1.0,,MQTT_QOS1,mqtt_qos1_main_1000_nosleep_20260904_102455.csv,0.416,54.848000000000006
2026-09-04T10:36:19.509082,MQTT_QOS1,5,5,1,197,mqtt-qos1-main-5-197,success,61.052,454,225764,209036,110580,-42,1.0,,MQTT_QOS1,mqtt_qos1_main_1000_nosleep_20260904_102455.csv,0.454,60.598
2026-09-04T10:36:19.770267,MQTT_QOS1,5,5,1,198,mqtt-qos1-main-5-198,success,86.945,458,225560,209036,110580,-42,1.0,,MQTT_QOS1,mqtt_qos1_main_1000_nosleep_20260904_102455.csv,0.458,86.487
2026-09-04T10:36:20.057377,MQTT_QOS1,5,5,1,199,mqtt-qos1-main-5-199,success,71.635,453,225764,209036,110580,-42,1.0,,MQTT_QOS1,mqtt_qos1_main_1000_nosleep_20260904_102455.csv,0.453,71.182
2026-09-04T10:36:20.329162,MQTT_QOS1,5,5,1,200,mqtt-qos1-main-5-200,success,56.019,407,225764,209036,110580,-43,1.0,,MQTT_QOS1,mqtt_qos1_main_1000_nosleep_20260904_102455.csv,0.407,55.612
