timestamp,protocol,run_id,round_id,position_in_round,seq,command_id,status,rtt_ms,esp_processing_us,esp_free_heap,esp_min_free_heap,esp_max_alloc_heap,rssi_dbm,qos,error
2026-09-04T10:27:07.557074,MQTT_QOS1,1,1,3,1,mqtt-qos1-main-1-1,success,15.499,409,221884,211356,110580,-38,1,
2026-09-04T10:27:07.772784,MQTT_QOS1,1,1,3,2,mqtt-qos1-main-1-2,success,61.111,405,221884,211356,110580,-42,1,
2026-09-04T10:27:08.034069,MQTT_QOS1,1,1,3,3,mqtt-qos1-main-1-3,success,59.757,430,221884,211356,110580,-39,1,
2026-09-04T10:27:08.293978,MQTT_QOS1,1,1,3,4,mqtt-qos1-main-1-4,success,58.792,454,221884,211356,110580,-40,1,
2026-09-04T10:27:08.552923,MQTT_QOS1,1,1,3,5,mqtt-qos1-main-1-5,success,60.809,407,221884,211356,110580,-40,1,
2026-09-04T10:27:08.813897,MQTT_QOS1,1,1,3,6,mqtt-qos1-main-1-6,success,59.693,460,221680,211356,110580,-42,1,
2026-09-04T10:27:09.073778,MQTT_QOS1,1,1,3,7,mqtt-qos1-main-1-7,success,59.315,415,221884,211356,110580,-42,1,
2026-09-04T10:27:09.333260,MQTT_QOS1,1,1,3,8,mqtt-qos1-main-1-8,success,60.442,406,221884,211356,110580,-42,1,
2026-09-04T10:27:09.593863,MQTT_QOS1,1,1,3,9,mqtt-qos1-main-1-9,success,56.132,412,221884,211356,110580,-39,1,
2026-09-04T10:27:09.850153,MQTT_QOS1,1,1,3,10,mqtt-qos1-main-1-10,success,58.839,408,221884,211356,110580,-41,1,
2026-09-04T10:27:10.109186,MQTT_QOS1,1,1,3,11,mqtt-qos1-main-1-11,success,59.765,405,221884,211356,110580,-41,1,
2026-09-04T10:27:10.369113,MQTT_QOS1,1,1,3,12,mqtt-qos1-main-1-12,success,70.691,415,221884,211356,110580,-42,1,
2026-09-04T10:27:10.639969,MQTT_QOS1,1,1,3,13,mqtt-qos1-main-1-13,success,57.118,405,221884,211356,110580,-41,1,
2026-09-04T10:27:10.897243,MQTT_QOS1,1,1,3,14,mqtt-qos1-main-1-14,success,58.280,408,221884,211356,110580,-40,1,
2026-09-04T10:27:11.155690,MQTT_QOS1,1,1,3,15,mqtt-qos1-main-1-15,success,57.137,417,221884,211356,110580,-40,1,
2026-09-04T10:27:11.412978,MQTT_QOS1,1,1,3,16,mqtt-qos1-main-1-16,success,84.768,435,221884,211356,110580,-42,1,
2026-09-04T10:27:11.697901,MQTT_QOS1,1,1,3,17,mqtt-qos1-main-1-17,success,75.218,421,221592,211356,110580,-41,1,
2026-09-04T10:27:11.973279,MQTT_QOS1,1,1,3,18,mqtt-qos1-main-1-18,success,58.654,416,221884,211356,110580,-42,1,
2026-09-04T10:27:12.232093,MQTT_QOS1,1,1,3,19,mqtt-qos1-main-1-19,success,56.586,413,221884,211356,110580,-40,1,
2026-09-04T10:27:12.488830,MQTT_QOS1,1,1,3,20,mqtt-qos1-main-1-20,success,56.378,442,221884,211356,110580,-40,1,
2026-09-04T10:27:12.745390,MQTT_QOS1,1,1,3,21,mqtt-qos1-main-1-21,success,60.602,406,221884,211356,110580,-40,1,
2026-09-04T10:27:13.006165,MQTT_QOS1,1,1,3,22,mqtt-qos1-main-1-22,success,60.155,411,221884,211356,110580,-42,1,
2026-09-04T10:27:13.266478,MQTT_QOS1,1,1,3,23,mqtt-qos1-main-1-23,success,59.190,417,221884,211356,110580,-42,1,
2026-09-04T10:27:13.525825,MQTT_QOS1,1,1,3,24,mqtt-qos1-main-1-24,success,60.144,420,221884,211356,110580,-43,1,
2026-09-04T10:27:13.786122,MQTT_QOS1,1,1,3,25,mqtt-qos1-main-1-25,success,63.212,408,221884,211356,110580,-42,1,
2026-09-04T10:27:14.049504,MQTT_QOS1,1,1,3,26,mqtt-qos1-main-1-26,success,55.190,408,221884,211356,110580,-41,1,
2026-09-04T10:27:14.304851,MQTT_QOS1,1,1,3,27,mqtt-qos1-main-1-27,success,55.820,405,221884,211356,110580,-42,1,
2026-09-04T10:27:14.560824,MQTT_QOS1,1,1,3,28,mqtt-qos1-main-1-28,success,60.419,406,221884,211356,110580,-42,1,
2026-09-04T10:27:14.821395,MQTT_QOS1,1,1,3,29,mqtt-qos1-main-1-29,success,59.867,404,221884,211356,110580,-41,1,
2026-09-04T10:27:15.081428,MQTT_QOS1,1,1,3,30,mqtt-qos1-main-1-30,success,63.294,410,221884,211356,110580,-40,1,
2026-09-04T10:27:15.344879,MQTT_QOS1,1,1,3,31,mqtt-qos1-main-1-31,success,61.736,409,221884,211356,110580,-41,1,
2026-09-04T10:27:15.606765,MQTT_QOS1,1,1,3,32,mqtt-qos1-main-1-32,success,64.698,417,221884,211356,110580,-41,1,
2026-09-04T10:27:15.871628,MQTT_QOS1,1,1,3,33,mqtt-qos1-main-1-33,success,53.723,468,221388,211356,110580,-42,1,
2026-09-04T10:27:16.125527,MQTT_QOS1,1,1,3,34,mqtt-qos1-main-1-34,success,58.457,410,221884,211356,110580,-39,1,
2026-09-04T10:27:16.384145,MQTT_QOS1,1,1,3,35,mqtt-qos1-main-1-35,success,57.033,408,221884,211356,110580,-42,1,
2026-09-04T10:27:16.641331,MQTT_QOS1,1,1,3,36,mqtt-qos1-main-1-36,success,51.943,410,221884,211356,110580,-41,1,
2026-09-04T10:27:16.893435,MQTT_QOS1,1,1,3,37,mqtt-qos1-main-1-37,success,55.387,406,221884,211356,110580,-42,1,
2026-09-04T10:27:17.148991,MQTT_QOS1,1,1,3,38,mqtt-qos1-main-1-38,success,59.421,411,221884,211356,110580,-41,1,
2026-09-04T10:27:17.408567,MQTT_QOS1,1,1,3,39,mqtt-qos1-main-1-39,success,57.125,411,221884,211356,110580,-41,1,
2026-09-04T10:27:17.665840,MQTT_QOS1,1,1,3,40,mqtt-qos1-main-1-40,success,79.126,406,221884,211356,110580,-41,1,
2026-09-04T10:27:17.945151,MQTT_QOS1,1,1,3,41,mqtt-qos1-main-1-41,success,75.461,411,221884,211356,110580,-41,1,
2026-09-04T10:27:18.220790,MQTT_QOS1,1,1,3,42,mqtt-qos1-main-1-42,success,56.422,436,221884,211356,110580,-41,1,
2026-09-04T10:27:18.477381,MQTT_QOS1,1,1,3,43,mqtt-qos1-main-1-43,success,55.535,424,221884,211356,110580,-42,1,
2026-09-04T10:27:18.733075,MQTT_QOS1,1,1,3,44,mqtt-qos1-main-1-44,success,73.721,474,221884,211356,110580,-41,1,
2026-09-04T10:27:19.006974,MQTT_QOS1,1,1,3,45,mqtt-qos1-main-1-45,success,57.914,408,221884,211356,110580,-40,1,
2026-09-04T10:27:19.265051,MQTT_QOS1,1,1,3,46,mqtt-qos1-main-1-46,success,60.173,407,221884,211356,110580,-39,1,
2026-09-04T10:27:19.525390,MQTT_QOS1,1,1,3,47,mqtt-qos1-main-1-47,success,55.664,409,221884,211356,110580,-43,1,
2026-09-04T10:27:19.781211,MQTT_QOS1,1,1,3,48,mqtt-qos1-main-1-48,success,60.423,407,221884,211356,110580,-40,1,
2026-09-04T10:27:20.041816,MQTT_QOS1,1,1,3,49,mqtt-qos1-main-1-49,success,59.566,409,221884,211356,110580,-41,1,
2026-09-04T10:27:20.301556,MQTT_QOS1,1,1,3,50,mqtt-qos1-main-1-50,success,59.443,421,221884,211356,110580,-42,1,
2026-09-04T10:27:20.561164,MQTT_QOS1,1,1,3,51,mqtt-qos1-main-1-51,success,55.599,418,221884,211356,110580,-40,1,
2026-09-04T10:27:20.816937,MQTT_QOS1,1,1,3,52,mqtt-qos1-main-1-52,success,63.869,405,221884,211356,110580,-41,1,
2026-09-04T10:27:21.080985,MQTT_QOS1,1,1,3,53,mqtt-qos1-main-1-53,success,59.967,415,221884,211356,110580,-41,1,
2026-09-04T10:27:21.341127,MQTT_QOS1,1,1,3,54,mqtt-qos1-main-1-54,success,55.872,418,221884,211356,110580,-42,1,
2026-09-04T10:27:21.597153,MQTT_QOS1,1,1,3,55,mqtt-qos1-main-1-55,success,59.533,421,221884,211356,110580,-40,1,
2026-09-04T10:27:21.856858,MQTT_QOS1,1,1,3,56,mqtt-qos1-main-1-56,success,62.349,415,221884,211356,110580,-41,1,
2026-09-04T10:27:22.119391,MQTT_QOS1,1,1,3,57,mqtt-qos1-main-1-57,success,58.662,410,221884,211356,110580,-41,1,
2026-09-04T10:27:22.378228,MQTT_QOS1,1,1,3,58,mqtt-qos1-main-1-58,success,60.270,438,221884,211356,110580,-42,1,
2026-09-04T10:27:22.638655,MQTT_QOS1,1,1,3,59,mqtt-qos1-main-1-59,success,58.227,404,221884,211356,110580,-41,1,
2026-09-04T10:27:22.897040,MQTT_QOS1,1,1,3,60,mqtt-qos1-main-1-60,success,66.836,464,221680,211356,110580,-43,1,
2026-09-04T10:27:23.164083,MQTT_QOS1,1,1,3,61,mqtt-qos1-main-1-61,success,96.706,546,221388,211356,110580,-40,1,
2026-09-04T10:27:23.460944,MQTT_QOS1,1,1,3,62,mqtt-qos1-main-1-62,success,60.023,420,221884,211356,110580,-42,1,
2026-09-04T10:27:23.721121,MQTT_QOS1,1,1,3,63,mqtt-qos1-main-1-63,success,55.468,429,221884,211356,110580,-40,1,
2026-09-04T10:27:23.976743,MQTT_QOS1,1,1,3,64,mqtt-qos1-main-1-64,success,56.978,415,221884,211356,110580,-39,1,
2026-09-04T10:27:24.233886,MQTT_QOS1,1,1,3,65,mqtt-qos1-main-1-65,success,56.862,407,221884,211356,110580,-40,1,
2026-09-04T10:27:24.490907,MQTT_QOS1,1,1,3,66,mqtt-qos1-main-1-66,success,56.571,409,221884,211356,110580,-41,1,
2026-09-04T10:27:24.747636,MQTT_QOS1,1,1,3,67,mqtt-qos1-main-1-67,success,60.254,407,221884,211356,110580,-42,1,
2026-09-04T10:27:25.008056,MQTT_QOS1,1,1,3,68,mqtt-qos1-main-1-68,success,56.497,417,221884,211356,110580,-41,1,
2026-09-04T10:27:25.264718,MQTT_QOS1,1,1,3,69,mqtt-qos1-main-1-69,success,59.754,412,221884,211356,110580,-41,1,
2026-09-04T10:27:25.524628,MQTT_QOS1,1,1,3,70,mqtt-qos1-main-1-70,success,56.198,448,221884,211356,110580,-40,1,
2026-09-04T10:27:25.780986,MQTT_QOS1,1,1,3,71,mqtt-qos1-main-1-71,success,56.173,410,221884,211356,110580,-42,1,
2026-09-04T10:27:26.037329,MQTT_QOS1,1,1,3,72,mqtt-qos1-main-1-72,success,56.509,428,221884,211356,110580,-41,1,
2026-09-04T10:27:26.294000,MQTT_QOS1,1,1,3,73,mqtt-qos1-main-1-73,success,66.533,405,221884,211356,110580,-41,1,
2026-09-04T10:27:26.560687,MQTT_QOS1,1,1,3,74,mqtt-qos1-main-1-74,success,60.706,415,221884,211356,110580,-40,1,
2026-09-04T10:27:26.821545,MQTT_QOS1,1,1,3,75,mqtt-qos1-main-1-75,success,59.684,427,221884,211356,110580,-41,1,
2026-09-04T10:27:27.081388,MQTT_QOS1,1,1,3,76,mqtt-qos1-main-1-76,success,72.175,420,221884,211356,110580,-41,1,
2026-09-04T10:27:27.353719,MQTT_QOS1,1,1,3,77,mqtt-qos1-main-1-77,success,59.800,406,221884,211356,110580,-41,1,
2026-09-04T10:27:27.613671,MQTT_QOS1,1,1,3,78,mqtt-qos1-main-1-78,success,59.024,407,221884,211356,110580,-41,1,
2026-09-04T10:27:27.872855,MQTT_QOS1,1,1,3,79,mqtt-qos1-main-1-79,success,55.884,416,221884,211356,110580,-41,1,
2026-09-04T10:27:28.128915,MQTT_QOS1,1,1,3,80,mqtt-qos1-main-1-80,success,60.195,408,221884,211356,110580,-41,1,
2026-09-04T10:27:28.389310,MQTT_QOS1,1,1,3,81,mqtt-qos1-main-1-81,success,55.606,409,221884,211356,110580,-42,1,
2026-09-04T10:27:28.645079,MQTT_QOS1,1,1,3,82,mqtt-qos1-main-1-82,success,62.084,406,221884,211356,110580,-39,1,
2026-09-04T10:27:28.907323,MQTT_QOS1,1,1,3,83,mqtt-qos1-main-1-83,success,94.436,409,221884,211356,110580,-41,1,
2026-09-04T10:27:29.201919,MQTT_QOS1,1,1,3,84,mqtt-qos1-main-1-84,success,79.904,410,221884,211356,110580,-42,1,
2026-09-04T10:27:29.481977,MQTT_QOS1,1,1,3,85,mqtt-qos1-main-1-85,success,55.768,408,221884,211356,110580,-42,1,
2026-09-04T10:27:29.737893,MQTT_QOS1,1,1,3,86,mqtt-qos1-main-1-86,success,57.714,407,221884,211356,110580,-41,1,
2026-09-04T10:27:29.995769,MQTT_QOS1,1,1,3,87,mqtt-qos1-main-1-87,success,53.851,455,221680,211356,110580,-41,1,
2026-09-04T10:27:30.249775,MQTT_QOS1,1,1,3,88,mqtt-qos1-main-1-88,success,64.184,413,221884,211356,110580,-40,1,
2026-09-04T10:27:30.514107,MQTT_QOS1,1,1,3,89,mqtt-qos1-main-1-89,success,58.809,419,221884,211356,110580,-39,1,
2026-09-04T10:27:30.773066,MQTT_QOS1,1,1,3,90,mqtt-qos1-main-1-90,success,55.908,416,221884,211356,110580,-40,1,
2026-09-04T10:27:31.029138,MQTT_QOS1,1,1,3,91,mqtt-qos1-main-1-91,success,62.351,423,221592,211356,110580,-42,1,
2026-09-04T10:27:31.291641,MQTT_QOS1,1,1,3,92,mqtt-qos1-main-1-92,success,60.013,404,221884,211356,110580,-41,1,
2026-09-04T10:27:31.551799,MQTT_QOS1,1,1,3,93,mqtt-qos1-main-1-93,success,57.972,414,221884,211356,110580,-42,1,
2026-09-04T10:27:31.809927,MQTT_QOS1,1,1,3,94,mqtt-qos1-main-1-94,success,58.682,425,221884,211356,110580,-40,1,
2026-09-04T10:27:32.068784,MQTT_QOS1,1,1,3,95,mqtt-qos1-main-1-95,success,58.398,418,221884,211356,110580,-42,1,
2026-09-04T10:27:32.327342,MQTT_QOS1,1,1,3,96,mqtt-qos1-main-1-96,success,58.317,446,221884,211356,110580,-41,1,
2026-09-04T10:27:32.585809,MQTT_QOS1,1,1,3,97,mqtt-qos1-main-1-97,success,59.979,412,221884,211356,110580,-41,1,
2026-09-04T10:27:32.845950,MQTT_QOS1,1,1,3,98,mqtt-qos1-main-1-98,success,58.337,404,221884,211356,110580,-41,1,
2026-09-04T10:27:33.104447,MQTT_QOS1,1,1,3,99,mqtt-qos1-main-1-99,success,63.414,423,221884,211356,110580,-41,1,
2026-09-04T10:27:33.368013,MQTT_QOS1,1,1,3,100,mqtt-qos1-main-1-100,success,60.605,414,221884,211356,110580,-42,1,
2026-09-04T10:27:33.628799,MQTT_QOS1,1,1,3,101,mqtt-qos1-main-1-101,success,55.644,410,221884,211356,110580,-41,1,
2026-09-04T10:27:33.884608,MQTT_QOS1,1,1,3,102,mqtt-qos1-main-1-102,success,59.776,418,221884,211356,110580,-41,1,
2026-09-04T10:27:34.144539,MQTT_QOS1,1,1,3,103,mqtt-qos1-main-1-103,success,56.316,409,221884,211356,110580,-41,1,
2026-09-04T10:27:34.400999,MQTT_QOS1,1,1,3,104,mqtt-qos1-main-1-104,success,59.619,404,221884,211356,110580,-44,1,
2026-09-04T10:27:34.660761,MQTT_QOS1,1,1,3,105,mqtt-qos1-main-1-105,success,61.975,409,221884,211356,110580,-41,1,
2026-09-04T10:27:34.922894,MQTT_QOS1,1,1,3,106,mqtt-qos1-main-1-106,success,86.125,408,221884,211356,110580,-39,1,
2026-09-04T10:27:35.209184,MQTT_QOS1,1,1,3,107,mqtt-qos1-main-1-107,success,68.783,411,221884,211356,110580,-42,1,
2026-09-04T10:27:35.478120,MQTT_QOS1,1,1,3,108,mqtt-qos1-main-1-108,success,54.543,412,221884,211356,110580,-41,1,
2026-09-04T10:27:35.732814,MQTT_QOS1,1,1,3,109,mqtt-qos1-main-1-109,success,57.525,427,221592,211356,110580,-41,1,
2026-09-04T10:27:35.990503,MQTT_QOS1,1,1,3,110,mqtt-qos1-main-1-110,success,55.807,404,221884,211356,110580,-41,1,
2026-09-04T10:27:36.246470,MQTT_QOS1,1,1,3,111,mqtt-qos1-main-1-111,success,62.315,411,221884,211356,110580,-40,1,
2026-09-04T10:27:36.508936,MQTT_QOS1,1,1,3,112,mqtt-qos1-main-1-112,success,52.562,416,221592,211356,110580,-41,1,
2026-09-04T10:27:36.761651,MQTT_QOS1,1,1,3,113,mqtt-qos1-main-1-113,success,59.513,589,221680,211356,110580,-42,1,
2026-09-04T10:27:37.021324,MQTT_QOS1,1,1,3,114,mqtt-qos1-main-1-114,success,56.411,423,221884,211356,110580,-41,1,
2026-09-04T10:27:37.277888,MQTT_QOS1,1,1,3,115,mqtt-qos1-main-1-115,success,61.300,435,221884,211356,110580,-41,1,
2026-09-04T10:27:37.539339,MQTT_QOS1,1,1,3,116,mqtt-qos1-main-1-116,success,61.681,408,221884,211356,110580,-42,1,
2026-09-04T10:27:37.801168,MQTT_QOS1,1,1,3,117,mqtt-qos1-main-1-117,success,55.390,434,221884,211356,110580,-42,1,
2026-09-04T10:27:38.056714,MQTT_QOS1,1,1,3,118,mqtt-qos1-main-1-118,success,61.134,407,221884,211356,110580,-41,1,
2026-09-04T10:27:38.318001,MQTT_QOS1,1,1,3,119,mqtt-qos1-main-1-119,success,59.577,421,221884,211356,110580,-40,1,
2026-09-04T10:27:38.577736,MQTT_QOS1,1,1,3,120,mqtt-qos1-main-1-120,success,62.181,408,221884,211356,110580,-41,1,
2026-09-04T10:27:38.840106,MQTT_QOS1,1,1,3,121,mqtt-qos1-main-1-121,success,67.109,638,221884,211356,110580,-41,1,
2026-09-04T10:27:39.107380,MQTT_QOS1,1,1,3,122,mqtt-qos1-main-1-122,success,62.869,413,221884,211356,110580,-39,1,
2026-09-04T10:27:39.370405,MQTT_QOS1,1,1,3,123,mqtt-qos1-main-1-123,success,65.916,408,221884,211356,110580,-41,1,
2026-09-04T10:27:39.636462,MQTT_QOS1,1,1,3,124,mqtt-qos1-main-1-124,success,61.292,409,221884,211356,110580,-41,1,
2026-09-04T10:27:39.897911,MQTT_QOS1,1,1,3,125,mqtt-qos1-main-1-125,success,62.706,410,221884,211356,110580,-40,1,
2026-09-04T10:27:40.160791,MQTT_QOS1,1,1,3,126,mqtt-qos1-main-1-126,success,56.695,407,221884,211356,110580,-41,1,
2026-09-04T10:27:40.417643,MQTT_QOS1,1,1,3,127,mqtt-qos1-main-1-127,success,91.088,460,221680,211356,110580,-41,1,
2026-09-04T10:27:40.708885,MQTT_QOS1,1,1,3,128,mqtt-qos1-main-1-128,success,70.004,411,221884,211356,110580,-42,1,
2026-09-04T10:27:40.979045,MQTT_QOS1,1,1,3,129,mqtt-qos1-main-1-129,success,69.981,413,221884,211356,110580,-40,1,
2026-09-04T10:27:41.249194,MQTT_QOS1,1,1,3,130,mqtt-qos1-main-1-130,success,62.809,411,221884,211356,110580,-41,1,
2026-09-04T10:27:41.512154,MQTT_QOS1,1,1,3,131,mqtt-qos1-main-1-131,success,56.468,409,221884,211356,110580,-41,1,
2026-09-04T10:27:41.768780,MQTT_QOS1,1,1,3,132,mqtt-qos1-main-1-132,success,57.954,422,221884,211356,110580,-41,1,
2026-09-04T10:27:42.026906,MQTT_QOS1,1,1,3,133,mqtt-qos1-main-1-133,success,57.650,411,221884,211356,110580,-40,1,
2026-09-04T10:27:42.284716,MQTT_QOS1,1,1,3,134,mqtt-qos1-main-1-134,success,57.382,434,221884,211356,110580,-40,1,
2026-09-04T10:27:42.542249,MQTT_QOS1,1,1,3,135,mqtt-qos1-main-1-135,success,63.031,428,221884,211356,110580,-40,1,
2026-09-04T10:27:42.805433,MQTT_QOS1,1,1,3,136,mqtt-qos1-main-1-136,success,59.412,425,221884,211356,110580,-42,1,
2026-09-04T10:27:43.065005,MQTT_QOS1,1,1,3,137,mqtt-qos1-main-1-137,success,56.186,421,221884,211356,110580,-43,1,
2026-09-04T10:27:43.321346,MQTT_QOS1,1,1,3,138,mqtt-qos1-main-1-138,success,59.518,408,221884,211356,110580,-41,1,
2026-09-04T10:27:43.581010,MQTT_QOS1,1,1,3,139,mqtt-qos1-main-1-139,success,61.580,465,221680,211356,110580,-42,1,
2026-09-04T10:27:43.842736,MQTT_QOS1,1,1,3,140,mqtt-qos1-main-1-140,success,62.307,405,221884,211356,110580,-41,1,
2026-09-04T10:27:44.105234,MQTT_QOS1,1,1,3,141,mqtt-qos1-main-1-141,success,59.322,410,221884,211356,110580,-41,1,
2026-09-04T10:27:44.364713,MQTT_QOS1,1,1,3,142,mqtt-qos1-main-1-142,success,56.892,403,221884,211356,110580,-42,1,
2026-09-04T10:27:44.621763,MQTT_QOS1,1,1,3,143,mqtt-qos1-main-1-143,success,70.576,409,221884,211356,110580,-40,1,
2026-09-04T10:27:44.892500,MQTT_QOS1,1,1,3,144,mqtt-qos1-main-1-144,success,56.312,416,221884,211356,110580,-40,1,
2026-09-04T10:27:45.148967,MQTT_QOS1,1,1,3,145,mqtt-qos1-main-1-145,success,63.000,412,221884,211356,110580,-41,1,
2026-09-04T10:27:45.412117,MQTT_QOS1,1,1,3,146,mqtt-qos1-main-1-146,success,63.555,413,221884,211356,110580,-43,1,
2026-09-04T10:27:45.675809,MQTT_QOS1,1,1,3,147,mqtt-qos1-main-1-147,success,94.212,448,221884,211356,110580,-42,1,
2026-09-04T10:27:45.970180,MQTT_QOS1,1,1,3,148,mqtt-qos1-main-1-148,success,64.483,412,221884,211356,110580,-40,1,
2026-09-04T10:27:46.234840,MQTT_QOS1,1,1,3,149,mqtt-qos1-main-1-149,success,54.077,430,221592,211356,110580,-40,1,
2026-09-04T10:27:46.489069,MQTT_QOS1,1,1,3,150,mqtt-qos1-main-1-150,success,57.584,461,221884,211356,110580,-40,1,
2026-09-04T10:27:46.746805,MQTT_QOS1,1,1,3,151,mqtt-qos1-main-1-151,success,59.192,410,221884,211356,110580,-41,1,
2026-09-04T10:27:47.006165,MQTT_QOS1,1,1,3,152,mqtt-qos1-main-1-152,success,55.070,409,221884,211356,110580,-41,1,
2026-09-04T10:27:47.261387,MQTT_QOS1,1,1,3,153,mqtt-qos1-main-1-153,success,54.997,429,221884,211356,110580,-41,1,
2026-09-04T10:27:47.516528,MQTT_QOS1,1,1,3,154,mqtt-qos1-main-1-154,success,56.522,411,221884,211356,110580,-40,1,
2026-09-04T10:27:47.773191,MQTT_QOS1,1,1,3,155,mqtt-qos1-main-1-155,success,63.014,409,221884,211356,110580,-40,1,
2026-09-04T10:27:48.036362,MQTT_QOS1,1,1,3,156,mqtt-qos1-main-1-156,success,56.858,411,221884,211356,110580,-42,1,
2026-09-04T10:27:48.293367,MQTT_QOS1,1,1,3,157,mqtt-qos1-main-1-157,success,60.701,409,221884,211356,110580,-41,1,
2026-09-04T10:27:48.554219,MQTT_QOS1,1,1,3,158,mqtt-qos1-main-1-158,success,56.173,410,221884,211356,110580,-41,1,
2026-09-04T10:27:48.810541,MQTT_QOS1,1,1,3,159,mqtt-qos1-main-1-159,success,59.135,409,221884,211356,110580,-41,1,
2026-09-04T10:27:49.069827,MQTT_QOS1,1,1,3,160,mqtt-qos1-main-1-160,success,60.460,418,221884,211356,110580,-40,1,
2026-09-04T10:27:49.330460,MQTT_QOS1,1,1,3,161,mqtt-qos1-main-1-161,success,57.337,410,221884,211356,110580,-42,1,
2026-09-04T10:27:49.587945,MQTT_QOS1,1,1,3,162,mqtt-qos1-main-1-162,success,56.909,405,221884,211356,110580,-42,1,
2026-09-04T10:27:49.845000,MQTT_QOS1,1,1,3,163,mqtt-qos1-main-1-163,success,55.840,421,221884,211356,110580,-41,1,
2026-09-04T10:27:50.100994,MQTT_QOS1,1,1,3,164,mqtt-qos1-main-1-164,success,56.810,415,221592,211356,110580,-41,1,
2026-09-04T10:27:50.357941,MQTT_QOS1,1,1,3,165,mqtt-qos1-main-1-165,success,59.273,457,221680,211356,110580,-42,1,
2026-09-04T10:27:50.617349,MQTT_QOS1,1,1,3,166,mqtt-qos1-main-1-166,success,59.881,409,221884,211356,110580,-41,1,
2026-09-04T10:27:50.877366,MQTT_QOS1,1,1,3,167,mqtt-qos1-main-1-167,success,64.686,408,221884,211356,110580,-43,1,
2026-09-04T10:27:51.142202,MQTT_QOS1,1,1,3,168,mqtt-qos1-main-1-168,success,60.933,408,221884,211356,110580,-41,1,
2026-09-04T10:27:51.403285,MQTT_QOS1,1,1,3,169,mqtt-qos1-main-1-169,success,65.350,409,221884,211356,110580,-41,1,
2026-09-04T10:27:51.668781,MQTT_QOS1,1,1,3,170,mqtt-qos1-main-1-170,success,96.840,411,221884,211356,110580,-41,1,
2026-09-04T10:27:51.965766,MQTT_QOS1,1,1,3,171,mqtt-qos1-main-1-171,success,68.709,413,221884,211356,110580,-41,1,
2026-09-04T10:27:52.234640,MQTT_QOS1,1,1,3,172,mqtt-qos1-main-1-172,success,60.242,417,221884,211356,110580,-41,1,
2026-09-04T10:27:52.495037,MQTT_QOS1,1,1,3,173,mqtt-qos1-main-1-173,success,54.135,412,221884,211356,110580,-42,1,
2026-09-04T10:27:52.749322,MQTT_QOS1,1,1,3,174,mqtt-qos1-main-1-174,success,57.354,447,221884,211356,110580,-43,1,
2026-09-04T10:27:53.006852,MQTT_QOS1,1,1,3,175,mqtt-qos1-main-1-175,success,60.949,408,221884,211356,110580,-41,1,
2026-09-04T10:27:53.267960,MQTT_QOS1,1,1,3,176,mqtt-qos1-main-1-176,success,63.869,411,221884,211356,110580,-40,1,
2026-09-04T10:27:53.531976,MQTT_QOS1,1,1,3,177,mqtt-qos1-main-1-177,success,57.658,416,221884,211356,110580,-42,1,
2026-09-04T10:27:53.789785,MQTT_QOS1,1,1,3,178,mqtt-qos1-main-1-178,success,63.283,462,221884,211356,110580,-41,1,
2026-09-04T10:27:54.053226,MQTT_QOS1,1,1,3,179,mqtt-qos1-main-1-179,success,64.086,410,221884,211356,110580,-41,1,
2026-09-04T10:27:54.317464,MQTT_QOS1,1,1,3,180,mqtt-qos1-main-1-180,success,61.501,408,221884,211356,110580,-39,1,
2026-09-04T10:27:54.579141,MQTT_QOS1,1,1,3,181,mqtt-qos1-main-1-181,success,58.077,440,221884,211356,110580,-40,1,
2026-09-04T10:27:54.837371,MQTT_QOS1,1,1,3,182,mqtt-qos1-main-1-182,success,59.259,408,221884,211356,110580,-42,1,
2026-09-04T10:27:55.096783,MQTT_QOS1,1,1,3,183,mqtt-qos1-main-1-183,success,56.420,418,221884,211356,110580,-40,1,
2026-09-04T10:27:55.353350,MQTT_QOS1,1,1,3,184,mqtt-qos1-main-1-184,success,58.537,462,221884,211356,110580,-40,1,
2026-09-04T10:27:55.612026,MQTT_QOS1,1,1,3,185,mqtt-qos1-main-1-185,success,69.903,409,221884,211356,110580,-40,1,
2026-09-04T10:27:55.882075,MQTT_QOS1,1,1,3,186,mqtt-qos1-main-1-186,success,60.502,436,221884,211356,110580,-42,1,
2026-09-04T10:27:56.142731,MQTT_QOS1,1,1,3,187,mqtt-qos1-main-1-187,success,58.426,469,221884,211356,110580,-41,1,
2026-09-04T10:27:56.401293,MQTT_QOS1,1,1,3,188,mqtt-qos1-main-1-188,success,58.159,420,221884,211356,110580,-41,1,
2026-09-04T10:27:56.659586,MQTT_QOS1,1,1,3,189,mqtt-qos1-main-1-189,success,62.533,409,221884,211356,110580,-40,1,
2026-09-04T10:27:56.922268,MQTT_QOS1,1,1,3,190,mqtt-qos1-main-1-190,success,93.165,518,221388,211356,110580,-40,1,
2026-09-04T10:27:57.215593,MQTT_QOS1,1,1,3,191,mqtt-qos1-main-1-191,success,70.651,457,221680,211356,110580,-41,1,
2026-09-04T10:27:57.486394,MQTT_QOS1,1,1,3,192,mqtt-qos1-main-1-192,success,59.069,471,221884,211356,110580,-40,1,
2026-09-04T10:27:57.745614,MQTT_QOS1,1,1,3,193,mqtt-qos1-main-1-193,success,55.473,413,221884,211356,110580,-39,1,
2026-09-04T10:27:58.001251,MQTT_QOS1,1,1,3,194,mqtt-qos1-main-1-194,success,60.664,404,221884,211356,110580,-42,1,
2026-09-04T10:27:58.262077,MQTT_QOS1,1,1,3,195,mqtt-qos1-main-1-195,success,59.671,412,221884,211356,110580,-41,1,
2026-09-04T10:27:58.521900,MQTT_QOS1,1,1,3,196,mqtt-qos1-main-1-196,success,58.893,420,221884,211356,110580,-41,1,
2026-09-04T10:27:58.780943,MQTT_QOS1,1,1,3,197,mqtt-qos1-main-1-197,success,55.804,473,221884,211356,110580,-42,1,
2026-09-04T10:27:59.036908,MQTT_QOS1,1,1,3,198,mqtt-qos1-main-1-198,success,55.988,403,221884,211356,110580,-40,1,
2026-09-04T10:27:59.293051,MQTT_QOS1,1,1,3,199,mqtt-qos1-main-1-199,success,55.552,416,221884,211356,110580,-42,1,
2026-09-04T10:27:59.548754,MQTT_QOS1,1,1,3,200,mqtt-qos1-main-1-200,success,61.615,404,221884,211356,110580,-39,1,
2026-09-04T10:28:48.823123,MQTT_QOS1,2,2,2,1,mqtt-qos1-main-2-1,success,12.913,405,225784,211356,110580,-33,1,
2026-09-04T10:28:49.036250,MQTT_QOS1,2,2,2,2,mqtt-qos1-main-2-2,success,56.434,409,225784,211356,110580,-32,1,
2026-09-04T10:28:49.292865,MQTT_QOS1,2,2,2,3,mqtt-qos1-main-2-3,success,59.947,407,225784,211356,110580,-33,1,
2026-09-04T10:28:49.552976,MQTT_QOS1,2,2,2,4,mqtt-qos1-main-2-4,success,63.108,410,225784,211356,110580,-34,1,
2026-09-04T10:28:49.816253,MQTT_QOS1,2,2,2,5,mqtt-qos1-main-2-5,success,57.118,412,225784,211356,110580,-34,1,
2026-09-04T10:28:50.073547,MQTT_QOS1,2,2,2,6,mqtt-qos1-main-2-6,success,60.084,401,225784,211356,110580,-34,1,
2026-09-04T10:28:50.333791,MQTT_QOS1,2,2,2,7,mqtt-qos1-main-2-7,success,71.480,437,225784,211356,110580,-34,1,
2026-09-04T10:28:50.605440,MQTT_QOS1,2,2,2,8,mqtt-qos1-main-2-8,success,59.514,401,225784,211356,110580,-33,1,
2026-09-04T10:28:50.865114,MQTT_QOS1,2,2,2,9,mqtt-qos1-main-2-9,success,57.171,433,225492,211356,110580,-33,1,
2026-09-04T10:28:51.122439,MQTT_QOS1,2,2,2,10,mqtt-qos1-main-2-10,success,58.693,411,225784,211356,110580,-33,1,
2026-09-04T10:28:51.381283,MQTT_QOS1,2,2,2,11,mqtt-qos1-main-2-11,success,55.283,427,225784,211356,110580,-35,1,
2026-09-04T10:28:51.636719,MQTT_QOS1,2,2,2,12,mqtt-qos1-main-2-12,success,58.185,414,225784,211356,110580,-32,1,
2026-09-04T10:28:51.895056,MQTT_QOS1,2,2,2,13,mqtt-qos1-main-2-13,success,57.508,405,225784,211356,110580,-34,1,
2026-09-04T10:28:52.152730,MQTT_QOS1,2,2,2,14,mqtt-qos1-main-2-14,success,61.166,410,225784,211356,110580,-33,1,
2026-09-04T10:28:52.414049,MQTT_QOS1,2,2,2,15,mqtt-qos1-main-2-15,success,65.869,407,225784,211356,110580,-32,1,
2026-09-04T10:28:52.680065,MQTT_QOS1,2,2,2,16,mqtt-qos1-main-2-16,success,90.585,404,225784,211356,110580,-34,1,
2026-09-04T10:28:52.970809,MQTT_QOS1,2,2,2,17,mqtt-qos1-main-2-17,success,72.117,406,225784,211356,110580,-34,1,
2026-09-04T10:28:53.243083,MQTT_QOS1,2,2,2,18,mqtt-qos1-main-2-18,success,59.328,417,225784,211356,110580,-35,1,
2026-09-04T10:28:53.502563,MQTT_QOS1,2,2,2,19,mqtt-qos1-main-2-19,success,54.304,412,225784,211356,110580,-33,1,
2026-09-04T10:28:53.757020,MQTT_QOS1,2,2,2,20,mqtt-qos1-main-2-20,success,59.673,404,225784,211356,110580,-34,1,
2026-09-04T10:28:54.016897,MQTT_QOS1,2,2,2,21,mqtt-qos1-main-2-21,success,57.355,409,225784,211356,110580,-35,1,
2026-09-04T10:28:54.274415,MQTT_QOS1,2,2,2,22,mqtt-qos1-main-2-22,success,67.866,413,225784,211356,110580,-34,1,
2026-09-04T10:28:54.542430,MQTT_QOS1,2,2,2,23,mqtt-qos1-main-2-23,success,58.686,406,225784,211356,110580,-36,1,
2026-09-04T10:28:54.801260,MQTT_QOS1,2,2,2,24,mqtt-qos1-main-2-24,success,56.952,490,225580,211356,110580,-36,1,
2026-09-04T10:28:55.058360,MQTT_QOS1,2,2,2,25,mqtt-qos1-main-2-25,success,65.562,403,225784,211356,110580,-37,1,
2026-09-04T10:28:55.324063,MQTT_QOS1,2,2,2,26,mqtt-qos1-main-2-26,success,57.745,405,225784,211356,110580,-36,1,
2026-09-04T10:28:55.581948,MQTT_QOS1,2,2,2,27,mqtt-qos1-main-2-27,success,58.721,456,225784,211356,110580,-35,1,
2026-09-04T10:28:55.840808,MQTT_QOS1,2,2,2,28,mqtt-qos1-main-2-28,success,60.508,405,225784,211356,110580,-33,1,
2026-09-04T10:28:56.101470,MQTT_QOS1,2,2,2,29,mqtt-qos1-main-2-29,success,55.106,402,225784,211356,110580,-36,1,
2026-09-04T10:28:56.356720,MQTT_QOS1,2,2,2,30,mqtt-qos1-main-2-30,success,64.753,410,225784,211356,110580,-35,1,
2026-09-04T10:28:56.621622,MQTT_QOS1,2,2,2,31,mqtt-qos1-main-2-31,success,58.868,404,225784,211356,110580,-35,1,
2026-09-04T10:28:56.880638,MQTT_QOS1,2,2,2,32,mqtt-qos1-main-2-32,success,61.292,405,225784,211356,110580,-36,1,
2026-09-04T10:28:57.142091,MQTT_QOS1,2,2,2,33,mqtt-qos1-main-2-33,success,61.366,405,225784,211356,110580,-36,1,
2026-09-04T10:28:57.403612,MQTT_QOS1,2,2,2,34,mqtt-qos1-main-2-34,success,61.986,414,225784,211356,110580,-34,1,
2026-09-04T10:28:57.665745,MQTT_QOS1,2,2,2,35,mqtt-qos1-main-2-35,success,59.159,404,225784,211356,110580,-34,1,
2026-09-04T10:28:57.925060,MQTT_QOS1,2,2,2,36,mqtt-qos1-main-2-36,success,93.883,423,225784,211356,110580,-35,1,
2026-09-04T10:28:58.219110,MQTT_QOS1,2,2,2,37,mqtt-qos1-main-2-37,success,69.682,421,225784,211356,110580,-35,1,
2026-09-04T10:28:58.488952,MQTT_QOS1,2,2,2,38,mqtt-qos1-main-2-38,success,55.429,411,225784,211356,110580,-34,1,
2026-09-04T10:28:58.744529,MQTT_QOS1,2,2,2,39,mqtt-qos1-main-2-39,success,52.354,428,225784,211356,110580,-33,1,
2026-09-04T10:28:58.997036,MQTT_QOS1,2,2,2,40,mqtt-qos1-main-2-40,success,56.145,407,225784,211356,110580,-36,1,
2026-09-04T10:28:59.253362,MQTT_QOS1,2,2,2,41,mqtt-qos1-main-2-41,success,51.559,464,225784,211356,110580,-35,1,
2026-09-04T10:28:59.505072,MQTT_QOS1,2,2,2,42,mqtt-qos1-main-2-42,success,55.789,407,225784,211356,110580,-33,1,
2026-09-04T10:28:59.761004,MQTT_QOS1,2,2,2,43,mqtt-qos1-main-2-43,success,55.958,403,225784,211356,110580,-34,1,
2026-09-04T10:29:00.017109,MQTT_QOS1,2,2,2,44,mqtt-qos1-main-2-44,success,56.121,420,225784,211356,110580,-34,1,
2026-09-04T10:29:00.273378,MQTT_QOS1,2,2,2,45,mqtt-qos1-main-2-45,success,61.285,404,225784,211356,110580,-33,1,
2026-09-04T10:29:00.534809,MQTT_QOS1,2,2,2,46,mqtt-qos1-main-2-46,success,65.425,407,225784,211356,110580,-35,1,
2026-09-04T10:29:00.800381,MQTT_QOS1,2,2,2,47,mqtt-qos1-main-2-47,success,57.614,403,225784,211356,110580,-34,1,
2026-09-04T10:29:01.058146,MQTT_QOS1,2,2,2,48,mqtt-qos1-main-2-48,success,70.563,420,225784,211356,110580,-33,1,
2026-09-04T10:29:01.328847,MQTT_QOS1,2,2,2,49,mqtt-qos1-main-2-49,success,59.900,401,225784,211356,110580,-35,1,
2026-09-04T10:29:01.588887,MQTT_QOS1,2,2,2,50,mqtt-qos1-main-2-50,success,68.282,458,225784,211356,110580,-36,1,
2026-09-04T10:29:01.857318,MQTT_QOS1,2,2,2,51,mqtt-qos1-main-2-51,success,56.276,551,225580,211356,110580,-33,1,
2026-09-04T10:29:02.113774,MQTT_QOS1,2,2,2,52,mqtt-qos1-main-2-52,success,59.060,413,225784,211356,110580,-34,1,
2026-09-04T10:29:02.373000,MQTT_QOS1,2,2,2,53,mqtt-qos1-main-2-53,success,56.015,416,225784,211356,110580,-34,1,
2026-09-04T10:29:02.629179,MQTT_QOS1,2,2,2,54,mqtt-qos1-main-2-54,success,55.890,401,225784,211356,110580,-35,1,
2026-09-04T10:29:02.885231,MQTT_QOS1,2,2,2,55,mqtt-qos1-main-2-55,success,66.998,405,225784,211356,110580,-34,1,
2026-09-04T10:29:03.152404,MQTT_QOS1,2,2,2,56,mqtt-qos1-main-2-56,success,62.111,400,225784,211356,110580,-34,1,
2026-09-04T10:29:03.414680,MQTT_QOS1,2,2,2,57,mqtt-qos1-main-2-57,success,58.711,410,225784,211356,110580,-32,1,
2026-09-04T10:29:03.673551,MQTT_QOS1,2,2,2,58,mqtt-qos1-main-2-58,success,60.765,465,225784,211356,110580,-34,1,
2026-09-04T10:29:03.934480,MQTT_QOS1,2,2,2,59,mqtt-qos1-main-2-59,success,86.344,439,225492,211356,110580,-34,1,
2026-09-04T10:29:04.220999,MQTT_QOS1,2,2,2,60,mqtt-qos1-main-2-60,success,67.849,472,225784,211356,110580,-33,1,
2026-09-04T10:29:04.489042,MQTT_QOS1,2,2,2,61,mqtt-qos1-main-2-61,success,55.899,409,225784,211356,110580,-34,1,
2026-09-04T10:29:04.745093,MQTT_QOS1,2,2,2,62,mqtt-qos1-main-2-62,success,56.902,404,225784,211356,110580,-34,1,
2026-09-04T10:29:05.002155,MQTT_QOS1,2,2,2,63,mqtt-qos1-main-2-63,success,55.768,410,225784,211356,110580,-34,1,
2026-09-04T10:29:05.258073,MQTT_QOS1,2,2,2,64,mqtt-qos1-main-2-64,success,55.553,413,225784,211356,110580,-34,1,
2026-09-04T10:29:05.513766,MQTT_QOS1,2,2,2,65,mqtt-qos1-main-2-65,success,57.251,409,225784,211356,110580,-36,1,
2026-09-04T10:29:05.771154,MQTT_QOS1,2,2,2,66,mqtt-qos1-main-2-66,success,60.008,412,225784,211356,110580,-34,1,
2026-09-04T10:29:06.031318,MQTT_QOS1,2,2,2,67,mqtt-qos1-main-2-67,success,57.731,413,225784,211356,110580,-34,1,
2026-09-04T10:29:06.289202,MQTT_QOS1,2,2,2,68,mqtt-qos1-main-2-68,success,63.502,412,225784,211356,110580,-34,1,
2026-09-04T10:29:06.552852,MQTT_QOS1,2,2,2,69,mqtt-qos1-main-2-69,success,61.246,443,225784,211356,110580,-35,1,
2026-09-04T10:29:06.814249,MQTT_QOS1,2,2,2,70,mqtt-qos1-main-2-70,success,58.886,413,225784,211356,110580,-34,1,
2026-09-04T10:29:07.073292,MQTT_QOS1,2,2,2,71,mqtt-qos1-main-2-71,success,59.493,403,225784,211356,110580,-34,1,
2026-09-04T10:29:07.332937,MQTT_QOS1,2,2,2,72,mqtt-qos1-main-2-72,success,61.384,403,225784,211356,110580,-33,1,
2026-09-04T10:29:07.594482,MQTT_QOS1,2,2,2,73,mqtt-qos1-main-2-73,success,58.288,410,225784,211356,110580,-34,1,
2026-09-04T10:29:07.852923,MQTT_QOS1,2,2,2,74,mqtt-qos1-main-2-74,success,68.402,421,225784,211356,110580,-34,1,
2026-09-04T10:29:08.121499,MQTT_QOS1,2,2,2,75,mqtt-qos1-main-2-75,success,56.580,419,225784,211356,110580,-35,1,
2026-09-04T10:29:08.378243,MQTT_QOS1,2,2,2,76,mqtt-qos1-main-2-76,success,60.408,406,225784,211356,110580,-34,1,
2026-09-04T10:29:08.638823,MQTT_QOS1,2,2,2,77,mqtt-qos1-main-2-77,success,61.922,433,225784,211356,110580,-34,1,
2026-09-04T10:29:08.900908,MQTT_QOS1,2,2,2,78,mqtt-qos1-main-2-78,success,65.295,456,225580,211356,110580,-34,1,
2026-09-04T10:29:09.166376,MQTT_QOS1,2,2,2,79,mqtt-qos1-main-2-79,success,60.216,413,225492,211356,110580,-34,1,
2026-09-04T10:29:09.426761,MQTT_QOS1,2,2,2,80,mqtt-qos1-main-2-80,success,58.336,402,225784,211356,110580,-35,1,
2026-09-04T10:29:09.685284,MQTT_QOS1,2,2,2,81,mqtt-qos1-main-2-81,success,84.708,641,225580,211356,110580,-34,1,
2026-09-04T10:29:09.970156,MQTT_QOS1,2,2,2,82,mqtt-qos1-main-2-82,success,67.557,461,225784,211356,110580,-34,1,
2026-09-04T10:29:10.237885,MQTT_QOS1,2,2,2,83,mqtt-qos1-main-2-83,success,61.953,405,225784,211356,110580,-35,1,
2026-09-04T10:29:10.499989,MQTT_QOS1,2,2,2,84,mqtt-qos1-main-2-84,success,53.071,409,225784,211356,110580,-34,1,
2026-09-04T10:29:10.753202,MQTT_QOS1,2,2,2,85,mqtt-qos1-main-2-85,success,59.303,404,225784,211356,110580,-33,1,
2026-09-04T10:29:11.012699,MQTT_QOS1,2,2,2,86,mqtt-qos1-main-2-86,success,55.975,409,225784,211356,110580,-33,1,
2026-09-04T10:29:11.268822,MQTT_QOS1,2,2,2,87,mqtt-qos1-main-2-87,success,72.235,408,225784,211356,110580,-34,1,
2026-09-04T10:29:11.541199,MQTT_QOS1,2,2,2,88,mqtt-qos1-main-2-88,success,65.346,407,225784,211356,110580,-34,1,
2026-09-04T10:29:11.806684,MQTT_QOS1,2,2,2,89,mqtt-qos1-main-2-89,success,59.154,404,225784,211356,110580,-35,1,
2026-09-04T10:29:12.065989,MQTT_QOS1,2,2,2,90,mqtt-qos1-main-2-90,success,59.536,408,225784,211356,110580,-32,1,
2026-09-04T10:29:12.325670,MQTT_QOS1,2,2,2,91,mqtt-qos1-main-2-91,success,73.400,403,225784,211356,110580,-35,1,
2026-09-04T10:29:12.599224,MQTT_QOS1,2,2,2,92,mqtt-qos1-main-2-92,success,58.206,449,225784,211356,110580,-34,1,
2026-09-04T10:29:12.857588,MQTT_QOS1,2,2,2,93,mqtt-qos1-main-2-93,success,62.894,403,225784,211356,110580,-35,1,
2026-09-04T10:29:13.120655,MQTT_QOS1,2,2,2,94,mqtt-qos1-main-2-94,success,56.256,405,225784,211356,110580,-34,1,
2026-09-04T10:29:13.377070,MQTT_QOS1,2,2,2,95,mqtt-qos1-main-2-95,success,56.377,420,225492,211356,110580,-33,1,
2026-09-04T10:29:13.633600,MQTT_QOS1,2,2,2,96,mqtt-qos1-main-2-96,success,55.745,421,225784,211356,110580,-33,1,
2026-09-04T10:29:13.889515,MQTT_QOS1,2,2,2,97,mqtt-qos1-main-2-97,success,59.664,415,225784,211356,110580,-33,1,
2026-09-04T10:29:14.149342,MQTT_QOS1,2,2,2,98,mqtt-qos1-main-2-98,success,60.300,403,225784,211356,110580,-33,1,
2026-09-04T10:29:14.409800,MQTT_QOS1,2,2,2,99,mqtt-qos1-main-2-99,success,61.301,414,225784,211356,110580,-33,1,
2026-09-04T10:29:14.671254,MQTT_QOS1,2,2,2,100,mqtt-qos1-main-2-100,success,61.827,404,225784,211356,110580,-33,1,
2026-09-04T10:29:14.933275,MQTT_QOS1,2,2,2,101,mqtt-qos1-main-2-101,success,84.382,629,225580,211356,110580,-33,1,
2026-09-04T10:29:15.217816,MQTT_QOS1,2,2,2,102,mqtt-qos1-main-2-102,success,72.923,424,225784,211356,110580,-34,1,
2026-09-04T10:29:15.490884,MQTT_QOS1,2,2,2,103,mqtt-qos1-main-2-103,success,54.719,405,225784,211356,110580,-35,1,
2026-09-04T10:29:15.745743,MQTT_QOS1,2,2,2,104,mqtt-qos1-main-2-104,success,55.118,445,225784,211356,110580,-35,1,
2026-09-04T10:29:16.001018,MQTT_QOS1,2,2,2,105,mqtt-qos1-main-2-105,success,56.075,413,225784,211356,110580,-33,1,
2026-09-04T10:29:16.257257,MQTT_QOS1,2,2,2,106,mqtt-qos1-main-2-106,success,56.978,453,225152,211356,110580,-33,1,
2026-09-04T10:29:16.514382,MQTT_QOS1,2,2,2,107,mqtt-qos1-main-2-107,success,54.265,436,225784,211356,110580,-35,1,
2026-09-04T10:29:16.768789,MQTT_QOS1,2,2,2,108,mqtt-qos1-main-2-108,success,55.841,410,225784,211356,110580,-33,1,
2026-09-04T10:29:17.024772,MQTT_QOS1,2,2,2,109,mqtt-qos1-main-2-109,success,60.449,406,225784,211356,110580,-32,1,
2026-09-04T10:29:17.285369,MQTT_QOS1,2,2,2,110,mqtt-qos1-main-2-110,success,61.602,404,225784,211356,110580,-34,1,
2026-09-04T10:29:17.547111,MQTT_QOS1,2,2,2,111,mqtt-qos1-main-2-111,success,57.954,415,225784,211356,110580,-32,1,
2026-09-04T10:29:17.805221,MQTT_QOS1,2,2,2,112,mqtt-qos1-main-2-112,success,59.973,416,225784,211356,110580,-35,1,
2026-09-04T10:29:18.065358,MQTT_QOS1,2,2,2,113,mqtt-qos1-main-2-113,success,64.440,405,225784,211356,110580,-34,1,
2026-09-04T10:29:18.329961,MQTT_QOS1,2,2,2,114,mqtt-qos1-main-2-114,success,63.276,411,225784,211356,110580,-32,1,
2026-09-04T10:29:18.593399,MQTT_QOS1,2,2,2,115,mqtt-qos1-main-2-115,success,59.896,410,225784,211356,110580,-34,1,
2026-09-04T10:29:18.853453,MQTT_QOS1,2,2,2,116,mqtt-qos1-main-2-116,success,63.838,418,225784,211356,110580,-34,1,
2026-09-04T10:29:19.117459,MQTT_QOS1,2,2,2,117,mqtt-qos1-main-2-117,success,59.779,404,225784,211356,110580,-35,1,
2026-09-04T10:29:19.377397,MQTT_QOS1,2,2,2,118,mqtt-qos1-main-2-118,success,59.981,411,225784,211356,110580,-33,1,
2026-09-04T10:29:19.637532,MQTT_QOS1,2,2,2,119,mqtt-qos1-main-2-119,success,59.403,413,225784,211356,110580,-44,1,
2026-09-04T10:29:19.897101,MQTT_QOS1,2,2,2,120,mqtt-qos1-main-2-120,success,59.976,410,225784,211356,110580,-34,1,
2026-09-04T10:29:20.157273,MQTT_QOS1,2,2,2,121,mqtt-qos1-main-2-121,success,55.724,405,225784,211356,110580,-35,1,
2026-09-04T10:29:20.413166,MQTT_QOS1,2,2,2,122,mqtt-qos1-main-2-122,success,52.854,456,225492,211356,110580,-35,1,
2026-09-04T10:29:20.666183,MQTT_QOS1,2,2,2,123,mqtt-qos1-main-2-123,success,58.278,402,225784,211356,110580,-35,1,
2026-09-04T10:29:20.924629,MQTT_QOS1,2,2,2,124,mqtt-qos1-main-2-124,success,58.323,413,225784,211356,110580,-34,1,
2026-09-04T10:29:21.183122,MQTT_QOS1,2,2,2,125,mqtt-qos1-main-2-125,success,88.533,415,225580,211356,110580,-33,1,
2026-09-04T10:29:21.471821,MQTT_QOS1,2,2,2,126,mqtt-qos1-main-2-126,success,69.039,412,225784,211356,110580,-34,1,
2026-09-04T10:29:21.741015,MQTT_QOS1,2,2,2,127,mqtt-qos1-main-2-127,success,51.733,435,225784,211356,110580,-34,1,
2026-09-04T10:29:21.992924,MQTT_QOS1,2,2,2,128,mqtt-qos1-main-2-128,success,52.666,407,225784,211356,110580,-35,1,
2026-09-04T10:29:22.245752,MQTT_QOS1,2,2,2,129,mqtt-qos1-main-2-129,success,63.993,404,225784,211356,110580,-35,1,
2026-09-04T10:29:22.509903,MQTT_QOS1,2,2,2,130,mqtt-qos1-main-2-130,success,56.326,493,225580,211356,110580,-34,1,
2026-09-04T10:29:22.766381,MQTT_QOS1,2,2,2,131,mqtt-qos1-main-2-131,success,60.315,414,225784,211356,110580,-33,1,
2026-09-04T10:29:23.026874,MQTT_QOS1,2,2,2,132,mqtt-qos1-main-2-132,success,60.461,407,225784,211356,110580,-33,1,
2026-09-04T10:29:23.287499,MQTT_QOS1,2,2,2,133,mqtt-qos1-main-2-133,success,57.813,420,225784,211356,110580,-33,1,
2026-09-04T10:29:23.545471,MQTT_QOS1,2,2,2,134,mqtt-qos1-main-2-134,success,63.921,411,225784,211356,110580,-33,1,
2026-09-04T10:29:23.809556,MQTT_QOS1,2,2,2,135,mqtt-qos1-main-2-135,success,63.704,405,225784,211356,110580,-33,1,
2026-09-04T10:29:24.073429,MQTT_QOS1,2,2,2,136,mqtt-qos1-main-2-136,success,59.694,428,225784,211356,110580,-33,1,
2026-09-04T10:29:24.333283,MQTT_QOS1,2,2,2,137,mqtt-qos1-main-2-137,success,59.468,416,225784,211356,110580,-33,1,
2026-09-04T10:29:24.592914,MQTT_QOS1,2,2,2,138,mqtt-qos1-main-2-138,success,65.409,405,225784,211356,110580,-34,1,
2026-09-04T10:29:24.858480,MQTT_QOS1,2,2,2,139,mqtt-qos1-main-2-139,success,59.478,407,225784,211356,110580,-33,1,
2026-09-04T10:29:25.118133,MQTT_QOS1,2,2,2,140,mqtt-qos1-main-2-140,success,60.191,416,225784,211356,110580,-34,1,
2026-09-04T10:29:25.378512,MQTT_QOS1,2,2,2,141,mqtt-qos1-main-2-141,success,58.242,408,225784,211356,110580,-34,1,
2026-09-04T10:29:25.636907,MQTT_QOS1,2,2,2,142,mqtt-qos1-main-2-142,success,60.140,405,225784,211356,110580,-33,1,
2026-09-04T10:29:25.897195,MQTT_QOS1,2,2,2,143,mqtt-qos1-main-2-143,success,60.388,408,225784,211356,110580,-35,1,
2026-09-04T10:29:26.157736,MQTT_QOS1,2,2,2,144,mqtt-qos1-main-2-144,success,60.744,406,225784,211356,110580,-33,1,
2026-09-04T10:29:26.418626,MQTT_QOS1,2,2,2,145,mqtt-qos1-main-2-145,success,65.135,459,225784,211356,110580,-33,1,
2026-09-04T10:29:26.683898,MQTT_QOS1,2,2,2,146,mqtt-qos1-main-2-146,success,100.312,421,225580,211356,110580,-34,1,
2026-09-04T10:29:26.984373,MQTT_QOS1,2,2,2,147,mqtt-qos1-main-2-147,success,65.923,409,225784,211356,110580,-34,1,
2026-09-04T10:29:27.250457,MQTT_QOS1,2,2,2,148,mqtt-qos1-main-2-148,success,55.147,417,225784,211356,110580,-32,1,
2026-09-04T10:29:27.505757,MQTT_QOS1,2,2,2,149,mqtt-qos1-main-2-149,success,55.234,416,225784,211356,110580,-33,1,
2026-09-04T10:29:27.761146,MQTT_QOS1,2,2,2,150,mqtt-qos1-main-2-150,success,55.925,408,225784,211356,110580,-33,1,
2026-09-04T10:29:28.017230,MQTT_QOS1,2,2,2,151,mqtt-qos1-main-2-151,success,56.024,406,225784,211356,110580,-34,1,
2026-09-04T10:29:28.273415,MQTT_QOS1,2,2,2,152,mqtt-qos1-main-2-152,success,59.633,417,225784,211356,110580,-34,1,
2026-09-04T10:29:28.533203,MQTT_QOS1,2,2,2,153,mqtt-qos1-main-2-153,success,59.796,406,225784,211356,110580,-32,1,
2026-09-04T10:29:28.793159,MQTT_QOS1,2,2,2,154,mqtt-qos1-main-2-154,success,56.903,436,225784,211356,110580,-34,1,
2026-09-04T10:29:29.050236,MQTT_QOS1,2,2,2,155,mqtt-qos1-main-2-155,success,58.945,406,225784,211356,110580,-35,1,
2026-09-04T10:29:29.309340,MQTT_QOS1,2,2,2,156,mqtt-qos1-main-2-156,success,61.400,539,225580,211356,110580,-34,1,
2026-09-04T10:29:29.570898,MQTT_QOS1,2,2,2,157,mqtt-qos1-main-2-157,success,57.990,406,225784,211356,110580,-34,1,
2026-09-04T10:29:29.829051,MQTT_QOS1,2,2,2,158,mqtt-qos1-main-2-158,success,55.908,405,225784,211356,110580,-35,1,
2026-09-04T10:29:30.085124,MQTT_QOS1,2,2,2,159,mqtt-qos1-main-2-159,success,60.150,460,225784,211356,110580,-34,1,
2026-09-04T10:29:30.345431,MQTT_QOS1,2,2,2,160,mqtt-qos1-main-2-160,success,58.169,476,225784,211356,110580,-33,1,
2026-09-04T10:29:30.603783,MQTT_QOS1,2,2,2,161,mqtt-qos1-main-2-161,success,56.581,404,225784,211356,110580,-35,1,
2026-09-04T10:29:30.860516,MQTT_QOS1,2,2,2,162,mqtt-qos1-main-2-162,success,60.545,405,225784,211356,110580,-35,1,
2026-09-04T10:29:31.121218,MQTT_QOS1,2,2,2,163,mqtt-qos1-main-2-163,success,59.480,407,225784,211356,110580,-33,1,
2026-09-04T10:29:31.380841,MQTT_QOS1,2,2,2,164,mqtt-qos1-main-2-164,success,60.983,403,225784,211356,110580,-33,1,
2026-09-04T10:29:31.641970,MQTT_QOS1,2,2,2,165,mqtt-qos1-main-2-165,success,63.219,411,225784,211356,110580,-33,1,
2026-09-04T10:29:31.905341,MQTT_QOS1,2,2,2,166,mqtt-qos1-main-2-166,success,60.283,416,225784,211356,110580,-31,1,
2026-09-04T10:29:32.165784,MQTT_QOS1,2,2,2,167,mqtt-qos1-main-2-167,success,59.482,411,225784,211356,110580,-32,1,
2026-09-04T10:29:32.425428,MQTT_QOS1,2,2,2,168,mqtt-qos1-main-2-168,success,55.653,422,225784,211356,110580,-34,1,
2026-09-04T10:29:32.681236,MQTT_QOS1,2,2,2,169,mqtt-qos1-main-2-169,success,91.734,404,225580,211356,110580,-34,1,
2026-09-04T10:29:32.973136,MQTT_QOS1,2,2,2,170,mqtt-qos1-main-2-170,success,67.673,407,225784,211356,110580,-32,1,
2026-09-04T10:29:33.240977,MQTT_QOS1,2,2,2,171,mqtt-qos1-main-2-171,success,56.352,417,225784,211356,110580,-33,1,
2026-09-04T10:29:33.497490,MQTT_QOS1,2,2,2,172,mqtt-qos1-main-2-172,success,56.730,408,225784,211356,110580,-34,1,
2026-09-04T10:29:33.754377,MQTT_QOS1,2,2,2,173,mqtt-qos1-main-2-173,success,54.990,418,225784,211356,110580,-33,1,
2026-09-04T10:29:34.009565,MQTT_QOS1,2,2,2,174,mqtt-qos1-main-2-174,success,55.490,432,225784,211356,110580,-34,1,
2026-09-04T10:29:34.265237,MQTT_QOS1,2,2,2,175,mqtt-qos1-main-2-175,success,56.124,431,225784,211356,110580,-34,1,
2026-09-04T10:29:34.521535,MQTT_QOS1,2,2,2,176,mqtt-qos1-main-2-176,success,55.724,462,225784,211356,110580,-33,1,
2026-09-04T10:29:34.777419,MQTT_QOS1,2,2,2,177,mqtt-qos1-main-2-177,success,56.425,402,225784,211356,110580,-35,1,
2026-09-04T10:29:35.034014,MQTT_QOS1,2,2,2,178,mqtt-qos1-main-2-178,success,60.875,414,225784,211356,110580,-32,1,
2026-09-04T10:29:35.295052,MQTT_QOS1,2,2,2,179,mqtt-qos1-main-2-179,success,58.471,410,225784,211356,110580,-35,1,
2026-09-04T10:29:35.553683,MQTT_QOS1,2,2,2,180,mqtt-qos1-main-2-180,success,56.447,418,225784,211356,110580,-33,1,
2026-09-04T10:29:35.810317,MQTT_QOS1,2,2,2,181,mqtt-qos1-main-2-181,success,55.369,407,225784,211356,110580,-36,1,
2026-09-04T10:29:36.065851,MQTT_QOS1,2,2,2,182,mqtt-qos1-main-2-182,success,59.489,460,225580,211356,110580,-33,1,
2026-09-04T10:29:36.325490,MQTT_QOS1,2,2,2,183,mqtt-qos1-main-2-183,success,59.016,407,225784,211356,110580,-33,1,
2026-09-04T10:29:36.584657,MQTT_QOS1,2,2,2,184,mqtt-qos1-main-2-184,success,63.899,408,225784,211356,110580,-35,1,
2026-09-04T10:29:36.848702,MQTT_QOS1,2,2,2,185,mqtt-qos1-main-2-185,success,62.923,417,225784,211356,110580,-35,1,
2026-09-04T10:29:37.111781,MQTT_QOS1,2,2,2,186,mqtt-qos1-main-2-186,success,61.276,407,225784,211356,110580,-33,1,
2026-09-04T10:29:37.373202,MQTT_QOS1,2,2,2,187,mqtt-qos1-main-2-187,success,63.233,405,225784,211356,110580,-35,1,
2026-09-04T10:29:37.636582,MQTT_QOS1,2,2,2,188,mqtt-qos1-main-2-188,success,56.600,405,225784,211356,110580,-35,1,
2026-09-04T10:29:37.893328,MQTT_QOS1,2,2,2,189,mqtt-qos1-main-2-189,success,56.968,418,225784,211356,110580,-33,1,
2026-09-04T10:29:38.150452,MQTT_QOS1,2,2,2,190,mqtt-qos1-main-2-190,success,75.909,416,225784,211356,110580,-34,1,
2026-09-04T10:29:38.426516,MQTT_QOS1,2,2,2,191,mqtt-qos1-main-2-191,success,59.074,404,225784,211356,110580,-33,1,
2026-09-04T10:29:38.685732,MQTT_QOS1,2,2,2,192,mqtt-qos1-main-2-192,success,94.191,434,225288,211356,110580,-34,1,
2026-09-04T10:29:38.980067,MQTT_QOS1,2,2,2,193,mqtt-qos1-main-2-193,success,77.133,410,225784,211356,110580,-32,1,
2026-09-04T10:29:39.257342,MQTT_QOS1,2,2,2,194,mqtt-qos1-main-2-194,success,58.872,411,225784,211356,110580,-33,1,
2026-09-04T10:29:39.516351,MQTT_QOS1,2,2,2,195,mqtt-qos1-main-2-195,success,57.087,409,225784,211356,110580,-36,1,
2026-09-04T10:29:39.773574,MQTT_QOS1,2,2,2,196,mqtt-qos1-main-2-196,success,59.941,406,225784,211356,110580,-34,1,
2026-09-04T10:29:40.033675,MQTT_QOS1,2,2,2,197,mqtt-qos1-main-2-197,success,65.853,407,225784,211356,110580,-34,1,
2026-09-04T10:29:40.299698,MQTT_QOS1,2,2,2,198,mqtt-qos1-main-2-198,success,58.398,405,225784,211356,110580,-34,1,
2026-09-04T10:29:40.558254,MQTT_QOS1,2,2,2,199,mqtt-qos1-main-2-199,success,59.049,442,225784,211356,110580,-35,1,
2026-09-04T10:29:40.817475,MQTT_QOS1,2,2,2,200,mqtt-qos1-main-2-200,success,59.443,414,225784,211356,110580,-34,1,
2026-09-04T10:30:31.040914,MQTT_QOS1,3,3,1,1,mqtt-qos1-main-3-1,success,60.141,439,221880,211004,110580,-40,1,
2026-09-04T10:30:31.301309,MQTT_QOS1,3,3,1,2,mqtt-qos1-main-3-2,success,60.391,412,221880,211004,110580,-40,1,
2026-09-04T10:30:31.561888,MQTT_QOS1,3,3,1,3,mqtt-qos1-main-3-3,success,59.178,412,221880,211004,110580,-40,1,
2026-09-04T10:30:31.821241,MQTT_QOS1,3,3,1,4,mqtt-qos1-main-3-4,success,60.173,408,221880,211004,110580,-39,1,
2026-09-04T10:30:32.081597,MQTT_QOS1,3,3,1,5,mqtt-qos1-main-3-5,success,64.452,412,221880,211004,110580,-37,1,
2026-09-04T10:30:32.346219,MQTT_QOS1,3,3,1,6,mqtt-qos1-main-3-6,success,58.729,479,221588,211004,110580,-38,1,
2026-09-04T10:30:32.605104,MQTT_QOS1,3,3,1,7,mqtt-qos1-main-3-7,success,60.757,426,221880,211004,110580,-39,1,
2026-09-04T10:30:32.866021,MQTT_QOS1,3,3,1,8,mqtt-qos1-main-3-8,success,58.926,542,221676,211004,110580,-39,1,
2026-09-04T10:30:33.125118,MQTT_QOS1,3,3,1,9,mqtt-qos1-main-3-9,success,63.640,404,221880,211004,110580,-38,1,
2026-09-04T10:30:33.388914,MQTT_QOS1,3,3,1,10,mqtt-qos1-main-3-10,success,62.537,422,221880,211004,110580,-39,1,
2026-09-04T10:30:33.651600,MQTT_QOS1,3,3,1,11,mqtt-qos1-main-3-11,success,57.584,414,221880,211004,110580,-40,1,
2026-09-04T10:30:33.909345,MQTT_QOS1,3,3,1,12,mqtt-qos1-main-3-12,success,56.770,409,221880,211004,110580,-39,1,
2026-09-04T10:30:34.166286,MQTT_QOS1,3,3,1,13,mqtt-qos1-main-3-13,success,59.195,406,221880,211004,110580,-39,1,
2026-09-04T10:30:34.425637,MQTT_QOS1,3,3,1,14,mqtt-qos1-main-3-14,success,63.241,413,221880,211004,110580,-39,1,
2026-09-04T10:30:34.689028,MQTT_QOS1,3,3,1,15,mqtt-qos1-main-3-15,success,55.631,425,221588,211004,110580,-38,1,
2026-09-04T10:30:34.944820,MQTT_QOS1,3,3,1,16,mqtt-qos1-main-3-16,success,56.766,421,221880,211004,110580,-39,1,
2026-09-04T10:30:35.201746,MQTT_QOS1,3,3,1,17,mqtt-qos1-main-3-17,success,60.262,405,221880,211004,110580,-40,1,
2026-09-04T10:30:35.462173,MQTT_QOS1,3,3,1,18,mqtt-qos1-main-3-18,success,86.848,652,221676,211004,110580,-39,1,
2026-09-04T10:30:35.749172,MQTT_QOS1,3,3,1,19,mqtt-qos1-main-3-19,success,67.662,410,221880,211004,110580,-38,1,
2026-09-04T10:30:36.016992,MQTT_QOS1,3,3,1,20,mqtt-qos1-main-3-20,success,56.159,411,221880,211004,110580,-38,1,
2026-09-04T10:30:36.273338,MQTT_QOS1,3,3,1,21,mqtt-qos1-main-3-21,success,52.003,417,221880,211004,110580,-39,1,
2026-09-04T10:30:36.525494,MQTT_QOS1,3,3,1,22,mqtt-qos1-main-3-22,success,55.392,408,221880,211004,110580,-38,1,
2026-09-04T10:30:36.781025,MQTT_QOS1,3,3,1,23,mqtt-qos1-main-3-23,success,53.913,422,221588,211004,110580,-37,1,
2026-09-04T10:30:37.035099,MQTT_QOS1,3,3,1,24,mqtt-qos1-main-3-24,success,53.711,439,221880,211004,110580,-37,1,
2026-09-04T10:30:37.288963,MQTT_QOS1,3,3,1,25,mqtt-qos1-main-3-25,success,55.862,474,221880,211004,110580,-40,1,
2026-09-04T10:30:37.544979,MQTT_QOS1,3,3,1,26,mqtt-qos1-main-3-26,success,56.387,418,221880,211004,110580,-39,1,
2026-09-04T10:30:37.801524,MQTT_QOS1,3,3,1,27,mqtt-qos1-main-3-27,success,59.629,434,221880,211004,110580,-38,1,
2026-09-04T10:30:38.061327,MQTT_QOS1,3,3,1,28,mqtt-qos1-main-3-28,success,60.352,408,221880,211004,110580,-38,1,
2026-09-04T10:30:38.321837,MQTT_QOS1,3,3,1,29,mqtt-qos1-main-3-29,success,59.456,433,221880,211004,110580,-37,1,
2026-09-04T10:30:38.581445,MQTT_QOS1,3,3,1,30,mqtt-qos1-main-3-30,success,59.514,409,221880,211004,110580,-39,1,
2026-09-04T10:30:38.841112,MQTT_QOS1,3,3,1,31,mqtt-qos1-main-3-31,success,61.652,409,221880,211004,110580,-38,1,
2026-09-04T10:30:39.102920,MQTT_QOS1,3,3,1,32,mqtt-qos1-main-3-32,success,59.055,422,221880,211004,110580,-38,1,
2026-09-04T10:30:39.362129,MQTT_QOS1,3,3,1,33,mqtt-qos1-main-3-33,success,59.852,405,221880,211004,110580,-38,1,
2026-09-04T10:30:39.622134,MQTT_QOS1,3,3,1,34,mqtt-qos1-main-3-34,success,59.531,410,221880,211004,110580,-38,1,
2026-09-04T10:30:39.881824,MQTT_QOS1,3,3,1,35,mqtt-qos1-main-3-35,success,56.602,543,221676,211004,110580,-39,1,
2026-09-04T10:30:40.138605,MQTT_QOS1,3,3,1,36,mqtt-qos1-main-3-36,success,58.473,414,221880,211004,110580,-38,1,
2026-09-04T10:30:40.397232,MQTT_QOS1,3,3,1,37,mqtt-qos1-main-3-37,success,64.841,408,221880,211004,110580,-40,1,
2026-09-04T10:30:40.662221,MQTT_QOS1,3,3,1,38,mqtt-qos1-main-3-38,success,58.216,435,221880,211004,110580,-39,1,
2026-09-04T10:30:40.920586,MQTT_QOS1,3,3,1,39,mqtt-qos1-main-3-39,success,58.414,408,221880,211004,110580,-41,1,
2026-09-04T10:30:41.179163,MQTT_QOS1,3,3,1,40,mqtt-qos1-main-3-40,success,59.166,406,221880,211004,110580,-42,1,
2026-09-04T10:30:41.438515,MQTT_QOS1,3,3,1,41,mqtt-qos1-main-3-41,success,58.433,409,221880,211004,110580,-41,1,
2026-09-04T10:30:41.697095,MQTT_QOS1,3,3,1,42,mqtt-qos1-main-3-42,success,60.458,404,221880,211004,110580,-40,1,
2026-09-04T10:30:41.957697,MQTT_QOS1,3,3,1,43,mqtt-qos1-main-3-43,success,94.396,473,221676,211004,110580,-40,1,
2026-09-04T10:30:42.252254,MQTT_QOS1,3,3,1,44,mqtt-qos1-main-3-44,success,69.436,408,221880,211004,110580,-43,1,
2026-09-04T10:30:42.521842,MQTT_QOS1,3,3,1,45,mqtt-qos1-main-3-45,success,63.219,414,221880,211004,110580,-44,1,
2026-09-04T10:30:42.785228,MQTT_QOS1,3,3,1,46,mqtt-qos1-main-3-46,success,55.835,453,221880,211004,110580,-42,1,
2026-09-04T10:30:43.041227,MQTT_QOS1,3,3,1,47,mqtt-qos1-main-3-47,success,56.055,419,221880,211004,110580,-41,1,
2026-09-04T10:30:43.297436,MQTT_QOS1,3,3,1,48,mqtt-qos1-main-3-48,success,59.498,413,221880,211004,110580,-43,1,
2026-09-04T10:30:43.557086,MQTT_QOS1,3,3,1,49,mqtt-qos1-main-3-49,success,55.715,441,221588,211004,110580,-42,1,
2026-09-04T10:30:43.812956,MQTT_QOS1,3,3,1,50,mqtt-qos1-main-3-50,success,64.095,406,221880,211004,110580,-38,1,
2026-09-04T10:30:44.077218,MQTT_QOS1,3,3,1,51,mqtt-qos1-main-3-51,success,61.440,411,221880,211004,110580,-40,1,
2026-09-04T10:30:44.338819,MQTT_QOS1,3,3,1,52,mqtt-qos1-main-3-52,success,66.063,404,221880,211004,110580,-39,1,
2026-09-04T10:30:44.605029,MQTT_QOS1,3,3,1,53,mqtt-qos1-main-3-53,success,55.706,409,221880,211004,110580,-39,1,
2026-09-04T10:30:44.860884,MQTT_QOS1,3,3,1,54,mqtt-qos1-main-3-54,success,62.998,419,221588,211004,110580,-39,1,
2026-09-04T10:30:45.124046,MQTT_QOS1,3,3,1,55,mqtt-qos1-main-3-55,success,57.913,409,221880,211004,110580,-41,1,
2026-09-04T10:30:45.382106,MQTT_QOS1,3,3,1,56,mqtt-qos1-main-3-56,success,59.819,403,221880,211004,110580,-40,1,
2026-09-04T10:30:45.642075,MQTT_QOS1,3,3,1,57,mqtt-qos1-main-3-57,success,59.027,410,221880,211004,110580,-40,1,
2026-09-04T10:30:45.901256,MQTT_QOS1,3,3,1,58,mqtt-qos1-main-3-58,success,59.579,406,221880,211004,110580,-41,1,
2026-09-04T10:30:46.161008,MQTT_QOS1,3,3,1,59,mqtt-qos1-main-3-59,success,59.387,409,221880,211004,110580,-40,1,
2026-09-04T10:30:46.420548,MQTT_QOS1,3,3,1,60,mqtt-qos1-main-3-60,success,56.486,412,221880,211004,110580,-39,1,
2026-09-04T10:30:46.677214,MQTT_QOS1,3,3,1,61,mqtt-qos1-main-3-61,success,60.900,416,221880,211004,110580,-41,1,
2026-09-04T10:30:46.938276,MQTT_QOS1,3,3,1,62,mqtt-qos1-main-3-62,success,59.236,460,221676,211004,110580,-43,1,
2026-09-04T10:30:47.197668,MQTT_QOS1,3,3,1,63,mqtt-qos1-main-3-63,success,59.973,405,221880,211004,110580,-41,1,
2026-09-04T10:30:47.457778,MQTT_QOS1,3,3,1,64,mqtt-qos1-main-3-64,success,60.261,423,221880,211004,110580,-43,1,
2026-09-04T10:30:47.718186,MQTT_QOS1,3,3,1,65,mqtt-qos1-main-3-65,success,82.561,462,221384,211004,110580,-43,1,
2026-09-04T10:30:48.000910,MQTT_QOS1,3,3,1,66,mqtt-qos1-main-3-66,success,69.027,433,219444,211004,110580,-42,1,
2026-09-04T10:30:48.270092,MQTT_QOS1,3,3,1,67,mqtt-qos1-main-3-67,success,54.640,408,221880,211004,110580,-40,1,
2026-09-04T10:30:48.524884,MQTT_QOS1,3,3,1,68,mqtt-qos1-main-3-68,success,61.611,411,221880,211004,110580,-43,1,
2026-09-04T10:30:48.786651,MQTT_QOS1,3,3,1,69,mqtt-qos1-main-3-69,success,54.132,450,221880,211004,110580,-43,1,
2026-09-04T10:30:49.040942,MQTT_QOS1,3,3,1,70,mqtt-qos1-main-3-70,success,56.017,436,221880,211004,110580,-40,1,
2026-09-04T10:30:49.297113,MQTT_QOS1,3,3,1,71,mqtt-qos1-main-3-71,success,59.548,418,221880,211004,110580,-40,1,
2026-09-04T10:30:49.556808,MQTT_QOS1,3,3,1,72,mqtt-qos1-main-3-72,success,59.459,408,221880,211004,110580,-41,1,
2026-09-04T10:30:49.816419,MQTT_QOS1,3,3,1,73,mqtt-qos1-main-3-73,success,56.981,409,221880,211004,110580,-42,1,
2026-09-04T10:30:50.073555,MQTT_QOS1,3,3,1,74,mqtt-qos1-main-3-74,success,69.248,407,221880,211004,110580,-43,1,
2026-09-04T10:30:50.342971,MQTT_QOS1,3,3,1,75,mqtt-qos1-main-3-75,success,58.476,417,221880,211004,110580,-40,1,
2026-09-04T10:30:50.601600,MQTT_QOS1,3,3,1,76,mqtt-qos1-main-3-76,success,52.235,429,221880,211004,110580,-40,1,
2026-09-04T10:30:50.853988,MQTT_QOS1,3,3,1,77,mqtt-qos1-main-3-77,success,58.573,437,221880,211004,110580,-42,1,
2026-09-04T10:30:51.112726,MQTT_QOS1,3,3,1,78,mqtt-qos1-main-3-78,success,59.190,425,221880,211004,110580,-42,1,
2026-09-04T10:30:51.372065,MQTT_QOS1,3,3,1,79,mqtt-qos1-main-3-79,success,56.913,410,221880,211004,110580,-39,1,
2026-09-04T10:30:51.629125,MQTT_QOS1,3,3,1,80,mqtt-qos1-main-3-80,success,60.260,412,221880,211004,110580,-37,1,
2026-09-04T10:30:51.889561,MQTT_QOS1,3,3,1,81,mqtt-qos1-main-3-81,success,57.178,405,221880,211004,110580,-41,1,
2026-09-04T10:30:52.146906,MQTT_QOS1,3,3,1,82,mqtt-qos1-main-3-82,success,60.121,408,221880,211004,110580,-41,1,
2026-09-04T10:30:52.407173,MQTT_QOS1,3,3,1,83,mqtt-qos1-main-3-83,success,67.166,461,221880,211004,110580,-39,1,
2026-09-04T10:30:52.674477,MQTT_QOS1,3,3,1,84,mqtt-qos1-main-3-84,success,58.379,413,221880,211004,110580,-38,1,
2026-09-04T10:30:52.932996,MQTT_QOS1,3,3,1,85,mqtt-qos1-main-3-85,success,62.375,406,221880,211004,110580,-37,1,
2026-09-04T10:30:53.195530,MQTT_QOS1,3,3,1,86,mqtt-qos1-main-3-86,success,62.617,409,221880,211004,110580,-36,1,
2026-09-04T10:30:53.458292,MQTT_QOS1,3,3,1,87,mqtt-qos1-main-3-87,success,91.884,583,221384,211004,110580,-36,1,
2026-09-04T10:30:53.750321,MQTT_QOS1,3,3,1,88,mqtt-qos1-main-3-88,success,77.560,410,221880,211004,110580,-39,1,
2026-09-04T10:30:54.028047,MQTT_QOS1,3,3,1,89,mqtt-qos1-main-3-89,success,58.883,635,221676,211004,110580,-41,1,
2026-09-04T10:30:54.287091,MQTT_QOS1,3,3,1,90,mqtt-qos1-main-3-90,success,56.033,411,221880,211004,110580,-40,1,
2026-09-04T10:30:54.543276,MQTT_QOS1,3,3,1,91,mqtt-qos1-main-3-91,success,53.645,409,221880,211004,110580,-40,1,
2026-09-04T10:30:54.797073,MQTT_QOS1,3,3,1,92,mqtt-qos1-main-3-92,success,63.234,407,221880,211004,110580,-40,1,
2026-09-04T10:30:55.060472,MQTT_QOS1,3,3,1,93,mqtt-qos1-main-3-93,success,69.288,411,221880,211004,110580,-38,1,
2026-09-04T10:30:55.329909,MQTT_QOS1,3,3,1,94,mqtt-qos1-main-3-94,success,60.838,411,221880,211004,110580,-37,1,
2026-09-04T10:30:55.590897,MQTT_QOS1,3,3,1,95,mqtt-qos1-main-3-95,success,60.990,411,221880,211004,110580,-37,1,
2026-09-04T10:30:55.852042,MQTT_QOS1,3,3,1,96,mqtt-qos1-main-3-96,success,57.832,404,221880,211004,110580,-38,1,
2026-09-04T10:30:56.110034,MQTT_QOS1,3,3,1,97,mqtt-qos1-main-3-97,success,69.687,410,221880,211004,110580,-40,1,
2026-09-04T10:30:56.379866,MQTT_QOS1,3,3,1,98,mqtt-qos1-main-3-98,success,75.635,404,221880,211004,110580,-42,1,
2026-09-04T10:30:56.655635,MQTT_QOS1,3,3,1,99,mqtt-qos1-main-3-99,success,58.134,409,221880,211004,110580,-40,1,
2026-09-04T10:30:56.913909,MQTT_QOS1,3,3,1,100,mqtt-qos1-main-3-100,success,63.682,403,221880,211004,110580,-38,1,
2026-09-04T10:30:57.177778,MQTT_QOS1,3,3,1,101,mqtt-qos1-main-3-101,success,60.894,408,221880,211004,110580,-38,1,
2026-09-04T10:30:57.438833,MQTT_QOS1,3,3,1,102,mqtt-qos1-main-3-102,success,60.763,406,221880,211004,110580,-39,1,
2026-09-04T10:30:57.699748,MQTT_QOS1,3,3,1,103,mqtt-qos1-main-3-103,success,68.066,413,221880,211004,110580,-37,1,
2026-09-04T10:30:57.967974,MQTT_QOS1,3,3,1,104,mqtt-qos1-main-3-104,success,105.426,407,221676,211004,110580,-37,1,
2026-09-04T10:30:58.273581,MQTT_QOS1,3,3,1,105,mqtt-qos1-main-3-105,success,60.951,412,221880,211004,110580,-38,1,
2026-09-04T10:30:58.534690,MQTT_QOS1,3,3,1,106,mqtt-qos1-main-3-106,success,60.040,404,221880,211004,110580,-37,1,
2026-09-04T10:30:58.794889,MQTT_QOS1,3,3,1,107,mqtt-qos1-main-3-107,success,54.528,420,221880,211004,110580,-36,1,
2026-09-04T10:30:59.049573,MQTT_QOS1,3,3,1,108,mqtt-qos1-main-3-108,success,59.350,407,221880,211004,110580,-36,1,
2026-09-04T10:30:59.309073,MQTT_QOS1,3,3,1,109,mqtt-qos1-main-3-109,success,60.690,410,221880,211004,110580,-39,1,
2026-09-04T10:30:59.569907,MQTT_QOS1,3,3,1,110,mqtt-qos1-main-3-110,success,59.946,405,221880,211004,110580,-37,1,
2026-09-04T10:30:59.829998,MQTT_QOS1,3,3,1,111,mqtt-qos1-main-3-111,success,60.087,412,221880,211004,110580,-39,1,
2026-09-04T10:31:00.090248,MQTT_QOS1,3,3,1,112,mqtt-qos1-main-3-112,success,61.077,405,221880,211004,110580,-40,1,
2026-09-04T10:31:00.351475,MQTT_QOS1,3,3,1,113,mqtt-qos1-main-3-113,success,57.466,421,221588,211004,110580,-38,1,
2026-09-04T10:31:00.609086,MQTT_QOS1,3,3,1,114,mqtt-qos1-main-3-114,success,59.478,404,221880,211004,110580,-37,1,
2026-09-04T10:31:00.868712,MQTT_QOS1,3,3,1,115,mqtt-qos1-main-3-115,success,60.920,466,221676,211004,110580,-37,1,
2026-09-04T10:31:01.129795,MQTT_QOS1,3,3,1,116,mqtt-qos1-main-3-116,success,70.426,409,221880,211004,110580,-36,1,
2026-09-04T10:31:01.400374,MQTT_QOS1,3,3,1,117,mqtt-qos1-main-3-117,success,56.906,419,221880,211004,110580,-38,1,
2026-09-04T10:31:01.657426,MQTT_QOS1,3,3,1,118,mqtt-qos1-main-3-118,success,59.971,408,221880,211004,110580,-38,1,
2026-09-04T10:31:01.917545,MQTT_QOS1,3,3,1,119,mqtt-qos1-main-3-119,success,59.280,414,221880,211004,110580,-38,1,
2026-09-04T10:31:02.176984,MQTT_QOS1,3,3,1,120,mqtt-qos1-main-3-120,success,59.796,408,221880,211004,110580,-37,1,
2026-09-04T10:31:02.436954,MQTT_QOS1,3,3,1,121,mqtt-qos1-main-3-121,success,61.694,410,221880,211004,110580,-36,1,
2026-09-04T10:31:02.698804,MQTT_QOS1,3,3,1,122,mqtt-qos1-main-3-122,success,61.287,432,221880,211004,110580,-39,1,
2026-09-04T10:31:02.960238,MQTT_QOS1,3,3,1,123,mqtt-qos1-main-3-123,success,96.660,413,221880,211004,110580,-37,1,
2026-09-04T10:31:03.257047,MQTT_QOS1,3,3,1,124,mqtt-qos1-main-3-124,success,69.606,416,221880,211004,110580,-35,1,
2026-09-04T10:31:03.526804,MQTT_QOS1,3,3,1,125,mqtt-qos1-main-3-125,success,56.649,413,221880,211004,110580,-38,1,
2026-09-04T10:31:03.783592,MQTT_QOS1,3,3,1,126,mqtt-qos1-main-3-126,success,53.382,411,221880,211004,110580,-38,1,
2026-09-04T10:31:04.037135,MQTT_QOS1,3,3,1,127,mqtt-qos1-main-3-127,success,57.593,416,221880,211004,110580,-38,1,
2026-09-04T10:31:04.294898,MQTT_QOS1,3,3,1,128,mqtt-qos1-main-3-128,success,56.342,411,221880,211004,110580,-36,1,
2026-09-04T10:31:04.551383,MQTT_QOS1,3,3,1,129,mqtt-qos1-main-3-129,success,67.411,414,221880,211004,110580,-37,1,
2026-09-04T10:31:04.818940,MQTT_QOS1,3,3,1,130,mqtt-qos1-main-3-130,success,58.096,410,221880,211004,110580,-37,1,
2026-09-04T10:31:05.077197,MQTT_QOS1,3,3,1,131,mqtt-qos1-main-3-131,success,68.840,412,221880,211004,110580,-38,1,
2026-09-04T10:31:05.346181,MQTT_QOS1,3,3,1,132,mqtt-qos1-main-3-132,success,59.370,436,221880,211004,110580,-38,1,
2026-09-04T10:31:05.605689,MQTT_QOS1,3,3,1,133,mqtt-qos1-main-3-133,success,59.886,409,221880,211004,110580,-37,1,
2026-09-04T10:31:05.865720,MQTT_QOS1,3,3,1,134,mqtt-qos1-main-3-134,success,63.504,408,221880,211004,110580,-37,1,
2026-09-04T10:31:06.129386,MQTT_QOS1,3,3,1,135,mqtt-qos1-main-3-135,success,59.982,433,221880,211004,110580,-38,1,
2026-09-04T10:31:06.389513,MQTT_QOS1,3,3,1,136,mqtt-qos1-main-3-136,success,61.548,409,221880,211004,110580,-38,1,
2026-09-04T10:31:06.651206,MQTT_QOS1,3,3,1,137,mqtt-qos1-main-3-137,success,57.082,463,221880,211004,110580,-37,1,
2026-09-04T10:31:06.908434,MQTT_QOS1,3,3,1,138,mqtt-qos1-main-3-138,success,56.835,409,221880,211004,110580,-37,1,
2026-09-04T10:31:07.165428,MQTT_QOS1,3,3,1,139,mqtt-qos1-main-3-139,success,55.745,422,221588,211004,110580,-38,1,
2026-09-04T10:31:07.421328,MQTT_QOS1,3,3,1,140,mqtt-qos1-main-3-140,success,55.619,418,221880,211004,110580,-37,1,
2026-09-04T10:31:07.677130,MQTT_QOS1,3,3,1,141,mqtt-qos1-main-3-141,success,59.939,518,221676,211004,110580,-40,1,
2026-09-04T10:31:07.937237,MQTT_QOS1,3,3,1,142,mqtt-qos1-main-3-142,success,60.293,403,221880,211004,110580,-40,1,
2026-09-04T10:31:08.197701,MQTT_QOS1,3,3,1,143,mqtt-qos1-main-3-143,success,66.416,413,221880,211004,110580,-39,1,
2026-09-04T10:31:08.464272,MQTT_QOS1,3,3,1,144,mqtt-qos1-main-3-144,success,89.560,420,221880,211004,110580,-41,1,
2026-09-04T10:31:08.753980,MQTT_QOS1,3,3,1,145,mqtt-qos1-main-3-145,success,81.668,432,221880,211004,110580,-38,1,
2026-09-04T10:31:09.035821,MQTT_QOS1,3,3,1,146,mqtt-qos1-main-3-146,success,53.085,417,221880,211004,110580,-38,1,
2026-09-04T10:31:09.289067,MQTT_QOS1,3,3,1,147,mqtt-qos1-main-3-147,success,56.544,409,221880,211004,110580,-39,1,
2026-09-04T10:31:09.545771,MQTT_QOS1,3,3,1,148,mqtt-qos1-main-3-148,success,55.677,410,221880,211004,110580,-39,1,
2026-09-04T10:31:09.801605,MQTT_QOS1,3,3,1,149,mqtt-qos1-main-3-149,success,56.646,409,221880,211004,110580,-39,1,
2026-09-04T10:31:10.058430,MQTT_QOS1,3,3,1,150,mqtt-qos1-main-3-150,success,58.357,407,221880,211004,110580,-38,1,
2026-09-04T10:31:10.316942,MQTT_QOS1,3,3,1,151,mqtt-qos1-main-3-151,success,61.750,414,221880,211004,110580,-41,1,
2026-09-04T10:31:10.578852,MQTT_QOS1,3,3,1,152,mqtt-qos1-main-3-152,success,61.253,408,221880,211004,110580,-36,1,
2026-09-04T10:31:10.840263,MQTT_QOS1,3,3,1,153,mqtt-qos1-main-3-153,success,57.019,418,221880,211004,110580,-38,1,
2026-09-04T10:31:11.097457,MQTT_QOS1,3,3,1,154,mqtt-qos1-main-3-154,success,60.009,406,221880,211004,110580,-39,1,
2026-09-04T10:31:11.357622,MQTT_QOS1,3,3,1,155,mqtt-qos1-main-3-155,success,61.651,409,221880,211004,110580,-39,1,
2026-09-04T10:31:11.619428,MQTT_QOS1,3,3,1,156,mqtt-qos1-main-3-156,success,66.100,405,221880,211004,110580,-39,1,
2026-09-04T10:31:11.885684,MQTT_QOS1,3,3,1,157,mqtt-qos1-main-3-157,success,66.803,417,221880,211004,110580,-39,1,
2026-09-04T10:31:12.152655,MQTT_QOS1,3,3,1,158,mqtt-qos1-main-3-158,success,57.612,404,221880,211004,110580,-38,1,
2026-09-04T10:31:12.410420,MQTT_QOS1,3,3,1,159,mqtt-qos1-main-3-159,success,59.749,410,221880,211004,110580,-39,1,
2026-09-04T10:31:12.670321,MQTT_QOS1,3,3,1,160,mqtt-qos1-main-3-160,success,62.569,407,221880,211004,110580,-38,1,
2026-09-04T10:31:12.933071,MQTT_QOS1,3,3,1,161,mqtt-qos1-main-3-161,success,79.846,426,219444,211004,110580,-40,1,
2026-09-04T10:31:13.213083,MQTT_QOS1,3,3,1,162,mqtt-qos1-main-3-162,success,105.922,434,221880,211004,110580,-35,1,
2026-09-04T10:31:13.519158,MQTT_QOS1,3,3,1,163,mqtt-qos1-main-3-163,success,58.971,413,221880,211004,110580,-38,1,
2026-09-04T10:31:13.778273,MQTT_QOS1,3,3,1,164,mqtt-qos1-main-3-164,success,55.232,421,221588,211004,110580,-38,1,
2026-09-04T10:31:14.033659,MQTT_QOS1,3,3,1,165,mqtt-qos1-main-3-165,success,66.161,412,221880,211004,110580,-38,1,
2026-09-04T10:31:14.299966,MQTT_QOS1,3,3,1,166,mqtt-qos1-main-3-166,success,57.651,410,221880,211004,110580,-41,1,
2026-09-04T10:31:14.557751,MQTT_QOS1,3,3,1,167,mqtt-qos1-main-3-167,success,60.858,487,221676,211004,110580,-41,1,
2026-09-04T10:31:14.818752,MQTT_QOS1,3,3,1,168,mqtt-qos1-main-3-168,success,62.044,409,221880,211004,110580,-40,1,
2026-09-04T10:31:15.080948,MQTT_QOS1,3,3,1,169,mqtt-qos1-main-3-169,success,56.338,420,221880,211004,110580,-37,1,
2026-09-04T10:31:15.337425,MQTT_QOS1,3,3,1,170,mqtt-qos1-main-3-170,success,56.608,430,221880,211004,110580,-39,1,
2026-09-04T10:31:15.594165,MQTT_QOS1,3,3,1,171,mqtt-qos1-main-3-171,success,55.422,408,221880,211004,110580,-39,1,
2026-09-04T10:31:15.849729,MQTT_QOS1,3,3,1,172,mqtt-qos1-main-3-172,success,57.627,410,221880,211004,110580,-41,1,
2026-09-04T10:31:16.107536,MQTT_QOS1,3,3,1,173,mqtt-qos1-main-3-173,success,57.709,437,221880,211004,110580,-43,1,
2026-09-04T10:31:16.365404,MQTT_QOS1,3,3,1,174,mqtt-qos1-main-3-174,success,60.137,409,221880,211004,110580,-42,1,
2026-09-04T10:31:16.625692,MQTT_QOS1,3,3,1,175,mqtt-qos1-main-3-175,success,59.549,410,221880,211004,110580,-42,1,
2026-09-04T10:31:16.885411,MQTT_QOS1,3,3,1,176,mqtt-qos1-main-3-176,success,59.722,414,221880,211004,110580,-40,1,
2026-09-04T10:31:17.145296,MQTT_QOS1,3,3,1,177,mqtt-qos1-main-3-177,success,60.002,410,221880,211004,110580,-40,1,
2026-09-04T10:31:17.405447,MQTT_QOS1,3,3,1,178,mqtt-qos1-main-3-178,success,59.772,415,221880,211004,110580,-41,1,
2026-09-04T10:31:17.665367,MQTT_QOS1,3,3,1,179,mqtt-qos1-main-3-179,success,60.196,422,221880,211004,110580,-43,1,
2026-09-04T10:31:17.925720,MQTT_QOS1,3,3,1,180,mqtt-qos1-main-3-180,success,55.065,421,221880,211004,110580,-41,1,
2026-09-04T10:31:18.180985,MQTT_QOS1,3,3,1,181,mqtt-qos1-main-3-181,success,64.148,412,221880,211004,110580,-42,1,
2026-09-04T10:31:18.445296,MQTT_QOS1,3,3,1,182,mqtt-qos1-main-3-182,success,62.914,408,221880,211004,110580,-38,1,
2026-09-04T10:31:18.708356,MQTT_QOS1,3,3,1,183,mqtt-qos1-main-3-183,success,59.793,409,221880,211004,110580,-42,1,
2026-09-04T10:31:18.968304,MQTT_QOS1,3,3,1,184,mqtt-qos1-main-3-184,success,88.691,414,221880,211004,110580,-41,1,
2026-09-04T10:31:19.257156,MQTT_QOS1,3,3,1,185,mqtt-qos1-main-3-185,success,68.703,412,221880,211004,110580,-40,1,
2026-09-04T10:31:19.526000,MQTT_QOS1,3,3,1,186,mqtt-qos1-main-3-186,success,59.104,419,221880,211004,110580,-40,1,
2026-09-04T10:31:19.785254,MQTT_QOS1,3,3,1,187,mqtt-qos1-main-3-187,success,56.499,414,221880,211004,110580,-42,1,
2026-09-04T10:31:20.041915,MQTT_QOS1,3,3,1,188,mqtt-qos1-main-3-188,success,54.816,409,221880,211004,110580,-38,1,
2026-09-04T10:31:20.296877,MQTT_QOS1,3,3,1,189,mqtt-qos1-main-3-189,success,57.469,412,221880,211004,110580,-39,1,
2026-09-04T10:31:20.554481,MQTT_QOS1,3,3,1,190,mqtt-qos1-main-3-190,success,54.099,432,221880,211004,110580,-38,1,
2026-09-04T10:31:20.808720,MQTT_QOS1,3,3,1,191,mqtt-qos1-main-3-191,success,62.009,411,221880,211004,110580,-54,1,
2026-09-04T10:31:21.070892,MQTT_QOS1,3,3,1,192,mqtt-qos1-main-3-192,success,58.511,408,221880,211004,110580,-40,1,
2026-09-04T10:31:21.329547,MQTT_QOS1,3,3,1,193,mqtt-qos1-main-3-193,success,63.984,446,221676,211004,110580,-40,1,
2026-09-04T10:31:21.593669,MQTT_QOS1,3,3,1,194,mqtt-qos1-main-3-194,success,62.262,406,221880,211004,110580,-37,1,
2026-09-04T10:31:21.856073,MQTT_QOS1,3,3,1,195,mqtt-qos1-main-3-195,success,53.012,423,221880,211004,110580,-37,1,
2026-09-04T10:31:22.109247,MQTT_QOS1,3,3,1,196,mqtt-qos1-main-3-196,success,67.909,404,221880,211004,110580,-39,1,
2026-09-04T10:31:22.377305,MQTT_QOS1,3,3,1,197,mqtt-qos1-main-3-197,success,56.207,420,221880,211004,110580,-39,1,
2026-09-04T10:31:22.633668,MQTT_QOS1,3,3,1,198,mqtt-qos1-main-3-198,success,55.171,416,221880,211004,110580,-39,1,
2026-09-04T10:31:22.889004,MQTT_QOS1,3,3,1,199,mqtt-qos1-main-3-199,success,60.306,410,221880,211004,110580,-41,1,
2026-09-04T10:31:23.149473,MQTT_QOS1,3,3,1,200,mqtt-qos1-main-3-200,success,66.111,440,221588,211004,110580,-39,1,
2026-09-04T10:33:46.910669,MQTT_QOS1,4,4,2,1,mqtt-qos1-main-4-1,success,63.867,415,221864,209036,110580,-40,1,
2026-09-04T10:33:47.174796,MQTT_QOS1,4,4,2,2,mqtt-qos1-main-4-2,success,61.928,408,221864,209036,110580,-42,1,
2026-09-04T10:33:47.436909,MQTT_QOS1,4,4,2,3,mqtt-qos1-main-4-3,success,67.180,409,221864,209036,110580,-42,1,
2026-09-04T10:33:47.704262,MQTT_QOS1,4,4,2,4,mqtt-qos1-main-4-4,success,60.664,408,221864,209036,110580,-40,1,
2026-09-04T10:33:47.965103,MQTT_QOS1,4,4,2,5,mqtt-qos1-main-4-5,success,59.675,409,221864,209036,110580,-40,1,
2026-09-04T10:33:48.224956,MQTT_QOS1,4,4,2,6,mqtt-qos1-main-4-6,success,61.433,415,221864,209036,110580,-40,1,
2026-09-04T10:33:48.486551,MQTT_QOS1,4,4,2,7,mqtt-qos1-main-4-7,success,62.826,407,221864,209036,110580,-40,1,
2026-09-04T10:33:48.749537,MQTT_QOS1,4,4,2,8,mqtt-qos1-main-4-8,success,100.819,410,221864,209036,110580,-42,1,
2026-09-04T10:33:49.050527,MQTT_QOS1,4,4,2,9,mqtt-qos1-main-4-9,success,62.603,414,221864,209036,110580,-38,1,
2026-09-04T10:33:49.313285,MQTT_QOS1,4,4,2,10,mqtt-qos1-main-4-10,success,66.157,411,221864,209036,110580,-39,1,
2026-09-04T10:33:49.579601,MQTT_QOS1,4,4,2,11,mqtt-qos1-main-4-11,success,59.834,414,221864,209036,110580,-44,1,
2026-09-04T10:33:49.839591,MQTT_QOS1,4,4,2,12,mqtt-qos1-main-4-12,success,57.523,406,221864,209036,110580,-44,1,
2026-09-04T10:33:50.097275,MQTT_QOS1,4,4,2,13,mqtt-qos1-main-4-13,success,62.622,412,221864,209036,110580,-43,1,
2026-09-04T10:33:50.360048,MQTT_QOS1,4,4,2,14,mqtt-qos1-main-4-14,success,60.535,448,221864,209036,110580,-45,1,
2026-09-04T10:33:50.620737,MQTT_QOS1,4,4,2,15,mqtt-qos1-main-4-15,success,58.565,410,221864,209036,110580,-44,1,
2026-09-04T10:33:50.879450,MQTT_QOS1,4,4,2,16,mqtt-qos1-main-4-16,success,62.534,405,221864,209036,110580,-44,1,
2026-09-04T10:33:51.142141,MQTT_QOS1,4,4,2,17,mqtt-qos1-main-4-17,success,59.503,411,221864,209036,110580,-44,1,
2026-09-04T10:33:51.401794,MQTT_QOS1,4,4,2,18,mqtt-qos1-main-4-18,success,64.113,410,221864,209036,110580,-44,1,
2026-09-04T10:33:51.666054,MQTT_QOS1,4,4,2,19,mqtt-qos1-main-4-19,success,60.261,421,221864,209036,110580,-44,1,
2026-09-04T10:33:51.926467,MQTT_QOS1,4,4,2,20,mqtt-qos1-main-4-20,success,59.221,407,221864,209036,110580,-41,1,
2026-09-04T10:33:52.185895,MQTT_QOS1,4,4,2,21,mqtt-qos1-main-4-21,success,61.074,411,221864,209036,110580,-43,1,
2026-09-04T10:33:52.447126,MQTT_QOS1,4,4,2,22,mqtt-qos1-main-4-22,success,65.398,405,221864,209036,110580,-43,1,
2026-09-04T10:33:52.712676,MQTT_QOS1,4,4,2,23,mqtt-qos1-main-4-23,success,65.444,419,221864,209036,110580,-44,1,
2026-09-04T10:33:52.978270,MQTT_QOS1,4,4,2,24,mqtt-qos1-main-4-24,success,59.000,409,221864,209036,110580,-44,1,
2026-09-04T10:33:53.237435,MQTT_QOS1,4,4,2,25,mqtt-qos1-main-4-25,success,63.197,412,221864,209036,110580,-45,1,
2026-09-04T10:33:53.500784,MQTT_QOS1,4,4,2,26,mqtt-qos1-main-4-26,success,95.848,548,221456,209036,110580,-43,1,
2026-09-04T10:33:53.796783,MQTT_QOS1,4,4,2,27,mqtt-qos1-main-4-27,success,69.305,408,221864,209036,110580,-44,1,
2026-09-04T10:33:54.066249,MQTT_QOS1,4,4,2,28,mqtt-qos1-main-4-28,success,54.344,411,221864,209036,110580,-44,1,
2026-09-04T10:33:54.320749,MQTT_QOS1,4,4,2,29,mqtt-qos1-main-4-29,success,56.343,438,221864,209036,110580,-41,1,
2026-09-04T10:33:54.577245,MQTT_QOS1,4,4,2,30,mqtt-qos1-main-4-30,success,55.093,434,221572,209036,110580,-44,1,
2026-09-04T10:33:54.832486,MQTT_QOS1,4,4,2,31,mqtt-qos1-main-4-31,success,71.148,409,221864,209036,110580,-41,1,
2026-09-04T10:33:55.103796,MQTT_QOS1,4,4,2,32,mqtt-qos1-main-4-32,success,56.806,415,221864,209036,110580,-41,1,
2026-09-04T10:33:55.360751,MQTT_QOS1,4,4,2,33,mqtt-qos1-main-4-33,success,59.925,408,221864,209036,110580,-42,1,
2026-09-04T10:33:55.620827,MQTT_QOS1,4,4,2,34,mqtt-qos1-main-4-34,success,56.029,403,221864,209036,110580,-41,1,
2026-09-04T10:33:55.877005,MQTT_QOS1,4,4,2,35,mqtt-qos1-main-4-35,success,63.542,408,221864,209036,110580,-41,1,
2026-09-04T10:33:56.140705,MQTT_QOS1,4,4,2,36,mqtt-qos1-main-4-36,success,61.309,406,221864,209036,110580,-41,1,
2026-09-04T10:33:56.402166,MQTT_QOS1,4,4,2,37,mqtt-qos1-main-4-37,success,59.052,407,221864,209036,110580,-42,1,
2026-09-04T10:33:56.661367,MQTT_QOS1,4,4,2,38,mqtt-qos1-main-4-38,success,63.842,421,221864,209036,110580,-41,1,
2026-09-04T10:33:56.925353,MQTT_QOS1,4,4,2,39,mqtt-qos1-main-4-39,success,56.874,404,221864,209036,110580,-40,1,
2026-09-04T10:33:57.182386,MQTT_QOS1,4,4,2,40,mqtt-qos1-main-4-40,success,59.056,420,221864,209036,110580,-41,1,
2026-09-04T10:33:57.441621,MQTT_QOS1,4,4,2,41,mqtt-qos1-main-4-41,success,60.436,411,221864,209036,110580,-41,1,
2026-09-04T10:33:57.702211,MQTT_QOS1,4,4,2,42,mqtt-qos1-main-4-42,success,59.651,409,221864,209036,110580,-41,1,
2026-09-04T10:33:57.962016,MQTT_QOS1,4,4,2,43,mqtt-qos1-main-4-43,success,57.392,409,221864,209036,110580,-42,1,
2026-09-04T10:33:58.219576,MQTT_QOS1,4,4,2,44,mqtt-qos1-main-4-44,success,57.191,422,221864,209036,110580,-40,1,
2026-09-04T10:33:58.476924,MQTT_QOS1,4,4,2,45,mqtt-qos1-main-4-45,success,59.714,405,221864,209036,110580,-42,1,
2026-09-04T10:33:58.736792,MQTT_QOS1,4,4,2,46,mqtt-qos1-main-4-46,success,56.667,420,221864,209036,110580,-44,1,
2026-09-04T10:33:58.993620,MQTT_QOS1,4,4,2,47,mqtt-qos1-main-4-47,success,59.259,404,221864,209036,110580,-46,1,
2026-09-04T10:33:59.253038,MQTT_QOS1,4,4,2,48,mqtt-qos1-main-4-48,success,88.111,595,221368,209036,110580,-47,1,
2026-09-04T10:33:59.541297,MQTT_QOS1,4,4,2,49,mqtt-qos1-main-4-49,success,71.673,444,221864,209036,110580,-48,1,
2026-09-04T10:33:59.813116,MQTT_QOS1,4,4,2,50,mqtt-qos1-main-4-50,success,55.831,437,221864,209036,110580,-43,1,
2026-09-04T10:34:00.069107,MQTT_QOS1,4,4,2,51,mqtt-qos1-main-4-51,success,56.944,426,221864,209036,110580,-46,1,
2026-09-04T10:34:00.326202,MQTT_QOS1,4,4,2,52,mqtt-qos1-main-4-52,success,54.578,416,221864,209036,110580,-45,1,
2026-09-04T10:34:00.580924,MQTT_QOS1,4,4,2,53,mqtt-qos1-main-4-53,success,55.888,553,221660,209036,110580,-41,1,
2026-09-04T10:34:00.836961,MQTT_QOS1,4,4,2,54,mqtt-qos1-main-4-54,success,55.555,429,219428,209036,110580,-44,1,
2026-09-04T10:34:01.092675,MQTT_QOS1,4,4,2,55,mqtt-qos1-main-4-55,success,56.425,413,221864,209036,110580,-42,1,
2026-09-04T10:34:01.349248,MQTT_QOS1,4,4,2,56,mqtt-qos1-main-4-56,success,58.272,404,221864,209036,110580,-44,1,
2026-09-04T10:34:01.607661,MQTT_QOS1,4,4,2,57,mqtt-qos1-main-4-57,success,65.946,412,221864,209036,110580,-41,1,
2026-09-04T10:34:01.873753,MQTT_QOS1,4,4,2,58,mqtt-qos1-main-4-58,success,64.152,420,219428,209036,110580,-44,1,
2026-09-04T10:34:02.138068,MQTT_QOS1,4,4,2,59,mqtt-qos1-main-4-59,success,59.089,408,221864,209036,110580,-41,1,
2026-09-04T10:34:02.397307,MQTT_QOS1,4,4,2,60,mqtt-qos1-main-4-60,success,57.320,404,221864,209036,110580,-43,1,
2026-09-04T10:34:02.654816,MQTT_QOS1,4,4,2,61,mqtt-qos1-main-4-61,success,58.250,410,221864,209036,110580,-41,1,
2026-09-04T10:34:02.913220,MQTT_QOS1,4,4,2,62,mqtt-qos1-main-4-62,success,55.704,411,221864,209036,110580,-41,1,
2026-09-04T10:34:03.169085,MQTT_QOS1,4,4,2,63,mqtt-qos1-main-4-63,success,56.731,409,221864,209036,110580,-40,1,
2026-09-04T10:34:03.425969,MQTT_QOS1,4,4,2,64,mqtt-qos1-main-4-64,success,59.145,425,221864,209036,110580,-41,1,
2026-09-04T10:34:03.685266,MQTT_QOS1,4,4,2,65,mqtt-qos1-main-4-65,success,60.071,434,221864,209036,110580,-43,1,
2026-09-04T10:34:03.945502,MQTT_QOS1,4,4,2,66,mqtt-qos1-main-4-66,success,60.044,416,221864,209036,110580,-43,1,
2026-09-04T10:34:04.205717,MQTT_QOS1,4,4,2,67,mqtt-qos1-main-4-67,success,60.361,429,221864,209036,110580,-42,1,
2026-09-04T10:34:04.466232,MQTT_QOS1,4,4,2,68,mqtt-qos1-main-4-68,success,55.798,409,221864,209036,110580,-43,1,
2026-09-04T10:34:04.722178,MQTT_QOS1,4,4,2,69,mqtt-qos1-main-4-69,success,59.599,408,221864,209036,110580,-44,1,
2026-09-04T10:34:04.981930,MQTT_QOS1,4,4,2,70,mqtt-qos1-main-4-70,success,61.762,402,221864,209036,110580,-41,1,
2026-09-04T10:34:05.243851,MQTT_QOS1,4,4,2,71,mqtt-qos1-main-4-71,success,57.609,428,221864,209036,110580,-42,1,
2026-09-04T10:34:05.501609,MQTT_QOS1,4,4,2,72,mqtt-qos1-main-4-72,success,61.313,401,221864,209036,110580,-44,1,
2026-09-04T10:34:05.763064,MQTT_QOS1,4,4,2,73,mqtt-qos1-main-4-73,success,86.857,447,221368,209036,110580,-44,1,
2026-09-04T10:34:06.050081,MQTT_QOS1,4,4,2,74,mqtt-qos1-main-4-74,success,62.774,429,221864,209036,110580,-43,1,
2026-09-04T10:34:06.313004,MQTT_QOS1,4,4,2,75,mqtt-qos1-main-4-75,success,56.589,427,221864,209036,110580,-43,1,
2026-09-04T10:34:06.569737,MQTT_QOS1,4,4,2,76,mqtt-qos1-main-4-76,success,55.091,408,221864,209036,110580,-44,1,
2026-09-04T10:34:06.824974,MQTT_QOS1,4,4,2,77,mqtt-qos1-main-4-77,success,53.929,423,221864,209036,110580,-43,1,
2026-09-04T10:34:07.079059,MQTT_QOS1,4,4,2,78,mqtt-qos1-main-4-78,success,53.111,475,221864,209036,110580,-42,1,
2026-09-04T10:34:07.332319,MQTT_QOS1,4,4,2,79,mqtt-qos1-main-4-79,success,52.823,428,221864,209036,110580,-41,1,
2026-09-04T10:34:07.585293,MQTT_QOS1,4,4,2,80,mqtt-qos1-main-4-80,success,52.443,467,221660,209036,110580,-41,1,
2026-09-04T10:34:07.837919,MQTT_QOS1,4,4,2,81,mqtt-qos1-main-4-81,success,55.454,408,221864,209036,110580,-44,1,
2026-09-04T10:34:08.093540,MQTT_QOS1,4,4,2,82,mqtt-qos1-main-4-82,success,55.524,408,221864,209036,110580,-44,1,
2026-09-04T10:34:08.349213,MQTT_QOS1,4,4,2,83,mqtt-qos1-main-4-83,success,55.624,408,221864,209036,110580,-44,1,
2026-09-04T10:34:08.604989,MQTT_QOS1,4,4,2,84,mqtt-qos1-main-4-84,success,57.027,408,221864,209036,110580,-43,1,
2026-09-04T10:34:08.862163,MQTT_QOS1,4,4,2,85,mqtt-qos1-main-4-85,success,58.939,408,221864,209036,110580,-44,1,
2026-09-04T10:34:09.121255,MQTT_QOS1,4,4,2,86,mqtt-qos1-main-4-86,success,57.446,409,221864,209036,110580,-40,1,
2026-09-04T10:34:09.378854,MQTT_QOS1,4,4,2,87,mqtt-qos1-main-4-87,success,63.299,423,221572,209036,110580,-41,1,
2026-09-04T10:34:09.642302,MQTT_QOS1,4,4,2,88,mqtt-qos1-main-4-88,success,65.252,420,221864,209036,110580,-40,1,
2026-09-04T10:34:09.907707,MQTT_QOS1,4,4,2,89,mqtt-qos1-main-4-89,success,61.175,406,221864,209036,110580,-42,1,
2026-09-04T10:34:10.169042,MQTT_QOS1,4,4,2,90,mqtt-qos1-main-4-90,success,63.194,418,221864,209036,110580,-40,1,
2026-09-04T10:34:10.432385,MQTT_QOS1,4,4,2,91,mqtt-qos1-main-4-91,success,68.319,411,221864,209036,110580,-39,1,
2026-09-04T10:34:10.700850,MQTT_QOS1,4,4,2,92,mqtt-qos1-main-4-92,success,55.851,409,221864,209036,110580,-43,1,
2026-09-04T10:34:10.956846,MQTT_QOS1,4,4,2,93,mqtt-qos1-main-4-93,success,56.090,406,221864,209036,110580,-41,1,
2026-09-04T10:34:11.213100,MQTT_QOS1,4,4,2,94,mqtt-qos1-main-4-94,success,52.607,414,221864,209036,110580,-42,1,
2026-09-04T10:34:11.465870,MQTT_QOS1,4,4,2,95,mqtt-qos1-main-4-95,success,58.207,446,221864,209036,110580,-44,1,
2026-09-04T10:34:11.724237,MQTT_QOS1,4,4,2,96,mqtt-qos1-main-4-96,success,56.933,417,221864,209036,110580,-44,1,
2026-09-04T10:34:11.981326,MQTT_QOS1,4,4,2,97,mqtt-qos1-main-4-97,success,56.058,432,221864,209036,110580,-40,1,
2026-09-04T10:34:12.237559,MQTT_QOS1,4,4,2,98,mqtt-qos1-main-4-98,success,61.103,410,221864,209036,110580,-42,1,
2026-09-04T10:34:12.498826,MQTT_QOS1,4,4,2,99,mqtt-qos1-main-4-99,success,65.038,418,221864,209036,110580,-42,1,
2026-09-04T10:34:12.764021,MQTT_QOS1,4,4,2,100,mqtt-qos1-main-4-100,success,84.387,474,221660,209036,110580,-41,1,
2026-09-04T10:34:13.048604,MQTT_QOS1,4,4,2,101,mqtt-qos1-main-4-101,success,70.089,412,221864,209036,110580,-41,1,
2026-09-04T10:34:13.318858,MQTT_QOS1,4,4,2,102,mqtt-qos1-main-4-102,success,59.611,467,221864,209036,110580,-40,1,
2026-09-04T10:34:13.578613,MQTT_QOS1,4,4,2,103,mqtt-qos1-main-4-103,success,58.797,428,221864,209036,110580,-40,1,
2026-09-04T10:34:13.837554,MQTT_QOS1,4,4,2,104,mqtt-qos1-main-4-104,success,55.254,422,221864,209036,110580,-39,1,
2026-09-04T10:34:14.092963,MQTT_QOS1,4,4,2,105,mqtt-qos1-main-4-105,success,62.762,419,221864,209036,110580,-42,1,
2026-09-04T10:34:14.355874,MQTT_QOS1,4,4,2,106,mqtt-qos1-main-4-106,success,63.756,409,221864,209036,110580,-42,1,
2026-09-04T10:34:14.619774,MQTT_QOS1,4,4,2,107,mqtt-qos1-main-4-107,success,61.231,406,221864,209036,110580,-40,1,
2026-09-04T10:34:14.881150,MQTT_QOS1,4,4,2,108,mqtt-qos1-main-4-108,success,59.640,422,221864,209036,110580,-42,1,
2026-09-04T10:34:15.140948,MQTT_QOS1,4,4,2,109,mqtt-qos1-main-4-109,success,56.714,415,221864,209036,110580,-44,1,
2026-09-04T10:34:15.397811,MQTT_QOS1,4,4,2,110,mqtt-qos1-main-4-110,success,58.972,420,221864,209036,110580,-41,1,
2026-09-04T10:34:15.656932,MQTT_QOS1,4,4,2,111,mqtt-qos1-main-4-111,success,55.440,406,221864,209036,110580,-43,1,
2026-09-04T10:34:15.912522,MQTT_QOS1,4,4,2,112,mqtt-qos1-main-4-112,success,56.186,408,221864,209036,110580,-41,1,
2026-09-04T10:34:16.168874,MQTT_QOS1,4,4,2,113,mqtt-qos1-main-4-113,success,57.905,420,221864,209036,110580,-42,1,
2026-09-04T10:34:16.426918,MQTT_QOS1,4,4,2,114,mqtt-qos1-main-4-114,success,58.106,410,221864,209036,110580,-39,1,
2026-09-04T10:34:16.685172,MQTT_QOS1,4,4,2,115,mqtt-qos1-main-4-115,success,59.747,459,221864,209036,110580,-40,1,
2026-09-04T10:34:16.945067,MQTT_QOS1,4,4,2,116,mqtt-qos1-main-4-116,success,56.556,410,221864,209036,110580,-44,1,
2026-09-04T10:34:17.201779,MQTT_QOS1,4,4,2,117,mqtt-qos1-main-4-117,success,59.760,476,221864,209036,110580,-43,1,
2026-09-04T10:34:17.461683,MQTT_QOS1,4,4,2,118,mqtt-qos1-main-4-118,success,76.193,408,221864,209036,110580,-43,1,
2026-09-04T10:34:17.738021,MQTT_QOS1,4,4,2,119,mqtt-qos1-main-4-119,success,55.300,409,221864,209036,110580,-41,1,
2026-09-04T10:34:17.993476,MQTT_QOS1,4,4,2,120,mqtt-qos1-main-4-120,success,68.827,408,221864,209036,110580,-41,1,
2026-09-04T10:34:18.262492,MQTT_QOS1,4,4,2,121,mqtt-qos1-main-4-121,success,91.164,409,221864,209036,110580,-43,1,
2026-09-04T10:34:18.553820,MQTT_QOS1,4,4,2,122,mqtt-qos1-main-4-122,success,73.079,420,221864,209036,110580,-44,1,
2026-09-04T10:34:18.827045,MQTT_QOS1,4,4,2,123,mqtt-qos1-main-4-123,success,53.787,406,221864,209036,110580,-42,1,
2026-09-04T10:34:19.080979,MQTT_QOS1,4,4,2,124,mqtt-qos1-main-4-124,success,69.632,411,221864,209036,110580,-43,1,
2026-09-04T10:34:19.350766,MQTT_QOS1,4,4,2,125,mqtt-qos1-main-4-125,success,59.424,415,221864,209036,110580,-43,1,
2026-09-04T10:34:19.610344,MQTT_QOS1,4,4,2,126,mqtt-qos1-main-4-126,success,72.120,424,221864,209036,110580,-42,1,
2026-09-04T10:34:19.882619,MQTT_QOS1,4,4,2,127,mqtt-qos1-main-4-127,success,58.477,422,221572,209036,110580,-42,1,
2026-09-04T10:34:20.141258,MQTT_QOS1,4,4,2,128,mqtt-qos1-main-4-128,success,55.727,420,221864,209036,110580,-44,1,
2026-09-04T10:34:20.397138,MQTT_QOS1,4,4,2,129,mqtt-qos1-main-4-129,success,59.944,423,221864,209036,110580,-45,1,
2026-09-04T10:34:20.657233,MQTT_QOS1,4,4,2,130,mqtt-qos1-main-4-130,success,65.587,408,221864,209036,110580,-42,1,
2026-09-04T10:34:20.922974,MQTT_QOS1,4,4,2,131,mqtt-qos1-main-4-131,success,62.006,404,221864,209036,110580,-43,1,
2026-09-04T10:34:21.185149,MQTT_QOS1,4,4,2,132,mqtt-qos1-main-4-132,success,61.417,462,221660,209036,110580,-43,1,
2026-09-04T10:34:21.446732,MQTT_QOS1,4,4,2,133,mqtt-qos1-main-4-133,success,60.203,440,221572,209036,110580,-42,1,
2026-09-04T10:34:21.707089,MQTT_QOS1,4,4,2,134,mqtt-qos1-main-4-134,success,58.714,410,221864,209036,110580,-41,1,
2026-09-04T10:34:21.965960,MQTT_QOS1,4,4,2,135,mqtt-qos1-main-4-135,success,63.390,409,221864,209036,110580,-42,1,
2026-09-04T10:34:22.229518,MQTT_QOS1,4,4,2,136,mqtt-qos1-main-4-136,success,59.763,420,221864,209036,110580,-43,1,
2026-09-04T10:34:22.489433,MQTT_QOS1,4,4,2,137,mqtt-qos1-main-4-137,success,65.018,418,221864,209036,110580,-44,1,
2026-09-04T10:34:22.754597,MQTT_QOS1,4,4,2,138,mqtt-qos1-main-4-138,success,95.258,578,221660,209036,110580,-41,1,
2026-09-04T10:34:23.050016,MQTT_QOS1,4,4,2,139,mqtt-qos1-main-4-139,success,74.057,422,221864,209036,110580,-45,1,
2026-09-04T10:34:23.324229,MQTT_QOS1,4,4,2,140,mqtt-qos1-main-4-140,success,64.801,560,221864,209036,110580,-46,1,
2026-09-04T10:34:23.589208,MQTT_QOS1,4,4,2,141,mqtt-qos1-main-4-141,success,70.610,432,221864,209036,110580,-44,1,
2026-09-04T10:34:23.859974,MQTT_QOS1,4,4,2,142,mqtt-qos1-main-4-142,success,57.239,410,221864,209036,110580,-44,1,
2026-09-04T10:34:24.117375,MQTT_QOS1,4,4,2,143,mqtt-qos1-main-4-143,success,63.276,418,221864,209036,110580,-44,1,
2026-09-04T10:34:24.380800,MQTT_QOS1,4,4,2,144,mqtt-qos1-main-4-144,success,61.924,410,221864,209036,110580,-44,1,
2026-09-04T10:34:24.642877,MQTT_QOS1,4,4,2,145,mqtt-qos1-main-4-145,success,58.499,425,221572,209036,110580,-43,1,
2026-09-04T10:34:24.901535,MQTT_QOS1,4,4,2,146,mqtt-qos1-main-4-146,success,55.641,412,221864,209036,110580,-42,1,
2026-09-04T10:34:25.157344,MQTT_QOS1,4,4,2,147,mqtt-qos1-main-4-147,success,61.111,415,221864,209036,110580,-43,1,
2026-09-04T10:34:25.418611,MQTT_QOS1,4,4,2,148,mqtt-qos1-main-4-148,success,58.833,415,221864,209036,110580,-40,1,
2026-09-04T10:34:25.677598,MQTT_QOS1,4,4,2,149,mqtt-qos1-main-4-149,success,60.220,409,221864,209036,110580,-39,1,
2026-09-04T10:34:25.937975,MQTT_QOS1,4,4,2,150,mqtt-qos1-main-4-150,success,62.377,429,221864,209036,110580,-42,1,
2026-09-04T10:34:26.200512,MQTT_QOS1,4,4,2,151,mqtt-qos1-main-4-151,success,57.343,410,221864,209036,110580,-40,1,
2026-09-04T10:34:26.458007,MQTT_QOS1,4,4,2,152,mqtt-qos1-main-4-152,success,58.732,463,221864,209036,110580,-39,1,
2026-09-04T10:34:26.716896,MQTT_QOS1,4,4,2,153,mqtt-qos1-main-4-153,success,56.799,418,221864,209036,110580,-41,1,
2026-09-04T10:34:26.973844,MQTT_QOS1,4,4,2,154,mqtt-qos1-main-4-154,success,58.781,408,221864,209036,110580,-40,1,
2026-09-04T10:34:27.232786,MQTT_QOS1,4,4,2,155,mqtt-qos1-main-4-155,success,55.896,416,221864,209036,110580,-40,1,
2026-09-04T10:34:27.488841,MQTT_QOS1,4,4,2,156,mqtt-qos1-main-4-156,success,57.287,418,221864,209036,110580,-41,1,
2026-09-04T10:34:27.746284,MQTT_QOS1,4,4,2,157,mqtt-qos1-main-4-157,success,58.353,411,221864,209036,110580,-40,1,
2026-09-04T10:34:28.004807,MQTT_QOS1,4,4,2,158,mqtt-qos1-main-4-158,success,61.843,548,221660,209036,110580,-41,1,
2026-09-04T10:34:28.266830,MQTT_QOS1,4,4,2,159,mqtt-qos1-main-4-159,success,86.434,464,221864,209036,110580,-41,1,
2026-09-04T10:34:28.553428,MQTT_QOS1,4,4,2,160,mqtt-qos1-main-4-160,success,67.065,412,221864,209036,110580,-42,1,
2026-09-04T10:34:28.820679,MQTT_QOS1,4,4,2,161,mqtt-qos1-main-4-161,success,58.397,422,221864,209036,110580,-43,1,
2026-09-04T10:34:29.079249,MQTT_QOS1,4,4,2,162,mqtt-qos1-main-4-162,success,53.787,417,221864,209036,110580,-42,1,
2026-09-04T10:34:29.333199,MQTT_QOS1,4,4,2,163,mqtt-qos1-main-4-163,success,56.897,408,221864,209036,110580,-43,1,
2026-09-04T10:34:29.590261,MQTT_QOS1,4,4,2,164,mqtt-qos1-main-4-164,success,58.920,423,221864,209036,110580,-43,1,
2026-09-04T10:34:29.849333,MQTT_QOS1,4,4,2,165,mqtt-qos1-main-4-165,success,55.438,409,221864,209036,110580,-43,1,
2026-09-04T10:34:30.104931,MQTT_QOS1,4,4,2,166,mqtt-qos1-main-4-166,success,57.670,408,221864,209036,110580,-43,1,
2026-09-04T10:34:30.362737,MQTT_QOS1,4,4,2,167,mqtt-qos1-main-4-167,success,62.785,440,221864,209036,110580,-43,1,
2026-09-04T10:34:30.625681,MQTT_QOS1,4,4,2,168,mqtt-qos1-main-4-168,success,63.125,408,221864,209036,110580,-43,1,
2026-09-04T10:34:30.888958,MQTT_QOS1,4,4,2,169,mqtt-qos1-main-4-169,success,60.239,409,221864,209036,110580,-42,1,
2026-09-04T10:34:31.149361,MQTT_QOS1,4,4,2,170,mqtt-qos1-main-4-170,success,60.743,408,221864,209036,110580,-42,1,
2026-09-04T10:34:31.410259,MQTT_QOS1,4,4,2,171,mqtt-qos1-main-4-171,success,80.187,406,221864,209036,110580,-42,1,
2026-09-04T10:34:31.690596,MQTT_QOS1,4,4,2,172,mqtt-qos1-main-4-172,success,58.236,416,221864,209036,110580,-42,1,
2026-09-04T10:34:31.948985,MQTT_QOS1,4,4,2,173,mqtt-qos1-main-4-173,success,56.061,410,221864,209036,110580,-41,1,
2026-09-04T10:34:32.205212,MQTT_QOS1,4,4,2,174,mqtt-qos1-main-4-174,success,56.800,408,221864,209036,110580,-42,1,
2026-09-04T10:34:32.462163,MQTT_QOS1,4,4,2,175,mqtt-qos1-main-4-175,success,59.604,422,221864,209036,110580,-41,1,
2026-09-04T10:34:32.721924,MQTT_QOS1,4,4,2,176,mqtt-qos1-main-4-176,success,56.103,417,221864,209036,110580,-41,1,
2026-09-04T10:34:32.978192,MQTT_QOS1,4,4,2,177,mqtt-qos1-main-4-177,success,59.665,434,221864,209036,110580,-41,1,
2026-09-04T10:34:33.238022,MQTT_QOS1,4,4,2,178,mqtt-qos1-main-4-178,success,56.196,472,221864,209036,110580,-41,1,
2026-09-04T10:34:33.494369,MQTT_QOS1,4,4,2,179,mqtt-qos1-main-4-179,success,58.329,416,221864,209036,110580,-42,1,
2026-09-04T10:34:33.752848,MQTT_QOS1,4,4,2,180,mqtt-qos1-main-4-180,success,56.498,408,221864,209036,110580,-40,1,
2026-09-04T10:34:34.009554,MQTT_QOS1,4,4,2,181,mqtt-qos1-main-4-181,success,83.449,421,221864,209036,110580,-43,1,
2026-09-04T10:34:34.293183,MQTT_QOS1,4,4,2,182,mqtt-qos1-main-4-182,success,80.044,410,221864,209036,110580,-43,1,
2026-09-04T10:34:34.573396,MQTT_QOS1,4,4,2,183,mqtt-qos1-main-4-183,success,56.319,408,221864,209036,110580,-43,1,
2026-09-04T10:34:34.829879,MQTT_QOS1,4,4,2,184,mqtt-qos1-main-4-184,success,55.977,458,221660,209036,110580,-44,1,
2026-09-04T10:34:35.086023,MQTT_QOS1,4,4,2,185,mqtt-qos1-main-4-185,success,58.530,411,221864,209036,110580,-44,1,
2026-09-04T10:34:35.344718,MQTT_QOS1,4,4,2,186,mqtt-qos1-main-4-186,success,56.041,419,221864,209036,110580,-41,1,
2026-09-04T10:34:35.600911,MQTT_QOS1,4,4,2,187,mqtt-qos1-main-4-187,success,58.193,411,221864,209036,110580,-45,1,
2026-09-04T10:34:35.859255,MQTT_QOS1,4,4,2,188,mqtt-qos1-main-4-188,success,58.331,410,221864,209036,110580,-44,1,
2026-09-04T10:34:36.117750,MQTT_QOS1,4,4,2,189,mqtt-qos1-main-4-189,success,67.532,424,221864,209036,110580,-42,1,
2026-09-04T10:34:36.385438,MQTT_QOS1,4,4,2,190,mqtt-qos1-main-4-190,success,61.679,408,221864,209036,110580,-41,1,
2026-09-04T10:34:36.647274,MQTT_QOS1,4,4,2,191,mqtt-qos1-main-4-191,success,57.719,420,221864,209036,110580,-43,1,
2026-09-04T10:34:36.905147,MQTT_QOS1,4,4,2,192,mqtt-qos1-main-4-192,success,61.099,410,221864,209036,110580,-41,1,
2026-09-04T10:34:37.166413,MQTT_QOS1,4,4,2,193,mqtt-qos1-main-4-193,success,77.467,426,219428,209036,110580,-42,1,
2026-09-04T10:34:37.444037,MQTT_QOS1,4,4,2,194,mqtt-qos1-main-4-194,success,56.930,407,221864,209036,110580,-42,1,
2026-09-04T10:34:37.701122,MQTT_QOS1,4,4,2,195,mqtt-qos1-main-4-195,success,59.704,409,221864,209036,110580,-42,1,
2026-09-04T10:34:37.960980,MQTT_QOS1,4,4,2,196,mqtt-qos1-main-4-196,success,58.631,408,221864,209036,110580,-41,1,
2026-09-04T10:34:38.219775,MQTT_QOS1,4,4,2,197,mqtt-qos1-main-4-197,success,53.115,410,221864,209036,110580,-41,1,
2026-09-04T10:34:38.473048,MQTT_QOS1,4,4,2,198,mqtt-qos1-main-4-198,success,56.479,417,221864,209036,110580,-41,1,
2026-09-04T10:34:38.729681,MQTT_QOS1,4,4,2,199,mqtt-qos1-main-4-199,success,59.204,408,221864,209036,110580,-41,1,
2026-09-04T10:34:38.989061,MQTT_QOS1,4,4,2,200,mqtt-qos1-main-4-200,success,66.147,410,221864,209036,110580,-42,1,
2026-09-04T10:35:28.371962,MQTT_QOS1,5,5,1,1,mqtt-qos1-main-5-1,success,12.318,410,221864,209036,110580,-41,1,
2026-09-04T10:35:28.584500,MQTT_QOS1,5,5,1,2,mqtt-qos1-main-5-2,success,59.056,408,221864,209036,110580,-45,1,
2026-09-04T10:35:28.843731,MQTT_QOS1,5,5,1,3,mqtt-qos1-main-5-3,success,53.931,417,221864,209036,110580,-43,1,
2026-09-04T10:35:29.097838,MQTT_QOS1,5,5,1,4,mqtt-qos1-main-5-4,success,57.278,405,221864,209036,110580,-45,1,
2026-09-04T10:35:29.355273,MQTT_QOS1,5,5,1,5,mqtt-qos1-main-5-5,success,59.185,422,221572,209036,110580,-43,1,
2026-09-04T10:35:29.614611,MQTT_QOS1,5,5,1,6,mqtt-qos1-main-5-6,success,58.284,414,221572,209036,110580,-44,1,
2026-09-04T10:35:29.873053,MQTT_QOS1,5,5,1,7,mqtt-qos1-main-5-7,success,55.920,411,221864,209036,110580,-44,1,
2026-09-04T10:35:30.129141,MQTT_QOS1,5,5,1,8,mqtt-qos1-main-5-8,success,60.542,405,221864,209036,110580,-45,1,
2026-09-04T10:35:30.389843,MQTT_QOS1,5,5,1,9,mqtt-qos1-main-5-9,success,59.059,417,221864,209036,110580,-43,1,
2026-09-04T10:35:30.649052,MQTT_QOS1,5,5,1,10,mqtt-qos1-main-5-10,success,60.907,405,221864,209036,110580,-45,1,
2026-09-04T10:35:30.910111,MQTT_QOS1,5,5,1,11,mqtt-qos1-main-5-11,success,69.799,419,221572,209036,110580,-41,1,
2026-09-04T10:35:31.180063,MQTT_QOS1,5,5,1,12,mqtt-qos1-main-5-12,success,56.855,414,219428,209036,110580,-44,1,
2026-09-04T10:35:31.437071,MQTT_QOS1,5,5,1,13,mqtt-qos1-main-5-13,success,56.337,419,221864,209036,110580,-43,1,
2026-09-04T10:35:31.693558,MQTT_QOS1,5,5,1,14,mqtt-qos1-main-5-14,success,55.678,404,221864,209036,110580,-41,1,
2026-09-04T10:35:31.949385,MQTT_QOS1,5,5,1,15,mqtt-qos1-main-5-15,success,59.959,417,221864,209036,110580,-43,1,
2026-09-04T10:35:32.209504,MQTT_QOS1,5,5,1,16,mqtt-qos1-main-5-16,success,60.822,404,221864,209036,110580,-41,1,
2026-09-04T10:35:32.470480,MQTT_QOS1,5,5,1,17,mqtt-qos1-main-5-17,success,60.568,552,221660,209036,110580,-44,1,
2026-09-04T10:35:32.731195,MQTT_QOS1,5,5,1,18,mqtt-qos1-main-5-18,success,61.383,409,221864,209036,110580,-45,1,
2026-09-04T10:35:32.992733,MQTT_QOS1,5,5,1,19,mqtt-qos1-main-5-19,success,60.193,425,221864,209036,110580,-43,1,
2026-09-04T10:35:33.253078,MQTT_QOS1,5,5,1,20,mqtt-qos1-main-5-20,success,57.295,418,221864,209036,110580,-42,1,
2026-09-04T10:35:33.510549,MQTT_QOS1,5,5,1,21,mqtt-qos1-main-5-21,success,59.294,409,221864,209036,110580,-43,1,
2026-09-04T10:35:33.769988,MQTT_QOS1,5,5,1,22,mqtt-qos1-main-5-22,success,86.169,567,221660,209036,110580,-40,1,
2026-09-04T10:35:34.056339,MQTT_QOS1,5,5,1,23,mqtt-qos1-main-5-23,success,77.406,429,221864,209036,110580,-41,1,
2026-09-04T10:35:34.333908,MQTT_QOS1,5,5,1,24,mqtt-qos1-main-5-24,success,52.000,410,221864,209036,110580,-43,1,
2026-09-04T10:35:34.586063,MQTT_QOS1,5,5,1,25,mqtt-qos1-main-5-25,success,60.395,413,221864,209036,110580,-44,1,
2026-09-04T10:35:34.846612,MQTT_QOS1,5,5,1,26,mqtt-qos1-main-5-26,success,54.286,414,221864,209036,110580,-42,1,
2026-09-04T10:35:35.101055,MQTT_QOS1,5,5,1,27,mqtt-qos1-main-5-27,success,60.045,420,221864,209036,110580,-42,1,
2026-09-04T10:35:35.361247,MQTT_QOS1,5,5,1,28,mqtt-qos1-main-5-28,success,66.298,417,221864,209036,110580,-42,1,
2026-09-04T10:35:35.627693,MQTT_QOS1,5,5,1,29,mqtt-qos1-main-5-29,success,57.981,410,221864,209036,110580,-40,1,
2026-09-04T10:35:35.885821,MQTT_QOS1,5,5,1,30,mqtt-qos1-main-5-30,success,59.157,408,221864,209036,110580,-42,1,
2026-09-04T10:35:36.145134,MQTT_QOS1,5,5,1,31,mqtt-qos1-main-5-31,success,56.111,450,221864,209036,110580,-40,1,
2026-09-04T10:35:36.401400,MQTT_QOS1,5,5,1,32,mqtt-qos1-main-5-32,success,55.809,420,221572,209036,110580,-41,1,
2026-09-04T10:35:36.657351,MQTT_QOS1,5,5,1,33,mqtt-qos1-main-5-33,success,60.486,408,221864,209036,110580,-42,1,
2026-09-04T10:35:36.917993,MQTT_QOS1,5,5,1,34,mqtt-qos1-main-5-34,success,66.427,409,221864,209036,110580,-43,1,
2026-09-04T10:35:37.184577,MQTT_QOS1,5,5,1,35,mqtt-qos1-main-5-35,success,57.327,420,221864,209036,110580,-41,1,
2026-09-04T10:35:37.442059,MQTT_QOS1,5,5,1,36,mqtt-qos1-main-5-36,success,59.782,408,221864,209036,110580,-41,1,
2026-09-04T10:35:37.702000,MQTT_QOS1,5,5,1,37,mqtt-qos1-main-5-37,success,59.802,420,221864,209036,110580,-43,1,
2026-09-04T10:35:37.961953,MQTT_QOS1,5,5,1,38,mqtt-qos1-main-5-38,success,62.594,409,221864,209036,110580,-43,1,
2026-09-04T10:35:38.224705,MQTT_QOS1,5,5,1,39,mqtt-qos1-main-5-39,success,57.180,411,221864,209036,110580,-43,1,
2026-09-04T10:35:38.482037,MQTT_QOS1,5,5,1,40,mqtt-qos1-main-5-40,success,55.334,426,221572,209036,110580,-43,1,
2026-09-04T10:35:38.737557,MQTT_QOS1,5,5,1,41,mqtt-qos1-main-5-41,success,59.029,409,221864,209036,110580,-43,1,
2026-09-04T10:35:38.996754,MQTT_QOS1,5,5,1,42,mqtt-qos1-main-5-42,success,60.373,411,221864,209036,110580,-41,1,
2026-09-04T10:35:39.257283,MQTT_QOS1,5,5,1,43,mqtt-qos1-main-5-43,success,62.062,408,221864,209036,110580,-43,1,
2026-09-04T10:35:39.519499,MQTT_QOS1,5,5,1,44,mqtt-qos1-main-5-44,success,89.694,420,221660,209036,110580,-42,1,
2026-09-04T10:35:39.809334,MQTT_QOS1,5,5,1,45,mqtt-qos1-main-5-45,success,65.735,408,221864,209036,110580,-41,1,
2026-09-04T10:35:40.075245,MQTT_QOS1,5,5,1,46,mqtt-qos1-main-5-46,success,55.122,411,221864,209036,110580,-40,1,
2026-09-04T10:35:40.330525,MQTT_QOS1,5,5,1,47,mqtt-qos1-main-5-47,success,59.094,420,221864,209036,110580,-41,1,
2026-09-04T10:35:40.589766,MQTT_QOS1,5,5,1,48,mqtt-qos1-main-5-48,success,61.069,411,221864,209036,110580,-40,1,
2026-09-04T10:35:40.850981,MQTT_QOS1,5,5,1,49,mqtt-qos1-main-5-49,success,53.664,420,219688,209036,110580,-41,1,
2026-09-04T10:35:41.104799,MQTT_QOS1,5,5,1,50,mqtt-qos1-main-5-50,success,62.685,420,222124,209036,110580,-42,1,
2026-09-04T10:35:41.367637,MQTT_QOS1,5,5,1,51,mqtt-qos1-main-5-51,success,58.182,417,222904,209036,110580,-42,1,
2026-09-04T10:35:41.625968,MQTT_QOS1,5,5,1,52,mqtt-qos1-main-5-52,success,60.479,410,222904,209036,110580,-43,1,
2026-09-04T10:35:41.886596,MQTT_QOS1,5,5,1,53,mqtt-qos1-main-5-53,success,58.554,404,223424,209036,110580,-41,1,
2026-09-04T10:35:42.145309,MQTT_QOS1,5,5,1,54,mqtt-qos1-main-5-54,success,62.992,421,223424,209036,110580,-42,1,
2026-09-04T10:35:42.408452,MQTT_QOS1,5,5,1,55,mqtt-qos1-main-5-55,success,60.995,418,223944,209036,110580,-41,1,
2026-09-04T10:35:42.669596,MQTT_QOS1,5,5,1,56,mqtt-qos1-main-5-56,success,68.647,429,223652,209036,110580,-38,1,
2026-09-04T10:35:42.938390,MQTT_QOS1,5,5,1,57,mqtt-qos1-main-5-57,success,70.383,403,224464,209036,110580,-37,1,
2026-09-04T10:35:43.208928,MQTT_QOS1,5,5,1,58,mqtt-qos1-main-5-58,success,59.559,408,224464,209036,110580,-39,1,
2026-09-04T10:35:43.468628,MQTT_QOS1,5,5,1,59,mqtt-qos1-main-5-59,success,57.085,402,225244,209036,110580,-41,1,
2026-09-04T10:35:43.725852,MQTT_QOS1,5,5,1,60,mqtt-qos1-main-5-60,success,59.550,412,225244,209036,110580,-38,1,
2026-09-04T10:35:43.985583,MQTT_QOS1,5,5,1,61,mqtt-qos1-main-5-61,success,61.025,407,225764,209036,110580,-40,1,
2026-09-04T10:35:44.246766,MQTT_QOS1,5,5,1,62,mqtt-qos1-main-5-62,success,65.524,404,225764,209036,110580,-40,1,
2026-09-04T10:35:44.512438,MQTT_QOS1,5,5,1,63,mqtt-qos1-main-5-63,success,56.682,402,225764,209036,110580,-38,1,
2026-09-04T10:35:44.769264,MQTT_QOS1,5,5,1,64,mqtt-qos1-main-5-64,success,92.132,407,225764,209036,110580,-39,1,
2026-09-04T10:35:45.061563,MQTT_QOS1,5,5,1,65,mqtt-qos1-main-5-65,success,71.299,405,225764,209036,110580,-42,1,
2026-09-04T10:35:45.333017,MQTT_QOS1,5,5,1,66,mqtt-qos1-main-5-66,success,56.141,408,225764,209036,110580,-39,1,
2026-09-04T10:35:45.589305,MQTT_QOS1,5,5,1,67,mqtt-qos1-main-5-67,success,57.262,405,225764,209036,110580,-41,1,
2026-09-04T10:35:45.846714,MQTT_QOS1,5,5,1,68,mqtt-qos1-main-5-68,success,56.200,440,225764,209036,110580,-40,1,
2026-09-04T10:35:46.103077,MQTT_QOS1,5,5,1,69,mqtt-qos1-main-5-69,success,59.271,403,225764,209036,110580,-39,1,
2026-09-04T10:35:46.362500,MQTT_QOS1,5,5,1,70,mqtt-qos1-main-5-70,success,60.027,408,225764,209036,110580,-39,1,
2026-09-04T10:35:46.622676,MQTT_QOS1,5,5,1,71,mqtt-qos1-main-5-71,success,58.359,478,225268,209036,110580,-37,1,
2026-09-04T10:35:46.881187,MQTT_QOS1,5,5,1,72,mqtt-qos1-main-5-72,success,64.885,411,225764,209036,110580,-41,1,
2026-09-04T10:35:47.146227,MQTT_QOS1,5,5,1,73,mqtt-qos1-main-5-73,success,60.264,407,225764,209036,110580,-41,1,
2026-09-04T10:35:47.406645,MQTT_QOS1,5,5,1,74,mqtt-qos1-main-5-74,success,60.383,401,225764,209036,110580,-38,1,
2026-09-04T10:35:47.667187,MQTT_QOS1,5,5,1,75,mqtt-qos1-main-5-75,success,60.672,406,225764,209036,110580,-39,1,
2026-09-04T10:35:47.928016,MQTT_QOS1,5,5,1,76,mqtt-qos1-main-5-76,success,57.869,399,225764,209036,110580,-40,1,
2026-09-04T10:35:48.186050,MQTT_QOS1,5,5,1,77,mqtt-qos1-main-5-77,success,54.954,413,225764,209036,110580,-39,1,
2026-09-04T10:35:48.441155,MQTT_QOS1,5,5,1,78,mqtt-qos1-main-5-78,success,59.520,409,225764,209036,110580,-40,1,
2026-09-04T10:35:48.700833,MQTT_QOS1,5,5,1,79,mqtt-qos1-main-5-79,success,63.164,407,225764,209036,110580,-39,1,
2026-09-04T10:35:48.964151,MQTT_QOS1,5,5,1,80,mqtt-qos1-main-5-80,success,56.628,412,225764,209036,110580,-40,1,
2026-09-04T10:35:49.220975,MQTT_QOS1,5,5,1,81,mqtt-qos1-main-5-81,success,55.655,406,225764,209036,110580,-39,1,
2026-09-04T10:35:49.476785,MQTT_QOS1,5,5,1,82,mqtt-qos1-main-5-82,success,59.000,400,225764,209036,110580,-40,1,
2026-09-04T10:35:49.735938,MQTT_QOS1,5,5,1,83,mqtt-qos1-main-5-83,success,63.381,422,225764,209036,110580,-40,1,
2026-09-04T10:35:49.999476,MQTT_QOS1,5,5,1,84,mqtt-qos1-main-5-84,success,58.081,402,225764,209036,110580,-38,1,
2026-09-04T10:35:50.257714,MQTT_QOS1,5,5,1,85,mqtt-qos1-main-5-85,success,55.679,418,225764,209036,110580,-40,1,
2026-09-04T10:35:50.513540,MQTT_QOS1,5,5,1,86,mqtt-qos1-main-5-86,success,55.776,405,225764,209036,110580,-41,1,
2026-09-04T10:35:50.769465,MQTT_QOS1,5,5,1,87,mqtt-qos1-main-5-87,success,81.657,410,225764,209036,110580,-41,1,
2026-09-04T10:35:51.051285,MQTT_QOS1,5,5,1,88,mqtt-qos1-main-5-88,success,79.919,473,225764,209036,110580,-38,1,
2026-09-04T10:35:51.331357,MQTT_QOS1,5,5,1,89,mqtt-qos1-main-5-89,success,54.440,409,225764,209036,110580,-39,1,
2026-09-04T10:35:51.585941,MQTT_QOS1,5,5,1,90,mqtt-qos1-main-5-90,success,55.159,438,225764,209036,110580,-40,1,
2026-09-04T10:35:51.841246,MQTT_QOS1,5,5,1,91,mqtt-qos1-main-5-91,success,72.775,408,225764,209036,110580,-40,1,
2026-09-04T10:35:52.114174,MQTT_QOS1,5,5,1,92,mqtt-qos1-main-5-92,success,59.786,418,225764,209036,110580,-40,1,
2026-09-04T10:35:52.374122,MQTT_QOS1,5,5,1,93,mqtt-qos1-main-5-93,success,59.203,413,225764,209036,110580,-38,1,
2026-09-04T10:35:52.633478,MQTT_QOS1,5,5,1,94,mqtt-qos1-main-5-94,success,56.009,399,225764,209036,110580,-39,1,
2026-09-04T10:35:52.889647,MQTT_QOS1,5,5,1,95,mqtt-qos1-main-5-95,success,58.853,419,225764,209036,110580,-37,1,
2026-09-04T10:35:53.148654,MQTT_QOS1,5,5,1,96,mqtt-qos1-main-5-96,success,56.587,408,225764,209036,110580,-39,1,
2026-09-04T10:35:53.405390,MQTT_QOS1,5,5,1,97,mqtt-qos1-main-5-97,success,55.821,419,225472,209036,110580,-39,1,
2026-09-04T10:35:53.661357,MQTT_QOS1,5,5,1,98,mqtt-qos1-main-5-98,success,62.348,457,225560,209036,110580,-39,1,
2026-09-04T10:35:53.923854,MQTT_QOS1,5,5,1,99,mqtt-qos1-main-5-99,success,58.785,401,225764,209036,110580,-39,1,
2026-09-04T10:35:54.182797,MQTT_QOS1,5,5,1,100,mqtt-qos1-main-5-100,success,59.541,411,225764,209036,110580,-40,1,
2026-09-04T10:35:54.442524,MQTT_QOS1,5,5,1,101,mqtt-qos1-main-5-101,success,59.006,407,225764,209036,110580,-40,1,
2026-09-04T10:35:54.701677,MQTT_QOS1,5,5,1,102,mqtt-qos1-main-5-102,success,55.590,415,225764,209036,110580,-40,1,
2026-09-04T10:35:54.957411,MQTT_QOS1,5,5,1,103,mqtt-qos1-main-5-103,success,59.384,403,225764,209036,110580,-41,1,
2026-09-04T10:35:55.216947,MQTT_QOS1,5,5,1,104,mqtt-qos1-main-5-104,success,59.639,411,225764,209036,110580,-41,1,
2026-09-04T10:35:55.476734,MQTT_QOS1,5,5,1,105,mqtt-qos1-main-5-105,success,57.380,402,225764,209036,110580,-39,1,
2026-09-04T10:35:55.734258,MQTT_QOS1,5,5,1,106,mqtt-qos1-main-5-106,success,55.192,412,225764,209036,110580,-42,1,
2026-09-04T10:35:55.989609,MQTT_QOS1,5,5,1,107,mqtt-qos1-main-5-107,success,59.712,402,225764,209036,110580,-43,1,
2026-09-04T10:35:56.249476,MQTT_QOS1,5,5,1,108,mqtt-qos1-main-5-108,success,58.854,404,225764,209036,110580,-38,1,
2026-09-04T10:35:56.508481,MQTT_QOS1,5,5,1,109,mqtt-qos1-main-5-109,success,52.485,417,223328,209036,110580,-40,1,
2026-09-04T10:35:56.761116,MQTT_QOS1,5,5,1,110,mqtt-qos1-main-5-110,success,57.509,415,225764,209036,110580,-41,1,
2026-09-04T10:35:57.018793,MQTT_QOS1,5,5,1,111,mqtt-qos1-main-5-111,success,80.534,420,225268,209036,110580,-41,1,
2026-09-04T10:35:57.299478,MQTT_QOS1,5,5,1,112,mqtt-qos1-main-5-112,success,82.365,408,225764,209036,110580,-42,1,
2026-09-04T10:35:57.581993,MQTT_QOS1,5,5,1,113,mqtt-qos1-main-5-113,success,59.138,405,225764,209036,110580,-44,1,
2026-09-04T10:35:57.841275,MQTT_QOS1,5,5,1,114,mqtt-qos1-main-5-114,success,61.336,438,225736,209036,110580,-42,1,
2026-09-04T10:35:58.102771,MQTT_QOS1,5,5,1,115,mqtt-qos1-main-5-115,success,59.341,414,225764,209036,110580,-41,1,
2026-09-04T10:35:58.362264,MQTT_QOS1,5,5,1,116,mqtt-qos1-main-5-116,success,60.008,418,225764,209036,110580,-43,1,
2026-09-04T10:35:58.622417,MQTT_QOS1,5,5,1,117,mqtt-qos1-main-5-117,success,58.952,406,225764,209036,110580,-43,1,
2026-09-04T10:35:58.881511,MQTT_QOS1,5,5,1,118,mqtt-qos1-main-5-118,success,59.566,417,225764,209036,110580,-42,1,
2026-09-04T10:35:59.141230,MQTT_QOS1,5,5,1,119,mqtt-qos1-main-5-119,success,55.619,415,225472,209036,110580,-42,1,
2026-09-04T10:35:59.396995,MQTT_QOS1,5,5,1,120,mqtt-qos1-main-5-120,success,70.601,417,225472,209036,110580,-43,1,
2026-09-04T10:35:59.667773,MQTT_QOS1,5,5,1,121,mqtt-qos1-main-5-121,success,57.812,418,223328,209036,110580,-42,1,
2026-09-04T10:35:59.925757,MQTT_QOS1,5,5,1,122,mqtt-qos1-main-5-122,success,57.579,408,225764,209036,110580,-42,1,
2026-09-04T10:36:00.183513,MQTT_QOS1,5,5,1,123,mqtt-qos1-main-5-123,success,57.974,408,225764,209036,110580,-41,1,
2026-09-04T10:36:00.441654,MQTT_QOS1,5,5,1,124,mqtt-qos1-main-5-124,success,55.070,460,225560,209036,110580,-41,1,
2026-09-04T10:36:00.696893,MQTT_QOS1,5,5,1,125,mqtt-qos1-main-5-125,success,55.877,405,225764,209036,110580,-41,1,
2026-09-04T10:36:00.952933,MQTT_QOS1,5,5,1,126,mqtt-qos1-main-5-126,success,55.501,455,225764,209036,110580,-42,1,
2026-09-04T10:36:01.208609,MQTT_QOS1,5,5,1,127,mqtt-qos1-main-5-127,success,59.176,419,225764,209036,110580,-43,1,
2026-09-04T10:36:01.467943,MQTT_QOS1,5,5,1,128,mqtt-qos1-main-5-128,success,58.107,404,225764,209036,110580,-42,1,
2026-09-04T10:36:01.726213,MQTT_QOS1,5,5,1,129,mqtt-qos1-main-5-129,success,79.386,418,225764,209036,110580,-42,1,
2026-09-04T10:36:02.005765,MQTT_QOS1,5,5,1,130,mqtt-qos1-main-5-130,success,59.323,403,225764,209036,110580,-43,1,
2026-09-04T10:36:02.265249,MQTT_QOS1,5,5,1,131,mqtt-qos1-main-5-131,success,100.031,411,225764,209036,110580,-42,1,
2026-09-04T10:36:02.565435,MQTT_QOS1,5,5,1,132,mqtt-qos1-main-5-132,success,63.205,407,225764,209036,110580,-43,1,
2026-09-04T10:36:02.828799,MQTT_QOS1,5,5,1,133,mqtt-qos1-main-5-133,success,57.869,455,225764,209036,110580,-42,1,
2026-09-04T10:36:03.086848,MQTT_QOS1,5,5,1,134,mqtt-qos1-main-5-134,success,57.265,420,225764,209036,110580,-42,1,
2026-09-04T10:36:03.344271,MQTT_QOS1,5,5,1,135,mqtt-qos1-main-5-135,success,53.300,477,225764,209036,110580,-43,1,
2026-09-04T10:36:03.597720,MQTT_QOS1,5,5,1,136,mqtt-qos1-main-5-136,success,55.037,402,225764,209036,110580,-43,1,
2026-09-04T10:36:03.852918,MQTT_QOS1,5,5,1,137,mqtt-qos1-main-5-137,success,73.189,478,225764,209036,110580,-42,1,
2026-09-04T10:36:04.126295,MQTT_QOS1,5,5,1,138,mqtt-qos1-main-5-138,success,62.163,404,225764,209036,110580,-40,1,
2026-09-04T10:36:04.388616,MQTT_QOS1,5,5,1,139,mqtt-qos1-main-5-139,success,62.082,410,225764,209036,110580,-42,1,
2026-09-04T10:36:04.650857,MQTT_QOS1,5,5,1,140,mqtt-qos1-main-5-140,success,61.617,417,225764,209036,110580,-41,1,
2026-09-04T10:36:04.912661,MQTT_QOS1,5,5,1,141,mqtt-qos1-main-5-141,success,56.450,418,225764,209036,110580,-41,1,
2026-09-04T10:36:05.169283,MQTT_QOS1,5,5,1,142,mqtt-qos1-main-5-142,success,60.288,422,225764,209036,110580,-42,1,
2026-09-04T10:36:05.429720,MQTT_QOS1,5,5,1,143,mqtt-qos1-main-5-143,success,55.108,422,225764,209036,110580,-41,1,
2026-09-04T10:36:05.684972,MQTT_QOS1,5,5,1,144,mqtt-qos1-main-5-144,success,56.550,417,225764,209036,110580,-42,1,
2026-09-04T10:36:05.941662,MQTT_QOS1,5,5,1,145,mqtt-qos1-main-5-145,success,58.972,417,225764,209036,110580,-41,1,
2026-09-04T10:36:06.200797,MQTT_QOS1,5,5,1,146,mqtt-qos1-main-5-146,success,57.075,411,225764,209036,110580,-42,1,
2026-09-04T10:36:06.458016,MQTT_QOS1,5,5,1,147,mqtt-qos1-main-5-147,success,59.106,408,225764,209036,110580,-41,1,
2026-09-04T10:36:06.717268,MQTT_QOS1,5,5,1,148,mqtt-qos1-main-5-148,success,60.111,410,225764,209036,110580,-42,1,
2026-09-04T10:36:06.977522,MQTT_QOS1,5,5,1,149,mqtt-qos1-main-5-149,success,59.224,421,225764,209036,110580,-42,1,
2026-09-04T10:36:07.236912,MQTT_QOS1,5,5,1,150,mqtt-qos1-main-5-150,success,61.699,466,225560,209036,110580,-40,1,
2026-09-04T10:36:07.498759,MQTT_QOS1,5,5,1,151,mqtt-qos1-main-5-151,success,59.751,413,225764,209036,110580,-41,1,
2026-09-04T10:36:07.758652,MQTT_QOS1,5,5,1,152,mqtt-qos1-main-5-152,success,58.331,419,225764,209036,110580,-41,1,
2026-09-04T10:36:08.017140,MQTT_QOS1,5,5,1,153,mqtt-qos1-main-5-153,success,87.975,452,225764,209036,110580,-42,1,
2026-09-04T10:36:08.305278,MQTT_QOS1,5,5,1,154,mqtt-qos1-main-5-154,success,75.438,421,223328,209036,110580,-41,1,
2026-09-04T10:36:08.580869,MQTT_QOS1,5,5,1,155,mqtt-qos1-main-5-155,success,58.911,406,225764,209036,110580,-41,1,
2026-09-04T10:36:08.839941,MQTT_QOS1,5,5,1,156,mqtt-qos1-main-5-156,success,52.981,421,225764,209036,110580,-43,1,
2026-09-04T10:36:09.093090,MQTT_QOS1,5,5,1,157,mqtt-qos1-main-5-157,success,62.406,440,225764,209036,110580,-41,1,
2026-09-04T10:36:09.355647,MQTT_QOS1,5,5,1,158,mqtt-qos1-main-5-158,success,69.772,407,225764,209036,110580,-42,1,
2026-09-04T10:36:09.625566,MQTT_QOS1,5,5,1,159,mqtt-qos1-main-5-159,success,60.417,404,225764,209036,110580,-41,1,
2026-09-04T10:36:09.886137,MQTT_QOS1,5,5,1,160,mqtt-qos1-main-5-160,success,59.008,404,225764,209036,110580,-42,1,
2026-09-04T10:36:10.145344,MQTT_QOS1,5,5,1,161,mqtt-qos1-main-5-161,success,60.127,401,225764,209036,110580,-41,1,
2026-09-04T10:36:10.405623,MQTT_QOS1,5,5,1,162,mqtt-qos1-main-5-162,success,55.199,404,225764,209036,110580,-42,1,
2026-09-04T10:36:10.660968,MQTT_QOS1,5,5,1,163,mqtt-qos1-main-5-163,success,59.437,414,225764,209036,110580,-41,1,
2026-09-04T10:36:10.920553,MQTT_QOS1,5,5,1,164,mqtt-qos1-main-5-164,success,59.069,406,225764,209036,110580,-41,1,
2026-09-04T10:36:11.179787,MQTT_QOS1,5,5,1,165,mqtt-qos1-main-5-165,success,58.740,430,225764,209036,110580,-42,1,
2026-09-04T10:36:11.438679,MQTT_QOS1,5,5,1,166,mqtt-qos1-main-5-166,success,59.220,411,225764,209036,110580,-43,1,
2026-09-04T10:36:11.698046,MQTT_QOS1,5,5,1,167,mqtt-qos1-main-5-167,success,57.066,413,225764,209036,110580,-43,1,
2026-09-04T10:36:11.955264,MQTT_QOS1,5,5,1,168,mqtt-qos1-main-5-168,success,58.392,418,225764,209036,110580,-43,1,
2026-09-04T10:36:12.213821,MQTT_QOS1,5,5,1,169,mqtt-qos1-main-5-169,success,59.780,403,225764,209036,110580,-41,1,
2026-09-04T10:36:12.473746,MQTT_QOS1,5,5,1,170,mqtt-qos1-main-5-170,success,63.001,412,225764,209036,110580,-42,1,
2026-09-04T10:36:12.736891,MQTT_QOS1,5,5,1,171,mqtt-qos1-main-5-171,success,55.962,414,225764,209036,110580,-42,1,
2026-09-04T10:36:12.993009,MQTT_QOS1,5,5,1,172,mqtt-qos1-main-5-172,success,62.503,433,225472,209036,110580,-43,1,
2026-09-04T10:36:13.255673,MQTT_QOS1,5,5,1,173,mqtt-qos1-main-5-173,success,62.686,419,225764,209036,110580,-43,1,
2026-09-04T10:36:13.518508,MQTT_QOS1,5,5,1,174,mqtt-qos1-main-5-174,success,59.613,407,225764,209036,110580,-41,1,
2026-09-04T10:36:13.778269,MQTT_QOS1,5,5,1,175,mqtt-qos1-main-5-175,success,87.677,460,225560,209036,110580,-42,1,
2026-09-04T10:36:14.066118,MQTT_QOS1,5,5,1,176,mqtt-qos1-main-5-176,success,70.752,440,225560,209036,110580,-41,1,
2026-09-04T10:36:14.337032,MQTT_QOS1,5,5,1,177,mqtt-qos1-main-5-177,success,55.714,416,225764,209036,110580,-42,1,
2026-09-04T10:36:14.592899,MQTT_QOS1,5,5,1,178,mqtt-qos1-main-5-178,success,58.595,430,225764,209036,110580,-43,1,
2026-09-04T10:36:14.851651,MQTT_QOS1,5,5,1,179,mqtt-qos1-main-5-179,success,51.117,470,225764,209036,110580,-43,1,
2026-09-04T10:36:15.102935,MQTT_QOS1,5,5,1,180,mqtt-qos1-main-5-180,success,60.281,411,225764,209036,110580,-42,1,
2026-09-04T10:36:15.363400,MQTT_QOS1,5,5,1,181,mqtt-qos1-main-5-181,success,61.726,411,225764,209036,110580,-43,1,
2026-09-04T10:36:15.625278,MQTT_QOS1,5,5,1,182,mqtt-qos1-main-5-182,success,56.372,413,225764,209036,110580,-43,1,
2026-09-04T10:36:15.881804,MQTT_QOS1,5,5,1,183,mqtt-qos1-main-5-183,success,56.127,407,225764,209036,110580,-43,1,
2026-09-04T10:36:16.138096,MQTT_QOS1,5,5,1,184,mqtt-qos1-main-5-184,success,66.560,413,225764,209036,110580,-42,1,
2026-09-04T10:36:16.404807,MQTT_QOS1,5,5,1,185,mqtt-qos1-main-5-185,success,57.778,508,225764,209036,110580,-42,1,
2026-09-04T10:36:16.662733,MQTT_QOS1,5,5,1,186,mqtt-qos1-main-5-186,success,62.398,430,225764,209036,110580,-42,1,
2026-09-04T10:36:16.925279,MQTT_QOS1,5,5,1,187,mqtt-qos1-main-5-187,success,63.417,406,225764,209036,110580,-43,1,
2026-09-04T10:36:17.188861,MQTT_QOS1,5,5,1,188,mqtt-qos1-main-5-188,success,56.613,405,225764,209036,110580,-42,1,
2026-09-04T10:36:17.445625,MQTT_QOS1,5,5,1,189,mqtt-qos1-main-5-189,success,55.454,471,225764,209036,110580,-42,1,
2026-09-04T10:36:17.701224,MQTT_QOS1,5,5,1,190,mqtt-qos1-main-5-190,success,56.749,404,225764,209036,110580,-42,1,
2026-09-04T10:36:17.958121,MQTT_QOS1,5,5,1,191,mqtt-qos1-main-5-191,success,61.162,419,225764,209036,110580,-43,1,
2026-09-04T10:36:18.219455,MQTT_QOS1,5,5,1,192,mqtt-qos1-main-5-192,success,53.952,406,225764,209036,110580,-42,1,
2026-09-04T10:36:18.473567,MQTT_QOS1,5,5,1,193,mqtt-qos1-main-5-193,success,63.170,407,225764,209036,110580,-42,1,
2026-09-04T10:36:18.736884,MQTT_QOS1,5,5,1,194,mqtt-qos1-main-5-194,success,59.744,404,225764,209036,110580,-42,1,
2026-09-04T10:36:18.996789,MQTT_QOS1,5,5,1,195,mqtt-qos1-main-5-195,success,56.729,419,225764,209036,110580,-43,1,
2026-09-04T10:36:19.253673,MQTT_QOS1,5,5,1,196,mqtt-qos1-main-5-196,success,55.264,416,225764,209036,110580,-42,1,
2026-09-04T10:36:19.509082,MQTT_QOS1,5,5,1,197,mqtt-qos1-main-5-197,success,61.052,454,225764,209036,110580,-42,1,
2026-09-04T10:36:19.770267,MQTT_QOS1,5,5,1,198,mqtt-qos1-main-5-198,success,86.945,458,225560,209036,110580,-42,1,
2026-09-04T10:36:20.057377,MQTT_QOS1,5,5,1,199,mqtt-qos1-main-5-199,success,71.635,453,225764,209036,110580,-42,1,
2026-09-04T10:36:20.329162,MQTT_QOS1,5,5,1,200,mqtt-qos1-main-5-200,success,56.019,407,225764,209036,110580,-43,1,
