timestamp,protocol,run_id,round_id,position_in_round,seq,command_id,status,rtt_ms,esp_processing_us,esp_free_heap,esp_min_free_heap,esp_max_alloc_heap,rssi_dbm,qos,error
2026-09-04T10:26:21.413015,MQTT_QOS0,1,1,2,1,mqtt-qos0-main-1-1,success,62.123,428,221592,211356,110580,-42,0,
2026-09-04T10:26:21.675333,MQTT_QOS0,1,1,2,2,mqtt-qos0-main-1-2,success,13.561,423,221884,211356,110580,-42,0,
2026-09-04T10:26:21.889045,MQTT_QOS0,1,1,2,3,mqtt-qos0-main-1-3,success,12.408,409,221884,211356,110580,-41,0,
2026-09-04T10:26:22.101608,MQTT_QOS0,1,1,2,4,mqtt-qos0-main-1-4,success,12.352,416,221884,211356,110580,-42,0,
2026-09-04T10:26:22.314093,MQTT_QOS0,1,1,2,5,mqtt-qos0-main-1-5,success,11.422,421,221884,211356,110580,-41,0,
2026-09-04T10:26:22.525642,MQTT_QOS0,1,1,2,6,mqtt-qos0-main-1-6,success,16.122,421,221884,211356,110580,-41,0,
2026-09-04T10:26:22.741884,MQTT_QOS0,1,1,2,7,mqtt-qos0-main-1-7,success,16.789,409,221884,211356,110580,-41,0,
2026-09-04T10:26:22.958812,MQTT_QOS0,1,1,2,8,mqtt-qos0-main-1-8,success,19.287,599,221884,211356,110580,-39,0,
2026-09-04T10:26:23.178236,MQTT_QOS0,1,1,2,9,mqtt-qos0-main-1-9,success,12.661,416,221884,211356,110580,-39,0,
2026-09-04T10:26:23.391015,MQTT_QOS0,1,1,2,10,mqtt-qos0-main-1-10,success,12.238,415,221884,211356,110580,-40,0,
2026-09-04T10:26:23.603372,MQTT_QOS0,1,1,2,11,mqtt-qos0-main-1-11,success,12.728,410,221884,211356,110580,-42,0,
2026-09-04T10:26:23.816227,MQTT_QOS0,1,1,2,12,mqtt-qos0-main-1-12,success,12.478,411,221884,211356,110580,-42,0,
2026-09-04T10:26:24.028840,MQTT_QOS0,1,1,2,13,mqtt-qos0-main-1-13,success,13.012,409,221884,211356,110580,-41,0,
2026-09-04T10:26:24.241974,MQTT_QOS0,1,1,2,14,mqtt-qos0-main-1-14,success,14.385,407,221884,211356,110580,-42,0,
2026-09-04T10:26:24.456475,MQTT_QOS0,1,1,2,15,mqtt-qos0-main-1-15,success,17.568,417,221884,211356,110580,-41,0,
2026-09-04T10:26:24.674157,MQTT_QOS0,1,1,2,16,mqtt-qos0-main-1-16,success,13.822,405,221884,211356,110580,-42,0,
2026-09-04T10:26:24.888096,MQTT_QOS0,1,1,2,17,mqtt-qos0-main-1-17,success,12.626,413,221884,211356,110580,-42,0,
2026-09-04T10:26:25.100861,MQTT_QOS0,1,1,2,18,mqtt-qos0-main-1-18,success,15.092,405,221884,211356,110580,-41,0,
2026-09-04T10:26:25.316070,MQTT_QOS0,1,1,2,19,mqtt-qos0-main-1-19,success,16.178,411,221884,211356,110580,-42,0,
2026-09-04T10:26:25.532366,MQTT_QOS0,1,1,2,20,mqtt-qos0-main-1-20,success,13.238,461,221884,211356,110580,-41,0,
2026-09-04T10:26:25.745745,MQTT_QOS0,1,1,2,21,mqtt-qos0-main-1-21,success,13.551,408,221884,211356,110580,-43,0,
2026-09-04T10:26:25.959417,MQTT_QOS0,1,1,2,22,mqtt-qos0-main-1-22,success,11.848,413,221884,211356,110580,-42,0,
2026-09-04T10:26:26.171399,MQTT_QOS0,1,1,2,23,mqtt-qos0-main-1-23,success,17.133,443,221884,211356,110580,-40,0,
2026-09-04T10:26:26.388652,MQTT_QOS0,1,1,2,24,mqtt-qos0-main-1-24,success,17.533,409,221884,211356,110580,-43,0,
2026-09-04T10:26:26.606302,MQTT_QOS0,1,1,2,25,mqtt-qos0-main-1-25,success,12.611,408,221884,211356,110580,-43,0,
2026-09-04T10:26:26.819037,MQTT_QOS0,1,1,2,26,mqtt-qos0-main-1-26,success,12.794,415,221884,211356,110580,-42,0,
2026-09-04T10:26:27.031975,MQTT_QOS0,1,1,2,27,mqtt-qos0-main-1-27,success,18.005,406,221884,211356,110580,-42,0,
2026-09-04T10:26:27.250117,MQTT_QOS0,1,1,2,28,mqtt-qos0-main-1-28,success,10.974,426,221884,211356,110580,-43,0,
2026-09-04T10:26:27.461223,MQTT_QOS0,1,1,2,29,mqtt-qos0-main-1-29,success,24.513,442,221884,211356,110580,-43,0,
2026-09-04T10:26:27.685846,MQTT_QOS0,1,1,2,30,mqtt-qos0-main-1-30,success,14.625,462,221680,211356,110580,-42,0,
2026-09-04T10:26:27.900590,MQTT_QOS0,1,1,2,31,mqtt-qos0-main-1-31,success,11.499,424,221884,211356,110580,-41,0,
2026-09-04T10:26:28.112241,MQTT_QOS0,1,1,2,32,mqtt-qos0-main-1-32,success,12.249,410,221884,211356,110580,-43,0,
2026-09-04T10:26:28.324602,MQTT_QOS0,1,1,2,33,mqtt-qos0-main-1-33,success,21.202,405,221884,211356,110580,-43,0,
2026-09-04T10:26:28.545920,MQTT_QOS0,1,1,2,34,mqtt-qos0-main-1-34,success,16.402,417,221884,211356,110580,-43,0,
2026-09-04T10:26:28.762445,MQTT_QOS0,1,1,2,35,mqtt-qos0-main-1-35,success,14.892,406,221884,211356,110580,-40,0,
2026-09-04T10:26:28.977461,MQTT_QOS0,1,1,2,36,mqtt-qos0-main-1-36,success,20.162,408,221884,211356,110580,-43,0,
2026-09-04T10:26:29.197763,MQTT_QOS0,1,1,2,37,mqtt-qos0-main-1-37,success,14.321,405,221884,211356,110580,-40,0,
2026-09-04T10:26:29.412199,MQTT_QOS0,1,1,2,38,mqtt-qos0-main-1-38,success,19.107,410,221884,211356,110580,-41,0,
2026-09-04T10:26:29.631419,MQTT_QOS0,1,1,2,39,mqtt-qos0-main-1-39,success,12.635,412,221884,211356,110580,-42,0,
2026-09-04T10:26:29.844177,MQTT_QOS0,1,1,2,40,mqtt-qos0-main-1-40,success,17.278,431,221592,211356,110580,-43,0,
2026-09-04T10:26:30.061614,MQTT_QOS0,1,1,2,41,mqtt-qos0-main-1-41,success,13.173,407,221884,211356,110580,-43,0,
2026-09-04T10:26:30.274903,MQTT_QOS0,1,1,2,42,mqtt-qos0-main-1-42,success,14.267,413,221884,211356,110580,-41,0,
2026-09-04T10:26:30.489297,MQTT_QOS0,1,1,2,43,mqtt-qos0-main-1-43,success,13.090,426,221884,211356,110580,-43,0,
2026-09-04T10:26:30.702513,MQTT_QOS0,1,1,2,44,mqtt-qos0-main-1-44,success,11.733,443,221884,211356,110580,-41,0,
2026-09-04T10:26:30.914382,MQTT_QOS0,1,1,2,45,mqtt-qos0-main-1-45,success,12.368,413,221884,211356,110580,-40,0,
2026-09-04T10:26:31.126905,MQTT_QOS0,1,1,2,46,mqtt-qos0-main-1-46,success,13.011,408,221884,211356,110580,-41,0,
2026-09-04T10:26:31.340047,MQTT_QOS0,1,1,2,47,mqtt-qos0-main-1-47,success,16.605,406,221884,211356,110580,-42,0,
2026-09-04T10:26:31.556775,MQTT_QOS0,1,1,2,48,mqtt-qos0-main-1-48,success,27.654,419,221592,211356,110580,-42,0,
2026-09-04T10:26:31.784558,MQTT_QOS0,1,1,2,49,mqtt-qos0-main-1-49,success,12.378,405,221884,211356,110580,-41,0,
2026-09-04T10:26:31.997085,MQTT_QOS0,1,1,2,50,mqtt-qos0-main-1-50,success,12.706,414,221884,211356,110580,-43,0,
2026-09-04T10:26:32.209927,MQTT_QOS0,1,1,2,51,mqtt-qos0-main-1-51,success,21.773,406,221884,211356,110580,-43,0,
2026-09-04T10:26:32.431823,MQTT_QOS0,1,1,2,52,mqtt-qos0-main-1-52,success,13.236,420,221884,211356,110580,-43,0,
2026-09-04T10:26:32.645185,MQTT_QOS0,1,1,2,53,mqtt-qos0-main-1-53,success,18.044,406,221884,211356,110580,-42,0,
2026-09-04T10:26:32.863367,MQTT_QOS0,1,1,2,54,mqtt-qos0-main-1-54,success,16.687,409,221884,211356,110580,-42,0,
2026-09-04T10:26:33.080205,MQTT_QOS0,1,1,2,55,mqtt-qos0-main-1-55,success,19.334,406,221884,211356,110580,-42,0,
2026-09-04T10:26:33.299667,MQTT_QOS0,1,1,2,56,mqtt-qos0-main-1-56,success,19.226,452,221884,211356,110580,-41,0,
2026-09-04T10:26:33.519008,MQTT_QOS0,1,1,2,57,mqtt-qos0-main-1-57,success,15.797,417,221884,211356,110580,-42,0,
2026-09-04T10:26:33.734934,MQTT_QOS0,1,1,2,58,mqtt-qos0-main-1-58,success,18.048,406,221884,211356,110580,-41,0,
2026-09-04T10:26:33.953105,MQTT_QOS0,1,1,2,59,mqtt-qos0-main-1-59,success,18.734,406,221884,211356,110580,-43,0,
2026-09-04T10:26:34.171991,MQTT_QOS0,1,1,2,60,mqtt-qos0-main-1-60,success,15.958,567,221680,211356,110580,-43,0,
2026-09-04T10:26:34.388102,MQTT_QOS0,1,1,2,61,mqtt-qos0-main-1-61,success,13.669,407,221884,211356,110580,-42,0,
2026-09-04T10:26:34.601899,MQTT_QOS0,1,1,2,62,mqtt-qos0-main-1-62,success,13.187,411,221884,211356,110580,-43,0,
2026-09-04T10:26:34.815216,MQTT_QOS0,1,1,2,63,mqtt-qos0-main-1-63,success,17.443,407,221884,211356,110580,-42,0,
2026-09-04T10:26:35.032790,MQTT_QOS0,1,1,2,64,mqtt-qos0-main-1-64,success,14.529,409,221884,211356,110580,-42,0,
2026-09-04T10:26:35.247454,MQTT_QOS0,1,1,2,65,mqtt-qos0-main-1-65,success,19.344,410,221884,211356,110580,-44,0,
2026-09-04T10:26:35.466932,MQTT_QOS0,1,1,2,66,mqtt-qos0-main-1-66,success,13.626,408,221884,211356,110580,-42,0,
2026-09-04T10:26:35.680676,MQTT_QOS0,1,1,2,67,mqtt-qos0-main-1-67,success,13.381,408,221884,211356,110580,-42,0,
2026-09-04T10:26:35.894169,MQTT_QOS0,1,1,2,68,mqtt-qos0-main-1-68,success,12.720,426,221884,211356,110580,-41,0,
2026-09-04T10:26:36.107021,MQTT_QOS0,1,1,2,69,mqtt-qos0-main-1-69,success,15.597,414,221884,211356,110580,-41,0,
2026-09-04T10:26:36.322740,MQTT_QOS0,1,1,2,70,mqtt-qos0-main-1-70,success,13.610,426,221884,211356,110580,-42,0,
2026-09-04T10:26:36.536471,MQTT_QOS0,1,1,2,71,mqtt-qos0-main-1-71,success,16.414,417,221592,211356,110580,-41,0,
2026-09-04T10:26:36.753012,MQTT_QOS0,1,1,2,72,mqtt-qos0-main-1-72,success,12.508,410,221884,211356,110580,-40,0,
2026-09-04T10:26:36.965637,MQTT_QOS0,1,1,2,73,mqtt-qos0-main-1-73,success,20.953,406,221884,211356,110580,-41,0,
2026-09-04T10:26:37.186730,MQTT_QOS0,1,1,2,74,mqtt-qos0-main-1-74,success,14.035,430,221884,211356,110580,-42,0,
2026-09-04T10:26:37.400887,MQTT_QOS0,1,1,2,75,mqtt-qos0-main-1-75,success,16.967,405,221884,211356,110580,-42,0,
2026-09-04T10:26:37.617976,MQTT_QOS0,1,1,2,76,mqtt-qos0-main-1-76,success,11.695,412,221884,211356,110580,-42,0,
2026-09-04T10:26:37.829791,MQTT_QOS0,1,1,2,77,mqtt-qos0-main-1-77,success,16.123,406,221884,211356,110580,-42,0,
2026-09-04T10:26:38.046045,MQTT_QOS0,1,1,2,78,mqtt-qos0-main-1-78,success,11.457,411,221884,211356,110580,-41,0,
2026-09-04T10:26:38.257634,MQTT_QOS0,1,1,2,79,mqtt-qos0-main-1-79,success,22.996,417,221884,211356,110580,-43,0,
2026-09-04T10:26:38.480760,MQTT_QOS0,1,1,2,80,mqtt-qos0-main-1-80,success,15.280,408,221884,211356,110580,-43,0,
2026-09-04T10:26:38.696191,MQTT_QOS0,1,1,2,81,mqtt-qos0-main-1-81,success,13.129,410,221884,211356,110580,-40,0,
2026-09-04T10:26:38.909442,MQTT_QOS0,1,1,2,82,mqtt-qos0-main-1-82,success,18.940,409,221884,211356,110580,-42,0,
2026-09-04T10:26:39.128517,MQTT_QOS0,1,1,2,83,mqtt-qos0-main-1-83,success,11.998,408,221884,211356,110580,-41,0,
2026-09-04T10:26:39.340636,MQTT_QOS0,1,1,2,84,mqtt-qos0-main-1-84,success,23.231,458,221884,211356,110580,-42,0,
2026-09-04T10:26:39.563988,MQTT_QOS0,1,1,2,85,mqtt-qos0-main-1-85,success,12.847,410,221884,211356,110580,-42,0,
2026-09-04T10:26:39.776955,MQTT_QOS0,1,1,2,86,mqtt-qos0-main-1-86,success,14.186,422,221592,211356,110580,-42,0,
2026-09-04T10:26:39.991276,MQTT_QOS0,1,1,2,87,mqtt-qos0-main-1-87,success,26.721,421,221884,211356,110580,-43,0,
2026-09-04T10:26:40.218146,MQTT_QOS0,1,1,2,88,mqtt-qos0-main-1-88,success,14.671,408,221884,211356,110580,-42,0,
2026-09-04T10:26:40.432944,MQTT_QOS0,1,1,2,89,mqtt-qos0-main-1-89,success,20.180,423,221884,211356,110580,-42,0,
2026-09-04T10:26:40.653237,MQTT_QOS0,1,1,2,90,mqtt-qos0-main-1-90,success,12.348,467,221680,211356,110580,-40,0,
2026-09-04T10:26:40.865706,MQTT_QOS0,1,1,2,91,mqtt-qos0-main-1-91,success,15.966,411,221884,211356,110580,-42,0,
2026-09-04T10:26:41.081808,MQTT_QOS0,1,1,2,92,mqtt-qos0-main-1-92,success,17.719,408,221884,211356,110580,-41,0,
2026-09-04T10:26:41.299643,MQTT_QOS0,1,1,2,93,mqtt-qos0-main-1-93,success,13.255,413,221884,211356,110580,-43,0,
2026-09-04T10:26:41.513010,MQTT_QOS0,1,1,2,94,mqtt-qos0-main-1-94,success,13.745,414,221884,211356,110580,-41,0,
2026-09-04T10:26:41.726866,MQTT_QOS0,1,1,2,95,mqtt-qos0-main-1-95,success,12.670,406,221884,211356,110580,-42,0,
2026-09-04T10:26:41.939661,MQTT_QOS0,1,1,2,96,mqtt-qos0-main-1-96,success,13.028,409,221884,211356,110580,-41,0,
2026-09-04T10:26:42.152828,MQTT_QOS0,1,1,2,97,mqtt-qos0-main-1-97,success,12.259,405,221884,211356,110580,-42,0,
2026-09-04T10:26:42.365210,MQTT_QOS0,1,1,2,98,mqtt-qos0-main-1-98,success,15.991,414,221884,211356,110580,-42,0,
2026-09-04T10:26:42.581318,MQTT_QOS0,1,1,2,99,mqtt-qos0-main-1-99,success,14.186,405,221884,211356,110580,-42,0,
2026-09-04T10:26:42.795626,MQTT_QOS0,1,1,2,100,mqtt-qos0-main-1-100,success,13.200,408,221884,211356,110580,-42,0,
2026-09-04T10:26:43.008988,MQTT_QOS0,1,1,2,101,mqtt-qos0-main-1-101,success,16.046,406,221884,211356,110580,-42,0,
2026-09-04T10:26:43.225152,MQTT_QOS0,1,1,2,102,mqtt-qos0-main-1-102,success,11.701,423,221884,211356,110580,-42,0,
2026-09-04T10:26:43.436967,MQTT_QOS0,1,1,2,103,mqtt-qos0-main-1-103,success,19.305,404,221884,211356,110580,-42,0,
2026-09-04T10:26:43.656388,MQTT_QOS0,1,1,2,104,mqtt-qos0-main-1-104,success,11.649,417,221884,211356,110580,-42,0,
2026-09-04T10:26:43.868150,MQTT_QOS0,1,1,2,105,mqtt-qos0-main-1-105,success,12.768,413,221884,211356,110580,-41,0,
2026-09-04T10:26:44.081053,MQTT_QOS0,1,1,2,106,mqtt-qos0-main-1-106,success,15.112,414,221884,211356,110580,-42,0,
2026-09-04T10:26:44.296280,MQTT_QOS0,1,1,2,107,mqtt-qos0-main-1-107,success,13.950,406,221884,211356,110580,-42,0,
2026-09-04T10:26:44.510347,MQTT_QOS0,1,1,2,108,mqtt-qos0-main-1-108,success,19.122,413,221884,211356,110580,-42,0,
2026-09-04T10:26:44.729577,MQTT_QOS0,1,1,2,109,mqtt-qos0-main-1-109,success,12.557,415,221884,211356,110580,-43,0,
2026-09-04T10:26:44.942256,MQTT_QOS0,1,1,2,110,mqtt-qos0-main-1-110,success,14.393,417,221884,211356,110580,-42,0,
2026-09-04T10:26:45.156785,MQTT_QOS0,1,1,2,111,mqtt-qos0-main-1-111,success,11.859,434,221592,211356,110580,-42,0,
2026-09-04T10:26:45.368764,MQTT_QOS0,1,1,2,112,mqtt-qos0-main-1-112,success,13.260,416,221884,211356,110580,-42,0,
2026-09-04T10:26:45.582138,MQTT_QOS0,1,1,2,113,mqtt-qos0-main-1-113,success,12.907,406,221884,211356,110580,-39,0,
2026-09-04T10:26:45.795165,MQTT_QOS0,1,1,2,114,mqtt-qos0-main-1-114,success,21.323,412,221884,211356,110580,-42,0,
2026-09-04T10:26:46.016625,MQTT_QOS0,1,1,2,115,mqtt-qos0-main-1-115,success,8.926,408,221884,211356,110580,-41,0,
2026-09-04T10:26:46.225682,MQTT_QOS0,1,1,2,116,mqtt-qos0-main-1-116,success,13.953,409,221884,211356,110580,-42,0,
2026-09-04T10:26:46.439750,MQTT_QOS0,1,1,2,117,mqtt-qos0-main-1-117,success,14.253,411,221884,211356,110580,-42,0,
2026-09-04T10:26:46.654117,MQTT_QOS0,1,1,2,118,mqtt-qos0-main-1-118,success,17.699,420,221884,211356,110580,-41,0,
2026-09-04T10:26:46.871937,MQTT_QOS0,1,1,2,119,mqtt-qos0-main-1-119,success,17.056,510,221680,211356,110580,-39,0,
2026-09-04T10:26:47.089124,MQTT_QOS0,1,1,2,120,mqtt-qos0-main-1-120,success,16.859,405,221884,211356,110580,-41,0,
2026-09-04T10:26:47.306120,MQTT_QOS0,1,1,2,121,mqtt-qos0-main-1-121,success,17.138,411,221884,211356,110580,-42,0,
2026-09-04T10:26:47.523366,MQTT_QOS0,1,1,2,122,mqtt-qos0-main-1-122,success,12.521,417,221884,211356,110580,-42,0,
2026-09-04T10:26:47.735998,MQTT_QOS0,1,1,2,123,mqtt-qos0-main-1-123,success,12.181,414,221884,211356,110580,-42,0,
2026-09-04T10:26:47.948297,MQTT_QOS0,1,1,2,124,mqtt-qos0-main-1-124,success,15.734,404,221884,211356,110580,-42,0,
2026-09-04T10:26:48.164177,MQTT_QOS0,1,1,2,125,mqtt-qos0-main-1-125,success,14.453,424,219448,211356,110580,-41,0,
2026-09-04T10:26:48.378756,MQTT_QOS0,1,1,2,126,mqtt-qos0-main-1-126,success,15.305,406,221884,211356,110580,-39,0,
2026-09-04T10:26:48.594179,MQTT_QOS0,1,1,2,127,mqtt-qos0-main-1-127,success,12.086,417,221884,211356,110580,-40,0,
2026-09-04T10:26:48.806387,MQTT_QOS0,1,1,2,128,mqtt-qos0-main-1-128,success,12.859,424,221884,211356,110580,-42,0,
2026-09-04T10:26:49.019383,MQTT_QOS0,1,1,2,129,mqtt-qos0-main-1-129,success,12.680,409,221884,211356,110580,-41,0,
2026-09-04T10:26:49.232183,MQTT_QOS0,1,1,2,130,mqtt-qos0-main-1-130,success,13.699,417,221884,211356,110580,-40,0,
2026-09-04T10:26:49.445996,MQTT_QOS0,1,1,2,131,mqtt-qos0-main-1-131,success,16.440,420,221884,211356,110580,-43,0,
2026-09-04T10:26:49.662548,MQTT_QOS0,1,1,2,132,mqtt-qos0-main-1-132,success,11.309,406,221884,211356,110580,-42,0,
2026-09-04T10:26:49.873978,MQTT_QOS0,1,1,2,133,mqtt-qos0-main-1-133,success,14.399,410,221884,211356,110580,-40,0,
2026-09-04T10:26:50.088513,MQTT_QOS0,1,1,2,134,mqtt-qos0-main-1-134,success,13.555,420,221884,211356,110580,-43,0,
2026-09-04T10:26:50.302186,MQTT_QOS0,1,1,2,135,mqtt-qos0-main-1-135,success,22.112,411,221884,211356,110580,-42,0,
2026-09-04T10:26:50.524406,MQTT_QOS0,1,1,2,136,mqtt-qos0-main-1-136,success,19.847,417,221884,211356,110580,-39,0,
2026-09-04T10:26:50.744363,MQTT_QOS0,1,1,2,137,mqtt-qos0-main-1-137,success,9.827,411,221884,211356,110580,-39,0,
2026-09-04T10:26:50.954309,MQTT_QOS0,1,1,2,138,mqtt-qos0-main-1-138,success,14.294,443,221884,211356,110580,-42,0,
2026-09-04T10:26:51.168733,MQTT_QOS0,1,1,2,139,mqtt-qos0-main-1-139,success,15.288,408,221884,211356,110580,-40,0,
2026-09-04T10:26:51.384127,MQTT_QOS0,1,1,2,140,mqtt-qos0-main-1-140,success,12.309,415,221884,211356,110580,-41,0,
2026-09-04T10:26:51.596572,MQTT_QOS0,1,1,2,141,mqtt-qos0-main-1-141,success,12.406,408,221884,211356,110580,-41,0,
2026-09-04T10:26:51.809098,MQTT_QOS0,1,1,2,142,mqtt-qos0-main-1-142,success,14.859,407,221884,211356,110580,-40,0,
2026-09-04T10:26:52.024111,MQTT_QOS0,1,1,2,143,mqtt-qos0-main-1-143,success,32.385,420,221884,211356,110580,-41,0,
2026-09-04T10:26:52.256629,MQTT_QOS0,1,1,2,144,mqtt-qos0-main-1-144,success,13.299,407,221884,211356,110580,-40,0,
2026-09-04T10:26:52.470042,MQTT_QOS0,1,1,2,145,mqtt-qos0-main-1-145,success,13.614,449,221884,211356,110580,-42,0,
2026-09-04T10:26:52.683763,MQTT_QOS0,1,1,2,146,mqtt-qos0-main-1-146,success,11.684,412,221884,211356,110580,-41,0,
2026-09-04T10:26:52.895562,MQTT_QOS0,1,1,2,147,mqtt-qos0-main-1-147,success,12.260,407,221884,211356,110580,-41,0,
2026-09-04T10:26:53.107954,MQTT_QOS0,1,1,2,148,mqtt-qos0-main-1-148,success,15.176,464,221680,211356,110580,-41,0,
2026-09-04T10:26:53.323250,MQTT_QOS0,1,1,2,149,mqtt-qos0-main-1-149,success,13.321,407,221884,211356,110580,-41,0,
2026-09-04T10:26:53.536688,MQTT_QOS0,1,1,2,150,mqtt-qos0-main-1-150,success,15.948,505,221128,211356,110580,-40,0,
2026-09-04T10:26:53.752743,MQTT_QOS0,1,1,2,151,mqtt-qos0-main-1-151,success,24.176,417,221884,211356,110580,-42,0,
2026-09-04T10:26:53.977034,MQTT_QOS0,1,1,2,152,mqtt-qos0-main-1-152,success,14.962,407,221884,211356,110580,-39,0,
2026-09-04T10:26:54.192134,MQTT_QOS0,1,1,2,153,mqtt-qos0-main-1-153,success,22.919,405,221884,211356,110580,-39,0,
2026-09-04T10:26:54.415174,MQTT_QOS0,1,1,2,154,mqtt-qos0-main-1-154,success,14.978,411,221884,211356,110580,-41,0,
2026-09-04T10:26:54.630265,MQTT_QOS0,1,1,2,155,mqtt-qos0-main-1-155,success,14.506,406,221884,211356,110580,-40,0,
2026-09-04T10:26:54.844892,MQTT_QOS0,1,1,2,156,mqtt-qos0-main-1-156,success,13.092,416,221884,211356,110580,-42,0,
2026-09-04T10:26:55.058117,MQTT_QOS0,1,1,2,157,mqtt-qos0-main-1-157,success,13.064,421,221884,211356,110580,-42,0,
2026-09-04T10:26:55.271296,MQTT_QOS0,1,1,2,158,mqtt-qos0-main-1-158,success,12.703,410,221884,211356,110580,-42,0,
2026-09-04T10:26:55.484105,MQTT_QOS0,1,1,2,159,mqtt-qos0-main-1-159,success,16.490,405,221884,211356,110580,-39,0,
2026-09-04T10:26:55.700700,MQTT_QOS0,1,1,2,160,mqtt-qos0-main-1-160,success,13.991,420,221592,211356,110580,-40,0,
2026-09-04T10:26:55.914839,MQTT_QOS0,1,1,2,161,mqtt-qos0-main-1-161,success,14.760,405,221884,211356,110580,-43,0,
2026-09-04T10:26:56.129737,MQTT_QOS0,1,1,2,162,mqtt-qos0-main-1-162,success,12.919,410,221884,211356,110580,-39,0,
2026-09-04T10:26:56.342795,MQTT_QOS0,1,1,2,163,mqtt-qos0-main-1-163,success,18.042,405,221884,211356,110580,-41,0,
2026-09-04T10:26:56.560945,MQTT_QOS0,1,1,2,164,mqtt-qos0-main-1-164,success,13.050,410,221884,211356,110580,-40,0,
2026-09-04T10:26:56.774108,MQTT_QOS0,1,1,2,165,mqtt-qos0-main-1-165,success,31.074,422,221884,211356,110580,-42,0,
2026-09-04T10:26:57.005315,MQTT_QOS0,1,1,2,166,mqtt-qos0-main-1-166,success,13.754,410,221884,211356,110580,-42,0,
2026-09-04T10:26:57.219195,MQTT_QOS0,1,1,2,167,mqtt-qos0-main-1-167,success,13.190,404,221884,211356,110580,-41,0,
2026-09-04T10:26:57.432501,MQTT_QOS0,1,1,2,168,mqtt-qos0-main-1-168,success,11.559,411,221884,211356,110580,-41,0,
2026-09-04T10:26:57.644174,MQTT_QOS0,1,1,2,169,mqtt-qos0-main-1-169,success,13.079,411,221884,211356,110580,-42,0,
2026-09-04T10:26:57.857376,MQTT_QOS0,1,1,2,170,mqtt-qos0-main-1-170,success,11.963,419,221884,211356,110580,-42,0,
2026-09-04T10:26:58.069478,MQTT_QOS0,1,1,2,171,mqtt-qos0-main-1-171,success,15.199,406,221884,211356,110580,-41,0,
2026-09-04T10:26:58.284797,MQTT_QOS0,1,1,2,172,mqtt-qos0-main-1-172,success,23.045,416,221884,211356,110580,-43,0,
2026-09-04T10:26:58.507959,MQTT_QOS0,1,1,2,173,mqtt-qos0-main-1-173,success,20.217,415,221884,211356,110580,-42,0,
2026-09-04T10:26:58.728287,MQTT_QOS0,1,1,2,174,mqtt-qos0-main-1-174,success,12.110,415,221884,211356,110580,-40,0,
2026-09-04T10:26:58.940521,MQTT_QOS0,1,1,2,175,mqtt-qos0-main-1-175,success,12.386,416,221884,211356,110580,-41,0,
2026-09-04T10:26:59.153049,MQTT_QOS0,1,1,2,176,mqtt-qos0-main-1-176,success,16.729,420,221884,211356,110580,-41,0,
2026-09-04T10:26:59.369893,MQTT_QOS0,1,1,2,177,mqtt-qos0-main-1-177,success,19.654,547,221680,211356,110580,-42,0,
2026-09-04T10:26:59.589665,MQTT_QOS0,1,1,2,178,mqtt-qos0-main-1-178,success,15.736,414,221884,211356,110580,-42,0,
2026-09-04T10:26:59.805534,MQTT_QOS0,1,1,2,179,mqtt-qos0-main-1-179,success,13.351,431,221884,211356,110580,-42,0,
2026-09-04T10:27:00.019017,MQTT_QOS0,1,1,2,180,mqtt-qos0-main-1-180,success,26.833,415,221884,211356,110580,-42,0,
2026-09-04T10:27:00.245991,MQTT_QOS0,1,1,2,181,mqtt-qos0-main-1-181,success,16.608,422,221884,211356,110580,-40,0,
2026-09-04T10:27:00.462731,MQTT_QOS0,1,1,2,182,mqtt-qos0-main-1-182,success,18.835,406,221884,211356,110580,-43,0,
2026-09-04T10:27:00.681675,MQTT_QOS0,1,1,2,183,mqtt-qos0-main-1-183,success,15.240,411,221884,211356,110580,-41,0,
2026-09-04T10:27:00.897030,MQTT_QOS0,1,1,2,184,mqtt-qos0-main-1-184,success,11.622,408,221884,211356,110580,-41,0,
2026-09-04T10:27:01.108783,MQTT_QOS0,1,1,2,185,mqtt-qos0-main-1-185,success,13.645,410,221884,211356,110580,-40,0,
2026-09-04T10:27:01.322546,MQTT_QOS0,1,1,2,186,mqtt-qos0-main-1-186,success,14.124,417,221884,211356,110580,-42,0,
2026-09-04T10:27:01.536779,MQTT_QOS0,1,1,2,187,mqtt-qos0-main-1-187,success,15.313,411,221884,211356,110580,-41,0,
2026-09-04T10:27:01.752198,MQTT_QOS0,1,1,2,188,mqtt-qos0-main-1-188,success,14.739,412,221884,211356,110580,-41,0,
2026-09-04T10:27:01.967054,MQTT_QOS0,1,1,2,189,mqtt-qos0-main-1-189,success,13.503,417,221884,211356,110580,-40,0,
2026-09-04T10:27:02.180697,MQTT_QOS0,1,1,2,190,mqtt-qos0-main-1-190,success,17.658,415,221884,211356,110580,-40,0,
2026-09-04T10:27:02.398472,MQTT_QOS0,1,1,2,191,mqtt-qos0-main-1-191,success,13.403,422,221884,211356,110580,-42,0,
2026-09-04T10:27:02.611987,MQTT_QOS0,1,1,2,192,mqtt-qos0-main-1-192,success,13.364,414,221884,211356,110580,-41,0,
2026-09-04T10:27:02.825472,MQTT_QOS0,1,1,2,193,mqtt-qos0-main-1-193,success,15.865,463,221884,211356,110580,-41,0,
2026-09-04T10:27:03.041469,MQTT_QOS0,1,1,2,194,mqtt-qos0-main-1-194,success,24.132,414,221884,211356,110580,-42,0,
2026-09-04T10:27:03.265721,MQTT_QOS0,1,1,2,195,mqtt-qos0-main-1-195,success,13.988,417,221884,211356,110580,-42,0,
2026-09-04T10:27:03.479827,MQTT_QOS0,1,1,2,196,mqtt-qos0-main-1-196,success,13.457,411,221884,211356,110580,-40,0,
2026-09-04T10:27:03.693399,MQTT_QOS0,1,1,2,197,mqtt-qos0-main-1-197,success,12.874,435,221884,211356,110580,-41,0,
2026-09-04T10:27:03.906407,MQTT_QOS0,1,1,2,198,mqtt-qos0-main-1-198,success,15.736,464,221884,211356,110580,-42,0,
2026-09-04T10:27:04.122316,MQTT_QOS0,1,1,2,199,mqtt-qos0-main-1-199,success,17.946,410,221884,211356,110580,-43,0,
2026-09-04T10:27:04.340399,MQTT_QOS0,1,1,2,200,mqtt-qos0-main-1-200,success,16.026,405,221884,211356,110580,-42,0,
2026-09-04T10:28:02.811073,MQTT_QOS0,2,2,1,1,mqtt-qos0-main-2-1,success,62.187,407,221884,211356,110580,-41,0,
2026-09-04T10:28:03.073453,MQTT_QOS0,2,2,1,2,mqtt-qos0-main-2-2,success,12.881,418,221884,211356,110580,-42,0,
2026-09-04T10:28:03.286468,MQTT_QOS0,2,2,1,3,mqtt-qos0-main-2-3,success,13.540,424,221884,211356,110580,-41,0,
2026-09-04T10:28:03.500145,MQTT_QOS0,2,2,1,4,mqtt-qos0-main-2-4,success,12.651,434,221884,211356,110580,-43,0,
2026-09-04T10:28:03.712914,MQTT_QOS0,2,2,1,5,mqtt-qos0-main-2-5,success,12.103,409,221884,211356,110580,-41,0,
2026-09-04T10:28:03.925139,MQTT_QOS0,2,2,1,6,mqtt-qos0-main-2-6,success,19.980,417,221884,211356,110580,-42,0,
2026-09-04T10:28:04.145246,MQTT_QOS0,2,2,1,7,mqtt-qos0-main-2-7,success,15.814,409,221884,211356,110580,-40,0,
2026-09-04T10:28:04.361182,MQTT_QOS0,2,2,1,8,mqtt-qos0-main-2-8,success,12.474,433,221884,211356,110580,-39,0,
2026-09-04T10:28:04.573769,MQTT_QOS0,2,2,1,9,mqtt-qos0-main-2-9,success,13.931,416,221884,211356,110580,-40,0,
2026-09-04T10:28:04.787813,MQTT_QOS0,2,2,1,10,mqtt-qos0-main-2-10,success,16.181,405,221884,211356,110580,-42,0,
2026-09-04T10:28:05.004123,MQTT_QOS0,2,2,1,11,mqtt-qos0-main-2-11,success,11.449,420,221884,211356,110580,-42,0,
2026-09-04T10:28:05.215696,MQTT_QOS0,2,2,1,12,mqtt-qos0-main-2-12,success,11.811,435,221884,211356,110580,-43,0,
2026-09-04T10:28:05.427626,MQTT_QOS0,2,2,1,13,mqtt-qos0-main-2-13,success,23.203,409,221884,211356,110580,-42,0,
2026-09-04T10:28:05.650946,MQTT_QOS0,2,2,1,14,mqtt-qos0-main-2-14,success,14.471,436,221884,211356,110580,-42,0,
2026-09-04T10:28:05.865534,MQTT_QOS0,2,2,1,15,mqtt-qos0-main-2-15,success,25.517,419,221884,211356,110580,-43,0,
2026-09-04T10:28:06.091173,MQTT_QOS0,2,2,1,16,mqtt-qos0-main-2-16,success,13.083,412,221884,211356,110580,-40,0,
2026-09-04T10:28:06.304367,MQTT_QOS0,2,2,1,17,mqtt-qos0-main-2-17,success,12.967,409,221884,211356,110580,-43,0,
2026-09-04T10:28:06.517449,MQTT_QOS0,2,2,1,18,mqtt-qos0-main-2-18,success,12.425,434,221884,211356,110580,-46,0,
2026-09-04T10:28:06.729986,MQTT_QOS0,2,2,1,19,mqtt-qos0-main-2-19,success,15.210,408,221884,211356,110580,-40,0,
2026-09-04T10:28:06.945313,MQTT_QOS0,2,2,1,20,mqtt-qos0-main-2-20,success,14.687,463,221680,211356,110580,-42,0,
2026-09-04T10:28:07.160145,MQTT_QOS0,2,2,1,21,mqtt-qos0-main-2-21,success,12.027,406,221884,211356,110580,-45,0,
2026-09-04T10:28:07.372294,MQTT_QOS0,2,2,1,22,mqtt-qos0-main-2-22,success,13.271,408,221884,211356,110580,-41,0,
2026-09-04T10:28:07.585684,MQTT_QOS0,2,2,1,23,mqtt-qos0-main-2-23,success,12.382,415,221884,211356,110580,-41,0,
2026-09-04T10:28:07.798183,MQTT_QOS0,2,2,1,24,mqtt-qos0-main-2-24,success,17.922,422,221884,211356,110580,-44,0,
2026-09-04T10:28:08.016224,MQTT_QOS0,2,2,1,25,mqtt-qos0-main-2-25,success,10.237,406,221884,211356,110580,-43,0,
2026-09-04T10:28:08.226579,MQTT_QOS0,2,2,1,26,mqtt-qos0-main-2-26,success,19.252,411,221884,211356,110580,-43,0,
2026-09-04T10:28:08.445955,MQTT_QOS0,2,2,1,27,mqtt-qos0-main-2-27,success,17.067,417,221884,211356,110580,-44,0,
2026-09-04T10:28:08.663142,MQTT_QOS0,2,2,1,28,mqtt-qos0-main-2-28,success,12.123,413,221884,211356,110580,-42,0,
2026-09-04T10:28:08.875388,MQTT_QOS0,2,2,1,29,mqtt-qos0-main-2-29,success,12.139,409,221884,211356,110580,-39,0,
2026-09-04T10:28:09.087654,MQTT_QOS0,2,2,1,30,mqtt-qos0-main-2-30,success,12.998,408,221884,211356,110580,-43,0,
2026-09-04T10:28:09.300772,MQTT_QOS0,2,2,1,31,mqtt-qos0-main-2-31,success,13.883,408,221884,211356,110580,-43,0,
2026-09-04T10:28:09.514765,MQTT_QOS0,2,2,1,32,mqtt-qos0-main-2-32,success,14.379,439,221884,211356,110580,-39,0,
2026-09-04T10:28:09.729258,MQTT_QOS0,2,2,1,33,mqtt-qos0-main-2-33,success,15.807,410,221884,211356,110580,-43,0,
2026-09-04T10:28:09.945180,MQTT_QOS0,2,2,1,34,mqtt-qos0-main-2-34,success,15.713,409,221884,211356,110580,-41,0,
2026-09-04T10:28:10.161020,MQTT_QOS0,2,2,1,35,mqtt-qos0-main-2-35,success,13.748,410,221884,211356,110580,-43,0,
2026-09-04T10:28:10.374884,MQTT_QOS0,2,2,1,36,mqtt-qos0-main-2-36,success,21.436,408,221884,211356,110580,-42,0,
2026-09-04T10:28:10.596434,MQTT_QOS0,2,2,1,37,mqtt-qos0-main-2-37,success,11.362,422,221592,211356,110580,-38,0,
2026-09-04T10:28:10.807911,MQTT_QOS0,2,2,1,38,mqtt-qos0-main-2-38,success,11.726,418,221884,211356,110580,-32,0,
2026-09-04T10:28:11.019758,MQTT_QOS0,2,2,1,39,mqtt-qos0-main-2-39,success,12.834,408,221884,211356,110580,-33,0,
2026-09-04T10:28:11.232712,MQTT_QOS0,2,2,1,40,mqtt-qos0-main-2-40,success,13.425,415,221884,211356,110580,-32,0,
2026-09-04T10:28:11.446270,MQTT_QOS0,2,2,1,41,mqtt-qos0-main-2-41,success,13.048,407,221884,211356,110580,-33,0,
2026-09-04T10:28:11.659433,MQTT_QOS0,2,2,1,42,mqtt-qos0-main-2-42,success,11.861,420,221884,211356,110580,-31,0,
2026-09-04T10:28:11.871404,MQTT_QOS0,2,2,1,43,mqtt-qos0-main-2-43,success,17.453,419,219448,211356,110580,-32,0,
2026-09-04T10:28:12.089002,MQTT_QOS0,2,2,1,44,mqtt-qos0-main-2-44,success,13.354,444,221884,211356,110580,-33,0,
2026-09-04T10:28:12.302487,MQTT_QOS0,2,2,1,45,mqtt-qos0-main-2-45,success,8.297,415,221884,211356,110580,-33,0,
2026-09-04T10:28:12.510910,MQTT_QOS0,2,2,1,46,mqtt-qos0-main-2-46,success,12.691,421,221884,211356,110580,-32,0,
2026-09-04T10:28:12.723726,MQTT_QOS0,2,2,1,47,mqtt-qos0-main-2-47,success,14.296,430,221884,211356,110580,-32,0,
2026-09-04T10:28:12.938146,MQTT_QOS0,2,2,1,48,mqtt-qos0-main-2-48,success,23.307,409,221884,211356,110580,-32,0,
2026-09-04T10:28:13.161587,MQTT_QOS0,2,2,1,49,mqtt-qos0-main-2-49,success,13.481,427,219448,211356,110580,-32,0,
2026-09-04T10:28:13.375192,MQTT_QOS0,2,2,1,50,mqtt-qos0-main-2-50,success,13.246,664,221680,211356,110580,-30,0,
2026-09-04T10:28:13.588557,MQTT_QOS0,2,2,1,51,mqtt-qos0-main-2-51,success,12.061,423,221884,211356,110580,-29,0,
2026-09-04T10:28:13.800738,MQTT_QOS0,2,2,1,52,mqtt-qos0-main-2-52,success,13.626,434,221884,211356,110580,-31,0,
2026-09-04T10:28:14.014490,MQTT_QOS0,2,2,1,53,mqtt-qos0-main-2-53,success,14.206,407,221884,211356,110580,-30,0,
2026-09-04T10:28:14.228813,MQTT_QOS0,2,2,1,54,mqtt-qos0-main-2-54,success,14.654,445,221884,211356,110580,-31,0,
2026-09-04T10:28:14.443581,MQTT_QOS0,2,2,1,55,mqtt-qos0-main-2-55,success,14.438,420,221884,211356,110580,-30,0,
2026-09-04T10:28:14.658131,MQTT_QOS0,2,2,1,56,mqtt-qos0-main-2-56,success,13.834,424,221884,211356,110580,-29,0,
2026-09-04T10:28:14.872080,MQTT_QOS0,2,2,1,57,mqtt-qos0-main-2-57,success,13.413,427,219448,211356,110580,-29,0,
2026-09-04T10:28:15.085619,MQTT_QOS0,2,2,1,58,mqtt-qos0-main-2-58,success,21.109,415,221884,211356,110580,-32,0,
2026-09-04T10:28:15.306845,MQTT_QOS0,2,2,1,59,mqtt-qos0-main-2-59,success,16.289,408,222144,211356,110580,-30,0,
2026-09-04T10:28:15.523242,MQTT_QOS0,2,2,1,60,mqtt-qos0-main-2-60,success,12.246,452,222144,211356,110580,-32,0,
2026-09-04T10:28:15.735623,MQTT_QOS0,2,2,1,61,mqtt-qos0-main-2-61,success,13.333,408,222664,211356,110580,-30,0,
2026-09-04T10:28:15.949080,MQTT_QOS0,2,2,1,62,mqtt-qos0-main-2-62,success,12.743,422,220228,211356,110580,-31,0,
2026-09-04T10:28:16.161948,MQTT_QOS0,2,2,1,63,mqtt-qos0-main-2-63,success,12.627,405,222664,211356,110580,-30,0,
2026-09-04T10:28:16.374689,MQTT_QOS0,2,2,1,64,mqtt-qos0-main-2-64,success,13.061,407,223184,211356,110580,-31,0,
2026-09-04T10:28:16.587870,MQTT_QOS0,2,2,1,65,mqtt-qos0-main-2-65,success,16.311,408,223184,211356,110580,-33,0,
2026-09-04T10:28:16.804301,MQTT_QOS0,2,2,1,66,mqtt-qos0-main-2-66,success,13.302,415,223964,211356,110580,-32,0,
2026-09-04T10:28:17.017732,MQTT_QOS0,2,2,1,67,mqtt-qos0-main-2-67,success,12.603,407,223964,211356,110580,-31,0,
2026-09-04T10:28:17.230455,MQTT_QOS0,2,2,1,68,mqtt-qos0-main-2-68,success,12.558,414,224484,211356,110580,-31,0,
2026-09-04T10:28:17.443128,MQTT_QOS0,2,2,1,69,mqtt-qos0-main-2-69,success,27.455,407,224484,211356,110580,-31,0,
2026-09-04T10:28:17.670699,MQTT_QOS0,2,2,1,70,mqtt-qos0-main-2-70,success,13.935,409,224484,211356,110580,-31,0,
2026-09-04T10:28:17.884744,MQTT_QOS0,2,2,1,71,mqtt-qos0-main-2-71,success,11.782,464,225004,211356,110580,-31,0,
2026-09-04T10:28:18.096668,MQTT_QOS0,2,2,1,72,mqtt-qos0-main-2-72,success,12.880,422,225004,211356,110580,-32,0,
2026-09-04T10:28:18.309674,MQTT_QOS0,2,2,1,73,mqtt-qos0-main-2-73,success,13.697,422,225784,211356,110580,-30,0,
2026-09-04T10:28:18.523495,MQTT_QOS0,2,2,1,74,mqtt-qos0-main-2-74,success,12.627,406,225784,211356,110580,-32,0,
2026-09-04T10:28:18.736240,MQTT_QOS0,2,2,1,75,mqtt-qos0-main-2-75,success,13.068,417,223348,211356,110580,-31,0,
2026-09-04T10:28:18.949444,MQTT_QOS0,2,2,1,76,mqtt-qos0-main-2-76,success,12.909,418,225784,211356,110580,-31,0,
2026-09-04T10:28:19.162494,MQTT_QOS0,2,2,1,77,mqtt-qos0-main-2-77,success,18.880,404,225784,211356,110580,-34,0,
2026-09-04T10:28:19.381500,MQTT_QOS0,2,2,1,78,mqtt-qos0-main-2-78,success,13.967,407,225784,211356,110580,-33,0,
2026-09-04T10:28:19.595582,MQTT_QOS0,2,2,1,79,mqtt-qos0-main-2-79,success,19.421,404,225784,211356,110580,-32,0,
2026-09-04T10:28:19.815123,MQTT_QOS0,2,2,1,80,mqtt-qos0-main-2-80,success,15.622,461,225580,211356,110580,-33,0,
2026-09-04T10:28:20.030905,MQTT_QOS0,2,2,1,81,mqtt-qos0-main-2-81,success,13.766,411,225784,211356,110580,-33,0,
2026-09-04T10:28:20.244793,MQTT_QOS0,2,2,1,82,mqtt-qos0-main-2-82,success,13.233,416,225784,211356,110580,-30,0,
2026-09-04T10:28:20.458139,MQTT_QOS0,2,2,1,83,mqtt-qos0-main-2-83,success,13.446,402,225784,211356,110580,-33,0,
2026-09-04T10:28:20.671697,MQTT_QOS0,2,2,1,84,mqtt-qos0-main-2-84,success,11.841,429,225784,211356,110580,-31,0,
2026-09-04T10:28:20.883659,MQTT_QOS0,2,2,1,85,mqtt-qos0-main-2-85,success,12.849,407,225784,211356,110580,-33,0,
2026-09-04T10:28:21.096661,MQTT_QOS0,2,2,1,86,mqtt-qos0-main-2-86,success,13.406,407,225784,211356,110580,-33,0,
2026-09-04T10:28:21.310186,MQTT_QOS0,2,2,1,87,mqtt-qos0-main-2-87,success,12.210,402,225784,211356,110580,-31,0,
2026-09-04T10:28:21.522513,MQTT_QOS0,2,2,1,88,mqtt-qos0-main-2-88,success,16.719,407,225784,211356,110580,-32,0,
2026-09-04T10:28:21.739345,MQTT_QOS0,2,2,1,89,mqtt-qos0-main-2-89,success,12.682,412,225784,211356,110580,-30,0,
2026-09-04T10:28:21.952153,MQTT_QOS0,2,2,1,90,mqtt-qos0-main-2-90,success,17.283,418,225784,211356,110580,-33,0,
2026-09-04T10:28:22.169576,MQTT_QOS0,2,2,1,91,mqtt-qos0-main-2-91,success,13.650,403,225784,211356,110580,-29,0,
2026-09-04T10:28:22.383358,MQTT_QOS0,2,2,1,92,mqtt-qos0-main-2-92,success,13.455,406,225784,211356,110580,-30,0,
2026-09-04T10:28:22.596944,MQTT_QOS0,2,2,1,93,mqtt-qos0-main-2-93,success,16.930,402,225784,211356,110580,-31,0,
2026-09-04T10:28:22.814004,MQTT_QOS0,2,2,1,94,mqtt-qos0-main-2-94,success,11.990,404,225784,211356,110580,-30,0,
2026-09-04T10:28:23.026138,MQTT_QOS0,2,2,1,95,mqtt-qos0-main-2-95,success,13.129,407,225784,211356,110580,-32,0,
2026-09-04T10:28:23.239400,MQTT_QOS0,2,2,1,96,mqtt-qos0-main-2-96,success,13.837,419,225784,211356,110580,-31,0,
2026-09-04T10:28:23.453358,MQTT_QOS0,2,2,1,97,mqtt-qos0-main-2-97,success,11.677,411,225784,211356,110580,-34,0,
2026-09-04T10:28:23.665154,MQTT_QOS0,2,2,1,98,mqtt-qos0-main-2-98,success,21.227,405,225784,211356,110580,-33,0,
2026-09-04T10:28:23.886515,MQTT_QOS0,2,2,1,99,mqtt-qos0-main-2-99,success,14.043,429,225784,211356,110580,-32,0,
2026-09-04T10:28:24.100697,MQTT_QOS0,2,2,1,100,mqtt-qos0-main-2-100,success,18.949,415,225784,211356,110580,-32,0,
2026-09-04T10:28:24.319799,MQTT_QOS0,2,2,1,101,mqtt-qos0-main-2-101,success,11.702,403,225784,211356,110580,-30,0,
2026-09-04T10:28:24.531620,MQTT_QOS0,2,2,1,102,mqtt-qos0-main-2-102,success,14.586,406,225784,211356,110580,-28,0,
2026-09-04T10:28:24.746317,MQTT_QOS0,2,2,1,103,mqtt-qos0-main-2-103,success,11.645,415,225784,211356,110580,-31,0,
2026-09-04T10:28:24.958079,MQTT_QOS0,2,2,1,104,mqtt-qos0-main-2-104,success,14.595,407,225784,211356,110580,-31,0,
2026-09-04T10:28:25.172812,MQTT_QOS0,2,2,1,105,mqtt-qos0-main-2-105,success,12.281,414,225784,211356,110580,-30,0,
2026-09-04T10:28:25.385229,MQTT_QOS0,2,2,1,106,mqtt-qos0-main-2-106,success,11.861,406,225784,211356,110580,-31,0,
2026-09-04T10:28:25.597205,MQTT_QOS0,2,2,1,107,mqtt-qos0-main-2-107,success,12.922,443,225784,211356,110580,-32,0,
2026-09-04T10:28:25.810256,MQTT_QOS0,2,2,1,108,mqtt-qos0-main-2-108,success,15.957,413,225784,211356,110580,-31,0,
2026-09-04T10:28:26.026348,MQTT_QOS0,2,2,1,109,mqtt-qos0-main-2-109,success,14.232,411,225492,211356,110580,-29,0,
2026-09-04T10:28:26.240706,MQTT_QOS0,2,2,1,110,mqtt-qos0-main-2-110,success,15.106,550,225580,211356,110580,-31,0,
2026-09-04T10:28:26.455931,MQTT_QOS0,2,2,1,111,mqtt-qos0-main-2-111,success,16.958,427,225784,211356,110580,-31,0,
2026-09-04T10:28:26.672997,MQTT_QOS0,2,2,1,112,mqtt-qos0-main-2-112,success,14.877,407,225784,211356,110580,-32,0,
2026-09-04T10:28:26.887991,MQTT_QOS0,2,2,1,113,mqtt-qos0-main-2-113,success,12.180,411,225784,211356,110580,-32,0,
2026-09-04T10:28:27.100301,MQTT_QOS0,2,2,1,114,mqtt-qos0-main-2-114,success,15.218,415,225784,211356,110580,-32,0,
2026-09-04T10:28:27.315638,MQTT_QOS0,2,2,1,115,mqtt-qos0-main-2-115,success,15.022,415,225784,211356,110580,-31,0,
2026-09-04T10:28:27.530772,MQTT_QOS0,2,2,1,116,mqtt-qos0-main-2-116,success,21.960,415,225784,211356,110580,-30,0,
2026-09-04T10:28:27.752857,MQTT_QOS0,2,2,1,117,mqtt-qos0-main-2-117,success,28.027,406,225784,211356,110580,-30,0,
2026-09-04T10:28:27.981003,MQTT_QOS0,2,2,1,118,mqtt-qos0-main-2-118,success,13.741,420,225784,211356,110580,-30,0,
2026-09-04T10:28:28.194873,MQTT_QOS0,2,2,1,119,mqtt-qos0-main-2-119,success,19.529,408,225784,211356,110580,-31,0,
2026-09-04T10:28:28.414521,MQTT_QOS0,2,2,1,120,mqtt-qos0-main-2-120,success,12.389,418,225784,211356,110580,-31,0,
2026-09-04T10:28:28.627051,MQTT_QOS0,2,2,1,121,mqtt-qos0-main-2-121,success,17.819,423,225492,211356,110580,-32,0,
2026-09-04T10:28:28.845000,MQTT_QOS0,2,2,1,122,mqtt-qos0-main-2-122,success,13.904,424,225784,211356,110580,-32,0,
2026-09-04T10:28:29.059031,MQTT_QOS0,2,2,1,123,mqtt-qos0-main-2-123,success,12.933,403,225784,211356,110580,-31,0,
2026-09-04T10:28:29.272082,MQTT_QOS0,2,2,1,124,mqtt-qos0-main-2-124,success,13.906,407,225784,211356,110580,-31,0,
2026-09-04T10:28:29.486109,MQTT_QOS0,2,2,1,125,mqtt-qos0-main-2-125,success,12.564,404,225784,211356,110580,-32,0,
2026-09-04T10:28:29.698796,MQTT_QOS0,2,2,1,126,mqtt-qos0-main-2-126,success,12.125,407,225784,211356,110580,-32,0,
2026-09-04T10:28:29.911043,MQTT_QOS0,2,2,1,127,mqtt-qos0-main-2-127,success,13.562,403,225784,211356,110580,-31,0,
2026-09-04T10:28:30.124732,MQTT_QOS0,2,2,1,128,mqtt-qos0-main-2-128,success,14.926,412,225784,211356,110580,-33,0,
2026-09-04T10:28:30.339774,MQTT_QOS0,2,2,1,129,mqtt-qos0-main-2-129,success,14.480,406,225784,211356,110580,-31,0,
2026-09-04T10:28:30.554389,MQTT_QOS0,2,2,1,130,mqtt-qos0-main-2-130,success,16.748,404,225784,211356,110580,-32,0,
2026-09-04T10:28:30.771253,MQTT_QOS0,2,2,1,131,mqtt-qos0-main-2-131,success,15.087,406,225784,211356,110580,-31,0,
2026-09-04T10:28:30.986478,MQTT_QOS0,2,2,1,132,mqtt-qos0-main-2-132,success,16.152,408,225784,211356,110580,-32,0,
2026-09-04T10:28:31.202756,MQTT_QOS0,2,2,1,133,mqtt-qos0-main-2-133,success,13.211,410,225784,211356,110580,-31,0,
2026-09-04T10:28:31.416088,MQTT_QOS0,2,2,1,134,mqtt-qos0-main-2-134,success,13.000,417,225784,211356,110580,-29,0,
2026-09-04T10:28:31.629197,MQTT_QOS0,2,2,1,135,mqtt-qos0-main-2-135,success,15.043,406,225784,211356,110580,-32,0,
2026-09-04T10:28:31.844364,MQTT_QOS0,2,2,1,136,mqtt-qos0-main-2-136,success,12.048,437,225784,211356,110580,-29,0,
2026-09-04T10:28:32.056548,MQTT_QOS0,2,2,1,137,mqtt-qos0-main-2-137,success,12.930,423,225784,211356,110580,-30,0,
2026-09-04T10:28:32.269605,MQTT_QOS0,2,2,1,138,mqtt-qos0-main-2-138,success,12.922,420,225784,211356,110580,-28,0,
2026-09-04T10:28:32.482667,MQTT_QOS0,2,2,1,139,mqtt-qos0-main-2-139,success,12.658,651,225580,211356,110580,-31,0,
2026-09-04T10:28:32.695448,MQTT_QOS0,2,2,1,140,mqtt-qos0-main-2-140,success,13.875,409,225784,211356,110580,-31,0,
2026-09-04T10:28:32.909474,MQTT_QOS0,2,2,1,141,mqtt-qos0-main-2-141,success,16.586,407,225784,211356,110580,-31,0,
2026-09-04T10:28:33.126209,MQTT_QOS0,2,2,1,142,mqtt-qos0-main-2-142,success,11.015,405,225784,211356,110580,-31,0,
2026-09-04T10:28:33.337359,MQTT_QOS0,2,2,1,143,mqtt-qos0-main-2-143,success,31.257,415,225784,211356,110580,-30,0,
2026-09-04T10:28:33.568738,MQTT_QOS0,2,2,1,144,mqtt-qos0-main-2-144,success,13.139,404,225784,211356,110580,-32,0,
2026-09-04T10:28:33.781994,MQTT_QOS0,2,2,1,145,mqtt-qos0-main-2-145,success,14.735,448,225492,211356,110580,-31,0,
2026-09-04T10:28:33.996872,MQTT_QOS0,2,2,1,146,mqtt-qos0-main-2-146,success,13.718,403,225784,211356,110580,-30,0,
2026-09-04T10:28:34.210736,MQTT_QOS0,2,2,1,147,mqtt-qos0-main-2-147,success,14.137,417,225784,211356,110580,-31,0,
2026-09-04T10:28:34.425000,MQTT_QOS0,2,2,1,148,mqtt-qos0-main-2-148,success,15.979,405,225784,211356,110580,-31,0,
2026-09-04T10:28:34.641098,MQTT_QOS0,2,2,1,149,mqtt-qos0-main-2-149,success,14.165,405,225784,211356,110580,-32,0,
2026-09-04T10:28:34.855389,MQTT_QOS0,2,2,1,150,mqtt-qos0-main-2-150,success,19.555,403,225784,211356,110580,-32,0,
2026-09-04T10:28:35.075088,MQTT_QOS0,2,2,1,151,mqtt-qos0-main-2-151,success,13.358,417,225784,211356,110580,-30,0,
2026-09-04T10:28:35.288572,MQTT_QOS0,2,2,1,152,mqtt-qos0-main-2-152,success,11.159,404,225784,211356,110580,-32,0,
2026-09-04T10:28:35.499850,MQTT_QOS0,2,2,1,153,mqtt-qos0-main-2-153,success,13.377,416,225784,211356,110580,-30,0,
2026-09-04T10:28:35.713355,MQTT_QOS0,2,2,1,154,mqtt-qos0-main-2-154,success,12.207,410,225784,211356,110580,-31,0,
2026-09-04T10:28:35.925690,MQTT_QOS0,2,2,1,155,mqtt-qos0-main-2-155,success,13.591,408,225784,211356,110580,-31,0,
2026-09-04T10:28:36.139421,MQTT_QOS0,2,2,1,156,mqtt-qos0-main-2-156,success,12.083,402,225784,211356,110580,-32,0,
2026-09-04T10:28:36.351632,MQTT_QOS0,2,2,1,157,mqtt-qos0-main-2-157,success,13.259,416,225784,211356,110580,-31,0,
2026-09-04T10:28:36.565014,MQTT_QOS0,2,2,1,158,mqtt-qos0-main-2-158,success,24.985,411,225784,211356,110580,-29,0,
2026-09-04T10:28:36.790130,MQTT_QOS0,2,2,1,159,mqtt-qos0-main-2-159,success,22.433,415,225784,211356,110580,-30,0,
2026-09-04T10:28:37.012710,MQTT_QOS0,2,2,1,160,mqtt-qos0-main-2-160,success,12.169,414,225784,211356,110580,-33,0,
2026-09-04T10:28:37.225041,MQTT_QOS0,2,2,1,161,mqtt-qos0-main-2-161,success,13.086,457,225784,211356,110580,-29,0,
2026-09-04T10:28:37.438257,MQTT_QOS0,2,2,1,162,mqtt-qos0-main-2-162,success,13.393,420,225784,211356,110580,-31,0,
2026-09-04T10:28:37.651770,MQTT_QOS0,2,2,1,163,mqtt-qos0-main-2-163,success,18.792,419,225784,211356,110580,-30,0,
2026-09-04T10:28:37.870683,MQTT_QOS0,2,2,1,164,mqtt-qos0-main-2-164,success,12.077,417,225784,211356,110580,-32,0,
2026-09-04T10:28:38.082904,MQTT_QOS0,2,2,1,165,mqtt-qos0-main-2-165,success,13.231,414,225784,211356,110580,-36,0,
2026-09-04T10:28:38.296269,MQTT_QOS0,2,2,1,166,mqtt-qos0-main-2-166,success,12.201,414,225784,211356,110580,-34,0,
2026-09-04T10:28:38.508601,MQTT_QOS0,2,2,1,167,mqtt-qos0-main-2-167,success,20.193,417,225492,211356,110580,-35,0,
2026-09-04T10:28:38.728925,MQTT_QOS0,2,2,1,168,mqtt-qos0-main-2-168,success,12.092,573,225580,211356,110580,-29,0,
2026-09-04T10:28:38.941141,MQTT_QOS0,2,2,1,169,mqtt-qos0-main-2-169,success,13.554,406,225784,211356,110580,-34,0,
2026-09-04T10:28:39.154839,MQTT_QOS0,2,2,1,170,mqtt-qos0-main-2-170,success,18.547,425,225784,211356,110580,-34,0,
2026-09-04T10:28:39.373507,MQTT_QOS0,2,2,1,171,mqtt-qos0-main-2-171,success,13.434,432,225784,211356,110580,-33,0,
2026-09-04T10:28:39.587053,MQTT_QOS0,2,2,1,172,mqtt-qos0-main-2-172,success,14.072,406,225784,211356,110580,-34,0,
2026-09-04T10:28:39.801238,MQTT_QOS0,2,2,1,173,mqtt-qos0-main-2-173,success,13.379,408,225784,211356,110580,-35,0,
2026-09-04T10:28:40.014744,MQTT_QOS0,2,2,1,174,mqtt-qos0-main-2-174,success,13.982,415,225784,211356,110580,-33,0,
2026-09-04T10:28:40.228865,MQTT_QOS0,2,2,1,175,mqtt-qos0-main-2-175,success,12.202,417,225492,211356,110580,-33,0,
2026-09-04T10:28:40.441204,MQTT_QOS0,2,2,1,176,mqtt-qos0-main-2-176,success,12.466,418,225784,211356,110580,-32,0,
2026-09-04T10:28:40.653799,MQTT_QOS0,2,2,1,177,mqtt-qos0-main-2-177,success,13.629,418,225784,211356,110580,-35,0,
2026-09-04T10:28:40.867559,MQTT_QOS0,2,2,1,178,mqtt-qos0-main-2-178,success,16.100,448,225784,211356,110580,-33,0,
2026-09-04T10:28:41.083798,MQTT_QOS0,2,2,1,179,mqtt-qos0-main-2-179,success,14.368,403,225784,211356,110580,-35,0,
2026-09-04T10:28:41.298297,MQTT_QOS0,2,2,1,180,mqtt-qos0-main-2-180,success,30.096,406,225784,211356,110580,-35,0,
2026-09-04T10:28:41.528538,MQTT_QOS0,2,2,1,181,mqtt-qos0-main-2-181,success,11.084,417,223348,211356,110580,-34,0,
2026-09-04T10:28:41.739742,MQTT_QOS0,2,2,1,182,mqtt-qos0-main-2-182,success,12.840,405,225784,211356,110580,-33,0,
2026-09-04T10:28:41.952715,MQTT_QOS0,2,2,1,183,mqtt-qos0-main-2-183,success,13.065,416,223348,211356,110580,-35,0,
2026-09-04T10:28:42.165915,MQTT_QOS0,2,2,1,184,mqtt-qos0-main-2-184,success,12.866,411,225784,211356,110580,-34,0,
2026-09-04T10:28:42.378901,MQTT_QOS0,2,2,1,185,mqtt-qos0-main-2-185,success,12.541,416,223348,211356,110580,-36,0,
2026-09-04T10:28:42.591556,MQTT_QOS0,2,2,1,186,mqtt-qos0-main-2-186,success,13.667,405,225784,211356,110580,-35,0,
2026-09-04T10:28:42.805348,MQTT_QOS0,2,2,1,187,mqtt-qos0-main-2-187,success,13.028,473,225784,211356,110580,-35,0,
2026-09-04T10:28:43.018511,MQTT_QOS0,2,2,1,188,mqtt-qos0-main-2-188,success,16.149,412,225784,211356,110580,-34,0,
2026-09-04T10:28:43.234775,MQTT_QOS0,2,2,1,189,mqtt-qos0-main-2-189,success,15.016,403,225784,211356,110580,-35,0,
2026-09-04T10:28:43.449907,MQTT_QOS0,2,2,1,190,mqtt-qos0-main-2-190,success,27.520,406,225784,211356,110580,-33,0,
2026-09-04T10:28:43.677540,MQTT_QOS0,2,2,1,191,mqtt-qos0-main-2-191,success,24.544,404,225784,211356,110580,-34,0,
2026-09-04T10:28:43.902208,MQTT_QOS0,2,2,1,192,mqtt-qos0-main-2-192,success,14.115,406,225784,211356,110580,-33,0,
2026-09-04T10:28:44.116461,MQTT_QOS0,2,2,1,193,mqtt-qos0-main-2-193,success,11.794,408,225784,211356,110580,-33,0,
2026-09-04T10:28:44.328398,MQTT_QOS0,2,2,1,194,mqtt-qos0-main-2-194,success,10.806,415,225784,211356,110580,-33,0,
2026-09-04T10:28:44.539336,MQTT_QOS0,2,2,1,195,mqtt-qos0-main-2-195,success,12.447,459,225784,211356,110580,-33,0,
2026-09-04T10:28:44.751897,MQTT_QOS0,2,2,1,196,mqtt-qos0-main-2-196,success,13.228,410,225784,211356,110580,-33,0,
2026-09-04T10:28:44.965247,MQTT_QOS0,2,2,1,197,mqtt-qos0-main-2-197,success,10.235,539,225580,211356,110580,-33,0,
2026-09-04T10:28:45.175623,MQTT_QOS0,2,2,1,198,mqtt-qos0-main-2-198,success,12.888,417,225784,211356,110580,-33,0,
2026-09-04T10:28:45.388637,MQTT_QOS0,2,2,1,199,mqtt-qos0-main-2-199,success,15.182,417,225784,211356,110580,-34,0,
2026-09-04T10:28:45.603942,MQTT_QOS0,2,2,1,200,mqtt-qos0-main-2-200,success,18.522,402,225784,211356,110580,-34,0,
2026-09-04T10:32:13.748299,MQTT_QOS0,3,3,3,1,mqtt-qos0-main-3-1,success,56.959,416,221872,210572,110580,-39,0,
2026-09-04T10:32:14.005481,MQTT_QOS0,3,3,3,2,mqtt-qos0-main-3-2,success,16.247,413,221872,210572,110580,-39,0,
2026-09-04T10:32:14.221873,MQTT_QOS0,3,3,3,3,mqtt-qos0-main-3-3,success,14.695,409,221872,210572,110580,-38,0,
2026-09-04T10:32:14.436692,MQTT_QOS0,3,3,3,4,mqtt-qos0-main-3-4,success,12.611,408,221872,210572,110580,-40,0,
2026-09-04T10:32:14.649421,MQTT_QOS0,3,3,3,5,mqtt-qos0-main-3-5,success,15.596,407,221872,210572,110580,-40,0,
2026-09-04T10:32:14.865143,MQTT_QOS0,3,3,3,6,mqtt-qos0-main-3-6,success,18.673,410,221872,210572,110580,-40,0,
2026-09-04T10:32:15.083955,MQTT_QOS0,3,3,3,7,mqtt-qos0-main-3-7,success,16.796,407,221872,210572,110580,-40,0,
2026-09-04T10:32:15.300884,MQTT_QOS0,3,3,3,8,mqtt-qos0-main-3-8,success,13.582,407,221872,210572,110580,-39,0,
2026-09-04T10:32:15.514597,MQTT_QOS0,3,3,3,9,mqtt-qos0-main-3-9,success,14.719,418,221872,210572,110580,-38,0,
2026-09-04T10:32:15.729438,MQTT_QOS0,3,3,3,10,mqtt-qos0-main-3-10,success,20.068,409,221872,210572,110580,-38,0,
2026-09-04T10:32:15.949651,MQTT_QOS0,3,3,3,11,mqtt-qos0-main-3-11,success,14.897,410,221872,210572,110580,-39,0,
2026-09-04T10:32:16.164708,MQTT_QOS0,3,3,3,12,mqtt-qos0-main-3-12,success,13.552,409,221872,210572,110580,-38,0,
2026-09-04T10:32:16.378389,MQTT_QOS0,3,3,3,13,mqtt-qos0-main-3-13,success,10.880,409,221872,210572,110580,-38,0,
2026-09-04T10:32:16.589397,MQTT_QOS0,3,3,3,14,mqtt-qos0-main-3-14,success,14.180,412,221872,210572,110580,-38,0,
2026-09-04T10:32:16.803704,MQTT_QOS0,3,3,3,15,mqtt-qos0-main-3-15,success,15.806,454,221872,210572,110580,-39,0,
2026-09-04T10:32:17.019641,MQTT_QOS0,3,3,3,16,mqtt-qos0-main-3-16,success,11.177,407,221872,210572,110580,-38,0,
2026-09-04T10:32:17.230940,MQTT_QOS0,3,3,3,17,mqtt-qos0-main-3-17,success,18.785,409,221872,210572,110580,-40,0,
2026-09-04T10:32:17.449844,MQTT_QOS0,3,3,3,18,mqtt-qos0-main-3-18,success,14.148,407,221872,210572,110580,-42,0,
2026-09-04T10:32:17.664112,MQTT_QOS0,3,3,3,19,mqtt-qos0-main-3-19,success,11.903,410,221872,210572,110580,-41,0,
2026-09-04T10:32:17.876142,MQTT_QOS0,3,3,3,20,mqtt-qos0-main-3-20,success,18.144,409,221872,210572,110580,-38,0,
2026-09-04T10:32:18.094440,MQTT_QOS0,3,3,3,21,mqtt-qos0-main-3-21,success,19.089,424,221580,210572,110580,-38,0,
2026-09-04T10:32:18.313649,MQTT_QOS0,3,3,3,22,mqtt-qos0-main-3-22,success,12.230,654,221668,210572,110580,-40,0,
2026-09-04T10:32:18.526005,MQTT_QOS0,3,3,3,23,mqtt-qos0-main-3-23,success,15.260,448,221872,210572,110580,-40,0,
2026-09-04T10:32:18.741379,MQTT_QOS0,3,3,3,24,mqtt-qos0-main-3-24,success,12.664,410,221872,210572,110580,-41,0,
2026-09-04T10:32:18.954169,MQTT_QOS0,3,3,3,25,mqtt-qos0-main-3-25,success,12.592,410,221872,210572,110580,-39,0,
2026-09-04T10:32:19.166892,MQTT_QOS0,3,3,3,26,mqtt-qos0-main-3-26,success,12.365,408,221872,210572,110580,-45,0,
2026-09-04T10:32:19.379383,MQTT_QOS0,3,3,3,27,mqtt-qos0-main-3-27,success,14.031,417,221872,210572,110580,-41,0,
2026-09-04T10:32:19.593559,MQTT_QOS0,3,3,3,28,mqtt-qos0-main-3-28,success,35.801,411,221872,210572,110580,-40,0,
2026-09-04T10:32:19.829480,MQTT_QOS0,3,3,3,29,mqtt-qos0-main-3-29,success,13.834,407,221872,210572,110580,-38,0,
2026-09-04T10:32:20.043445,MQTT_QOS0,3,3,3,30,mqtt-qos0-main-3-30,success,13.001,423,221872,210572,110580,-39,0,
2026-09-04T10:32:20.256562,MQTT_QOS0,3,3,3,31,mqtt-qos0-main-3-31,success,12.479,406,221872,210572,110580,-40,0,
2026-09-04T10:32:20.469159,MQTT_QOS0,3,3,3,32,mqtt-qos0-main-3-32,success,16.912,409,221872,210572,110580,-38,0,
2026-09-04T10:32:20.686188,MQTT_QOS0,3,3,3,33,mqtt-qos0-main-3-33,success,14.608,411,221872,210572,110580,-40,0,
2026-09-04T10:32:20.900923,MQTT_QOS0,3,3,3,34,mqtt-qos0-main-3-34,success,16.079,426,221872,210572,110580,-39,0,
2026-09-04T10:32:21.117132,MQTT_QOS0,3,3,3,35,mqtt-qos0-main-3-35,success,12.547,446,221872,210572,110580,-40,0,
2026-09-04T10:32:21.329802,MQTT_QOS0,3,3,3,36,mqtt-qos0-main-3-36,success,13.298,461,221872,210572,110580,-38,0,
2026-09-04T10:32:21.543230,MQTT_QOS0,3,3,3,37,mqtt-qos0-main-3-37,success,16.123,419,221872,210572,110580,-39,0,
2026-09-04T10:32:21.759472,MQTT_QOS0,3,3,3,38,mqtt-qos0-main-3-38,success,12.732,411,221872,210572,110580,-39,0,
2026-09-04T10:32:21.972330,MQTT_QOS0,3,3,3,39,mqtt-qos0-main-3-39,success,22.147,404,221872,210572,110580,-39,0,
2026-09-04T10:32:22.194611,MQTT_QOS0,3,3,3,40,mqtt-qos0-main-3-40,success,12.785,409,221872,210572,110580,-42,0,
2026-09-04T10:32:22.407537,MQTT_QOS0,3,3,3,41,mqtt-qos0-main-3-41,success,11.667,422,221580,210572,110580,-41,0,
2026-09-04T10:32:22.619324,MQTT_QOS0,3,3,3,42,mqtt-qos0-main-3-42,success,12.505,414,221872,210572,110580,-40,0,
2026-09-04T10:32:22.831954,MQTT_QOS0,3,3,3,43,mqtt-qos0-main-3-43,success,23.799,441,221872,210572,110580,-38,0,
2026-09-04T10:32:23.055883,MQTT_QOS0,3,3,3,44,mqtt-qos0-main-3-44,success,15.153,410,221872,210572,110580,-40,0,
2026-09-04T10:32:23.271153,MQTT_QOS0,3,3,3,45,mqtt-qos0-main-3-45,success,11.793,404,221872,210572,110580,-40,0,
2026-09-04T10:32:23.483070,MQTT_QOS0,3,3,3,46,mqtt-qos0-main-3-46,success,13.521,410,221872,210572,110580,-40,0,
2026-09-04T10:32:23.696706,MQTT_QOS0,3,3,3,47,mqtt-qos0-main-3-47,success,11.342,406,221872,210572,110580,-39,0,
2026-09-04T10:32:23.908167,MQTT_QOS0,3,3,3,48,mqtt-qos0-main-3-48,success,11.101,413,221872,210572,110580,-40,0,
2026-09-04T10:32:24.119406,MQTT_QOS0,3,3,3,49,mqtt-qos0-main-3-49,success,14.851,418,221872,210572,110580,-39,0,
2026-09-04T10:32:24.334385,MQTT_QOS0,3,3,3,50,mqtt-qos0-main-3-50,success,27.569,417,221872,210572,110580,-39,0,
2026-09-04T10:32:24.562090,MQTT_QOS0,3,3,3,51,mqtt-qos0-main-3-51,success,12.020,416,221872,210572,110580,-37,0,
2026-09-04T10:32:24.774237,MQTT_QOS0,3,3,3,52,mqtt-qos0-main-3-52,success,12.585,594,221668,210572,110580,-48,0,
2026-09-04T10:32:24.986958,MQTT_QOS0,3,3,3,53,mqtt-qos0-main-3-53,success,22.833,408,221872,210572,110580,-41,0,
2026-09-04T10:32:25.209911,MQTT_QOS0,3,3,3,54,mqtt-qos0-main-3-54,success,13.848,425,221872,210572,110580,-39,0,
2026-09-04T10:32:25.423872,MQTT_QOS0,3,3,3,55,mqtt-qos0-main-3-55,success,16.436,423,221872,210572,110580,-41,0,
2026-09-04T10:32:25.640431,MQTT_QOS0,3,3,3,56,mqtt-qos0-main-3-56,success,17.176,411,221872,210572,110580,-41,0,
2026-09-04T10:32:25.857729,MQTT_QOS0,3,3,3,57,mqtt-qos0-main-3-57,success,11.895,409,221872,210572,110580,-39,0,
2026-09-04T10:32:26.069759,MQTT_QOS0,3,3,3,58,mqtt-qos0-main-3-58,success,16.528,412,221872,210572,110580,-40,0,
2026-09-04T10:32:26.286411,MQTT_QOS0,3,3,3,59,mqtt-qos0-main-3-59,success,11.502,426,221580,210572,110580,-41,0,
2026-09-04T10:32:26.498036,MQTT_QOS0,3,3,3,60,mqtt-qos0-main-3-60,success,14.214,417,221872,210572,110580,-40,0,
2026-09-04T10:32:26.712387,MQTT_QOS0,3,3,3,61,mqtt-qos0-main-3-61,success,23.185,479,221872,210572,110580,-42,0,
2026-09-04T10:32:26.935693,MQTT_QOS0,3,3,3,62,mqtt-qos0-main-3-62,success,14.560,410,221872,210572,110580,-41,0,
2026-09-04T10:32:27.150382,MQTT_QOS0,3,3,3,63,mqtt-qos0-main-3-63,success,12.002,409,221872,210572,110580,-41,0,
2026-09-04T10:32:27.362508,MQTT_QOS0,3,3,3,64,mqtt-qos0-main-3-64,success,14.715,409,221872,210572,110580,-40,0,
2026-09-04T10:32:27.577348,MQTT_QOS0,3,3,3,65,mqtt-qos0-main-3-65,success,15.655,410,221872,210572,110580,-40,0,
2026-09-04T10:32:27.793126,MQTT_QOS0,3,3,3,66,mqtt-qos0-main-3-66,success,17.767,428,221872,210572,110580,-39,0,
2026-09-04T10:32:28.011041,MQTT_QOS0,3,3,3,67,mqtt-qos0-main-3-67,success,12.839,409,221872,210572,110580,-37,0,
2026-09-04T10:32:28.224025,MQTT_QOS0,3,3,3,68,mqtt-qos0-main-3-68,success,19.060,409,221872,210572,110580,-36,0,
2026-09-04T10:32:28.443203,MQTT_QOS0,3,3,3,69,mqtt-qos0-main-3-69,success,13.012,427,221872,210572,110580,-39,0,
2026-09-04T10:32:28.656335,MQTT_QOS0,3,3,3,70,mqtt-qos0-main-3-70,success,11.879,436,221580,210572,110580,-38,0,
2026-09-04T10:32:28.868329,MQTT_QOS0,3,3,3,71,mqtt-qos0-main-3-71,success,12.990,409,221872,210572,110580,-40,0,
2026-09-04T10:32:29.081450,MQTT_QOS0,3,3,3,72,mqtt-qos0-main-3-72,success,10.067,455,221872,210572,110580,-39,0,
2026-09-04T10:32:29.291642,MQTT_QOS0,3,3,3,73,mqtt-qos0-main-3-73,success,13.486,411,221872,210572,110580,-38,0,
2026-09-04T10:32:29.505251,MQTT_QOS0,3,3,3,74,mqtt-qos0-main-3-74,success,12.370,412,221872,210572,110580,-38,0,
2026-09-04T10:32:29.717736,MQTT_QOS0,3,3,3,75,mqtt-qos0-main-3-75,success,12.578,407,221872,210572,110580,-38,0,
2026-09-04T10:32:29.930437,MQTT_QOS0,3,3,3,76,mqtt-qos0-main-3-76,success,15.492,420,221872,210572,110580,-38,0,
2026-09-04T10:32:30.146065,MQTT_QOS0,3,3,3,77,mqtt-qos0-main-3-77,success,17.627,407,221872,210572,110580,-39,0,
2026-09-04T10:32:30.363816,MQTT_QOS0,3,3,3,78,mqtt-qos0-main-3-78,success,15.521,409,221872,210572,110580,-38,0,
2026-09-04T10:32:30.579462,MQTT_QOS0,3,3,3,79,mqtt-qos0-main-3-79,success,16.734,407,221872,210572,110580,-39,0,
2026-09-04T10:32:30.796316,MQTT_QOS0,3,3,3,80,mqtt-qos0-main-3-80,success,16.066,408,221872,210572,110580,-38,0,
2026-09-04T10:32:31.012541,MQTT_QOS0,3,3,3,81,mqtt-qos0-main-3-81,success,14.808,409,221872,210572,110580,-39,0,
2026-09-04T10:32:31.227475,MQTT_QOS0,3,3,3,82,mqtt-qos0-main-3-82,success,13.335,465,221668,210572,110580,-42,0,
2026-09-04T10:32:31.440935,MQTT_QOS0,3,3,3,83,mqtt-qos0-main-3-83,success,11.723,431,221872,210572,110580,-39,0,
2026-09-04T10:32:31.652778,MQTT_QOS0,3,3,3,84,mqtt-qos0-main-3-84,success,13.104,435,221872,210572,110580,-40,0,
2026-09-04T10:32:31.866001,MQTT_QOS0,3,3,3,85,mqtt-qos0-main-3-85,success,13.280,416,221872,210572,110580,-41,0,
2026-09-04T10:32:32.079406,MQTT_QOS0,3,3,3,86,mqtt-qos0-main-3-86,success,11.885,422,221580,210572,110580,-40,0,
2026-09-04T10:32:32.291409,MQTT_QOS0,3,3,3,87,mqtt-qos0-main-3-87,success,12.738,406,221872,210572,110580,-40,0,
2026-09-04T10:32:32.504265,MQTT_QOS0,3,3,3,88,mqtt-qos0-main-3-88,success,17.006,418,221872,210572,110580,-40,0,
2026-09-04T10:32:32.721381,MQTT_QOS0,3,3,3,89,mqtt-qos0-main-3-89,success,11.523,418,221872,210572,110580,-41,0,
2026-09-04T10:32:32.933029,MQTT_QOS0,3,3,3,90,mqtt-qos0-main-3-90,success,18.860,423,221872,210572,110580,-39,0,
2026-09-04T10:32:33.152022,MQTT_QOS0,3,3,3,91,mqtt-qos0-main-3-91,success,10.339,425,221580,210572,110580,-40,0,
2026-09-04T10:32:33.362481,MQTT_QOS0,3,3,3,92,mqtt-qos0-main-3-92,success,12.633,418,221872,210572,110580,-39,0,
2026-09-04T10:32:33.575238,MQTT_QOS0,3,3,3,93,mqtt-qos0-main-3-93,success,14.209,407,221872,210572,110580,-41,0,
2026-09-04T10:32:33.789571,MQTT_QOS0,3,3,3,94,mqtt-qos0-main-3-94,success,14.148,410,221872,210572,110580,-37,0,
2026-09-04T10:32:34.003860,MQTT_QOS0,3,3,3,95,mqtt-qos0-main-3-95,success,11.027,401,221872,210572,110580,-40,0,
2026-09-04T10:32:34.215034,MQTT_QOS0,3,3,3,96,mqtt-qos0-main-3-96,success,12.991,408,221872,210572,110580,-39,0,
2026-09-04T10:32:34.428146,MQTT_QOS0,3,3,3,97,mqtt-qos0-main-3-97,success,11.987,459,221872,210572,110580,-40,0,
2026-09-04T10:32:34.640252,MQTT_QOS0,3,3,3,98,mqtt-qos0-main-3-98,success,14.382,419,221872,210572,110580,-40,0,
2026-09-04T10:32:34.854751,MQTT_QOS0,3,3,3,99,mqtt-qos0-main-3-99,success,21.284,405,221872,210572,110580,-38,0,
2026-09-04T10:32:35.076173,MQTT_QOS0,3,3,3,100,mqtt-qos0-main-3-100,success,14.077,470,221580,210572,110580,-39,0,
2026-09-04T10:32:35.290406,MQTT_QOS0,3,3,3,101,mqtt-qos0-main-3-101,success,16.572,408,221872,210572,110580,-41,0,
2026-09-04T10:32:35.507101,MQTT_QOS0,3,3,3,102,mqtt-qos0-main-3-102,success,16.964,419,221872,210572,110580,-39,0,
2026-09-04T10:32:35.724180,MQTT_QOS0,3,3,3,103,mqtt-qos0-main-3-103,success,12.361,407,221872,210572,110580,-42,0,
2026-09-04T10:32:35.936665,MQTT_QOS0,3,3,3,104,mqtt-qos0-main-3-104,success,13.233,420,221872,210572,110580,-41,0,
2026-09-04T10:32:36.150052,MQTT_QOS0,3,3,3,105,mqtt-qos0-main-3-105,success,15.660,407,221872,210572,110580,-39,0,
2026-09-04T10:32:36.365846,MQTT_QOS0,3,3,3,106,mqtt-qos0-main-3-106,success,12.575,450,221872,210572,110580,-40,0,
2026-09-04T10:32:36.578544,MQTT_QOS0,3,3,3,107,mqtt-qos0-main-3-107,success,12.912,407,221872,210572,110580,-38,0,
2026-09-04T10:32:36.791581,MQTT_QOS0,3,3,3,108,mqtt-qos0-main-3-108,success,15.500,419,221872,210572,110580,-40,0,
2026-09-04T10:32:37.007227,MQTT_QOS0,3,3,3,109,mqtt-qos0-main-3-109,success,15.475,426,221872,210572,110580,-39,0,
2026-09-04T10:32:37.222849,MQTT_QOS0,3,3,3,110,mqtt-qos0-main-3-110,success,31.485,419,221872,210572,110580,-41,0,
2026-09-04T10:32:37.454467,MQTT_QOS0,3,3,3,111,mqtt-qos0-main-3-111,success,13.361,407,221872,210572,110580,-41,0,
2026-09-04T10:32:37.667948,MQTT_QOS0,3,3,3,112,mqtt-qos0-main-3-112,success,13.342,464,221668,210572,110580,-41,0,
2026-09-04T10:32:37.881412,MQTT_QOS0,3,3,3,113,mqtt-qos0-main-3-113,success,14.565,407,221872,210572,110580,-39,0,
2026-09-04T10:32:38.096107,MQTT_QOS0,3,3,3,114,mqtt-qos0-main-3-114,success,14.857,410,221872,210572,110580,-38,0,
2026-09-04T10:32:38.311080,MQTT_QOS0,3,3,3,115,mqtt-qos0-main-3-115,success,11.777,428,221872,210572,110580,-37,0,
2026-09-04T10:32:38.522978,MQTT_QOS0,3,3,3,116,mqtt-qos0-main-3-116,success,12.827,417,221872,210572,110580,-38,0,
2026-09-04T10:32:38.735919,MQTT_QOS0,3,3,3,117,mqtt-qos0-main-3-117,success,13.621,419,221872,210572,110580,-39,0,
2026-09-04T10:32:38.949661,MQTT_QOS0,3,3,3,118,mqtt-qos0-main-3-118,success,16.961,439,221872,210572,110580,-38,0,
2026-09-04T10:32:39.166761,MQTT_QOS0,3,3,3,119,mqtt-qos0-main-3-119,success,14.418,409,221872,210572,110580,-42,0,
2026-09-04T10:32:39.381296,MQTT_QOS0,3,3,3,120,mqtt-qos0-main-3-120,success,24.850,410,221872,210572,110580,-41,0,
2026-09-04T10:32:39.606296,MQTT_QOS0,3,3,3,121,mqtt-qos0-main-3-121,success,14.311,415,221872,210572,110580,-39,0,
2026-09-04T10:32:39.820738,MQTT_QOS0,3,3,3,122,mqtt-qos0-main-3-122,success,13.998,410,221872,210572,110580,-40,0,
2026-09-04T10:32:40.034880,MQTT_QOS0,3,3,3,123,mqtt-qos0-main-3-123,success,19.334,453,219328,210572,110580,-41,0,
2026-09-04T10:32:40.254353,MQTT_QOS0,3,3,3,124,mqtt-qos0-main-3-124,success,15.079,408,221872,210572,110580,-41,0,
2026-09-04T10:32:40.469557,MQTT_QOS0,3,3,3,125,mqtt-qos0-main-3-125,success,15.920,409,221872,210572,110580,-41,0,
2026-09-04T10:32:40.685603,MQTT_QOS0,3,3,3,126,mqtt-qos0-main-3-126,success,21.608,408,221872,210572,110580,-42,0,
2026-09-04T10:32:40.907342,MQTT_QOS0,3,3,3,127,mqtt-qos0-main-3-127,success,17.759,409,221872,210572,110580,-41,0,
2026-09-04T10:32:41.125242,MQTT_QOS0,3,3,3,128,mqtt-qos0-main-3-128,success,16.259,410,221872,210572,110580,-39,0,
2026-09-04T10:32:41.341625,MQTT_QOS0,3,3,3,129,mqtt-qos0-main-3-129,success,13.911,413,221872,210572,110580,-39,0,
2026-09-04T10:32:41.555656,MQTT_QOS0,3,3,3,130,mqtt-qos0-main-3-130,success,13.738,441,221872,210572,110580,-39,0,
2026-09-04T10:32:41.769523,MQTT_QOS0,3,3,3,131,mqtt-qos0-main-3-131,success,11.658,410,221872,210572,110580,-42,0,
2026-09-04T10:32:41.981315,MQTT_QOS0,3,3,3,132,mqtt-qos0-main-3-132,success,13.319,459,221872,210572,110580,-40,0,
2026-09-04T10:32:42.194792,MQTT_QOS0,3,3,3,133,mqtt-qos0-main-3-133,success,16.234,418,221872,210572,110580,-41,0,
2026-09-04T10:32:42.411153,MQTT_QOS0,3,3,3,134,mqtt-qos0-main-3-134,success,16.442,417,221872,210572,110580,-41,0,
2026-09-04T10:32:42.627721,MQTT_QOS0,3,3,3,135,mqtt-qos0-main-3-135,success,12.030,428,221872,210572,110580,-40,0,
2026-09-04T10:32:42.839880,MQTT_QOS0,3,3,3,136,mqtt-qos0-main-3-136,success,16.285,431,221872,210572,110580,-40,0,
2026-09-04T10:32:43.056313,MQTT_QOS0,3,3,3,137,mqtt-qos0-main-3-137,success,15.213,411,221872,210572,110580,-40,0,
2026-09-04T10:32:43.271654,MQTT_QOS0,3,3,3,138,mqtt-qos0-main-3-138,success,12.962,418,221872,210572,110580,-38,0,
2026-09-04T10:32:43.484736,MQTT_QOS0,3,3,3,139,mqtt-qos0-main-3-139,success,16.953,440,221872,210572,110580,-39,0,
2026-09-04T10:32:43.701811,MQTT_QOS0,3,3,3,140,mqtt-qos0-main-3-140,success,27.571,409,221872,210572,110580,-40,0,
2026-09-04T10:32:43.929535,MQTT_QOS0,3,3,3,141,mqtt-qos0-main-3-141,success,13.781,524,221668,210572,110580,-40,0,
2026-09-04T10:32:44.143472,MQTT_QOS0,3,3,3,142,mqtt-qos0-main-3-142,success,14.374,407,221872,210572,110580,-39,0,
2026-09-04T10:32:44.357992,MQTT_QOS0,3,3,3,143,mqtt-qos0-main-3-143,success,17.268,425,221872,210572,110580,-41,0,
2026-09-04T10:32:44.575398,MQTT_QOS0,3,3,3,144,mqtt-qos0-main-3-144,success,16.183,414,221872,210572,110580,-40,0,
2026-09-04T10:32:44.791714,MQTT_QOS0,3,3,3,145,mqtt-qos0-main-3-145,success,11.595,422,221872,210572,110580,-39,0,
2026-09-04T10:32:45.003442,MQTT_QOS0,3,3,3,146,mqtt-qos0-main-3-146,success,11.955,406,221872,210572,110580,-40,0,
2026-09-04T10:32:45.215516,MQTT_QOS0,3,3,3,147,mqtt-qos0-main-3-147,success,13.158,421,221872,210572,110580,-40,0,
2026-09-04T10:32:45.428794,MQTT_QOS0,3,3,3,148,mqtt-qos0-main-3-148,success,14.668,404,221872,210572,110580,-40,0,
2026-09-04T10:32:45.643589,MQTT_QOS0,3,3,3,149,mqtt-qos0-main-3-149,success,15.060,410,221872,210572,110580,-41,0,
2026-09-04T10:32:45.858772,MQTT_QOS0,3,3,3,150,mqtt-qos0-main-3-150,success,8.362,419,221872,210572,110580,-38,0,
2026-09-04T10:32:46.067274,MQTT_QOS0,3,3,3,151,mqtt-qos0-main-3-151,success,15.119,427,221872,210572,110580,-40,0,
2026-09-04T10:32:46.282518,MQTT_QOS0,3,3,3,152,mqtt-qos0-main-3-152,success,11.140,438,221872,210572,110580,-41,0,
2026-09-04T10:32:46.493782,MQTT_QOS0,3,3,3,153,mqtt-qos0-main-3-153,success,14.161,420,221872,210572,110580,-42,0,
2026-09-04T10:32:46.708052,MQTT_QOS0,3,3,3,154,mqtt-qos0-main-3-154,success,15.114,412,221872,210572,110580,-39,0,
2026-09-04T10:32:46.923286,MQTT_QOS0,3,3,3,155,mqtt-qos0-main-3-155,success,12.924,411,221872,210572,110580,-39,0,
2026-09-04T10:32:47.136352,MQTT_QOS0,3,3,3,156,mqtt-qos0-main-3-156,success,13.272,410,221872,210572,110580,-42,0,
2026-09-04T10:32:47.349752,MQTT_QOS0,3,3,3,157,mqtt-qos0-main-3-157,success,14.064,425,221872,210572,110580,-41,0,
2026-09-04T10:32:47.563940,MQTT_QOS0,3,3,3,158,mqtt-qos0-main-3-158,success,29.434,406,221872,210572,110580,-41,0,
2026-09-04T10:32:47.793491,MQTT_QOS0,3,3,3,159,mqtt-qos0-main-3-159,success,25.301,410,221872,210572,110580,-42,0,
2026-09-04T10:32:48.018925,MQTT_QOS0,3,3,3,160,mqtt-qos0-main-3-160,success,12.361,401,221872,210572,110580,-42,0,
2026-09-04T10:32:48.231429,MQTT_QOS0,3,3,3,161,mqtt-qos0-main-3-161,success,14.200,429,221872,210572,110580,-41,0,
2026-09-04T10:32:48.445761,MQTT_QOS0,3,3,3,162,mqtt-qos0-main-3-162,success,13.483,413,221872,210572,110580,-41,0,
2026-09-04T10:32:48.659364,MQTT_QOS0,3,3,3,163,mqtt-qos0-main-3-163,success,16.808,410,221872,210572,110580,-41,0,
2026-09-04T10:32:48.876298,MQTT_QOS0,3,3,3,164,mqtt-qos0-main-3-164,success,12.467,407,221872,210572,110580,-42,0,
2026-09-04T10:32:49.088904,MQTT_QOS0,3,3,3,165,mqtt-qos0-main-3-165,success,15.040,420,221872,210572,110580,-40,0,
2026-09-04T10:32:49.304066,MQTT_QOS0,3,3,3,166,mqtt-qos0-main-3-166,success,19.208,407,221872,210572,110580,-43,0,
2026-09-04T10:32:49.523401,MQTT_QOS0,3,3,3,167,mqtt-qos0-main-3-167,success,20.292,433,221844,210572,110580,-38,0,
2026-09-04T10:32:49.743807,MQTT_QOS0,3,3,3,168,mqtt-qos0-main-3-168,success,16.433,407,221872,210572,110580,-39,0,
2026-09-04T10:32:49.960359,MQTT_QOS0,3,3,3,169,mqtt-qos0-main-3-169,success,11.004,418,221872,210572,110580,-42,0,
2026-09-04T10:32:50.171504,MQTT_QOS0,3,3,3,170,mqtt-qos0-main-3-170,success,12.658,597,221376,210572,110580,-40,0,
2026-09-04T10:32:50.384305,MQTT_QOS0,3,3,3,171,mqtt-qos0-main-3-171,success,15.673,405,221872,210572,110580,-42,0,
2026-09-04T10:32:50.600103,MQTT_QOS0,3,3,3,172,mqtt-qos0-main-3-172,success,12.803,411,221872,210572,110580,-40,0,
2026-09-04T10:32:50.813024,MQTT_QOS0,3,3,3,173,mqtt-qos0-main-3-173,success,14.124,409,221872,210572,110580,-41,0,
2026-09-04T10:32:51.027284,MQTT_QOS0,3,3,3,174,mqtt-qos0-main-3-174,success,11.902,425,221872,210572,110580,-41,0,
2026-09-04T10:32:51.239306,MQTT_QOS0,3,3,3,175,mqtt-qos0-main-3-175,success,15.321,414,221872,210572,110580,-41,0,
2026-09-04T10:32:51.454749,MQTT_QOS0,3,3,3,176,mqtt-qos0-main-3-176,success,13.080,410,221872,210572,110580,-41,0,
2026-09-04T10:32:51.667955,MQTT_QOS0,3,3,3,177,mqtt-qos0-main-3-177,success,22.948,412,221872,210572,110580,-40,0,
2026-09-04T10:32:51.891029,MQTT_QOS0,3,3,3,178,mqtt-qos0-main-3-178,success,12.200,420,221580,210572,110580,-40,0,
2026-09-04T10:32:52.103377,MQTT_QOS0,3,3,3,179,mqtt-qos0-main-3-179,success,12.486,414,221872,210572,110580,-40,0,
2026-09-04T10:32:52.315993,MQTT_QOS0,3,3,3,180,mqtt-qos0-main-3-180,success,13.250,421,221872,210572,110580,-40,0,
2026-09-04T10:32:52.529402,MQTT_QOS0,3,3,3,181,mqtt-qos0-main-3-181,success,12.797,406,221872,210572,110580,-40,0,
2026-09-04T10:32:52.742324,MQTT_QOS0,3,3,3,182,mqtt-qos0-main-3-182,success,13.134,436,221872,210572,110580,-40,0,
2026-09-04T10:32:52.955595,MQTT_QOS0,3,3,3,183,mqtt-qos0-main-3-183,success,12.255,409,221872,210572,110580,-41,0,
2026-09-04T10:32:53.167999,MQTT_QOS0,3,3,3,184,mqtt-qos0-main-3-184,success,14.569,410,221872,210572,110580,-40,0,
2026-09-04T10:32:53.382703,MQTT_QOS0,3,3,3,185,mqtt-qos0-main-3-185,success,12.737,407,221872,210572,110580,-41,0,
2026-09-04T10:32:53.595568,MQTT_QOS0,3,3,3,186,mqtt-qos0-main-3-186,success,11.500,410,221872,210572,110580,-40,0,
2026-09-04T10:32:53.807199,MQTT_QOS0,3,3,3,187,mqtt-qos0-main-3-187,success,15.763,429,221872,210572,110580,-40,0,
2026-09-04T10:32:54.023100,MQTT_QOS0,3,3,3,188,mqtt-qos0-main-3-188,success,21.801,427,221872,210572,110580,-39,0,
2026-09-04T10:32:54.245025,MQTT_QOS0,3,3,3,189,mqtt-qos0-main-3-189,success,13.898,407,221872,210572,110580,-39,0,
2026-09-04T10:32:54.459040,MQTT_QOS0,3,3,3,190,mqtt-qos0-main-3-190,success,14.197,416,221872,210572,110580,-40,0,
2026-09-04T10:32:54.673355,MQTT_QOS0,3,3,3,191,mqtt-qos0-main-3-191,success,19.489,407,221872,210572,110580,-42,0,
2026-09-04T10:32:54.892964,MQTT_QOS0,3,3,3,192,mqtt-qos0-main-3-192,success,13.179,410,221872,210572,110580,-41,0,
2026-09-04T10:32:55.106283,MQTT_QOS0,3,3,3,193,mqtt-qos0-main-3-193,success,13.275,412,221872,210572,110580,-39,0,
2026-09-04T10:32:55.319684,MQTT_QOS0,3,3,3,194,mqtt-qos0-main-3-194,success,13.291,417,221872,210572,110580,-41,0,
2026-09-04T10:32:55.533095,MQTT_QOS0,3,3,3,195,mqtt-qos0-main-3-195,success,20.577,405,221872,210572,110580,-40,0,
2026-09-04T10:32:55.753793,MQTT_QOS0,3,3,3,196,mqtt-qos0-main-3-196,success,15.733,409,221872,210572,110580,-40,0,
2026-09-04T10:32:55.969645,MQTT_QOS0,3,3,3,197,mqtt-qos0-main-3-197,success,21.949,418,221872,210572,110580,-39,0,
2026-09-04T10:32:56.191733,MQTT_QOS0,3,3,3,198,mqtt-qos0-main-3-198,success,13.846,411,221872,210572,110580,-41,0,
2026-09-04T10:32:56.405700,MQTT_QOS0,3,3,3,199,mqtt-qos0-main-3-199,success,14.167,465,221376,210572,110580,-41,0,
2026-09-04T10:32:56.619986,MQTT_QOS0,3,3,3,200,mqtt-qos0-main-3-200,success,11.174,406,221872,210572,110580,-41,0,
2026-09-04T10:34:42.255885,MQTT_QOS0,4,4,3,1,mqtt-qos0-main-4-1,success,61.309,461,221864,209036,110580,-38,0,
2026-09-04T10:34:42.517395,MQTT_QOS0,4,4,3,2,mqtt-qos0-main-4-2,success,14.417,409,221864,209036,110580,-41,0,
2026-09-04T10:34:42.731958,MQTT_QOS0,4,4,3,3,mqtt-qos0-main-4-3,success,13.523,424,221864,209036,110580,-42,0,
2026-09-04T10:34:42.945621,MQTT_QOS0,4,4,3,4,mqtt-qos0-main-4-4,success,14.058,407,221864,209036,110580,-43,0,
2026-09-04T10:34:43.159818,MQTT_QOS0,4,4,3,5,mqtt-qos0-main-4-5,success,15.239,409,221864,209036,110580,-42,0,
2026-09-04T10:34:43.375190,MQTT_QOS0,4,4,3,6,mqtt-qos0-main-4-6,success,24.064,451,221864,209036,110580,-43,0,
2026-09-04T10:34:43.599380,MQTT_QOS0,4,4,3,7,mqtt-qos0-main-4-7,success,16.563,407,221864,209036,110580,-42,0,
2026-09-04T10:34:43.816067,MQTT_QOS0,4,4,3,8,mqtt-qos0-main-4-8,success,11.848,419,221864,209036,110580,-41,0,
2026-09-04T10:34:44.028052,MQTT_QOS0,4,4,3,9,mqtt-qos0-main-4-9,success,18.789,408,221864,209036,110580,-41,0,
2026-09-04T10:34:44.246979,MQTT_QOS0,4,4,3,10,mqtt-qos0-main-4-10,success,19.112,410,221864,209036,110580,-41,0,
2026-09-04T10:34:44.466222,MQTT_QOS0,4,4,3,11,mqtt-qos0-main-4-11,success,13.987,408,221864,209036,110580,-43,0,
2026-09-04T10:34:44.680337,MQTT_QOS0,4,4,3,12,mqtt-qos0-main-4-12,success,15.546,563,221660,209036,110580,-40,0,
2026-09-04T10:34:44.896002,MQTT_QOS0,4,4,3,13,mqtt-qos0-main-4-13,success,12.428,421,221864,209036,110580,-41,0,
2026-09-04T10:34:45.108570,MQTT_QOS0,4,4,3,14,mqtt-qos0-main-4-14,success,15.001,423,219428,209036,110580,-43,0,
2026-09-04T10:34:45.323716,MQTT_QOS0,4,4,3,15,mqtt-qos0-main-4-15,success,14.362,407,221864,209036,110580,-41,0,
2026-09-04T10:34:45.538197,MQTT_QOS0,4,4,3,16,mqtt-qos0-main-4-16,success,19.736,425,221572,209036,110580,-44,0,
2026-09-04T10:34:45.758042,MQTT_QOS0,4,4,3,17,mqtt-qos0-main-4-17,success,14.158,419,221864,209036,110580,-43,0,
2026-09-04T10:34:45.972319,MQTT_QOS0,4,4,3,18,mqtt-qos0-main-4-18,success,14.650,409,221864,209036,110580,-44,0,
2026-09-04T10:34:46.187110,MQTT_QOS0,4,4,3,19,mqtt-qos0-main-4-19,success,14.602,470,221864,209036,110580,-42,0,
2026-09-04T10:34:46.401830,MQTT_QOS0,4,4,3,20,mqtt-qos0-main-4-20,success,16.184,409,221864,209036,110580,-42,0,
2026-09-04T10:34:46.618158,MQTT_QOS0,4,4,3,21,mqtt-qos0-main-4-21,success,20.612,406,221864,209036,110580,-43,0,
2026-09-04T10:34:46.838902,MQTT_QOS0,4,4,3,22,mqtt-qos0-main-4-22,success,13.228,408,221864,209036,110580,-39,0,
2026-09-04T10:34:47.052265,MQTT_QOS0,4,4,3,23,mqtt-qos0-main-4-23,success,15.527,412,221864,209036,110580,-40,0,
2026-09-04T10:34:47.267905,MQTT_QOS0,4,4,3,24,mqtt-qos0-main-4-24,success,13.349,483,221864,209036,110580,-38,0,
2026-09-04T10:34:47.481366,MQTT_QOS0,4,4,3,25,mqtt-qos0-main-4-25,success,14.518,406,221864,209036,110580,-37,0,
2026-09-04T10:34:47.696003,MQTT_QOS0,4,4,3,26,mqtt-qos0-main-4-26,success,13.870,408,221864,209036,110580,-38,0,
2026-09-04T10:34:47.909993,MQTT_QOS0,4,4,3,27,mqtt-qos0-main-4-27,success,14.809,409,221864,209036,110580,-44,0,
2026-09-04T10:34:48.124940,MQTT_QOS0,4,4,3,28,mqtt-qos0-main-4-28,success,12.981,415,221864,209036,110580,-44,0,
2026-09-04T10:34:48.338039,MQTT_QOS0,4,4,3,29,mqtt-qos0-main-4-29,success,11.492,406,221864,209036,110580,-43,0,
2026-09-04T10:34:48.549656,MQTT_QOS0,4,4,3,30,mqtt-qos0-main-4-30,success,16.813,422,221864,209036,110580,-46,0,
2026-09-04T10:34:48.766578,MQTT_QOS0,4,4,3,31,mqtt-qos0-main-4-31,success,11.617,425,221864,209036,110580,-47,0,
2026-09-04T10:34:48.978309,MQTT_QOS0,4,4,3,32,mqtt-qos0-main-4-32,success,14.303,416,221864,209036,110580,-46,0,
2026-09-04T10:34:49.192743,MQTT_QOS0,4,4,3,33,mqtt-qos0-main-4-33,success,13.860,484,221864,209036,110580,-46,0,
2026-09-04T10:34:49.406731,MQTT_QOS0,4,4,3,34,mqtt-qos0-main-4-34,success,28.148,409,221864,209036,110580,-44,0,
2026-09-04T10:34:49.634993,MQTT_QOS0,4,4,3,35,mqtt-qos0-main-4-35,success,17.723,407,221864,209036,110580,-45,0,
2026-09-04T10:34:49.852836,MQTT_QOS0,4,4,3,36,mqtt-qos0-main-4-36,success,15.265,410,221864,209036,110580,-43,0,
2026-09-04T10:34:50.068230,MQTT_QOS0,4,4,3,37,mqtt-qos0-main-4-37,success,11.784,406,221864,209036,110580,-43,0,
2026-09-04T10:34:50.280130,MQTT_QOS0,4,4,3,38,mqtt-qos0-main-4-38,success,12.792,410,221864,209036,110580,-45,0,
2026-09-04T10:34:50.493031,MQTT_QOS0,4,4,3,39,mqtt-qos0-main-4-39,success,17.337,405,221864,209036,110580,-45,0,
2026-09-04T10:34:50.710478,MQTT_QOS0,4,4,3,40,mqtt-qos0-main-4-40,success,11.660,411,221864,209036,110580,-42,0,
2026-09-04T10:34:50.922285,MQTT_QOS0,4,4,3,41,mqtt-qos0-main-4-41,success,16.671,417,221864,209036,110580,-43,0,
2026-09-04T10:34:51.139104,MQTT_QOS0,4,4,3,42,mqtt-qos0-main-4-42,success,11.855,557,221660,209036,110580,-44,0,
2026-09-04T10:34:51.351084,MQTT_QOS0,4,4,3,43,mqtt-qos0-main-4-43,success,16.174,408,221864,209036,110580,-41,0,
2026-09-04T10:34:51.567368,MQTT_QOS0,4,4,3,44,mqtt-qos0-main-4-44,success,12.784,410,221864,209036,110580,-44,0,
2026-09-04T10:34:51.780266,MQTT_QOS0,4,4,3,45,mqtt-qos0-main-4-45,success,13.384,408,221864,209036,110580,-50,0,
2026-09-04T10:34:51.993779,MQTT_QOS0,4,4,3,46,mqtt-qos0-main-4-46,success,26.634,435,221864,209036,110580,-44,0,
2026-09-04T10:34:52.220546,MQTT_QOS0,4,4,3,47,mqtt-qos0-main-4-47,success,12.451,443,221864,209036,110580,-44,0,
2026-09-04T10:34:52.433118,MQTT_QOS0,4,4,3,48,mqtt-qos0-main-4-48,success,13.323,413,221864,209036,110580,-44,0,
2026-09-04T10:34:52.646556,MQTT_QOS0,4,4,3,49,mqtt-qos0-main-4-49,success,13.561,409,221864,209036,110580,-43,0,
2026-09-04T10:34:52.860238,MQTT_QOS0,4,4,3,50,mqtt-qos0-main-4-50,success,13.064,441,221864,209036,110580,-43,0,
2026-09-04T10:34:53.073442,MQTT_QOS0,4,4,3,51,mqtt-qos0-main-4-51,success,13.680,418,221864,209036,110580,-42,0,
2026-09-04T10:34:53.287248,MQTT_QOS0,4,4,3,52,mqtt-qos0-main-4-52,success,12.000,420,221864,209036,110580,-43,0,
2026-09-04T10:34:53.499366,MQTT_QOS0,4,4,3,53,mqtt-qos0-main-4-53,success,18.281,412,221864,209036,110580,-44,0,
2026-09-04T10:34:53.717761,MQTT_QOS0,4,4,3,54,mqtt-qos0-main-4-54,success,13.285,417,221864,209036,110580,-44,0,
2026-09-04T10:34:53.931159,MQTT_QOS0,4,4,3,55,mqtt-qos0-main-4-55,success,13.940,415,221864,209036,110580,-43,0,
2026-09-04T10:34:54.145233,MQTT_QOS0,4,4,3,56,mqtt-qos0-main-4-56,success,18.959,420,221864,209036,110580,-44,0,
2026-09-04T10:34:54.364315,MQTT_QOS0,4,4,3,57,mqtt-qos0-main-4-57,success,14.387,409,221864,209036,110580,-43,0,
2026-09-04T10:34:54.578827,MQTT_QOS0,4,4,3,58,mqtt-qos0-main-4-58,success,14.653,435,221864,209036,110580,-44,0,
2026-09-04T10:34:54.793605,MQTT_QOS0,4,4,3,59,mqtt-qos0-main-4-59,success,16.012,429,221864,209036,110580,-43,0,
2026-09-04T10:34:55.009750,MQTT_QOS0,4,4,3,60,mqtt-qos0-main-4-60,success,14.250,421,221864,209036,110580,-43,0,
2026-09-04T10:34:55.224153,MQTT_QOS0,4,4,3,61,mqtt-qos0-main-4-61,success,15.124,409,221864,209036,110580,-44,0,
2026-09-04T10:34:55.439402,MQTT_QOS0,4,4,3,62,mqtt-qos0-main-4-62,success,13.894,410,221864,209036,110580,-43,0,
2026-09-04T10:34:55.653412,MQTT_QOS0,4,4,3,63,mqtt-qos0-main-4-63,success,13.641,409,221864,209036,110580,-42,0,
2026-09-04T10:34:55.867186,MQTT_QOS0,4,4,3,64,mqtt-qos0-main-4-64,success,11.738,408,221864,209036,110580,-44,0,
2026-09-04T10:34:56.079061,MQTT_QOS0,4,4,3,65,mqtt-qos0-main-4-65,success,14.710,412,221864,209036,110580,-43,0,
2026-09-04T10:34:56.293904,MQTT_QOS0,4,4,3,66,mqtt-qos0-main-4-66,success,20.049,486,221864,209036,110580,-47,0,
2026-09-04T10:34:56.514076,MQTT_QOS0,4,4,3,67,mqtt-qos0-main-4-67,success,15.609,424,221864,209036,110580,-45,0,
2026-09-04T10:34:56.729796,MQTT_QOS0,4,4,3,68,mqtt-qos0-main-4-68,success,16.074,410,221864,209036,110580,-45,0,
2026-09-04T10:34:56.945997,MQTT_QOS0,4,4,3,69,mqtt-qos0-main-4-69,success,18.782,409,221864,209036,110580,-44,0,
2026-09-04T10:34:57.164920,MQTT_QOS0,4,4,3,70,mqtt-qos0-main-4-70,success,15.344,420,219428,209036,110580,-44,0,
2026-09-04T10:34:57.380385,MQTT_QOS0,4,4,3,71,mqtt-qos0-main-4-71,success,11.189,430,221864,209036,110580,-42,0,
2026-09-04T10:34:57.591691,MQTT_QOS0,4,4,3,72,mqtt-qos0-main-4-72,success,13.160,550,221660,209036,110580,-42,0,
2026-09-04T10:34:57.804977,MQTT_QOS0,4,4,3,73,mqtt-qos0-main-4-73,success,14.485,406,221864,209036,110580,-45,0,
2026-09-04T10:34:58.019611,MQTT_QOS0,4,4,3,74,mqtt-qos0-main-4-74,success,14.057,410,221856,209036,110580,-45,0,
2026-09-04T10:34:58.233796,MQTT_QOS0,4,4,3,75,mqtt-qos0-main-4-75,success,12.286,414,221864,209036,110580,-45,0,
2026-09-04T10:34:58.446226,MQTT_QOS0,4,4,3,76,mqtt-qos0-main-4-76,success,16.270,408,221864,209036,110580,-44,0,
2026-09-04T10:34:58.662627,MQTT_QOS0,4,4,3,77,mqtt-qos0-main-4-77,success,12.116,414,221864,209036,110580,-43,0,
2026-09-04T10:34:58.874871,MQTT_QOS0,4,4,3,78,mqtt-qos0-main-4-78,success,15.925,406,221864,209036,110580,-44,0,
2026-09-04T10:34:59.090932,MQTT_QOS0,4,4,3,79,mqtt-qos0-main-4-79,success,13.445,406,221864,209036,110580,-46,0,
2026-09-04T10:34:59.304497,MQTT_QOS0,4,4,3,80,mqtt-qos0-main-4-80,success,14.588,410,221864,209036,110580,-44,0,
2026-09-04T10:34:59.519230,MQTT_QOS0,4,4,3,81,mqtt-qos0-main-4-81,success,20.717,408,221864,209036,110580,-46,0,
2026-09-04T10:34:59.740068,MQTT_QOS0,4,4,3,82,mqtt-qos0-main-4-82,success,13.793,409,221864,209036,110580,-46,0,
2026-09-04T10:34:59.953981,MQTT_QOS0,4,4,3,83,mqtt-qos0-main-4-83,success,18.367,407,221864,209036,110580,-45,0,
2026-09-04T10:35:00.172480,MQTT_QOS0,4,4,3,84,mqtt-qos0-main-4-84,success,11.318,410,221864,209036,110580,-45,0,
2026-09-04T10:35:00.383921,MQTT_QOS0,4,4,3,85,mqtt-qos0-main-4-85,success,13.416,418,221864,209036,110580,-46,0,
2026-09-04T10:35:00.597455,MQTT_QOS0,4,4,3,86,mqtt-qos0-main-4-86,success,22.264,406,221864,209036,110580,-45,0,
2026-09-04T10:35:00.819846,MQTT_QOS0,4,4,3,87,mqtt-qos0-main-4-87,success,14.781,433,221864,209036,110580,-45,0,
2026-09-04T10:35:01.034756,MQTT_QOS0,4,4,3,88,mqtt-qos0-main-4-88,success,13.915,408,221864,209036,110580,-43,0,
2026-09-04T10:35:01.248794,MQTT_QOS0,4,4,3,89,mqtt-qos0-main-4-89,success,15.434,410,221864,209036,110580,-44,0,
2026-09-04T10:35:01.464344,MQTT_QOS0,4,4,3,90,mqtt-qos0-main-4-90,success,16.232,409,221864,209036,110580,-44,0,
2026-09-04T10:35:01.680690,MQTT_QOS0,4,4,3,91,mqtt-qos0-main-4-91,success,13.308,421,221864,209036,110580,-44,0,
2026-09-04T10:35:01.894114,MQTT_QOS0,4,4,3,92,mqtt-qos0-main-4-92,success,12.714,408,221864,209036,110580,-44,0,
2026-09-04T10:35:02.106963,MQTT_QOS0,4,4,3,93,mqtt-qos0-main-4-93,success,14.226,414,221864,209036,110580,-43,0,
2026-09-04T10:35:02.321314,MQTT_QOS0,4,4,3,94,mqtt-qos0-main-4-94,success,13.318,448,221864,209036,110580,-45,0,
2026-09-04T10:35:02.534746,MQTT_QOS0,4,4,3,95,mqtt-qos0-main-4-95,success,14.250,407,221864,209036,110580,-45,0,
2026-09-04T10:35:02.749113,MQTT_QOS0,4,4,3,96,mqtt-qos0-main-4-96,success,18.996,409,221864,209036,110580,-44,0,
2026-09-04T10:35:02.968229,MQTT_QOS0,4,4,3,97,mqtt-qos0-main-4-97,success,12.630,416,221864,209036,110580,-45,0,
2026-09-04T10:35:03.180998,MQTT_QOS0,4,4,3,98,mqtt-qos0-main-4-98,success,12.810,407,221864,209036,110580,-46,0,
2026-09-04T10:35:03.393925,MQTT_QOS0,4,4,3,99,mqtt-qos0-main-4-99,success,12.306,408,221864,209036,110580,-43,0,
2026-09-04T10:35:03.606348,MQTT_QOS0,4,4,3,100,mqtt-qos0-main-4-100,success,15.950,412,221864,209036,110580,-43,0,
2026-09-04T10:35:03.822452,MQTT_QOS0,4,4,3,101,mqtt-qos0-main-4-101,success,12.487,404,221864,209036,110580,-46,0,
2026-09-04T10:35:04.035081,MQTT_QOS0,4,4,3,102,mqtt-qos0-main-4-102,success,17.260,553,221660,209036,110580,-44,0,
2026-09-04T10:35:04.252469,MQTT_QOS0,4,4,3,103,mqtt-qos0-main-4-103,success,23.898,407,221864,209036,110580,-45,0,
2026-09-04T10:35:04.476490,MQTT_QOS0,4,4,3,104,mqtt-qos0-main-4-104,success,14.902,410,221864,209036,110580,-45,0,
2026-09-04T10:35:04.691512,MQTT_QOS0,4,4,3,105,mqtt-qos0-main-4-105,success,18.699,424,221836,209036,110580,-46,0,
2026-09-04T10:35:04.910330,MQTT_QOS0,4,4,3,106,mqtt-qos0-main-4-106,success,16.509,411,221864,209036,110580,-46,0,
2026-09-04T10:35:05.126972,MQTT_QOS0,4,4,3,107,mqtt-qos0-main-4-107,success,13.374,443,221864,209036,110580,-43,0,
2026-09-04T10:35:05.340469,MQTT_QOS0,4,4,3,108,mqtt-qos0-main-4-108,success,14.510,419,221864,209036,110580,-46,0,
2026-09-04T10:35:05.555101,MQTT_QOS0,4,4,3,109,mqtt-qos0-main-4-109,success,16.365,413,221864,209036,110580,-43,0,
2026-09-04T10:35:05.771584,MQTT_QOS0,4,4,3,110,mqtt-qos0-main-4-110,success,34.133,414,221864,209036,110580,-42,0,
2026-09-04T10:35:06.005858,MQTT_QOS0,4,4,3,111,mqtt-qos0-main-4-111,success,19.553,407,221864,209036,110580,-40,0,
2026-09-04T10:35:06.225543,MQTT_QOS0,4,4,3,112,mqtt-qos0-main-4-112,success,18.828,409,221864,209036,110580,-41,0,
2026-09-04T10:35:06.444498,MQTT_QOS0,4,4,3,113,mqtt-qos0-main-4-113,success,12.562,418,221864,209036,110580,-41,0,
2026-09-04T10:35:06.657195,MQTT_QOS0,4,4,3,114,mqtt-qos0-main-4-114,success,13.270,409,221864,209036,110580,-43,0,
2026-09-04T10:35:06.870593,MQTT_QOS0,4,4,3,115,mqtt-qos0-main-4-115,success,16.060,436,221864,209036,110580,-43,0,
2026-09-04T10:35:07.086795,MQTT_QOS0,4,4,3,116,mqtt-qos0-main-4-116,success,12.979,416,221864,209036,110580,-44,0,
2026-09-04T10:35:07.299904,MQTT_QOS0,4,4,3,117,mqtt-qos0-main-4-117,success,15.896,420,221864,209036,110580,-44,0,
2026-09-04T10:35:07.515925,MQTT_QOS0,4,4,3,118,mqtt-qos0-main-4-118,success,11.934,415,221864,209036,110580,-46,0,
2026-09-04T10:35:07.727984,MQTT_QOS0,4,4,3,119,mqtt-qos0-main-4-119,success,13.430,409,221864,209036,110580,-44,0,
2026-09-04T10:35:07.941540,MQTT_QOS0,4,4,3,120,mqtt-qos0-main-4-120,success,26.198,409,221864,209036,110580,-42,0,
2026-09-04T10:35:08.167900,MQTT_QOS0,4,4,3,121,mqtt-qos0-main-4-121,success,13.348,422,221572,209036,110580,-42,0,
2026-09-04T10:35:08.381377,MQTT_QOS0,4,4,3,122,mqtt-qos0-main-4-122,success,16.653,408,221864,209036,110580,-45,0,
2026-09-04T10:35:08.598158,MQTT_QOS0,4,4,3,123,mqtt-qos0-main-4-123,success,17.907,437,221572,209036,110580,-44,0,
2026-09-04T10:35:08.816191,MQTT_QOS0,4,4,3,124,mqtt-qos0-main-4-124,success,13.861,411,221864,209036,110580,-43,0,
2026-09-04T10:35:09.030186,MQTT_QOS0,4,4,3,125,mqtt-qos0-main-4-125,success,23.950,422,221864,209036,110580,-42,0,
2026-09-04T10:35:09.254270,MQTT_QOS0,4,4,3,126,mqtt-qos0-main-4-126,success,13.248,416,221864,209036,110580,-45,0,
2026-09-04T10:35:09.467644,MQTT_QOS0,4,4,3,127,mqtt-qos0-main-4-127,success,14.342,410,221864,209036,110580,-43,0,
2026-09-04T10:35:09.682106,MQTT_QOS0,4,4,3,128,mqtt-qos0-main-4-128,success,14.279,413,221864,209036,110580,-45,0,
2026-09-04T10:35:09.896505,MQTT_QOS0,4,4,3,129,mqtt-qos0-main-4-129,success,13.779,415,221864,209036,110580,-45,0,
2026-09-04T10:35:10.110428,MQTT_QOS0,4,4,3,130,mqtt-qos0-main-4-130,success,16.943,421,221864,209036,110580,-44,0,
2026-09-04T10:35:10.327507,MQTT_QOS0,4,4,3,131,mqtt-qos0-main-4-131,success,18.021,464,221660,209036,110580,-46,0,
2026-09-04T10:35:10.545665,MQTT_QOS0,4,4,3,132,mqtt-qos0-main-4-132,success,13.071,415,221572,209036,110580,-45,0,
2026-09-04T10:35:10.758861,MQTT_QOS0,4,4,3,133,mqtt-qos0-main-4-133,success,13.049,425,221572,209036,110580,-73,0,
2026-09-04T10:35:10.972038,MQTT_QOS0,4,4,3,134,mqtt-qos0-main-4-134,success,11.170,405,221864,209036,110580,-45,0,
2026-09-04T10:35:11.183346,MQTT_QOS0,4,4,3,135,mqtt-qos0-main-4-135,success,13.983,411,221864,209036,110580,-45,0,
2026-09-04T10:35:11.397451,MQTT_QOS0,4,4,3,136,mqtt-qos0-main-4-136,success,13.340,407,221864,209036,110580,-44,0,
2026-09-04T10:35:11.610911,MQTT_QOS0,4,4,3,137,mqtt-qos0-main-4-137,success,12.823,477,221864,209036,110580,-44,0,
2026-09-04T10:35:11.823860,MQTT_QOS0,4,4,3,138,mqtt-qos0-main-4-138,success,16.143,406,221864,209036,110580,-45,0,
2026-09-04T10:35:12.040131,MQTT_QOS0,4,4,3,139,mqtt-qos0-main-4-139,success,18.593,409,221864,209036,110580,-46,0,
2026-09-04T10:35:12.258850,MQTT_QOS0,4,4,3,140,mqtt-qos0-main-4-140,success,13.154,409,221864,209036,110580,-44,0,
2026-09-04T10:35:12.472157,MQTT_QOS0,4,4,3,141,mqtt-qos0-main-4-141,success,17.283,422,221864,209036,110580,-45,0,
2026-09-04T10:35:12.689562,MQTT_QOS0,4,4,3,142,mqtt-qos0-main-4-142,success,14.223,407,221864,209036,110580,-44,0,
2026-09-04T10:35:12.903903,MQTT_QOS0,4,4,3,143,mqtt-qos0-main-4-143,success,13.091,414,221864,209036,110580,-45,0,
2026-09-04T10:35:13.117128,MQTT_QOS0,4,4,3,144,mqtt-qos0-main-4-144,success,11.876,407,221864,209036,110580,-43,0,
2026-09-04T10:35:13.329129,MQTT_QOS0,4,4,3,145,mqtt-qos0-main-4-145,success,15.355,478,221864,209036,110580,-45,0,
2026-09-04T10:35:13.544600,MQTT_QOS0,4,4,3,146,mqtt-qos0-main-4-146,success,13.423,408,221864,209036,110580,-45,0,
2026-09-04T10:35:13.758142,MQTT_QOS0,4,4,3,147,mqtt-qos0-main-4-147,success,17.784,426,221572,209036,110580,-45,0,
2026-09-04T10:35:13.976049,MQTT_QOS0,4,4,3,148,mqtt-qos0-main-4-148,success,11.078,407,221864,209036,110580,-45,0,
2026-09-04T10:35:14.187275,MQTT_QOS0,4,4,3,149,mqtt-qos0-main-4-149,success,15.202,409,221864,209036,110580,-42,0,
2026-09-04T10:35:14.402597,MQTT_QOS0,4,4,3,150,mqtt-qos0-main-4-150,success,15.138,407,221864,209036,110580,-45,0,
2026-09-04T10:35:14.617859,MQTT_QOS0,4,4,3,151,mqtt-qos0-main-4-151,success,13.484,419,221864,209036,110580,-44,0,
2026-09-04T10:35:14.831473,MQTT_QOS0,4,4,3,152,mqtt-qos0-main-4-152,success,30.493,406,221864,209036,110580,-44,0,
2026-09-04T10:35:15.062093,MQTT_QOS0,4,4,3,153,mqtt-qos0-main-4-153,success,18.506,411,221864,209036,110580,-45,0,
2026-09-04T10:35:15.280723,MQTT_QOS0,4,4,3,154,mqtt-qos0-main-4-154,success,12.245,415,221864,209036,110580,-41,0,
2026-09-04T10:35:15.493090,MQTT_QOS0,4,4,3,155,mqtt-qos0-main-4-155,success,12.157,421,221864,209036,110580,-43,0,
2026-09-04T10:35:15.705365,MQTT_QOS0,4,4,3,156,mqtt-qos0-main-4-156,success,13.255,405,221864,209036,110580,-45,0,
2026-09-04T10:35:15.918740,MQTT_QOS0,4,4,3,157,mqtt-qos0-main-4-157,success,12.848,417,221864,209036,110580,-42,0,
2026-09-04T10:35:16.131735,MQTT_QOS0,4,4,3,158,mqtt-qos0-main-4-158,success,12.321,450,221864,209036,110580,-41,0,
2026-09-04T10:35:16.344182,MQTT_QOS0,4,4,3,159,mqtt-qos0-main-4-159,success,15.414,411,221864,209036,110580,-44,0,
2026-09-04T10:35:16.559722,MQTT_QOS0,4,4,3,160,mqtt-qos0-main-4-160,success,13.441,570,221660,209036,110580,-42,0,
2026-09-04T10:35:16.773317,MQTT_QOS0,4,4,3,161,mqtt-qos0-main-4-161,success,19.497,413,221572,209036,110580,-45,0,
2026-09-04T10:35:16.992958,MQTT_QOS0,4,4,3,162,mqtt-qos0-main-4-162,success,12.550,417,221864,209036,110580,-43,0,
2026-09-04T10:35:17.205638,MQTT_QOS0,4,4,3,163,mqtt-qos0-main-4-163,success,13.037,414,221864,209036,110580,-44,0,
2026-09-04T10:35:17.418800,MQTT_QOS0,4,4,3,164,mqtt-qos0-main-4-164,success,13.259,434,221572,209036,110580,-42,0,
2026-09-04T10:35:17.632177,MQTT_QOS0,4,4,3,165,mqtt-qos0-main-4-165,success,23.309,414,221864,209036,110580,-43,0,
2026-09-04T10:35:17.855609,MQTT_QOS0,4,4,3,166,mqtt-qos0-main-4-166,success,13.484,419,221572,209036,110580,-44,0,
2026-09-04T10:35:18.069224,MQTT_QOS0,4,4,3,167,mqtt-qos0-main-4-167,success,13.126,405,221864,209036,110580,-44,0,
2026-09-04T10:35:18.282475,MQTT_QOS0,4,4,3,168,mqtt-qos0-main-4-168,success,15.930,420,221864,209036,110580,-44,0,
2026-09-04T10:35:18.498535,MQTT_QOS0,4,4,3,169,mqtt-qos0-main-4-169,success,14.700,426,221864,209036,110580,-43,0,
2026-09-04T10:35:18.713355,MQTT_QOS0,4,4,3,170,mqtt-qos0-main-4-170,success,14.824,428,221864,209036,110580,-44,0,
2026-09-04T10:35:18.928312,MQTT_QOS0,4,4,3,171,mqtt-qos0-main-4-171,success,16.811,404,221864,209036,110580,-44,0,
2026-09-04T10:35:19.145255,MQTT_QOS0,4,4,3,172,mqtt-qos0-main-4-172,success,15.500,411,221864,209036,110580,-41,0,
2026-09-04T10:35:19.360876,MQTT_QOS0,4,4,3,173,mqtt-qos0-main-4-173,success,13.479,424,221864,209036,110580,-44,0,
2026-09-04T10:35:19.574489,MQTT_QOS0,4,4,3,174,mqtt-qos0-main-4-174,success,16.762,421,221864,209036,110580,-44,0,
2026-09-04T10:35:19.791390,MQTT_QOS0,4,4,3,175,mqtt-qos0-main-4-175,success,12.999,427,221864,209036,110580,-44,0,
2026-09-04T10:35:20.004528,MQTT_QOS0,4,4,3,176,mqtt-qos0-main-4-176,success,13.952,412,221864,209036,110580,-42,0,
2026-09-04T10:35:20.218615,MQTT_QOS0,4,4,3,177,mqtt-qos0-main-4-177,success,11.460,414,221864,209036,110580,-44,0,
2026-09-04T10:35:20.430199,MQTT_QOS0,4,4,3,178,mqtt-qos0-main-4-178,success,13.741,410,221864,209036,110580,-44,0,
2026-09-04T10:35:20.644057,MQTT_QOS0,4,4,3,179,mqtt-qos0-main-4-179,success,19.627,405,221864,209036,110580,-41,0,
2026-09-04T10:35:20.863819,MQTT_QOS0,4,4,3,180,mqtt-qos0-main-4-180,success,13.386,420,221864,209036,110580,-43,0,
2026-09-04T10:35:21.077369,MQTT_QOS0,4,4,3,181,mqtt-qos0-main-4-181,success,20.430,404,221864,209036,110580,-43,0,
2026-09-04T10:35:21.297934,MQTT_QOS0,4,4,3,182,mqtt-qos0-main-4-182,success,12.441,411,221864,209036,110580,-44,0,
2026-09-04T10:35:21.510497,MQTT_QOS0,4,4,3,183,mqtt-qos0-main-4-183,success,16.686,405,221864,209036,110580,-45,0,
2026-09-04T10:35:21.727306,MQTT_QOS0,4,4,3,184,mqtt-qos0-main-4-184,success,11.269,413,221864,209036,110580,-42,0,
2026-09-04T10:35:21.938697,MQTT_QOS0,4,4,3,185,mqtt-qos0-main-4-185,success,16.111,404,221864,209036,110580,-44,0,
2026-09-04T10:35:22.154980,MQTT_QOS0,4,4,3,186,mqtt-qos0-main-4-186,success,17.820,412,221864,209036,110580,-44,0,
2026-09-04T10:35:22.372938,MQTT_QOS0,4,4,3,187,mqtt-qos0-main-4-187,success,11.833,439,221864,209036,110580,-43,0,
2026-09-04T10:35:22.584897,MQTT_QOS0,4,4,3,188,mqtt-qos0-main-4-188,success,13.844,419,221864,209036,110580,-43,0,
2026-09-04T10:35:22.798864,MQTT_QOS0,4,4,3,189,mqtt-qos0-main-4-189,success,15.717,464,221660,209036,110580,-45,0,
2026-09-04T10:35:23.014732,MQTT_QOS0,4,4,3,190,mqtt-qos0-main-4-190,success,12.298,415,221864,209036,110580,-44,0,
2026-09-04T10:35:23.227171,MQTT_QOS0,4,4,3,191,mqtt-qos0-main-4-191,success,16.689,417,221864,209036,110580,-45,0,
2026-09-04T10:35:23.443991,MQTT_QOS0,4,4,3,192,mqtt-qos0-main-4-192,success,12.339,406,221864,209036,110580,-43,0,
2026-09-04T10:35:23.656453,MQTT_QOS0,4,4,3,193,mqtt-qos0-main-4-193,success,15.018,420,221864,209036,110580,-44,0,
2026-09-04T10:35:23.871593,MQTT_QOS0,4,4,3,194,mqtt-qos0-main-4-194,success,11.182,415,221864,209036,110580,-44,0,
2026-09-04T10:35:24.082908,MQTT_QOS0,4,4,3,195,mqtt-qos0-main-4-195,success,14.319,508,221572,209036,110580,-41,0,
2026-09-04T10:35:24.297350,MQTT_QOS0,4,4,3,196,mqtt-qos0-main-4-196,success,12.809,408,221864,209036,110580,-44,0,
2026-09-04T10:35:24.510294,MQTT_QOS0,4,4,3,197,mqtt-qos0-main-4-197,success,12.785,413,221864,209036,110580,-45,0,
2026-09-04T10:35:24.723207,MQTT_QOS0,4,4,3,198,mqtt-qos0-main-4-198,success,15.853,406,221864,209036,110580,-41,0,
2026-09-04T10:35:24.939181,MQTT_QOS0,4,4,3,199,mqtt-qos0-main-4-199,success,17.808,423,221864,209036,110580,-44,0,
2026-09-04T10:35:25.157122,MQTT_QOS0,4,4,3,200,mqtt-qos0-main-4-200,success,14.172,408,221864,209036,110580,-44,0,
2026-09-04T10:36:23.585851,MQTT_QOS0,5,5,2,1,mqtt-qos0-main-5-1,success,59.807,407,225764,209036,110580,-41,0,
2026-09-04T10:36:23.845857,MQTT_QOS0,5,5,2,2,mqtt-qos0-main-5-2,success,20.674,586,225560,209036,110580,-41,0,
2026-09-04T10:36:24.066697,MQTT_QOS0,5,5,2,3,mqtt-qos0-main-5-3,success,13.471,407,225764,209036,110580,-42,0,
2026-09-04T10:36:24.280297,MQTT_QOS0,5,5,2,4,mqtt-qos0-main-5-4,success,12.346,416,225764,209036,110580,-42,0,
2026-09-04T10:36:24.492765,MQTT_QOS0,5,5,2,5,mqtt-qos0-main-5-5,success,12.902,405,225764,209036,110580,-42,0,
2026-09-04T10:36:24.705788,MQTT_QOS0,5,5,2,6,mqtt-qos0-main-5-6,success,16.563,404,225764,209036,110580,-41,0,
2026-09-04T10:36:24.922471,MQTT_QOS0,5,5,2,7,mqtt-qos0-main-5-7,success,15.920,403,225764,209036,110580,-42,0,
2026-09-04T10:36:25.138531,MQTT_QOS0,5,5,2,8,mqtt-qos0-main-5-8,success,14.165,405,225764,209036,110580,-42,0,
2026-09-04T10:36:25.352823,MQTT_QOS0,5,5,2,9,mqtt-qos0-main-5-9,success,13.810,405,225764,209036,110580,-43,0,
2026-09-04T10:36:25.566755,MQTT_QOS0,5,5,2,10,mqtt-qos0-main-5-10,success,16.203,427,225560,209036,110580,-44,0,
2026-09-04T10:36:25.783075,MQTT_QOS0,5,5,2,11,mqtt-qos0-main-5-11,success,17.958,427,225764,209036,110580,-42,0,
2026-09-04T10:36:26.001163,MQTT_QOS0,5,5,2,12,mqtt-qos0-main-5-12,success,16.751,440,225764,209036,110580,-43,0,
2026-09-04T10:36:26.218048,MQTT_QOS0,5,5,2,13,mqtt-qos0-main-5-13,success,14.066,403,225764,209036,110580,-42,0,
2026-09-04T10:36:26.432249,MQTT_QOS0,5,5,2,14,mqtt-qos0-main-5-14,success,16.007,405,225764,209036,110580,-43,0,
2026-09-04T10:36:26.648384,MQTT_QOS0,5,5,2,15,mqtt-qos0-main-5-15,success,12.279,403,225764,209036,110580,-43,0,
2026-09-04T10:36:26.860784,MQTT_QOS0,5,5,2,16,mqtt-qos0-main-5-16,success,13.992,416,225764,209036,110580,-42,0,
2026-09-04T10:36:27.074899,MQTT_QOS0,5,5,2,17,mqtt-qos0-main-5-17,success,14.439,410,225764,209036,110580,-42,0,
2026-09-04T10:36:27.289460,MQTT_QOS0,5,5,2,18,mqtt-qos0-main-5-18,success,13.169,410,225764,209036,110580,-43,0,
2026-09-04T10:36:27.502745,MQTT_QOS0,5,5,2,19,mqtt-qos0-main-5-19,success,18.421,419,225764,209036,110580,-42,0,
2026-09-04T10:36:27.721287,MQTT_QOS0,5,5,2,20,mqtt-qos0-main-5-20,success,13.948,406,225764,209036,110580,-43,0,
2026-09-04T10:36:27.935386,MQTT_QOS0,5,5,2,21,mqtt-qos0-main-5-21,success,13.018,410,225764,209036,110580,-43,0,
2026-09-04T10:36:28.148553,MQTT_QOS0,5,5,2,22,mqtt-qos0-main-5-22,success,16.725,419,223328,209036,110580,-42,0,
2026-09-04T10:36:28.365406,MQTT_QOS0,5,5,2,23,mqtt-qos0-main-5-23,success,14.953,403,225764,209036,110580,-42,0,
2026-09-04T10:36:28.580474,MQTT_QOS0,5,5,2,24,mqtt-qos0-main-5-24,success,16.265,410,225764,209036,110580,-42,0,
2026-09-04T10:36:28.796861,MQTT_QOS0,5,5,2,25,mqtt-qos0-main-5-25,success,13.650,404,225764,209036,110580,-42,0,
2026-09-04T10:36:29.010635,MQTT_QOS0,5,5,2,26,mqtt-qos0-main-5-26,success,13.748,407,225764,209036,110580,-43,0,
2026-09-04T10:36:29.224504,MQTT_QOS0,5,5,2,27,mqtt-qos0-main-5-27,success,12.761,409,225764,209036,110580,-42,0,
2026-09-04T10:36:29.437386,MQTT_QOS0,5,5,2,28,mqtt-qos0-main-5-28,success,12.524,411,225764,209036,110580,-43,0,
2026-09-04T10:36:29.650025,MQTT_QOS0,5,5,2,29,mqtt-qos0-main-5-29,success,28.311,403,225764,209036,110580,-43,0,
2026-09-04T10:36:29.878451,MQTT_QOS0,5,5,2,30,mqtt-qos0-main-5-30,success,14.994,413,225764,209036,110580,-42,0,
2026-09-04T10:36:30.093565,MQTT_QOS0,5,5,2,31,mqtt-qos0-main-5-31,success,19.022,582,225764,209036,110580,-43,0,
2026-09-04T10:36:30.312705,MQTT_QOS0,5,5,2,32,mqtt-qos0-main-5-32,success,13.687,563,225560,209036,110580,-41,0,
2026-09-04T10:36:30.526510,MQTT_QOS0,5,5,2,33,mqtt-qos0-main-5-33,success,21.888,412,225764,209036,110580,-43,0,
2026-09-04T10:36:30.748516,MQTT_QOS0,5,5,2,34,mqtt-qos0-main-5-34,success,15.578,408,225764,209036,110580,-42,0,
2026-09-04T10:36:30.964205,MQTT_QOS0,5,5,2,35,mqtt-qos0-main-5-35,success,12.505,403,225764,209036,110580,-41,0,
2026-09-04T10:36:31.176834,MQTT_QOS0,5,5,2,36,mqtt-qos0-main-5-36,success,16.345,406,225764,209036,110580,-42,0,
2026-09-04T10:36:31.393293,MQTT_QOS0,5,5,2,37,mqtt-qos0-main-5-37,success,13.280,405,225764,209036,110580,-43,0,
2026-09-04T10:36:31.606685,MQTT_QOS0,5,5,2,38,mqtt-qos0-main-5-38,success,13.299,415,225764,209036,110580,-44,0,
2026-09-04T10:36:31.820104,MQTT_QOS0,5,5,2,39,mqtt-qos0-main-5-39,success,12.379,406,225764,209036,110580,-44,0,
2026-09-04T10:36:32.032609,MQTT_QOS0,5,5,2,40,mqtt-qos0-main-5-40,success,12.999,455,225764,209036,110580,-44,0,
2026-09-04T10:36:32.245761,MQTT_QOS0,5,5,2,41,mqtt-qos0-main-5-41,success,15.734,405,225764,209036,110580,-44,0,
2026-09-04T10:36:32.461630,MQTT_QOS0,5,5,2,42,mqtt-qos0-main-5-42,success,19.640,406,225764,209036,110580,-50,0,
2026-09-04T10:36:32.681383,MQTT_QOS0,5,5,2,43,mqtt-qos0-main-5-43,success,11.757,406,225764,209036,110580,-42,0,
2026-09-04T10:36:32.893253,MQTT_QOS0,5,5,2,44,mqtt-qos0-main-5-44,success,15.386,405,225764,209036,110580,-42,0,
2026-09-04T10:36:33.108760,MQTT_QOS0,5,5,2,45,mqtt-qos0-main-5-45,success,13.162,405,225764,209036,110580,-43,0,
2026-09-04T10:36:33.322039,MQTT_QOS0,5,5,2,46,mqtt-qos0-main-5-46,success,15.548,411,225764,209036,110580,-42,0,
2026-09-04T10:36:33.537699,MQTT_QOS0,5,5,2,47,mqtt-qos0-main-5-47,success,13.811,421,225764,209036,110580,-42,0,
2026-09-04T10:36:33.751628,MQTT_QOS0,5,5,2,48,mqtt-qos0-main-5-48,success,15.069,407,225764,209036,110580,-41,0,
2026-09-04T10:36:33.966818,MQTT_QOS0,5,5,2,49,mqtt-qos0-main-5-49,success,14.935,404,225764,209036,110580,-41,0,
2026-09-04T10:36:34.181879,MQTT_QOS0,5,5,2,50,mqtt-qos0-main-5-50,success,11.856,416,225764,209036,110580,-43,0,
2026-09-04T10:36:34.393860,MQTT_QOS0,5,5,2,51,mqtt-qos0-main-5-51,success,17.427,417,225468,209036,110580,-43,0,
2026-09-04T10:36:34.611398,MQTT_QOS0,5,5,2,52,mqtt-qos0-main-5-52,success,13.330,412,225764,209036,110580,-41,0,
2026-09-04T10:36:34.824855,MQTT_QOS0,5,5,2,53,mqtt-qos0-main-5-53,success,13.463,411,225764,209036,110580,-42,0,
2026-09-04T10:36:35.038448,MQTT_QOS0,5,5,2,54,mqtt-qos0-main-5-54,success,12.440,407,225764,209036,110580,-41,0,
2026-09-04T10:36:35.251009,MQTT_QOS0,5,5,2,55,mqtt-qos0-main-5-55,success,14.600,420,225764,209036,110580,-40,0,
2026-09-04T10:36:35.465741,MQTT_QOS0,5,5,2,56,mqtt-qos0-main-5-56,success,13.070,452,225764,209036,110580,-41,0,
2026-09-04T10:36:35.678928,MQTT_QOS0,5,5,2,57,mqtt-qos0-main-5-57,success,22.757,433,225764,209036,110580,-41,0,
2026-09-04T10:36:35.901798,MQTT_QOS0,5,5,2,58,mqtt-qos0-main-5-58,success,16.526,415,225764,209036,110580,-42,0,
2026-09-04T10:36:36.118444,MQTT_QOS0,5,5,2,59,mqtt-qos0-main-5-59,success,12.733,404,225764,209036,110580,-41,0,
2026-09-04T10:36:36.331296,MQTT_QOS0,5,5,2,60,mqtt-qos0-main-5-60,success,13.043,416,225764,209036,110580,-41,0,
2026-09-04T10:36:36.544487,MQTT_QOS0,5,5,2,61,mqtt-qos0-main-5-61,success,19.934,414,225764,209036,110580,-69,0,
2026-09-04T10:36:36.764546,MQTT_QOS0,5,5,2,62,mqtt-qos0-main-5-62,success,12.201,471,225268,209036,110580,-41,0,
2026-09-04T10:36:36.976861,MQTT_QOS0,5,5,2,63,mqtt-qos0-main-5-63,success,18.799,407,225764,209036,110580,-41,0,
2026-09-04T10:36:37.195788,MQTT_QOS0,5,5,2,64,mqtt-qos0-main-5-64,success,16.430,408,225764,209036,110580,-41,0,
2026-09-04T10:36:37.412338,MQTT_QOS0,5,5,2,65,mqtt-qos0-main-5-65,success,14.006,405,225764,209036,110580,-41,0,
2026-09-04T10:36:37.626460,MQTT_QOS0,5,5,2,66,mqtt-qos0-main-5-66,success,14.738,416,225764,209036,110580,-42,0,
2026-09-04T10:36:37.841319,MQTT_QOS0,5,5,2,67,mqtt-qos0-main-5-67,success,12.215,411,225764,209036,110580,-42,0,
2026-09-04T10:36:38.053664,MQTT_QOS0,5,5,2,68,mqtt-qos0-main-5-68,success,15.511,407,225764,209036,110580,-41,0,
2026-09-04T10:36:38.269299,MQTT_QOS0,5,5,2,69,mqtt-qos0-main-5-69,success,12.298,416,223328,209036,110580,-42,0,
2026-09-04T10:36:38.481721,MQTT_QOS0,5,5,2,70,mqtt-qos0-main-5-70,success,13.277,407,225764,209036,110580,-42,0,
2026-09-04T10:36:38.695117,MQTT_QOS0,5,5,2,71,mqtt-qos0-main-5-71,success,19.480,402,225764,209036,110580,-41,0,
2026-09-04T10:36:38.914713,MQTT_QOS0,5,5,2,72,mqtt-qos0-main-5-72,success,12.787,405,225764,209036,110580,-42,0,
2026-09-04T10:36:39.127633,MQTT_QOS0,5,5,2,73,mqtt-qos0-main-5-73,success,12.973,415,225764,209036,110580,-42,0,
2026-09-04T10:36:39.340722,MQTT_QOS0,5,5,2,74,mqtt-qos0-main-5-74,success,13.543,420,225472,209036,110580,-43,0,
2026-09-04T10:36:39.554382,MQTT_QOS0,5,5,2,75,mqtt-qos0-main-5-75,success,15.960,401,225764,209036,110580,-41,0,
2026-09-04T10:36:39.770454,MQTT_QOS0,5,5,2,76,mqtt-qos0-main-5-76,success,16.626,408,225764,209036,110580,-43,0,
2026-09-04T10:36:39.987210,MQTT_QOS0,5,5,2,77,mqtt-qos0-main-5-77,success,15.571,403,225764,209036,110580,-42,0,
2026-09-04T10:36:40.202907,MQTT_QOS0,5,5,2,78,mqtt-qos0-main-5-78,success,14.453,414,225764,209036,110580,-41,0,
2026-09-04T10:36:40.417479,MQTT_QOS0,5,5,2,79,mqtt-qos0-main-5-79,success,12.916,401,225764,209036,110580,-41,0,
2026-09-04T10:36:40.630509,MQTT_QOS0,5,5,2,80,mqtt-qos0-main-5-80,success,13.552,407,225764,209036,110580,-42,0,
2026-09-04T10:36:40.844211,MQTT_QOS0,5,5,2,81,mqtt-qos0-main-5-81,success,17.296,417,225472,209036,110580,-42,0,
2026-09-04T10:36:41.061651,MQTT_QOS0,5,5,2,82,mqtt-qos0-main-5-82,success,13.835,407,225764,209036,110580,-41,0,
2026-09-04T10:36:41.275616,MQTT_QOS0,5,5,2,83,mqtt-qos0-main-5-83,success,14.697,409,225764,209036,110580,-42,0,
2026-09-04T10:36:41.490438,MQTT_QOS0,5,5,2,84,mqtt-qos0-main-5-84,success,16.279,407,225764,209036,110580,-41,0,
2026-09-04T10:36:41.706833,MQTT_QOS0,5,5,2,85,mqtt-qos0-main-5-85,success,12.972,421,223328,209036,110580,-42,0,
2026-09-04T10:36:41.919921,MQTT_QOS0,5,5,2,86,mqtt-qos0-main-5-86,success,13.852,414,225764,209036,110580,-40,0,
2026-09-04T10:36:42.133896,MQTT_QOS0,5,5,2,87,mqtt-qos0-main-5-87,success,12.992,405,225764,209036,110580,-41,0,
2026-09-04T10:36:42.347007,MQTT_QOS0,5,5,2,88,mqtt-qos0-main-5-88,success,12.411,432,225764,209036,110580,-41,0,
2026-09-04T10:36:42.559537,MQTT_QOS0,5,5,2,89,mqtt-qos0-main-5-89,success,13.327,402,225764,209036,110580,-41,0,
2026-09-04T10:36:42.772981,MQTT_QOS0,5,5,2,90,mqtt-qos0-main-5-90,success,12.774,405,225764,209036,110580,-42,0,
2026-09-04T10:36:42.985876,MQTT_QOS0,5,5,2,91,mqtt-qos0-main-5-91,success,13.829,412,225764,209036,110580,-42,0,
2026-09-04T10:36:43.199832,MQTT_QOS0,5,5,2,92,mqtt-qos0-main-5-92,success,16.901,525,225560,209036,110580,-73,0,
2026-09-04T10:36:43.416846,MQTT_QOS0,5,5,2,93,mqtt-qos0-main-5-93,success,13.429,409,225764,209036,110580,-41,0,
2026-09-04T10:36:43.630386,MQTT_QOS0,5,5,2,94,mqtt-qos0-main-5-94,success,13.071,405,225764,209036,110580,-43,0,
2026-09-04T10:36:43.843567,MQTT_QOS0,5,5,2,95,mqtt-qos0-main-5-95,success,13.073,404,225764,209036,110580,-41,0,
2026-09-04T10:36:44.056760,MQTT_QOS0,5,5,2,96,mqtt-qos0-main-5-96,success,12.086,405,225764,209036,110580,-42,0,
2026-09-04T10:36:44.268961,MQTT_QOS0,5,5,2,97,mqtt-qos0-main-5-97,success,13.808,404,225764,209036,110580,-42,0,
2026-09-04T10:36:44.482883,MQTT_QOS0,5,5,2,98,mqtt-qos0-main-5-98,success,15.538,412,225764,209036,110580,-41,0,
2026-09-04T10:36:44.698535,MQTT_QOS0,5,5,2,99,mqtt-qos0-main-5-99,success,12.412,407,225764,209036,110580,-42,0,
2026-09-04T10:36:44.911056,MQTT_QOS0,5,5,2,100,mqtt-qos0-main-5-100,success,17.362,415,225764,209036,110580,-41,0,
2026-09-04T10:36:45.128575,MQTT_QOS0,5,5,2,101,mqtt-qos0-main-5-101,success,12.257,410,225764,209036,110580,-41,0,
2026-09-04T10:36:45.340966,MQTT_QOS0,5,5,2,102,mqtt-qos0-main-5-102,success,16.530,413,225764,209036,110580,-41,0,
2026-09-04T10:36:45.557615,MQTT_QOS0,5,5,2,103,mqtt-qos0-main-5-103,success,17.380,417,225764,209036,110580,-41,0,
2026-09-04T10:36:45.775113,MQTT_QOS0,5,5,2,104,mqtt-qos0-main-5-104,success,12.916,407,225764,209036,110580,-42,0,
2026-09-04T10:36:45.988161,MQTT_QOS0,5,5,2,105,mqtt-qos0-main-5-105,success,13.582,406,225756,209036,110580,-43,0,
2026-09-04T10:36:46.201887,MQTT_QOS0,5,5,2,106,mqtt-qos0-main-5-106,success,12.635,416,225756,209036,110580,-42,0,
2026-09-04T10:36:46.414648,MQTT_QOS0,5,5,2,107,mqtt-qos0-main-5-107,success,13.409,419,225756,209036,110580,-42,0,
2026-09-04T10:36:46.628181,MQTT_QOS0,5,5,2,108,mqtt-qos0-main-5-108,success,11.792,418,225756,209036,110580,-40,0,
2026-09-04T10:36:46.840101,MQTT_QOS0,5,5,2,109,mqtt-qos0-main-5-109,success,12.806,420,223328,209036,110580,-38,0,
2026-09-04T10:36:47.053035,MQTT_QOS0,5,5,2,110,mqtt-qos0-main-5-110,success,16.251,408,225764,209036,110580,-39,0,
2026-09-04T10:36:47.269402,MQTT_QOS0,5,5,2,111,mqtt-qos0-main-5-111,success,17.393,423,225472,209036,110580,-42,0,
2026-09-04T10:36:47.486913,MQTT_QOS0,5,5,2,112,mqtt-qos0-main-5-112,success,11.881,433,225764,209036,110580,-41,0,
2026-09-04T10:36:47.698908,MQTT_QOS0,5,5,2,113,mqtt-qos0-main-5-113,success,12.169,410,225764,209036,110580,-39,0,
2026-09-04T10:36:47.911187,MQTT_QOS0,5,5,2,114,mqtt-qos0-main-5-114,success,21.957,406,225764,209036,110580,-40,0,
2026-09-04T10:36:48.133270,MQTT_QOS0,5,5,2,115,mqtt-qos0-main-5-115,success,13.626,415,225472,209036,110580,-37,0,
2026-09-04T10:36:48.347015,MQTT_QOS0,5,5,2,116,mqtt-qos0-main-5-116,success,18.409,406,225764,209036,110580,-40,0,
2026-09-04T10:36:48.565541,MQTT_QOS0,5,5,2,117,mqtt-qos0-main-5-117,success,22.707,425,225764,209036,110580,-40,0,
2026-09-04T10:36:48.788369,MQTT_QOS0,5,5,2,118,mqtt-qos0-main-5-118,success,11.787,424,225764,209036,110580,-37,0,
2026-09-04T10:36:49.000282,MQTT_QOS0,5,5,2,119,mqtt-qos0-main-5-119,success,16.484,414,225764,209036,110580,-39,0,
2026-09-04T10:36:49.216891,MQTT_QOS0,5,5,2,120,mqtt-qos0-main-5-120,success,16.848,424,223328,209036,110580,-39,0,
2026-09-04T10:36:49.433883,MQTT_QOS0,5,5,2,121,mqtt-qos0-main-5-121,success,16.850,605,225268,209036,110580,-38,0,
2026-09-04T10:36:49.650865,MQTT_QOS0,5,5,2,122,mqtt-qos0-main-5-122,success,19.817,417,225764,209036,110580,-39,0,
2026-09-04T10:36:49.870820,MQTT_QOS0,5,5,2,123,mqtt-qos0-main-5-123,success,12.374,406,225764,209036,110580,-39,0,
2026-09-04T10:36:50.083325,MQTT_QOS0,5,5,2,124,mqtt-qos0-main-5-124,success,12.695,402,225764,209036,110580,-40,0,
2026-09-04T10:36:50.296145,MQTT_QOS0,5,5,2,125,mqtt-qos0-main-5-125,success,13.787,407,225764,209036,110580,-40,0,
2026-09-04T10:36:50.510058,MQTT_QOS0,5,5,2,126,mqtt-qos0-main-5-126,success,14.004,414,225764,209036,110580,-39,0,
2026-09-04T10:36:50.724188,MQTT_QOS0,5,5,2,127,mqtt-qos0-main-5-127,success,11.024,419,225764,209036,110580,-39,0,
2026-09-04T10:36:50.935331,MQTT_QOS0,5,5,2,128,mqtt-qos0-main-5-128,success,12.929,407,225764,209036,110580,-39,0,
2026-09-04T10:36:51.148393,MQTT_QOS0,5,5,2,129,mqtt-qos0-main-5-129,success,12.673,406,225764,209036,110580,-39,0,
2026-09-04T10:36:51.361188,MQTT_QOS0,5,5,2,130,mqtt-qos0-main-5-130,success,15.044,402,225764,209036,110580,-39,0,
2026-09-04T10:36:51.576355,MQTT_QOS0,5,5,2,131,mqtt-qos0-main-5-131,success,11.760,421,225764,209036,110580,-38,0,
2026-09-04T10:36:51.788238,MQTT_QOS0,5,5,2,132,mqtt-qos0-main-5-132,success,11.764,403,225764,209036,110580,-39,0,
2026-09-04T10:36:52.000143,MQTT_QOS0,5,5,2,133,mqtt-qos0-main-5-133,success,14.552,407,225764,209036,110580,-38,0,
2026-09-04T10:36:52.214831,MQTT_QOS0,5,5,2,134,mqtt-qos0-main-5-134,success,16.731,401,225764,209036,110580,-38,0,
2026-09-04T10:36:52.431684,MQTT_QOS0,5,5,2,135,mqtt-qos0-main-5-135,success,14.134,406,225764,209036,110580,-39,0,
2026-09-04T10:36:52.645935,MQTT_QOS0,5,5,2,136,mqtt-qos0-main-5-136,success,12.576,397,225764,209036,110580,-38,0,
2026-09-04T10:36:52.858635,MQTT_QOS0,5,5,2,137,mqtt-qos0-main-5-137,success,13.886,417,225764,209036,110580,-39,0,
2026-09-04T10:36:53.072657,MQTT_QOS0,5,5,2,138,mqtt-qos0-main-5-138,success,12.121,413,225472,209036,110580,-40,0,
2026-09-04T10:36:53.284906,MQTT_QOS0,5,5,2,139,mqtt-qos0-main-5-139,success,15.055,406,225764,209036,110580,-39,0,
2026-09-04T10:36:53.500078,MQTT_QOS0,5,5,2,140,mqtt-qos0-main-5-140,success,14.628,402,225764,209036,110580,-42,0,
2026-09-04T10:36:53.714854,MQTT_QOS0,5,5,2,141,mqtt-qos0-main-5-141,success,16.068,423,223328,209036,110580,-41,0,
2026-09-04T10:36:53.931052,MQTT_QOS0,5,5,2,142,mqtt-qos0-main-5-142,success,11.984,406,225764,209036,110580,-40,0,
2026-09-04T10:36:54.143159,MQTT_QOS0,5,5,2,143,mqtt-qos0-main-5-143,success,12.185,409,225764,209036,110580,-39,0,
2026-09-04T10:36:54.355466,MQTT_QOS0,5,5,2,144,mqtt-qos0-main-5-144,success,13.458,411,225764,209036,110580,-39,0,
2026-09-04T10:36:54.569039,MQTT_QOS0,5,5,2,145,mqtt-qos0-main-5-145,success,17.340,527,225532,209036,110580,-38,0,
2026-09-04T10:36:54.786500,MQTT_QOS0,5,5,2,146,mqtt-qos0-main-5-146,success,13.706,427,223328,209036,110580,-41,0,
2026-09-04T10:36:55.000326,MQTT_QOS0,5,5,2,147,mqtt-qos0-main-5-147,success,12.748,408,225764,209036,110580,-40,0,
2026-09-04T10:36:55.213190,MQTT_QOS0,5,5,2,148,mqtt-qos0-main-5-148,success,29.857,402,225764,209036,110580,-39,0,
2026-09-04T10:36:55.443162,MQTT_QOS0,5,5,2,149,mqtt-qos0-main-5-149,success,18.258,405,225764,209036,110580,-41,0,
2026-09-04T10:36:55.661537,MQTT_QOS0,5,5,2,150,mqtt-qos0-main-5-150,success,26.686,457,225560,209036,110580,-40,0,
2026-09-04T10:36:55.888344,MQTT_QOS0,5,5,2,151,mqtt-qos0-main-5-151,success,26.131,408,225764,209036,110580,-39,0,
2026-09-04T10:36:56.114600,MQTT_QOS0,5,5,2,152,mqtt-qos0-main-5-152,success,13.261,444,225472,209036,110580,-42,0,
2026-09-04T10:36:56.327983,MQTT_QOS0,5,5,2,153,mqtt-qos0-main-5-153,success,19.665,403,225764,209036,110580,-39,0,
2026-09-04T10:36:56.547764,MQTT_QOS0,5,5,2,154,mqtt-qos0-main-5-154,success,15.726,412,225764,209036,110580,-40,0,
2026-09-04T10:36:56.763603,MQTT_QOS0,5,5,2,155,mqtt-qos0-main-5-155,success,13.928,405,225764,209036,110580,-41,0,
2026-09-04T10:36:56.977644,MQTT_QOS0,5,5,2,156,mqtt-qos0-main-5-156,success,12.727,418,225764,209036,110580,-40,0,
2026-09-04T10:36:57.190501,MQTT_QOS0,5,5,2,157,mqtt-qos0-main-5-157,success,13.985,402,225764,209036,110580,-40,0,
2026-09-04T10:36:57.404605,MQTT_QOS0,5,5,2,158,mqtt-qos0-main-5-158,success,14.294,406,225764,209036,110580,-40,0,
2026-09-04T10:36:57.619009,MQTT_QOS0,5,5,2,159,mqtt-qos0-main-5-159,success,12.712,402,225764,209036,110580,-41,0,
2026-09-04T10:36:57.831841,MQTT_QOS0,5,5,2,160,mqtt-qos0-main-5-160,success,13.207,420,225764,209036,110580,-40,0,
2026-09-04T10:36:58.045250,MQTT_QOS0,5,5,2,161,mqtt-qos0-main-5-161,success,17.519,411,225764,209036,110580,-41,0,
2026-09-04T10:36:58.262916,MQTT_QOS0,5,5,2,162,mqtt-qos0-main-5-162,success,19.357,408,225764,209036,110580,-40,0,
2026-09-04T10:36:58.482412,MQTT_QOS0,5,5,2,163,mqtt-qos0-main-5-163,success,13.683,401,225764,209036,110580,-39,0,
2026-09-04T10:36:58.696221,MQTT_QOS0,5,5,2,164,mqtt-qos0-main-5-164,success,12.755,407,225764,209036,110580,-39,0,
2026-09-04T10:36:58.909108,MQTT_QOS0,5,5,2,165,mqtt-qos0-main-5-165,success,15.614,408,225764,209036,110580,-39,0,
2026-09-04T10:36:59.124860,MQTT_QOS0,5,5,2,166,mqtt-qos0-main-5-166,success,15.317,408,225764,209036,110580,-42,0,
2026-09-04T10:36:59.340309,MQTT_QOS0,5,5,2,167,mqtt-qos0-main-5-167,success,29.962,403,225764,209036,110580,-41,0,
2026-09-04T10:36:59.570399,MQTT_QOS0,5,5,2,168,mqtt-qos0-main-5-168,success,14.785,405,225764,209036,110580,-39,0,
2026-09-04T10:36:59.785313,MQTT_QOS0,5,5,2,169,mqtt-qos0-main-5-169,success,22.979,402,225764,209036,110580,-40,0,
2026-09-04T10:37:00.008428,MQTT_QOS0,5,5,2,170,mqtt-qos0-main-5-170,success,14.854,406,225764,209036,110580,-41,0,
2026-09-04T10:37:00.223405,MQTT_QOS0,5,5,2,171,mqtt-qos0-main-5-171,success,12.388,414,225472,209036,110580,-40,0,
2026-09-04T10:37:00.435917,MQTT_QOS0,5,5,2,172,mqtt-qos0-main-5-172,success,14.437,407,225764,209036,110580,-40,0,
2026-09-04T10:37:00.650466,MQTT_QOS0,5,5,2,173,mqtt-qos0-main-5-173,success,14.517,402,225764,209036,110580,-39,0,
2026-09-04T10:37:00.865112,MQTT_QOS0,5,5,2,174,mqtt-qos0-main-5-174,success,15.956,426,225764,209036,110580,-39,0,
2026-09-04T10:37:01.081200,MQTT_QOS0,5,5,2,175,mqtt-qos0-main-5-175,success,15.988,406,225764,209036,110580,-41,0,
2026-09-04T10:37:01.297311,MQTT_QOS0,5,5,2,176,mqtt-qos0-main-5-176,success,17.338,460,225764,209036,110580,-41,0,
2026-09-04T10:37:01.514733,MQTT_QOS0,5,5,2,177,mqtt-qos0-main-5-177,success,10.928,405,225764,209036,110580,-41,0,
2026-09-04T10:37:01.725779,MQTT_QOS0,5,5,2,178,mqtt-qos0-main-5-178,success,28.297,407,225764,209036,110580,-39,0,
2026-09-04T10:37:01.954199,MQTT_QOS0,5,5,2,179,mqtt-qos0-main-5-179,success,14.495,563,225560,209036,110580,-39,0,
2026-09-04T10:37:02.168819,MQTT_QOS0,5,5,2,180,mqtt-qos0-main-5-180,success,12.186,403,225764,209036,110580,-39,0,
2026-09-04T10:37:02.381143,MQTT_QOS0,5,5,2,181,mqtt-qos0-main-5-181,success,12.144,418,225764,209036,110580,-40,0,
2026-09-04T10:37:02.593410,MQTT_QOS0,5,5,2,182,mqtt-qos0-main-5-182,success,14.494,402,225764,209036,110580,-39,0,
2026-09-04T10:37:02.808031,MQTT_QOS0,5,5,2,183,mqtt-qos0-main-5-183,success,17.065,422,225472,209036,110580,-38,0,
2026-09-04T10:37:03.025229,MQTT_QOS0,5,5,2,184,mqtt-qos0-main-5-184,success,13.331,419,225764,209036,110580,-41,0,
2026-09-04T10:37:03.238677,MQTT_QOS0,5,5,2,185,mqtt-qos0-main-5-185,success,13.798,406,225764,209036,110580,-38,0,
2026-09-04T10:37:03.452596,MQTT_QOS0,5,5,2,186,mqtt-qos0-main-5-186,success,19.521,437,225764,209036,110580,-41,0,
2026-09-04T10:37:03.672232,MQTT_QOS0,5,5,2,187,mqtt-qos0-main-5-187,success,10.387,409,225764,209036,110580,-41,0,
2026-09-04T10:37:03.882746,MQTT_QOS0,5,5,2,188,mqtt-qos0-main-5-188,success,17.174,399,225764,209036,110580,-41,0,
2026-09-04T10:37:04.100059,MQTT_QOS0,5,5,2,189,mqtt-qos0-main-5-189,success,16.024,406,225764,209036,110580,-41,0,
2026-09-04T10:37:04.316197,MQTT_QOS0,5,5,2,190,mqtt-qos0-main-5-190,success,15.917,403,225764,209036,110580,-40,0,
2026-09-04T10:37:04.532236,MQTT_QOS0,5,5,2,191,mqtt-qos0-main-5-191,success,11.607,412,225764,209036,110580,-40,0,
2026-09-04T10:37:04.743955,MQTT_QOS0,5,5,2,192,mqtt-qos0-main-5-192,success,13.342,412,223328,209036,110580,-39,0,
2026-09-04T10:37:04.957416,MQTT_QOS0,5,5,2,193,mqtt-qos0-main-5-193,success,14.855,406,225764,209036,110580,-39,0,
2026-09-04T10:37:05.172406,MQTT_QOS0,5,5,2,194,mqtt-qos0-main-5-194,success,11.979,400,225764,209036,110580,-39,0,
2026-09-04T10:37:05.384505,MQTT_QOS0,5,5,2,195,mqtt-qos0-main-5-195,success,14.982,406,225764,209036,110580,-43,0,
2026-09-04T10:37:05.599610,MQTT_QOS0,5,5,2,196,mqtt-qos0-main-5-196,success,16.064,402,225764,209036,110580,-39,0,
2026-09-04T10:37:05.815800,MQTT_QOS0,5,5,2,197,mqtt-qos0-main-5-197,success,15.209,417,225764,209036,110580,-41,0,
2026-09-04T10:37:06.031161,MQTT_QOS0,5,5,2,198,mqtt-qos0-main-5-198,success,21.351,403,225764,209036,110580,-39,0,
2026-09-04T10:37:06.252635,MQTT_QOS0,5,5,2,199,mqtt-qos0-main-5-199,success,13.265,407,225764,209036,110580,-40,0,
2026-09-04T10:37:06.466016,MQTT_QOS0,5,5,2,200,mqtt-qos0-main-5-200,success,12.315,402,225764,209036,110580,-40,0,
