timestamp,protocol,run_id,position_in_run,sample_index,worker_pid,worker_cpu_percent,worker_rss_bytes,mosquitto_pid,mosquitto_cpu_percent,mosquitto_rss_bytes,system_cpu_percent
2026-09-06T00:21:52.158684,http,1,1,1,56403,34.900,24330240,52701,0.000,8814592,10.000
2026-09-06T00:21:52.359042,http,1,1,2,56403,0.000,24330240,52701,0.000,8814592,0.000
2026-09-06T00:21:52.559319,http,1,1,3,56403,0.000,24330240,52701,0.000,8814592,0.000
2026-09-06T00:21:52.759590,http,1,1,4,56403,0.000,24330240,52701,0.000,8814592,0.000
2026-09-06T00:21:52.959914,http,1,1,5,56403,0.000,24330240,52701,0.000,8814592,0.000
2026-09-06T00:21:53.160198,http,1,1,6,56403,0.000,24330240,52701,0.000,8814592,0.000
2026-09-06T00:21:53.360464,http,1,1,7,56403,0.000,24330240,52701,0.000,8814592,1.200
2026-09-06T00:21:53.560716,http,1,1,8,56403,0.000,24330240,52701,0.000,8814592,0.000
2026-09-06T00:21:53.760973,http,1,1,9,56403,0.000,24330240,52701,0.000,8814592,0.000
2026-09-06T00:21:53.961268,http,1,1,10,56403,0.000,24346624,52701,0.000,8814592,0.000
2026-09-06T00:21:54.161540,http,1,1,11,56403,0.000,24346624,52701,0.000,8814592,0.000
2026-09-06T00:21:54.361799,http,1,1,12,56403,0.000,24346624,52701,0.000,8814592,0.000
2026-09-06T00:21:54.562052,http,1,1,13,56403,0.000,24346624,52701,0.000,8814592,0.000
2026-09-06T00:21:54.762313,http,1,1,14,56403,0.000,24346624,52701,0.000,8814592,0.000
2026-09-06T00:21:54.962614,http,1,1,15,56403,0.000,24346624,52701,0.000,8814592,1.200
2026-09-06T00:21:55.162889,http,1,1,16,56403,5.000,24346624,52701,0.000,8814592,1.200
2026-09-06T00:21:55.363140,http,1,1,17,56403,0.000,24346624,52701,0.000,8814592,0.000
2026-09-06T00:21:55.563383,http,1,1,18,56403,0.000,24346624,52701,0.000,8814592,0.000
2026-09-06T00:21:55.763635,http,1,1,19,56403,0.000,24346624,52701,0.000,8814592,0.000
2026-09-06T00:21:55.963953,http,1,1,20,56403,0.000,24346624,52701,0.000,8814592,0.000
2026-09-06T00:21:56.164223,http,1,1,21,56403,0.000,24346624,52701,0.000,8814592,0.000
2026-09-06T00:21:56.364472,http,1,1,22,56403,0.000,24346624,52701,0.000,8814592,0.000
2026-09-06T00:21:56.564717,http,1,1,23,56403,0.000,24346624,52701,0.000,8814592,0.000
2026-09-06T00:21:56.764961,http,1,1,24,56403,0.000,24346624,52701,0.000,8814592,0.000
2026-09-06T00:21:56.965275,http,1,1,25,56403,0.000,24346624,52701,0.000,8814592,0.000
2026-09-06T00:21:57.165660,http,1,1,26,56403,0.000,24346624,52701,0.000,8814592,0.000
2026-09-06T00:21:57.366023,http,1,1,27,56403,0.000,24346624,52701,0.000,8814592,0.000
2026-09-06T00:21:57.566369,http,1,1,28,56403,0.000,24346624,52701,0.000,8814592,0.000
2026-09-06T00:21:57.766719,http,1,1,29,56403,0.000,24346624,52701,0.000,8814592,0.000
2026-09-06T00:21:57.967145,http,1,1,30,56403,0.000,24346624,52701,0.000,8814592,0.000
2026-09-06T00:21:58.167514,http,1,1,31,56403,0.000,24346624,52701,0.000,8814592,0.000
2026-09-06T00:21:58.367857,http,1,1,32,56403,0.000,24346624,52701,0.000,8814592,0.000
2026-09-06T00:21:58.568194,http,1,1,33,56403,0.000,24346624,52701,0.000,8814592,0.000
2026-09-06T00:21:58.768571,http,1,1,34,56403,0.000,24346624,52701,0.000,8814592,1.200
2026-09-06T00:21:58.969021,http,1,1,35,56403,0.000,24346624,52701,0.000,8814592,0.000
2026-09-06T00:21:59.169441,http,1,1,36,56403,0.000,24346624,52701,0.000,8814592,0.000
2026-09-06T00:21:59.369848,http,1,1,37,56403,0.000,24346624,52701,0.000,8814592,0.000
2026-09-06T00:21:59.570240,http,1,1,38,56403,0.000,24346624,52701,0.000,8814592,0.000
2026-09-06T00:21:59.770638,http,1,1,39,56403,0.000,24363008,52701,0.000,8814592,0.000
2026-09-06T00:21:59.971087,http,1,1,40,56403,0.000,24363008,52701,0.000,8814592,0.000
2026-09-06T00:22:00.171518,http,1,1,41,56403,0.000,24363008,52701,0.000,8814592,0.000
2026-09-06T00:22:00.371923,http,1,1,42,56403,5.000,24363008,52701,0.000,8814592,0.000
2026-09-06T00:22:00.572316,http,1,1,43,56403,0.000,24363008,52701,0.000,8814592,0.000
2026-09-06T00:22:00.772698,http,1,1,44,56403,0.000,24363008,52701,0.000,8814592,0.000
2026-09-06T00:22:00.973155,http,1,1,45,56403,0.000,24363008,52701,0.000,8814592,0.000
2026-09-06T00:22:01.173586,http,1,1,46,56403,0.000,24363008,52701,0.000,8814592,0.000
2026-09-06T00:22:01.374004,http,1,1,47,56403,0.000,24363008,52701,0.000,8814592,0.000
2026-09-06T00:22:01.574412,http,1,1,48,56403,0.000,24363008,52701,0.000,8814592,0.000
2026-09-06T00:22:01.774829,http,1,1,49,56403,0.000,24363008,52701,0.000,8814592,1.200
2026-09-06T00:22:01.975281,http,1,1,50,56403,0.000,24363008,52701,0.000,8814592,0.000
2026-09-06T00:22:02.175703,http,1,1,51,56403,0.000,24363008,52701,0.000,8814592,0.000
2026-09-06T00:22:02.376120,http,1,1,52,56403,0.000,24363008,52701,0.000,8814592,0.000
2026-09-06T00:22:02.576527,http,1,1,53,56403,0.000,24363008,52701,0.000,8814592,0.000
2026-09-06T00:22:02.776927,http,1,1,54,56403,0.000,24363008,52701,0.000,8814592,0.000
2026-09-06T00:22:02.977368,http,1,1,55,56403,0.000,24363008,52701,0.000,8814592,1.200
2026-09-06T00:22:03.177771,http,1,1,56,56403,0.000,24363008,52701,0.000,8814592,0.000
2026-09-06T00:22:03.378164,http,1,1,57,56403,0.000,24363008,52701,0.000,8814592,0.000
2026-09-06T00:22:03.578557,http,1,1,58,56403,0.000,24363008,52701,0.000,8814592,0.000
2026-09-06T00:22:03.778972,http,1,1,59,56403,0.000,24363008,52701,0.000,8814592,0.000
2026-09-06T00:22:03.979438,http,1,1,60,56403,0.000,24363008,52701,0.000,8814592,0.000
2026-09-06T00:22:04.179873,http,1,1,61,56403,0.000,24363008,52701,0.000,8814592,0.000
2026-09-06T00:22:04.380289,http,1,1,62,56403,0.000,24363008,52701,0.000,8814592,0.000
2026-09-06T00:22:04.580693,http,1,1,63,56403,0.000,24363008,52701,0.000,8814592,1.200
2026-09-06T00:22:04.781095,http,1,1,64,56403,0.000,24363008,52701,0.000,8814592,0.000
2026-09-06T00:22:04.981544,http,1,1,65,56403,0.000,24363008,52701,0.000,8814592,0.000
2026-09-06T00:22:05.181960,http,1,1,66,56403,0.000,24363008,52701,0.000,8814592,0.000
2026-09-06T00:22:05.382352,http,1,1,67,56403,0.000,24363008,52701,0.000,8814592,0.000
2026-09-06T00:22:05.582746,http,1,1,68,56403,0.000,24363008,52701,0.000,8814592,0.000
2026-09-06T00:22:05.783136,http,1,1,69,56403,0.000,24363008,52701,0.000,8814592,1.200
2026-09-06T00:22:05.983580,http,1,1,70,56403,0.000,24363008,52701,0.000,8814592,0.000
2026-09-06T00:22:06.183994,http,1,1,71,56403,0.000,24363008,52701,0.000,8814592,0.000
2026-09-06T00:22:06.384391,http,1,1,72,56403,0.000,24363008,52701,0.000,8814592,0.000
2026-09-06T00:22:06.584786,http,1,1,73,56403,0.000,24379392,52701,0.000,8814592,0.000
2026-09-06T00:22:06.785255,http,1,1,74,56403,5.000,24379392,52701,0.000,8814592,0.000
2026-09-06T00:22:06.985704,http,1,1,75,56403,0.000,24379392,52701,0.000,8814592,0.000
2026-09-06T00:22:07.186129,http,1,1,76,56403,0.000,24379392,52701,0.000,8814592,1.200
2026-09-06T00:22:07.386535,http,1,1,77,56403,0.000,24379392,52701,0.000,8814592,0.000
2026-09-06T00:22:07.586954,http,1,1,78,56403,0.000,24379392,52701,0.000,8814592,1.200
2026-09-06T00:22:07.787420,http,1,1,79,56403,0.000,24379392,52701,0.000,8814592,0.000
2026-09-06T00:22:07.987863,http,1,1,80,56403,0.000,24379392,52701,0.000,8814592,0.000
2026-09-06T00:22:08.188284,http,1,1,81,56403,5.000,24379392,52701,0.000,8814592,0.000
2026-09-06T00:22:08.388692,http,1,1,82,56403,0.000,24395776,52701,0.000,8814592,0.000
2026-09-06T00:22:08.589098,http,1,1,83,56403,0.000,24395776,52701,0.000,8814592,1.200
2026-09-06T00:22:08.789569,http,1,1,84,56403,0.000,24395776,52701,0.000,8814592,0.000
2026-09-06T00:22:08.990017,http,1,1,85,56403,0.000,24395776,52701,0.000,8814592,0.000
2026-09-06T00:22:09.190441,http,1,1,86,56403,0.000,24395776,52701,0.000,8814592,0.000
2026-09-06T00:22:09.390853,http,1,1,87,56403,0.000,24395776,52701,0.000,8814592,0.000
2026-09-06T00:22:09.591245,http,1,1,88,56403,0.000,24395776,52701,0.000,8814592,0.000
2026-09-06T00:22:09.791696,http,1,1,89,56403,0.000,24395776,52701,0.000,8814592,0.000
2026-09-06T00:22:09.992188,http,1,1,90,56403,0.000,24395776,52701,0.000,8814592,0.000
2026-09-06T00:22:10.192636,http,1,1,91,56403,0.000,24395776,52701,0.000,8814592,0.000
2026-09-06T00:22:10.393058,http,1,1,92,56403,0.000,24395776,52701,0.000,8814592,1.200
2026-09-06T00:22:10.593466,http,1,1,93,56403,0.000,24395776,52701,0.000,8814592,0.000
2026-09-06T00:22:10.793943,http,1,1,94,56403,0.000,24395776,52701,0.000,8814592,0.000
2026-09-06T00:22:10.994395,http,1,1,95,56403,0.000,24395776,52701,0.000,8814592,0.000
2026-09-06T00:22:11.194825,http,1,1,96,56403,0.000,24395776,52701,0.000,8814592,0.000
2026-09-06T00:22:11.395216,http,1,1,97,56403,0.000,24395776,52701,0.000,8814592,0.000
2026-09-06T00:22:11.595596,http,1,1,98,56403,0.000,24395776,52701,0.000,8814592,0.000
2026-09-06T00:22:11.796063,http,1,1,99,56403,0.000,24395776,52701,0.000,8814592,0.000
2026-09-06T00:22:11.996511,http,1,1,100,56403,0.000,24395776,52701,0.000,8814592,0.000
2026-09-06T00:22:12.196931,http,1,1,101,56403,0.000,24395776,52701,0.000,8814592,0.000
2026-09-06T00:22:12.397342,http,1,1,102,56403,0.000,24395776,52701,0.000,8814592,0.000
2026-09-06T00:22:12.597741,http,1,1,103,56403,0.000,24395776,52701,0.000,8814592,1.200
2026-09-06T00:22:12.798223,http,1,1,104,56403,0.000,24395776,52701,0.000,8814592,0.000
2026-09-06T00:22:12.998677,http,1,1,105,56403,5.000,24395776,52701,0.000,8814592,0.000
2026-09-06T00:22:13.199112,http,1,1,106,56403,0.000,24395776,52701,0.000,8814592,0.000
2026-09-06T00:22:13.399509,http,1,1,107,56403,0.000,24395776,52701,0.000,8814592,0.000
2026-09-06T00:22:13.599889,http,1,1,108,56403,0.000,24395776,52701,0.000,8814592,0.000
2026-09-06T00:22:13.800373,http,1,1,109,56403,0.000,24395776,52701,0.000,8814592,0.000
2026-09-06T00:22:14.000797,http,1,1,110,56403,0.000,24395776,52701,0.000,8814592,0.000
2026-09-06T00:22:14.201181,http,1,1,111,56403,0.000,24395776,52701,0.000,8814592,0.000
2026-09-06T00:22:14.401556,http,1,1,112,56403,0.000,24395776,52701,0.000,8814592,0.000
2026-09-06T00:22:14.601924,http,1,1,113,56403,0.000,24395776,52701,0.000,8814592,0.000
2026-09-06T00:22:14.802352,http,1,1,114,56403,0.000,24395776,52701,0.000,8814592,0.000
2026-09-06T00:22:15.002761,http,1,1,115,56403,0.000,24395776,52701,0.000,8814592,0.000
2026-09-06T00:22:15.203136,http,1,1,116,56403,0.000,24395776,52701,0.000,8814592,1.200
2026-09-06T00:22:15.403506,http,1,1,117,56403,0.000,24395776,52701,0.000,8814592,0.000
2026-09-06T00:22:15.603859,http,1,1,118,56403,0.000,24395776,52701,0.000,8814592,0.000
2026-09-06T00:22:15.804291,http,1,1,119,56403,0.000,24395776,52701,0.000,8814592,1.200
2026-09-06T00:22:16.004772,http,1,1,120,56403,0.000,24395776,52701,0.000,8814592,0.000
2026-09-06T00:22:16.205199,http,1,1,121,56403,0.000,24395776,52701,0.000,8814592,1.200
2026-09-06T00:22:16.405598,http,1,1,122,56403,0.000,24395776,52701,0.000,8814592,0.000
2026-09-06T00:22:16.605983,http,1,1,123,56403,0.000,24395776,52701,0.000,8814592,0.000
2026-09-06T00:22:16.806427,http,1,1,124,56403,0.000,24395776,52701,0.000,8814592,0.000
2026-09-06T00:22:17.006877,http,1,1,125,56403,0.000,24395776,52701,0.000,8814592,0.000
2026-09-06T00:22:17.207279,http,1,1,126,56403,0.000,24395776,52701,0.000,8814592,0.000
2026-09-06T00:22:17.407668,http,1,1,127,56403,0.000,24395776,52701,0.000,8814592,1.200
2026-09-06T00:22:17.608042,http,1,1,128,56403,0.000,24395776,52701,0.000,8814592,0.000
2026-09-06T00:22:17.808472,http,1,1,129,56403,0.000,24395776,52701,0.000,8814592,0.000
2026-09-06T00:22:18.008879,http,1,1,130,56403,0.000,24395776,52701,0.000,8814592,0.000
2026-09-06T00:22:18.209297,http,1,1,131,56403,0.000,24412160,52701,0.000,8814592,0.000
2026-09-06T00:22:18.409698,http,1,1,132,56403,0.000,24412160,52701,0.000,8814592,0.000
2026-09-06T00:22:18.610082,http,1,1,133,56403,0.000,24412160,52701,0.000,8814592,0.000
2026-09-06T00:22:18.810533,http,1,1,134,56403,0.000,24412160,52701,0.000,8814592,0.000
2026-09-06T00:22:19.010962,http,1,1,135,56403,0.000,24444928,52701,0.000,8814592,1.200
2026-09-06T00:22:19.211351,http,1,1,136,56403,0.000,24444928,52701,0.000,8814592,0.000
2026-09-06T00:22:19.411730,http,1,1,137,56403,0.000,24444928,52701,0.000,8814592,0.000
2026-09-06T00:22:19.612100,http,1,1,138,56403,0.000,24444928,52701,0.000,8814592,0.000
2026-09-06T00:22:19.812520,http,1,1,139,56403,0.000,24444928,52701,0.000,8814592,0.000
2026-09-06T00:22:20.012920,http,1,1,140,56403,0.000,24444928,52701,0.000,8814592,0.000
2026-09-06T00:22:20.213293,http,1,1,141,56403,0.000,24444928,52701,0.000,8814592,0.000
2026-09-06T00:22:20.413664,http,1,1,142,56403,0.000,24444928,52701,0.000,8814592,0.000
2026-09-06T00:22:20.614048,http,1,1,143,56403,0.000,24444928,52701,0.000,8814592,0.000
2026-09-06T00:22:20.814478,http,1,1,144,56403,0.000,24444928,52701,0.000,8814592,0.000
2026-09-06T00:22:21.014917,http,1,1,145,56403,0.000,24444928,52701,0.000,8814592,0.000
2026-09-06T00:22:21.215295,http,1,1,146,56403,0.000,24444928,52701,0.000,8814592,0.000
2026-09-06T00:22:21.415661,http,1,1,147,56403,0.000,24444928,52701,0.000,8814592,0.000
2026-09-06T00:22:21.616018,http,1,1,148,56403,0.000,24444928,52701,0.000,8814592,0.000
2026-09-06T00:22:21.816427,http,1,1,149,56403,0.000,24444928,52701,0.000,8814592,0.000
2026-09-06T00:22:22.016819,http,1,1,150,56403,0.000,24444928,52701,0.000,8814592,0.000
2026-09-06T00:22:22.217184,http,1,1,151,56403,5.000,24444928,52701,0.000,8814592,0.000
2026-09-06T00:22:22.417549,http,1,1,152,56403,0.000,24444928,52701,0.000,8814592,0.000
2026-09-06T00:22:22.617916,http,1,1,153,56403,0.000,24444928,52701,0.000,8814592,0.000
2026-09-06T00:22:22.818321,http,1,1,154,56403,0.000,24444928,52701,0.000,8814592,0.000
2026-09-06T00:22:23.018702,http,1,1,155,56403,0.000,24444928,52701,0.000,8814592,0.000
2026-09-06T00:22:23.219079,http,1,1,156,56403,0.000,24444928,52701,0.000,8814592,1.300
2026-09-06T00:22:23.419440,http,1,1,157,56403,0.000,24444928,52701,0.000,8814592,0.000
2026-09-06T00:22:23.619788,http,1,1,158,56403,0.000,24444928,52701,0.000,8814592,0.000
2026-09-06T00:22:23.820193,http,1,1,159,56403,0.000,24444928,52701,0.000,8814592,0.000
2026-09-06T00:22:24.020574,http,1,1,160,56403,0.000,24444928,52701,0.000,8814592,0.000
2026-09-06T00:22:24.220928,http,1,1,161,56403,0.000,24444928,52701,0.000,8814592,0.000
2026-09-06T00:22:24.421284,http,1,1,162,56403,0.000,24444928,52701,0.000,8814592,0.000
2026-09-06T00:22:24.621634,http,1,1,163,56403,0.000,24444928,52701,0.000,8814592,0.000
2026-09-06T00:22:24.822008,http,1,1,164,56403,0.000,24444928,52701,0.000,8814592,0.000
2026-09-06T00:22:25.022399,http,1,1,165,56403,0.000,24444928,52701,0.000,8814592,0.000
2026-09-06T00:22:25.222774,http,1,1,166,56403,0.000,24444928,52701,0.000,8814592,0.000
2026-09-06T00:22:25.423122,http,1,1,167,56403,0.000,24444928,52701,0.000,8814592,0.000
2026-09-06T00:22:25.623468,http,1,1,168,56403,0.000,24444928,52701,0.000,8814592,0.000
2026-09-06T00:22:25.823847,http,1,1,169,56403,0.000,24444928,52701,0.000,8814592,1.200
2026-09-06T00:22:26.024211,http,1,1,170,56403,0.000,24444928,52701,0.000,8814592,0.000
2026-09-06T00:22:26.224560,http,1,1,171,56403,0.000,24444928,52701,0.000,8814592,0.000
2026-09-06T00:22:26.424908,http,1,1,172,56403,0.000,24444928,52701,0.000,8814592,0.000
2026-09-06T00:22:26.625258,http,1,1,173,56403,0.000,24444928,52701,0.000,8814592,0.000
2026-09-06T00:22:26.825632,http,1,1,174,56403,0.000,24444928,52701,0.000,8814592,0.000
2026-09-06T00:22:27.025988,http,1,1,175,56403,0.000,24444928,52701,0.000,8814592,0.000
2026-09-06T00:22:27.226331,http,1,1,176,56403,0.000,24444928,52701,0.000,8814592,0.000
2026-09-06T00:22:27.426669,http,1,1,177,56403,0.000,24444928,52701,0.000,8814592,0.000
2026-09-06T00:22:27.627015,http,1,1,178,56403,0.000,24444928,52701,0.000,8814592,0.000
2026-09-06T00:22:27.827431,http,1,1,179,56403,10.000,24444928,52701,0.000,8814592,0.000
2026-09-06T00:22:28.027824,http,1,1,180,56403,0.000,24444928,52701,0.000,8814592,0.000
2026-09-06T00:22:28.228187,http,1,1,181,56403,0.000,24444928,52701,0.000,8814592,0.000
2026-09-06T00:22:28.428550,http,1,1,182,56403,0.000,24444928,52701,0.000,8814592,0.000
2026-09-06T00:22:28.628901,http,1,1,183,56403,0.000,24444928,52701,0.000,8814592,0.000
2026-09-06T00:22:28.829268,http,1,1,184,56403,0.000,24444928,52701,0.000,8814592,0.000
2026-09-06T00:22:29.029656,http,1,1,185,56403,0.000,24444928,52701,0.000,8814592,0.000
2026-09-06T00:22:29.230023,http,1,1,186,56403,0.000,24444928,52701,0.000,8814592,0.000
2026-09-06T00:22:29.430418,http,1,1,187,56403,0.000,24444928,52701,0.000,8814592,0.000
2026-09-06T00:22:29.630785,http,1,1,188,56403,0.000,24444928,52701,0.000,8814592,0.000
2026-09-06T00:22:29.831175,http,1,1,189,56403,0.000,24444928,52701,0.000,8814592,0.000
2026-09-06T00:22:30.031538,http,1,1,190,56403,0.000,24444928,52701,0.000,8814592,1.200
2026-09-06T00:22:30.231889,http,1,1,191,56403,0.000,24444928,52701,0.000,8814592,0.000
2026-09-06T00:22:30.432237,http,1,1,192,56403,0.000,24444928,52701,0.000,8814592,0.000
2026-09-06T00:22:30.632606,http,1,1,193,56403,0.000,24444928,52701,0.000,8814592,0.000
2026-09-06T00:22:30.832989,http,1,1,194,56403,0.000,24444928,52701,0.000,8814592,0.000
2026-09-06T00:22:31.033346,http,1,1,195,56403,0.000,24444928,52701,0.000,8814592,0.000
2026-09-06T00:22:31.233688,http,1,1,196,56403,0.000,24444928,52701,0.000,8814592,0.000
2026-09-06T00:22:31.434021,http,1,1,197,56403,0.000,24444928,52701,0.000,8814592,0.000
2026-09-06T00:22:31.634360,http,1,1,198,56403,0.000,24444928,52701,0.000,8814592,0.000
2026-09-06T00:22:31.834750,http,1,1,199,56403,0.000,24444928,52701,0.000,8814592,0.000
2026-09-06T00:22:32.035110,http,1,1,200,56403,0.000,24444928,52701,0.000,8814592,0.000
2026-09-06T00:22:32.235464,http,1,1,201,56403,0.000,24444928,52701,0.000,8814592,0.000
2026-09-06T00:22:32.435808,http,1,1,202,56403,0.000,24444928,52701,0.000,8814592,0.000
2026-09-06T00:22:32.636150,http,1,1,203,56403,0.000,24444928,52701,0.000,8814592,0.000
2026-09-06T00:22:32.836541,http,1,1,204,56403,0.000,24444928,52701,0.000,8814592,0.000
2026-09-06T00:22:33.036923,http,1,1,205,56403,0.000,24444928,52701,0.000,8814592,0.000
2026-09-06T00:22:33.237273,http,1,1,206,56403,0.000,24444928,52701,0.000,8814592,0.000
2026-09-06T00:22:33.437615,http,1,1,207,56403,0.000,24444928,52701,0.000,8814592,2.400
2026-09-06T00:22:33.637995,http,1,1,208,56403,0.000,24444928,52701,0.000,8814592,0.000
2026-09-06T00:22:33.838447,http,1,1,209,56403,0.000,24444928,52701,0.000,8814592,0.000
2026-09-06T00:22:34.038904,http,1,1,210,56403,0.000,24444928,52701,0.000,8814592,1.200
2026-09-06T00:22:34.239319,http,1,1,211,56403,5.000,24444928,52701,0.000,8814592,0.000
2026-09-06T00:22:34.439724,http,1,1,212,56403,0.000,24444928,52701,0.000,8814592,0.000
2026-09-06T00:22:34.640124,http,1,1,213,56403,0.000,24444928,52701,0.000,8814592,0.000
2026-09-06T00:22:34.840555,http,1,1,214,56403,0.000,24444928,52701,0.000,8814592,0.000
2026-09-06T00:22:35.040956,http,1,1,215,56403,0.000,24444928,52701,0.000,8814592,0.000
2026-09-06T00:22:35.241325,http,1,1,216,56403,0.000,24444928,52701,0.000,8814592,0.000
2026-09-06T00:22:35.441667,http,1,1,217,56403,0.000,24444928,52701,0.000,8814592,0.000
2026-09-06T00:22:35.642002,http,1,1,218,56403,0.000,24444928,52701,0.000,8814592,0.000
2026-09-06T00:22:35.842377,http,1,1,219,56403,0.000,24444928,52701,0.000,8814592,0.000
2026-09-06T00:22:36.042758,http,1,1,220,56403,0.000,24444928,52701,0.000,8814592,0.000
2026-09-06T00:22:36.243113,http,1,1,221,56403,0.000,24444928,52701,0.000,8814592,1.200
2026-09-06T00:22:36.443549,http,1,1,222,56403,10.000,0,52701,0.000,8814592,2.500
2026-09-06T00:22:39.645842,mqtt_qos0,1,2,1,56404,44.900,24477696,52701,0.000,8814592,13.600
2026-09-06T00:22:39.846286,mqtt_qos0,1,2,2,56404,0.000,24477696,52701,0.000,8814592,0.000
2026-09-06T00:22:40.046721,mqtt_qos0,1,2,3,56404,0.000,24477696,52701,0.000,8814592,0.000
2026-09-06T00:22:40.247095,mqtt_qos0,1,2,4,56404,0.000,24477696,52701,0.000,8814592,0.000
2026-09-06T00:22:40.447433,mqtt_qos0,1,2,5,56404,0.000,24477696,52701,0.000,8814592,0.000
2026-09-06T00:22:40.647819,mqtt_qos0,1,2,6,56404,0.000,24543232,52701,0.000,8814592,0.000
2026-09-06T00:22:40.848251,mqtt_qos0,1,2,7,56404,0.000,24543232,52701,0.000,8814592,0.000
2026-09-06T00:22:41.048659,mqtt_qos0,1,2,8,56404,0.000,24543232,52701,0.000,8814592,0.000
2026-09-06T00:22:41.249048,mqtt_qos0,1,2,9,56404,0.000,24543232,52701,0.000,8814592,0.000
2026-09-06T00:22:41.449430,mqtt_qos0,1,2,10,56404,0.000,24543232,52701,0.000,8814592,0.000
2026-09-06T00:22:41.649818,mqtt_qos0,1,2,11,56404,0.000,24543232,52701,0.000,8814592,0.000
2026-09-06T00:22:41.850272,mqtt_qos0,1,2,12,56404,0.000,24543232,52701,0.000,8814592,0.000
2026-09-06T00:22:42.050696,mqtt_qos0,1,2,13,56404,0.000,24543232,52701,0.000,8814592,0.000
2026-09-06T00:22:42.251109,mqtt_qos0,1,2,14,56404,0.000,24543232,52701,0.000,8814592,1.200
2026-09-06T00:22:42.451495,mqtt_qos0,1,2,15,56404,0.000,24543232,52701,0.000,8814592,0.000
2026-09-06T00:22:42.651878,mqtt_qos0,1,2,16,56404,0.000,24543232,52701,0.000,8814592,0.000
2026-09-06T00:22:42.852319,mqtt_qos0,1,2,17,56404,0.000,24543232,52701,0.000,8814592,0.000
2026-09-06T00:22:43.052749,mqtt_qos0,1,2,18,56404,0.000,24559616,52701,0.000,8814592,0.000
2026-09-06T00:22:43.253147,mqtt_qos0,1,2,19,56404,0.000,24559616,52701,0.000,8814592,0.000
2026-09-06T00:22:43.453534,mqtt_qos0,1,2,20,56404,0.000,24559616,52701,0.000,8814592,0.000
2026-09-06T00:22:43.653914,mqtt_qos0,1,2,21,56404,0.000,24559616,52701,0.000,8814592,0.000
2026-09-06T00:22:43.854342,mqtt_qos0,1,2,22,56404,0.000,24559616,52701,0.000,8814592,0.000
2026-09-06T00:22:44.054764,mqtt_qos0,1,2,23,56404,0.000,24559616,52701,0.000,8814592,0.000
2026-09-06T00:22:44.255158,mqtt_qos0,1,2,24,56404,0.000,24559616,52701,0.000,8814592,1.200
2026-09-06T00:22:44.455543,mqtt_qos0,1,2,25,56404,0.000,24559616,52701,0.000,8814592,0.000
2026-09-06T00:22:44.655925,mqtt_qos0,1,2,26,56404,0.000,24559616,52701,0.000,8814592,0.000
2026-09-06T00:22:44.856391,mqtt_qos0,1,2,27,56404,0.000,24559616,52701,0.000,8814592,1.200
2026-09-06T00:22:45.056815,mqtt_qos0,1,2,28,56404,0.000,24559616,52701,0.000,8814592,0.000
2026-09-06T00:22:45.257189,mqtt_qos0,1,2,29,56404,0.000,24559616,52701,0.000,8814592,0.000
2026-09-06T00:22:45.457551,mqtt_qos0,1,2,30,56404,5.000,24559616,52701,0.000,8814592,0.000
2026-09-06T00:22:45.657908,mqtt_qos0,1,2,31,56404,0.000,24559616,52701,0.000,8814592,0.000
2026-09-06T00:22:45.858383,mqtt_qos0,1,2,32,56404,0.000,24559616,52701,0.000,8814592,0.000
2026-09-06T00:22:46.058826,mqtt_qos0,1,2,33,56404,0.000,24559616,52701,0.000,8814592,0.000
2026-09-06T00:22:46.259202,mqtt_qos0,1,2,34,56404,0.000,24559616,52701,0.000,8814592,0.000
2026-09-06T00:22:46.459568,mqtt_qos0,1,2,35,56404,0.000,24559616,52701,0.000,8814592,0.000
2026-09-06T00:22:46.659927,mqtt_qos0,1,2,36,56404,0.000,24559616,52701,0.000,8814592,0.000
2026-09-06T00:22:46.860338,mqtt_qos0,1,2,37,56404,0.000,24559616,52701,5.000,8814592,0.000
2026-09-06T00:22:47.060717,mqtt_qos0,1,2,38,56404,0.000,24559616,52701,0.000,8814592,0.000
2026-09-06T00:22:47.261078,mqtt_qos0,1,2,39,56404,0.000,24559616,52701,0.000,8814592,0.000
2026-09-06T00:22:47.461431,mqtt_qos0,1,2,40,56404,0.000,24559616,52701,0.000,8814592,0.000
2026-09-06T00:22:47.661806,mqtt_qos0,1,2,41,56404,0.000,24559616,52701,0.000,8814592,0.000
2026-09-06T00:22:47.862232,mqtt_qos0,1,2,42,56404,0.000,24559616,52701,0.000,8814592,0.000
2026-09-06T00:22:48.062639,mqtt_qos0,1,2,43,56404,0.000,24559616,52701,0.000,8814592,0.000
2026-09-06T00:22:48.263015,mqtt_qos0,1,2,44,56404,0.000,24559616,52701,0.000,8814592,0.000
2026-09-06T00:22:48.463401,mqtt_qos0,1,2,45,56404,0.000,24576000,52701,0.000,8814592,0.000
2026-09-06T00:22:48.663782,mqtt_qos0,1,2,46,56404,0.000,24576000,52701,0.000,8814592,1.200
2026-09-06T00:22:48.864238,mqtt_qos0,1,2,47,56404,0.000,24576000,52701,0.000,8814592,0.000
2026-09-06T00:22:49.064648,mqtt_qos0,1,2,48,56404,0.000,24576000,52701,0.000,8814592,0.000
2026-09-06T00:22:49.265041,mqtt_qos0,1,2,49,56404,0.000,24576000,52701,0.000,8814592,0.000
2026-09-06T00:22:49.465424,mqtt_qos0,1,2,50,56404,0.000,24576000,52701,0.000,8814592,0.000
2026-09-06T00:22:49.665810,mqtt_qos0,1,2,51,56404,0.000,24576000,52701,0.000,8814592,0.000
2026-09-06T00:22:49.866240,mqtt_qos0,1,2,52,56404,0.000,24576000,52701,0.000,8814592,0.000
2026-09-06T00:22:50.066639,mqtt_qos0,1,2,53,56404,0.000,24576000,52701,0.000,8814592,0.000
2026-09-06T00:22:50.267030,mqtt_qos0,1,2,54,56404,0.000,24592384,52701,0.000,8814592,0.000
2026-09-06T00:22:50.467411,mqtt_qos0,1,2,55,56404,0.000,24592384,52701,0.000,8814592,0.000
2026-09-06T00:22:50.667809,mqtt_qos0,1,2,56,56404,0.000,24592384,52701,0.000,8814592,0.000
2026-09-06T00:22:50.868252,mqtt_qos0,1,2,57,56404,0.000,24592384,52701,0.000,8814592,0.000
2026-09-06T00:22:51.068671,mqtt_qos0,1,2,58,56404,0.000,24592384,52701,0.000,8814592,0.000
2026-09-06T00:22:51.269068,mqtt_qos0,1,2,59,56404,0.000,24592384,52701,0.000,8814592,0.000
2026-09-06T00:22:51.469456,mqtt_qos0,1,2,60,56404,0.000,24592384,52701,0.000,8814592,0.000
2026-09-06T00:22:51.669838,mqtt_qos0,1,2,61,56404,0.000,24592384,52701,0.000,8814592,0.000
2026-09-06T00:22:51.870296,mqtt_qos0,1,2,62,56404,0.000,24592384,52701,0.000,8814592,0.000
2026-09-06T00:22:52.070718,mqtt_qos0,1,2,63,56404,0.000,24592384,52701,0.000,8814592,0.000
2026-09-06T00:22:52.271123,mqtt_qos0,1,2,64,56404,0.000,24592384,52701,0.000,8814592,2.400
2026-09-06T00:22:52.471498,mqtt_qos0,1,2,65,56404,0.000,24592384,52701,0.000,8814592,0.000
2026-09-06T00:22:52.671866,mqtt_qos0,1,2,66,56404,0.000,24592384,52701,0.000,8814592,0.000
2026-09-06T00:22:52.872303,mqtt_qos0,1,2,67,56404,0.000,24592384,52701,0.000,8814592,0.000
2026-09-06T00:22:53.072703,mqtt_qos0,1,2,68,56404,0.000,24592384,52701,0.000,8814592,0.000
2026-09-06T00:22:53.273091,mqtt_qos0,1,2,69,56404,0.000,24592384,52701,0.000,8814592,0.000
2026-09-06T00:22:53.473485,mqtt_qos0,1,2,70,56404,0.000,24592384,52701,0.000,8814592,0.000
2026-09-06T00:22:53.673875,mqtt_qos0,1,2,71,56404,0.000,24592384,52701,0.000,8814592,0.000
2026-09-06T00:22:53.874327,mqtt_qos0,1,2,72,56404,0.000,24592384,52701,0.000,8814592,0.000
2026-09-06T00:22:54.074775,mqtt_qos0,1,2,73,56404,0.000,24592384,52701,0.000,8814592,0.000
2026-09-06T00:22:54.275178,mqtt_qos0,1,2,74,56404,0.000,24592384,52701,0.000,8814592,0.000
2026-09-06T00:22:54.475574,mqtt_qos0,1,2,75,56404,0.000,24592384,52701,0.000,8814592,0.000
2026-09-06T00:22:54.675958,mqtt_qos0,1,2,76,56404,0.000,24592384,52701,0.000,8814592,0.000
2026-09-06T00:22:54.876400,mqtt_qos0,1,2,77,56404,0.000,24592384,52701,0.000,8814592,0.000
2026-09-06T00:22:55.076813,mqtt_qos0,1,2,78,56404,0.000,24608768,52701,0.000,8814592,0.000
2026-09-06T00:22:55.277215,mqtt_qos0,1,2,79,56404,0.000,24608768,52701,0.000,8814592,0.000
2026-09-06T00:22:55.477604,mqtt_qos0,1,2,80,56404,0.000,24608768,52701,0.000,8814592,1.200
2026-09-06T00:22:55.677992,mqtt_qos0,1,2,81,56404,0.000,24608768,52701,0.000,8814592,0.000
2026-09-06T00:22:55.878428,mqtt_qos0,1,2,82,56404,5.000,24608768,52701,0.000,8814592,0.000
2026-09-06T00:22:56.078841,mqtt_qos0,1,2,83,56404,0.000,24608768,52701,0.000,8814592,1.200
2026-09-06T00:22:56.279230,mqtt_qos0,1,2,84,56404,0.000,24608768,52701,0.000,8814592,0.000
2026-09-06T00:22:56.479614,mqtt_qos0,1,2,85,56404,0.000,24608768,52701,0.000,8814592,0.000
2026-09-06T00:22:56.679997,mqtt_qos0,1,2,86,56404,0.000,24608768,52701,0.000,8814592,0.000
2026-09-06T00:22:56.880451,mqtt_qos0,1,2,87,56404,0.000,24608768,52701,0.000,8814592,0.000
2026-09-06T00:22:57.080875,mqtt_qos0,1,2,88,56404,0.000,24608768,52701,0.000,8814592,0.000
2026-09-06T00:22:57.281273,mqtt_qos0,1,2,89,56404,0.000,24608768,52701,0.000,8814592,0.000
2026-09-06T00:22:57.481667,mqtt_qos0,1,2,90,56404,0.000,24608768,52701,0.000,8814592,0.000
2026-09-06T00:22:57.682046,mqtt_qos0,1,2,91,56404,0.000,24608768,52701,0.000,8814592,0.000
2026-09-06T00:22:57.882506,mqtt_qos0,1,2,92,56404,0.000,24608768,52701,0.000,8814592,1.200
2026-09-06T00:22:58.082945,mqtt_qos0,1,2,93,56404,0.000,24608768,52701,0.000,8814592,1.200
2026-09-06T00:22:58.283350,mqtt_qos0,1,2,94,56404,0.000,24608768,52701,0.000,8814592,0.000
2026-09-06T00:22:58.483745,mqtt_qos0,1,2,95,56404,0.000,24608768,52701,0.000,8814592,0.000
2026-09-06T00:22:58.684136,mqtt_qos0,1,2,96,56404,0.000,24608768,52701,0.000,8814592,0.000
2026-09-06T00:22:58.884569,mqtt_qos0,1,2,97,56404,0.000,24608768,52701,0.000,8814592,0.000
2026-09-06T00:22:59.084968,mqtt_qos0,1,2,98,56404,0.000,24608768,52701,0.000,8814592,0.000
2026-09-06T00:22:59.285353,mqtt_qos0,1,2,99,56404,0.000,24608768,52701,0.000,8814592,0.000
2026-09-06T00:22:59.485740,mqtt_qos0,1,2,100,56404,0.000,24608768,52701,0.000,8814592,0.000
2026-09-06T00:22:59.686120,mqtt_qos0,1,2,101,56404,0.000,24608768,52701,0.000,8814592,0.000
2026-09-06T00:22:59.886571,mqtt_qos0,1,2,102,56404,0.000,24608768,52701,0.000,8814592,0.000
2026-09-06T00:23:00.087011,mqtt_qos0,1,2,103,56404,0.000,24608768,52701,0.000,8814592,0.000
2026-09-06T00:23:00.287414,mqtt_qos0,1,2,104,56404,0.000,24608768,52701,0.000,8814592,0.000
2026-09-06T00:23:00.487809,mqtt_qos0,1,2,105,56404,0.000,24608768,52701,0.000,8814592,0.000
2026-09-06T00:23:00.688206,mqtt_qos0,1,2,106,56404,0.000,24608768,52701,0.000,8814592,0.000
2026-09-06T00:23:00.888662,mqtt_qos0,1,2,107,56404,0.000,24608768,52701,0.000,8814592,1.200
2026-09-06T00:23:01.089069,mqtt_qos0,1,2,108,56404,0.000,24608768,52701,0.000,8814592,0.000
2026-09-06T00:23:01.289463,mqtt_qos0,1,2,109,56404,0.000,24608768,52701,0.000,8814592,0.000
2026-09-06T00:23:01.489850,mqtt_qos0,1,2,110,56404,0.000,24608768,52701,0.000,8814592,0.000
2026-09-06T00:23:01.690233,mqtt_qos0,1,2,111,56404,0.000,24608768,52701,0.000,8814592,0.000
2026-09-06T00:23:01.890665,mqtt_qos0,1,2,112,56404,0.000,24608768,52701,0.000,8814592,0.000
2026-09-06T00:23:02.091015,mqtt_qos0,1,2,113,56404,0.000,24608768,52701,0.000,8814592,0.000
2026-09-06T00:23:02.291400,mqtt_qos0,1,2,114,56404,0.000,24608768,52701,0.000,8814592,0.000
2026-09-06T00:23:02.491780,mqtt_qos0,1,2,115,56404,0.000,24625152,52701,0.000,8814592,0.000
2026-09-06T00:23:02.692158,mqtt_qos0,1,2,116,56404,0.000,24625152,52701,0.000,8814592,0.000
2026-09-06T00:23:02.892615,mqtt_qos0,1,2,117,56404,0.000,24625152,52701,0.000,8814592,0.000
2026-09-06T00:23:03.093058,mqtt_qos0,1,2,118,56404,0.000,24625152,52701,0.000,8814592,0.000
2026-09-06T00:23:03.293477,mqtt_qos0,1,2,119,56404,0.000,24625152,52701,0.000,8814592,0.000
2026-09-06T00:23:03.493896,mqtt_qos0,1,2,120,56404,5.000,24625152,52701,0.000,8814592,0.000
2026-09-06T00:23:03.694299,mqtt_qos0,1,2,121,56404,0.000,24625152,52701,0.000,8814592,0.000
2026-09-06T00:23:03.894782,mqtt_qos0,1,2,122,56404,0.000,24625152,52701,0.000,8814592,0.000
2026-09-06T00:23:04.095228,mqtt_qos0,1,2,123,56404,0.000,24625152,52701,0.000,8814592,1.200
2026-09-06T00:23:04.295650,mqtt_qos0,1,2,124,56404,0.000,24625152,52701,0.000,8814592,0.000
2026-09-06T00:23:04.496062,mqtt_qos0,1,2,125,56404,0.000,24625152,52701,0.000,8814592,0.000
2026-09-06T00:23:04.696468,mqtt_qos0,1,2,126,56404,0.000,24625152,52701,0.000,8814592,0.000
2026-09-06T00:23:04.896918,mqtt_qos0,1,2,127,56404,0.000,24625152,52701,0.000,8814592,0.000
2026-09-06T00:23:05.097338,mqtt_qos0,1,2,128,56404,0.000,24625152,52701,0.000,8814592,0.000
2026-09-06T00:23:05.297749,mqtt_qos0,1,2,129,56404,5.000,24625152,52701,0.000,8814592,0.000
2026-09-06T00:23:05.498151,mqtt_qos0,1,2,130,56404,0.000,24625152,52701,0.000,8814592,0.000
2026-09-06T00:23:05.698552,mqtt_qos0,1,2,131,56404,0.000,24625152,52701,0.000,8814592,0.000
2026-09-06T00:23:05.899032,mqtt_qos0,1,2,132,56404,0.000,24625152,52701,0.000,8814592,0.000
2026-09-06T00:23:06.099457,mqtt_qos0,1,2,133,56404,0.000,24625152,52701,0.000,8814592,0.000
2026-09-06T00:23:06.299849,mqtt_qos0,1,2,134,56404,0.000,24625152,52701,0.000,8814592,0.000
2026-09-06T00:23:06.500234,mqtt_qos0,1,2,135,56404,0.000,24625152,52701,0.000,8814592,0.000
2026-09-06T00:23:06.700605,mqtt_qos0,1,2,136,56404,0.000,24625152,52701,0.000,8814592,0.000
2026-09-06T00:23:06.901015,mqtt_qos0,1,2,137,56404,0.000,24625152,52701,0.000,8814592,0.000
2026-09-06T00:23:07.101411,mqtt_qos0,1,2,138,56404,0.000,24625152,52701,0.000,8814592,0.000
2026-09-06T00:23:07.301787,mqtt_qos0,1,2,139,56404,0.000,24625152,52701,0.000,8814592,0.000
2026-09-06T00:23:07.502157,mqtt_qos0,1,2,140,56404,0.000,24641536,52701,0.000,8814592,0.000
2026-09-06T00:23:07.702523,mqtt_qos0,1,2,141,56404,0.000,24641536,52701,0.000,8814592,0.000
2026-09-06T00:23:07.902943,mqtt_qos0,1,2,142,56404,0.000,24641536,52701,5.000,8814592,1.200
2026-09-06T00:23:08.103329,mqtt_qos0,1,2,143,56404,0.000,24641536,52701,0.000,8814592,0.000
2026-09-06T00:23:08.303725,mqtt_qos0,1,2,144,56404,0.000,24641536,52701,0.000,8814592,0.000
2026-09-06T00:23:08.504116,mqtt_qos0,1,2,145,56404,0.000,24641536,52701,0.000,8814592,0.000
2026-09-06T00:23:08.704500,mqtt_qos0,1,2,146,56404,0.000,24641536,52701,0.000,8814592,0.000
2026-09-06T00:23:08.904941,mqtt_qos0,1,2,147,56404,0.000,24641536,52701,0.000,8814592,0.000
2026-09-06T00:23:09.105372,mqtt_qos0,1,2,148,56404,0.000,24657920,52701,0.000,8814592,1.200
2026-09-06T00:23:09.305767,mqtt_qos0,1,2,149,56404,0.000,24657920,52701,0.000,8814592,0.000
2026-09-06T00:23:09.506145,mqtt_qos0,1,2,150,56404,0.000,24657920,52701,0.000,8814592,0.000
2026-09-06T00:23:09.706517,mqtt_qos0,1,2,151,56404,0.000,24657920,52701,0.000,8814592,0.000
2026-09-06T00:23:09.906956,mqtt_qos0,1,2,152,56404,0.000,24657920,52701,0.000,8814592,0.000
2026-09-06T00:23:10.107349,mqtt_qos0,1,2,153,56404,0.000,24657920,52701,0.000,8814592,0.000
2026-09-06T00:23:10.307724,mqtt_qos0,1,2,154,56404,0.000,24657920,52701,0.000,8814592,0.000
2026-09-06T00:23:10.508103,mqtt_qos0,1,2,155,56404,0.000,24657920,52701,0.000,8814592,0.000
2026-09-06T00:23:10.708488,mqtt_qos0,1,2,156,56404,0.000,24674304,52701,0.000,8814592,0.000
2026-09-06T00:23:10.908926,mqtt_qos0,1,2,157,56404,0.000,24674304,52701,0.000,8814592,1.300
2026-09-06T00:23:11.109340,mqtt_qos0,1,2,158,56404,0.000,24674304,52701,0.000,8814592,0.000
2026-09-06T00:23:11.309712,mqtt_qos0,1,2,159,56404,0.000,24674304,52701,0.000,8814592,0.000
2026-09-06T00:23:11.510072,mqtt_qos0,1,2,160,56404,0.000,24674304,52701,0.000,8814592,0.000
2026-09-06T00:23:11.710431,mqtt_qos0,1,2,161,56404,0.000,24674304,52701,0.000,8814592,0.000
2026-09-06T00:23:11.910865,mqtt_qos0,1,2,162,56404,0.000,24674304,52701,0.000,8814592,1.200
2026-09-06T00:23:12.111265,mqtt_qos0,1,2,163,56404,0.000,24674304,52701,0.000,8814592,0.000
2026-09-06T00:23:12.311640,mqtt_qos0,1,2,164,56404,0.000,24674304,52701,0.000,8814592,0.000
2026-09-06T00:23:12.512004,mqtt_qos0,1,2,165,56404,0.000,24674304,52701,0.000,8814592,0.000
2026-09-06T00:23:12.712360,mqtt_qos0,1,2,166,56404,0.000,24674304,52701,0.000,8814592,0.000
2026-09-06T00:23:12.912776,mqtt_qos0,1,2,167,56404,0.000,24674304,52701,0.000,8814592,0.000
2026-09-06T00:23:13.113174,mqtt_qos0,1,2,168,56404,0.000,24674304,52701,0.000,8814592,0.000
2026-09-06T00:23:13.313541,mqtt_qos0,1,2,169,56404,0.000,24674304,52701,0.000,8814592,0.000
2026-09-06T00:23:13.513905,mqtt_qos0,1,2,170,56404,0.000,24674304,52701,0.000,8814592,0.000
2026-09-06T00:23:13.714269,mqtt_qos0,1,2,171,56404,0.000,24674304,52701,0.000,8814592,0.000
2026-09-06T00:23:13.914701,mqtt_qos0,1,2,172,56404,0.000,24674304,52701,0.000,8814592,0.000
2026-09-06T00:23:14.115115,mqtt_qos0,1,2,173,56404,0.000,24674304,52701,0.000,8814592,0.000
2026-09-06T00:23:14.315496,mqtt_qos0,1,2,174,56404,0.000,24674304,52701,0.000,8814592,0.000
2026-09-06T00:23:14.515860,mqtt_qos0,1,2,175,56404,0.000,24674304,52701,0.000,8814592,0.000
2026-09-06T00:23:14.716221,mqtt_qos0,1,2,176,56404,0.000,24674304,52701,0.000,8814592,0.000
2026-09-06T00:23:14.916624,mqtt_qos0,1,2,177,56404,0.000,24674304,52701,0.000,8814592,1.200
2026-09-06T00:23:15.116995,mqtt_qos0,1,2,178,56404,0.000,24674304,52701,0.000,8814592,0.000
2026-09-06T00:23:15.317354,mqtt_qos0,1,2,179,56404,0.000,24674304,52701,0.000,8814592,1.200
2026-09-06T00:23:15.517705,mqtt_qos0,1,2,180,56404,0.000,24674304,52701,0.000,8814592,0.000
2026-09-06T00:23:15.718061,mqtt_qos0,1,2,181,56404,0.000,24674304,52701,0.000,8814592,0.000
2026-09-06T00:23:15.918509,mqtt_qos0,1,2,182,56404,0.000,24674304,52701,0.000,8814592,0.000
2026-09-06T00:23:16.118936,mqtt_qos0,1,2,183,56404,0.000,24674304,52701,0.000,8814592,1.200
2026-09-06T00:23:16.319315,mqtt_qos0,1,2,184,56404,0.000,24674304,52701,0.000,8814592,0.000
2026-09-06T00:23:16.519673,mqtt_qos0,1,2,185,56404,0.000,24674304,52701,0.000,8814592,0.000
2026-09-06T00:23:16.720033,mqtt_qos0,1,2,186,56404,0.000,24674304,52701,0.000,8814592,0.000
2026-09-06T00:23:16.920453,mqtt_qos0,1,2,187,56404,5.000,24674304,52701,0.000,8814592,0.000
2026-09-06T00:23:17.120848,mqtt_qos0,1,2,188,56404,0.000,24674304,52701,0.000,8814592,0.000
2026-09-06T00:23:17.321222,mqtt_qos0,1,2,189,56404,0.000,24674304,52701,0.000,8814592,0.000
2026-09-06T00:23:17.521587,mqtt_qos0,1,2,190,56404,0.000,24674304,52701,0.000,8814592,0.000
2026-09-06T00:23:17.721948,mqtt_qos0,1,2,191,56404,0.000,24674304,52701,0.000,8814592,0.000
2026-09-06T00:23:17.922343,mqtt_qos0,1,2,192,56404,0.000,24674304,52701,0.000,8814592,0.000
2026-09-06T00:23:18.122703,mqtt_qos0,1,2,193,56404,0.000,24674304,52701,0.000,8814592,0.000
2026-09-06T00:23:18.323097,mqtt_qos0,1,2,194,56404,0.000,24674304,52701,0.000,8814592,0.000
2026-09-06T00:23:18.523474,mqtt_qos0,1,2,195,56404,0.000,24674304,52701,0.000,8814592,0.000
2026-09-06T00:23:18.723852,mqtt_qos0,1,2,196,56404,0.000,24674304,52701,0.000,8814592,0.000
2026-09-06T00:23:18.924269,mqtt_qos0,1,2,197,56404,0.000,24674304,52701,0.000,8814592,0.000
2026-09-06T00:23:19.124643,mqtt_qos0,1,2,198,56404,0.000,24674304,52701,0.000,8814592,0.000
2026-09-06T00:23:19.324999,mqtt_qos0,1,2,199,56404,0.000,24674304,52701,0.000,8814592,0.000
2026-09-06T00:23:19.525335,mqtt_qos0,1,2,200,56404,0.000,24674304,52701,0.000,8814592,0.000
2026-09-06T00:23:19.725677,mqtt_qos0,1,2,201,56404,0.000,24690688,52701,0.000,8814592,1.200
2026-09-06T00:23:19.926161,mqtt_qos0,1,2,202,56404,0.000,24690688,52701,0.000,8814592,0.000
2026-09-06T00:23:20.126601,mqtt_qos0,1,2,203,56404,0.000,24690688,52701,0.000,8814592,0.000
2026-09-06T00:23:20.327017,mqtt_qos0,1,2,204,56404,0.000,24690688,52701,0.000,8814592,1.200
2026-09-06T00:23:20.527411,mqtt_qos0,1,2,205,56404,0.000,24690688,52701,0.000,8814592,0.000
2026-09-06T00:23:20.727797,mqtt_qos0,1,2,206,56404,0.000,24690688,52701,0.000,8814592,0.000
2026-09-06T00:23:20.928228,mqtt_qos0,1,2,207,56404,0.000,24690688,52701,0.000,8814592,0.000
2026-09-06T00:23:21.128615,mqtt_qos0,1,2,208,56404,0.000,24690688,52701,0.000,8814592,0.000
2026-09-06T00:23:21.329008,mqtt_qos0,1,2,209,56404,0.000,24690688,52701,0.000,8814592,0.000
2026-09-06T00:23:21.529397,mqtt_qos0,1,2,210,56404,0.000,24690688,52701,0.000,8814592,0.000
2026-09-06T00:23:21.729771,mqtt_qos0,1,2,211,56404,0.000,24690688,52701,0.000,8814592,0.000
2026-09-06T00:23:21.930254,mqtt_qos0,1,2,212,56404,0.000,24690688,52701,0.000,8814592,0.000
2026-09-06T00:23:22.130680,mqtt_qos0,1,2,213,56404,0.000,24690688,52701,0.000,8814592,0.000
2026-09-06T00:23:22.331070,mqtt_qos0,1,2,214,56404,0.000,24690688,52701,0.000,8814592,0.000
2026-09-06T00:23:22.531426,mqtt_qos0,1,2,215,56404,0.000,24690688,52701,0.000,8814592,0.000
2026-09-06T00:23:22.731779,mqtt_qos0,1,2,216,56404,0.000,24690688,52701,0.000,8814592,0.000
2026-09-06T00:23:22.932190,mqtt_qos0,1,2,217,56404,0.000,24690688,52701,0.000,8814592,0.000
2026-09-06T00:23:23.132560,mqtt_qos0,1,2,218,56404,0.000,24690688,52701,0.000,8814592,0.000
2026-09-06T00:23:23.332905,mqtt_qos0,1,2,219,56404,0.000,24690688,52701,0.000,8814592,0.000
2026-09-06T00:23:23.533259,mqtt_qos0,1,2,220,56404,0.000,24690688,52701,0.000,8814592,0.000
2026-09-06T00:23:23.733615,mqtt_qos0,1,2,221,56404,0.000,24690688,52701,0.000,8814592,0.000
2026-09-06T00:23:23.934025,mqtt_qos0,1,2,222,56404,0.000,24690688,52701,0.000,8814592,0.000
2026-09-06T00:23:24.134434,mqtt_qos0,1,2,223,56404,0.000,24690688,52701,0.000,8814592,0.000
2026-09-06T00:23:24.334810,mqtt_qos0,1,2,224,56404,0.000,24690688,52701,0.000,8814592,0.000
2026-09-06T00:23:24.535152,mqtt_qos0,1,2,225,56404,0.000,24690688,52701,0.000,8814592,1.200
2026-09-06T00:23:24.735481,mqtt_qos0,1,2,226,56404,0.000,24690688,52701,0.000,8814592,0.000
2026-09-06T00:23:24.935859,mqtt_qos0,1,2,227,56404,0.000,24690688,52701,0.000,8814592,0.000
2026-09-06T00:23:25.136364,mqtt_qos0,1,2,228,56404,15.000,0,52701,0.000,8814592,3.700
2026-09-06T00:23:28.338699,mqtt_qos1,1,3,1,56408,49.900,24461312,52701,0.000,8814592,13.800
2026-09-06T00:23:28.539016,mqtt_qos1,1,3,2,56408,0.000,24461312,52701,0.000,8814592,0.000
2026-09-06T00:23:28.739260,mqtt_qos1,1,3,3,56408,0.000,24461312,52701,0.000,8814592,0.000
2026-09-06T00:23:28.939584,mqtt_qos1,1,3,4,56408,0.000,24461312,52701,0.000,8814592,1.200
2026-09-06T00:23:29.139850,mqtt_qos1,1,3,5,56408,0.000,24461312,52701,0.000,8814592,0.000
2026-09-06T00:23:29.340130,mqtt_qos1,1,3,6,56408,0.000,24526848,52701,0.000,8814592,0.000
2026-09-06T00:23:29.540400,mqtt_qos1,1,3,7,56408,0.000,24526848,52701,0.000,8814592,0.000
2026-09-06T00:23:29.740673,mqtt_qos1,1,3,8,56408,0.000,24526848,52701,0.000,8814592,0.000
2026-09-06T00:23:29.941018,mqtt_qos1,1,3,9,56408,0.000,24526848,52701,0.000,8814592,0.000
2026-09-06T00:23:30.141325,mqtt_qos1,1,3,10,56408,0.000,24526848,52701,0.000,8814592,0.000
2026-09-06T00:23:30.341608,mqtt_qos1,1,3,11,56408,0.000,24526848,52701,0.000,8814592,0.000
2026-09-06T00:23:30.541876,mqtt_qos1,1,3,12,56408,0.000,24526848,52701,0.000,8814592,0.000
2026-09-06T00:23:30.742142,mqtt_qos1,1,3,13,56408,0.000,24526848,52701,0.000,8814592,0.000
2026-09-06T00:23:30.942497,mqtt_qos1,1,3,14,56408,0.000,24526848,52701,0.000,8814592,0.000
2026-09-06T00:23:31.142812,mqtt_qos1,1,3,15,56408,0.000,24526848,52701,0.000,8814592,0.000
2026-09-06T00:23:31.343089,mqtt_qos1,1,3,16,56408,0.000,24526848,52701,0.000,8814592,0.000
2026-09-06T00:23:31.543349,mqtt_qos1,1,3,17,56408,0.000,24526848,52701,0.000,8814592,0.000
2026-09-06T00:23:31.743621,mqtt_qos1,1,3,18,56408,0.000,24526848,52701,0.000,8814592,0.000
2026-09-06T00:23:31.943978,mqtt_qos1,1,3,19,56408,5.000,24526848,52701,0.000,8814592,1.200
2026-09-06T00:23:32.144280,mqtt_qos1,1,3,20,56408,0.000,24526848,52701,0.000,8814592,1.200
2026-09-06T00:23:32.344556,mqtt_qos1,1,3,21,56408,0.000,24526848,52701,0.000,8814592,0.000
2026-09-06T00:23:32.544823,mqtt_qos1,1,3,22,56408,0.000,24543232,52701,0.000,8814592,0.000
2026-09-06T00:23:32.745095,mqtt_qos1,1,3,23,56408,0.000,24543232,52701,0.000,8814592,0.000
2026-09-06T00:23:32.945439,mqtt_qos1,1,3,24,56408,0.000,24543232,52701,0.000,8814592,0.000
2026-09-06T00:23:33.145744,mqtt_qos1,1,3,25,56408,0.000,24543232,52701,0.000,8814592,0.000
2026-09-06T00:23:33.346121,mqtt_qos1,1,3,26,56408,0.000,24543232,52701,0.000,8814592,0.000
2026-09-06T00:23:33.546492,mqtt_qos1,1,3,27,56408,0.000,24543232,52701,0.000,8814592,0.000
2026-09-06T00:23:33.746899,mqtt_qos1,1,3,28,56408,0.000,24543232,52701,0.000,8814592,0.000
2026-09-06T00:23:33.947418,mqtt_qos1,1,3,29,56408,0.000,24543232,52701,0.000,8814592,0.000
2026-09-06T00:23:34.147848,mqtt_qos1,1,3,30,56408,0.000,24543232,52701,0.000,8814592,0.000
2026-09-06T00:23:34.348228,mqtt_qos1,1,3,31,56408,0.000,24543232,52701,0.000,8814592,0.000
2026-09-06T00:23:34.548596,mqtt_qos1,1,3,32,56408,0.000,24543232,52701,0.000,8814592,0.000
2026-09-06T00:23:34.748975,mqtt_qos1,1,3,33,56408,0.000,24543232,52701,0.000,8814592,0.000
2026-09-06T00:23:34.949392,mqtt_qos1,1,3,34,56408,0.000,24543232,52701,0.000,8814592,0.000
2026-09-06T00:23:35.149773,mqtt_qos1,1,3,35,56408,0.000,24543232,52701,0.000,8814592,0.000
2026-09-06T00:23:35.350144,mqtt_qos1,1,3,36,56408,0.000,24543232,52701,0.000,8814592,0.000
2026-09-06T00:23:35.550507,mqtt_qos1,1,3,37,56408,0.000,24543232,52701,0.000,8814592,0.000
2026-09-06T00:23:35.750890,mqtt_qos1,1,3,38,56408,0.000,24543232,52701,0.000,8814592,1.200
2026-09-06T00:23:35.951311,mqtt_qos1,1,3,39,56408,0.000,24543232,52701,0.000,8814592,0.000
2026-09-06T00:23:36.151698,mqtt_qos1,1,3,40,56408,0.000,24543232,52701,0.000,8814592,0.000
2026-09-06T00:23:36.352075,mqtt_qos1,1,3,41,56408,0.000,24543232,52701,0.000,8814592,0.000
2026-09-06T00:23:36.552434,mqtt_qos1,1,3,42,56408,0.000,24543232,52701,0.000,8814592,0.000
2026-09-06T00:23:36.752821,mqtt_qos1,1,3,43,56408,0.000,24543232,52701,5.000,8814592,0.000
2026-09-06T00:23:36.953267,mqtt_qos1,1,3,44,56408,0.000,24543232,52701,0.000,8814592,0.000
2026-09-06T00:23:37.153682,mqtt_qos1,1,3,45,56408,0.000,24543232,52701,0.000,8814592,0.000
2026-09-06T00:23:37.354077,mqtt_qos1,1,3,46,56408,0.000,24543232,52701,0.000,8814592,0.000
2026-09-06T00:23:37.554460,mqtt_qos1,1,3,47,56408,0.000,24543232,52701,0.000,8814592,0.000
2026-09-06T00:23:37.754875,mqtt_qos1,1,3,48,56408,0.000,24543232,52701,0.000,8814592,1.200
2026-09-06T00:23:37.955319,mqtt_qos1,1,3,49,56408,5.000,24543232,52701,0.000,8814592,0.000
2026-09-06T00:23:38.155721,mqtt_qos1,1,3,50,56408,0.000,24543232,52701,0.000,8814592,0.000
2026-09-06T00:23:38.356110,mqtt_qos1,1,3,51,56408,0.000,24543232,52701,0.000,8814592,0.000
2026-09-06T00:23:38.556498,mqtt_qos1,1,3,52,56408,0.000,24543232,52701,0.000,8814592,0.000
2026-09-06T00:23:38.756910,mqtt_qos1,1,3,53,56408,0.000,24543232,52701,0.000,8814592,0.000
2026-09-06T00:23:38.957351,mqtt_qos1,1,3,54,56408,0.000,24559616,52701,0.000,8814592,0.000
2026-09-06T00:23:39.157753,mqtt_qos1,1,3,55,56408,0.000,24559616,52701,0.000,8814592,0.000
2026-09-06T00:23:39.358143,mqtt_qos1,1,3,56,56408,0.000,24559616,52701,0.000,8814592,0.000
2026-09-06T00:23:39.558533,mqtt_qos1,1,3,57,56408,0.000,24559616,52701,0.000,8814592,0.000
2026-09-06T00:23:39.758943,mqtt_qos1,1,3,58,56408,0.000,24559616,52701,0.000,8814592,0.000
2026-09-06T00:23:39.959400,mqtt_qos1,1,3,59,56408,0.000,24559616,52701,0.000,8814592,0.000
2026-09-06T00:23:40.159844,mqtt_qos1,1,3,60,56408,0.000,24559616,52701,0.000,8814592,0.000
2026-09-06T00:23:40.360267,mqtt_qos1,1,3,61,56408,0.000,24559616,52701,0.000,8814592,0.000
2026-09-06T00:23:40.560679,mqtt_qos1,1,3,62,56408,0.000,24559616,52701,0.000,8814592,0.000
2026-09-06T00:23:40.761097,mqtt_qos1,1,3,63,56408,0.000,24559616,52701,0.000,8814592,0.000
2026-09-06T00:23:40.961546,mqtt_qos1,1,3,64,56408,0.000,24559616,52701,0.000,8814592,1.200
2026-09-06T00:23:41.161979,mqtt_qos1,1,3,65,56408,0.000,24559616,52701,0.000,8814592,0.000
2026-09-06T00:23:41.362395,mqtt_qos1,1,3,66,56408,0.000,24559616,52701,0.000,8814592,0.000
2026-09-06T00:23:41.562806,mqtt_qos1,1,3,67,56408,0.000,24559616,52701,0.000,8814592,0.000
2026-09-06T00:23:41.763214,mqtt_qos1,1,3,68,56408,0.000,24559616,52701,0.000,8814592,0.000
2026-09-06T00:23:41.963666,mqtt_qos1,1,3,69,56408,0.000,24576000,52701,0.000,8814592,0.000
2026-09-06T00:23:42.164098,mqtt_qos1,1,3,70,56408,0.000,24576000,52701,0.000,8814592,0.000
2026-09-06T00:23:42.364516,mqtt_qos1,1,3,71,56408,0.000,24576000,52701,0.000,8814592,0.000
2026-09-06T00:23:42.564920,mqtt_qos1,1,3,72,56408,0.000,24576000,52701,0.000,8814592,0.000
2026-09-06T00:23:42.765344,mqtt_qos1,1,3,73,56408,0.000,24576000,52701,0.000,8814592,0.000
2026-09-06T00:23:42.965800,mqtt_qos1,1,3,74,56408,0.000,24576000,52701,0.000,8814592,1.200
2026-09-06T00:23:43.166229,mqtt_qos1,1,3,75,56408,0.000,24576000,52701,0.000,8814592,0.000
2026-09-06T00:23:43.366637,mqtt_qos1,1,3,76,56408,0.000,24576000,52701,0.000,8814592,0.000
2026-09-06T00:23:43.567056,mqtt_qos1,1,3,77,56408,0.000,24576000,52701,0.000,8814592,0.000
2026-09-06T00:23:43.767464,mqtt_qos1,1,3,78,56408,0.000,24576000,52701,0.000,8814592,2.400
2026-09-06T00:23:43.967928,mqtt_qos1,1,3,79,56408,0.000,24576000,52701,0.000,8814592,0.000
2026-09-06T00:23:44.168362,mqtt_qos1,1,3,80,56408,0.000,24576000,52701,0.000,8814592,0.000
2026-09-06T00:23:44.368779,mqtt_qos1,1,3,81,56408,0.000,24576000,52701,0.000,8814592,0.000
2026-09-06T00:23:44.569187,mqtt_qos1,1,3,82,56408,0.000,24576000,52701,0.000,8814592,0.000
2026-09-06T00:23:44.769593,mqtt_qos1,1,3,83,56408,0.000,24576000,52701,0.000,8814592,0.000
2026-09-06T00:23:44.970045,mqtt_qos1,1,3,84,56408,0.000,24576000,52701,0.000,8814592,0.000
2026-09-06T00:23:45.170473,mqtt_qos1,1,3,85,56408,0.000,24576000,52701,0.000,8814592,0.000
2026-09-06T00:23:45.370903,mqtt_qos1,1,3,86,56408,0.000,24576000,52701,0.000,8814592,0.000
2026-09-06T00:23:45.571301,mqtt_qos1,1,3,87,56408,0.000,24576000,52701,0.000,8814592,0.000
2026-09-06T00:23:45.771700,mqtt_qos1,1,3,88,56408,5.000,24576000,52701,0.000,8814592,0.000
2026-09-06T00:23:45.972174,mqtt_qos1,1,3,89,56408,0.000,24576000,52701,0.000,8814592,0.000
2026-09-06T00:23:46.172615,mqtt_qos1,1,3,90,56408,0.000,24576000,52701,0.000,8814592,0.000
2026-09-06T00:23:46.373030,mqtt_qos1,1,3,91,56408,0.000,24576000,52701,0.000,8814592,0.000
2026-09-06T00:23:46.573439,mqtt_qos1,1,3,92,56408,0.000,24576000,52701,0.000,8814592,0.000
2026-09-06T00:23:46.773845,mqtt_qos1,1,3,93,56408,0.000,24576000,52701,0.000,8814592,0.000
2026-09-06T00:23:46.974310,mqtt_qos1,1,3,94,56408,0.000,24576000,52701,0.000,8814592,0.000
2026-09-06T00:23:47.174744,mqtt_qos1,1,3,95,56408,0.000,24576000,52701,0.000,8814592,0.000
2026-09-06T00:23:47.375152,mqtt_qos1,1,3,96,56408,0.000,24576000,52701,0.000,8814592,0.000
2026-09-06T00:23:47.575558,mqtt_qos1,1,3,97,56408,0.000,24592384,52701,0.000,8814592,0.000
2026-09-06T00:23:47.775958,mqtt_qos1,1,3,98,56408,0.000,24592384,52701,0.000,8814592,0.000
2026-09-06T00:23:47.976405,mqtt_qos1,1,3,99,56408,0.000,24592384,52701,0.000,8814592,0.000
2026-09-06T00:23:48.176824,mqtt_qos1,1,3,100,56408,0.000,24592384,52701,0.000,8814592,0.000
2026-09-06T00:23:48.377237,mqtt_qos1,1,3,101,56408,0.000,24592384,52701,0.000,8814592,0.000
2026-09-06T00:23:48.577644,mqtt_qos1,1,3,102,56408,0.000,24592384,52701,0.000,8814592,0.000
2026-09-06T00:23:48.778046,mqtt_qos1,1,3,103,56408,0.000,24592384,52701,0.000,8814592,0.000
2026-09-06T00:23:48.978490,mqtt_qos1,1,3,104,56408,0.000,24592384,52701,0.000,8814592,0.000
2026-09-06T00:23:49.178942,mqtt_qos1,1,3,105,56408,0.000,24592384,52701,0.000,8814592,1.200
2026-09-06T00:23:49.379358,mqtt_qos1,1,3,106,56408,0.000,24592384,52701,0.000,8814592,0.000
2026-09-06T00:23:49.579755,mqtt_qos1,1,3,107,56408,0.000,24592384,52701,0.000,8814592,0.000
2026-09-06T00:23:49.780149,mqtt_qos1,1,3,108,56408,0.000,24592384,52701,0.000,8814592,0.000
2026-09-06T00:23:49.980595,mqtt_qos1,1,3,109,56408,0.000,24592384,52701,0.000,8814592,0.000
2026-09-06T00:23:50.181020,mqtt_qos1,1,3,110,56408,0.000,24592384,52701,0.000,8814592,0.000
2026-09-06T00:23:50.381423,mqtt_qos1,1,3,111,56408,0.000,24592384,52701,0.000,8814592,0.000
2026-09-06T00:23:50.581818,mqtt_qos1,1,3,112,56408,0.000,24592384,52701,0.000,8814592,0.000
2026-09-06T00:23:50.782218,mqtt_qos1,1,3,113,56408,0.000,24592384,52701,0.000,8814592,0.000
2026-09-06T00:23:50.982661,mqtt_qos1,1,3,114,56408,0.000,24592384,52701,0.000,8814592,1.200
2026-09-06T00:23:51.183096,mqtt_qos1,1,3,115,56408,0.000,24592384,52701,0.000,8814592,0.000
2026-09-06T00:23:51.383497,mqtt_qos1,1,3,116,56408,0.000,24592384,52701,0.000,8814592,0.000
2026-09-06T00:23:51.583896,mqtt_qos1,1,3,117,56408,0.000,24592384,52701,0.000,8814592,0.000
2026-09-06T00:23:51.784359,mqtt_qos1,1,3,118,56408,0.000,24592384,52701,0.000,8814592,0.000
2026-09-06T00:23:51.984811,mqtt_qos1,1,3,119,56408,5.000,24592384,52701,0.000,8814592,0.000
2026-09-06T00:23:52.185235,mqtt_qos1,1,3,120,56408,0.000,24592384,52701,0.000,8814592,0.000
2026-09-06T00:23:52.385643,mqtt_qos1,1,3,121,56408,0.000,24592384,52701,0.000,8814592,0.000
2026-09-06T00:23:52.586045,mqtt_qos1,1,3,122,56408,0.000,24592384,52701,0.000,8814592,0.000
2026-09-06T00:23:52.786503,mqtt_qos1,1,3,123,56408,0.000,24592384,52701,0.000,8814592,0.000
2026-09-06T00:23:52.986958,mqtt_qos1,1,3,124,56408,0.000,24592384,52701,0.000,8814592,1.200
2026-09-06T00:23:53.187386,mqtt_qos1,1,3,125,56408,0.000,24592384,52701,0.000,8814592,0.000
2026-09-06T00:23:53.387799,mqtt_qos1,1,3,126,56408,0.000,24592384,52701,0.000,8814592,0.000
2026-09-06T00:23:53.588202,mqtt_qos1,1,3,127,56408,0.000,24592384,52701,0.000,8814592,0.000
2026-09-06T00:23:53.788646,mqtt_qos1,1,3,128,56408,0.000,24592384,52701,0.000,8814592,0.000
2026-09-06T00:23:53.989080,mqtt_qos1,1,3,129,56408,0.000,24592384,52701,0.000,8814592,0.000
2026-09-06T00:23:54.189502,mqtt_qos1,1,3,130,56408,0.000,24592384,52701,0.000,8814592,1.200
2026-09-06T00:23:54.389921,mqtt_qos1,1,3,131,56408,0.000,24592384,52701,0.000,8814592,0.000
2026-09-06T00:23:54.590327,mqtt_qos1,1,3,132,56408,0.000,24592384,52701,0.000,8814592,0.000
2026-09-06T00:23:54.790836,mqtt_qos1,1,3,133,56408,0.000,24592384,52701,0.000,8814592,0.000
2026-09-06T00:23:54.991299,mqtt_qos1,1,3,134,56408,0.000,24592384,52701,0.000,8814592,1.200
2026-09-06T00:23:55.191733,mqtt_qos1,1,3,135,56408,0.000,24592384,52701,0.000,8814592,0.000
2026-09-06T00:23:55.392155,mqtt_qos1,1,3,136,56408,0.000,24592384,52701,0.000,8814592,0.000
2026-09-06T00:23:55.592564,mqtt_qos1,1,3,137,56408,0.000,24592384,52701,0.000,8814592,0.000
2026-09-06T00:23:55.793041,mqtt_qos1,1,3,138,56408,0.000,24608768,52701,0.000,8814592,0.000
2026-09-06T00:23:55.993491,mqtt_qos1,1,3,139,56408,5.000,24608768,52701,0.000,8814592,0.000
2026-09-06T00:23:56.193916,mqtt_qos1,1,3,140,56408,0.000,24608768,52701,0.000,8814592,0.000
2026-09-06T00:23:56.394332,mqtt_qos1,1,3,141,56408,0.000,24608768,52701,0.000,8814592,0.000
2026-09-06T00:23:56.594753,mqtt_qos1,1,3,142,56408,0.000,24608768,52701,0.000,8814592,0.000
2026-09-06T00:23:56.795217,mqtt_qos1,1,3,143,56408,0.000,24608768,52701,0.000,8814592,0.000
2026-09-06T00:23:56.995662,mqtt_qos1,1,3,144,56408,0.000,24608768,52701,0.000,8814592,0.000
2026-09-06T00:23:57.196092,mqtt_qos1,1,3,145,56408,0.000,24608768,52701,0.000,8814592,0.000
2026-09-06T00:23:57.396503,mqtt_qos1,1,3,146,56408,0.000,24608768,52701,0.000,8814592,0.000
2026-09-06T00:23:57.596911,mqtt_qos1,1,3,147,56408,0.000,24608768,52701,0.000,8814592,0.000
2026-09-06T00:23:57.797356,mqtt_qos1,1,3,148,56408,0.000,24608768,52701,0.000,8814592,0.000
2026-09-06T00:23:57.997814,mqtt_qos1,1,3,149,56408,0.000,24608768,52701,0.000,8814592,0.000
2026-09-06T00:23:58.198248,mqtt_qos1,1,3,150,56408,0.000,24608768,52701,0.000,8814592,0.000
2026-09-06T00:23:58.398664,mqtt_qos1,1,3,151,56408,0.000,24608768,52701,0.000,8814592,0.000
2026-09-06T00:23:58.599019,mqtt_qos1,1,3,152,56408,0.000,24608768,52701,0.000,8814592,0.000
2026-09-06T00:23:58.799486,mqtt_qos1,1,3,153,56408,0.000,24608768,52701,0.000,8814592,0.000
2026-09-06T00:23:58.999935,mqtt_qos1,1,3,154,56408,0.000,24608768,52701,0.000,8814592,0.000
2026-09-06T00:23:59.200366,mqtt_qos1,1,3,155,56408,0.000,24608768,52701,0.000,8814592,0.000
2026-09-06T00:23:59.400791,mqtt_qos1,1,3,156,56408,0.000,24608768,52701,0.000,8814592,0.000
2026-09-06T00:23:59.601214,mqtt_qos1,1,3,157,56408,0.000,24608768,52701,5.000,8814592,0.000
2026-09-06T00:23:59.801693,mqtt_qos1,1,3,158,56408,0.000,24608768,52701,0.000,8814592,0.000
2026-09-06T00:24:00.002152,mqtt_qos1,1,3,159,56408,0.000,24608768,52701,0.000,8814592,0.000
2026-09-06T00:24:00.202582,mqtt_qos1,1,3,160,56408,0.000,24608768,52701,0.000,8814592,0.000
2026-09-06T00:24:00.403001,mqtt_qos1,1,3,161,56408,0.000,24608768,52701,0.000,8814592,1.200
2026-09-06T00:24:00.603409,mqtt_qos1,1,3,162,56408,0.000,24608768,52701,0.000,8814592,0.000
2026-09-06T00:24:00.803875,mqtt_qos1,1,3,163,56408,5.000,24608768,52701,0.000,8814592,0.000
2026-09-06T00:24:01.004332,mqtt_qos1,1,3,164,56408,0.000,24608768,52701,0.000,8814592,0.000
2026-09-06T00:24:01.204763,mqtt_qos1,1,3,165,56408,0.000,24608768,52701,0.000,8814592,0.000
2026-09-06T00:24:01.405183,mqtt_qos1,1,3,166,56408,0.000,24608768,52701,0.000,8814592,0.000
2026-09-06T00:24:01.605593,mqtt_qos1,1,3,167,56408,0.000,24608768,52701,0.000,8814592,0.000
2026-09-06T00:24:01.806068,mqtt_qos1,1,3,168,56408,0.000,24625152,52701,0.000,8814592,0.000
2026-09-06T00:24:02.006517,mqtt_qos1,1,3,169,56408,0.000,24625152,52701,0.000,8814592,0.000
2026-09-06T00:24:02.206958,mqtt_qos1,1,3,170,56408,0.000,24625152,52701,0.000,8814592,1.200
2026-09-06T00:24:02.407380,mqtt_qos1,1,3,171,56408,0.000,24625152,52701,0.000,8814592,1.200
2026-09-06T00:24:02.607795,mqtt_qos1,1,3,172,56408,0.000,24625152,52701,0.000,8814592,1.200
2026-09-06T00:24:02.808271,mqtt_qos1,1,3,173,56408,0.000,24625152,52701,0.000,8814592,0.000
2026-09-06T00:24:03.008708,mqtt_qos1,1,3,174,56408,0.000,24625152,52701,0.000,8814592,0.000
2026-09-06T00:24:03.209134,mqtt_qos1,1,3,175,56408,0.000,24641536,52701,0.000,8814592,0.000
2026-09-06T00:24:03.409551,mqtt_qos1,1,3,176,56408,0.000,24641536,52701,0.000,8814592,0.000
2026-09-06T00:24:03.609956,mqtt_qos1,1,3,177,56408,0.000,24641536,52701,0.000,8814592,0.000
2026-09-06T00:24:03.810409,mqtt_qos1,1,3,178,56408,0.000,24641536,52701,0.000,8814592,0.000
2026-09-06T00:24:04.010879,mqtt_qos1,1,3,179,56408,0.000,24641536,52701,0.000,8814592,0.000
2026-09-06T00:24:04.211306,mqtt_qos1,1,3,180,56408,0.000,24641536,52701,0.000,8814592,0.000
2026-09-06T00:24:04.411726,mqtt_qos1,1,3,181,56408,0.000,24641536,52701,0.000,8814592,0.000
2026-09-06T00:24:04.612129,mqtt_qos1,1,3,182,56408,0.000,24641536,52701,0.000,8814592,0.000
2026-09-06T00:24:04.812607,mqtt_qos1,1,3,183,56408,0.000,24641536,52701,0.000,8814592,0.000
2026-09-06T00:24:05.013066,mqtt_qos1,1,3,184,56408,0.000,24641536,52701,0.000,8814592,0.000
2026-09-06T00:24:05.213493,mqtt_qos1,1,3,185,56408,0.000,24641536,52701,0.000,8814592,0.000
2026-09-06T00:24:05.413905,mqtt_qos1,1,3,186,56408,0.000,24641536,52701,0.000,8814592,0.000
2026-09-06T00:24:05.614308,mqtt_qos1,1,3,187,56408,0.000,24641536,52701,0.000,8814592,0.000
2026-09-06T00:24:05.814794,mqtt_qos1,1,3,188,56408,0.000,24657920,52701,0.000,8814592,0.000
2026-09-06T00:24:06.015255,mqtt_qos1,1,3,189,56408,5.000,24657920,52701,0.000,8814592,0.000
2026-09-06T00:24:06.215682,mqtt_qos1,1,3,190,56408,0.000,24657920,52701,0.000,8814592,0.000
2026-09-06T00:24:06.416095,mqtt_qos1,1,3,191,56408,0.000,24657920,52701,0.000,8814592,0.000
2026-09-06T00:24:06.616502,mqtt_qos1,1,3,192,56408,0.000,24674304,52701,0.000,8814592,0.000
2026-09-06T00:24:06.816986,mqtt_qos1,1,3,193,56408,0.000,24674304,52701,0.000,8814592,0.000
2026-09-06T00:24:07.017443,mqtt_qos1,1,3,194,56408,0.000,24674304,52701,0.000,8814592,0.000
2026-09-06T00:24:07.217876,mqtt_qos1,1,3,195,56408,0.000,24674304,52701,0.000,8814592,0.000
2026-09-06T00:24:07.418297,mqtt_qos1,1,3,196,56408,0.000,24674304,52701,0.000,8814592,1.200
2026-09-06T00:24:07.618713,mqtt_qos1,1,3,197,56408,0.000,24674304,52701,0.000,8814592,0.000
2026-09-06T00:24:07.819181,mqtt_qos1,1,3,198,56408,0.000,24674304,52701,0.000,8814592,1.200
2026-09-06T00:24:08.019608,mqtt_qos1,1,3,199,56408,0.000,24674304,52701,0.000,8814592,0.000
2026-09-06T00:24:08.220026,mqtt_qos1,1,3,200,56408,0.000,24674304,52701,0.000,8814592,0.000
2026-09-06T00:24:08.420441,mqtt_qos1,1,3,201,56408,0.000,24674304,52701,0.000,8814592,0.000
2026-09-06T00:24:08.620843,mqtt_qos1,1,3,202,56408,0.000,24674304,52701,0.000,8814592,0.000
2026-09-06T00:24:08.821302,mqtt_qos1,1,3,203,56408,0.000,24674304,52701,0.000,8814592,0.000
2026-09-06T00:24:09.021751,mqtt_qos1,1,3,204,56408,0.000,24674304,52701,0.000,8814592,0.000
2026-09-06T00:24:09.222178,mqtt_qos1,1,3,205,56408,0.000,24674304,52701,0.000,8814592,0.000
2026-09-06T00:24:09.422595,mqtt_qos1,1,3,206,56408,0.000,24674304,52701,0.000,8814592,0.000
2026-09-06T00:24:09.623009,mqtt_qos1,1,3,207,56408,0.000,24674304,52701,0.000,8814592,1.200
2026-09-06T00:24:09.823486,mqtt_qos1,1,3,208,56408,0.000,24674304,52701,0.000,8814592,0.000
2026-09-06T00:24:10.023952,mqtt_qos1,1,3,209,56408,0.000,24674304,52701,0.000,8814592,0.000
2026-09-06T00:24:10.224389,mqtt_qos1,1,3,210,56408,0.000,24674304,52701,0.000,8814592,0.000
2026-09-06T00:24:10.424796,mqtt_qos1,1,3,211,56408,0.000,24674304,52701,0.000,8814592,0.000
2026-09-06T00:24:10.625202,mqtt_qos1,1,3,212,56408,0.000,24674304,52701,0.000,8814592,0.000
2026-09-06T00:24:10.825685,mqtt_qos1,1,3,213,56408,0.000,24674304,52701,0.000,8814592,0.000
2026-09-06T00:24:11.026140,mqtt_qos1,1,3,214,56408,0.000,24674304,52701,0.000,8814592,0.000
2026-09-06T00:24:11.226564,mqtt_qos1,1,3,215,56408,0.000,24674304,52701,0.000,8814592,0.000
2026-09-06T00:24:11.427001,mqtt_qos1,1,3,216,56408,0.000,24674304,52701,0.000,8814592,0.000
2026-09-06T00:24:11.627417,mqtt_qos1,1,3,217,56408,0.000,24674304,52701,0.000,8814592,0.000
2026-09-06T00:24:11.827903,mqtt_qos1,1,3,218,56408,0.000,24674304,52701,0.000,8814592,0.000
2026-09-06T00:24:12.028362,mqtt_qos1,1,3,219,56408,0.000,24674304,52701,0.000,8814592,0.000
2026-09-06T00:24:12.228798,mqtt_qos1,1,3,220,56408,5.000,24674304,52701,0.000,8814592,0.000
2026-09-06T00:24:12.429229,mqtt_qos1,1,3,221,56408,0.000,24674304,52701,0.000,8814592,1.200
2026-09-06T00:24:12.629644,mqtt_qos1,1,3,222,56408,0.000,24674304,52701,0.000,8814592,0.000
2026-09-06T00:24:12.830118,mqtt_qos1,1,3,223,56408,0.000,24674304,52701,0.000,8814592,0.000
2026-09-06T00:24:13.030564,mqtt_qos1,1,3,224,56408,0.000,24674304,52701,0.000,8814592,0.000
2026-09-06T00:24:13.231000,mqtt_qos1,1,3,225,56408,0.000,24674304,52701,0.000,8814592,0.000
2026-09-06T00:24:13.431413,mqtt_qos1,1,3,226,56408,0.000,24674304,52701,0.000,8814592,0.000
2026-09-06T00:24:13.631818,mqtt_qos1,1,3,227,56408,0.000,24674304,52701,0.000,8814592,0.000
2026-09-06T00:24:13.832266,mqtt_qos1,1,3,228,56408,0.000,24674304,52701,0.000,8814592,0.000
2026-09-06T00:24:14.032699,mqtt_qos1,1,3,229,56408,0.000,24674304,52701,0.000,8814592,0.000
2026-09-06T00:24:14.233123,mqtt_qos1,1,3,230,56408,0.000,24674304,52701,0.000,8814592,1.200
2026-09-06T00:24:14.433528,mqtt_qos1,1,3,231,56408,0.000,24674304,52701,0.000,8814592,0.000
2026-09-06T00:24:14.633929,mqtt_qos1,1,3,232,56408,0.000,24674304,52701,0.000,8814592,0.000
2026-09-06T00:24:14.834402,mqtt_qos1,1,3,233,56408,0.000,24674304,52701,0.000,8814592,0.000
2026-09-06T00:24:15.034876,mqtt_qos1,1,3,234,56408,0.000,24674304,52701,0.000,8814592,1.200
2026-09-06T00:24:15.235318,mqtt_qos1,1,3,235,56408,0.000,24674304,52701,0.000,8814592,0.000
2026-09-06T00:24:15.435735,mqtt_qos1,1,3,236,56408,0.000,24674304,52701,0.000,8814592,0.000
2026-09-06T00:24:15.636142,mqtt_qos1,1,3,237,56408,0.000,24674304,52701,0.000,8814592,0.000
2026-09-06T00:24:15.836607,mqtt_qos1,1,3,238,56408,0.000,24674304,52701,0.000,8814592,0.000
2026-09-06T00:24:16.037064,mqtt_qos1,1,3,239,56408,0.000,24674304,52701,0.000,8814592,0.000
2026-09-06T00:24:16.237496,mqtt_qos1,1,3,240,56408,0.000,24674304,52701,0.000,8814592,0.000
2026-09-06T00:24:16.437905,mqtt_qos1,1,3,241,56408,0.000,24674304,52701,0.000,8814592,0.000
2026-09-06T00:24:16.638307,mqtt_qos1,1,3,242,56408,0.000,24674304,52701,0.000,8814592,0.000
2026-09-06T00:24:16.838793,mqtt_qos1,1,3,243,56408,0.000,24690688,52701,0.000,8814592,0.000
2026-09-06T00:24:17.039245,mqtt_qos1,1,3,244,56408,0.000,24690688,52701,0.000,8814592,1.200
2026-09-06T00:24:17.239684,mqtt_qos1,1,3,245,56408,0.000,24690688,52701,0.000,8814592,0.000
2026-09-06T00:24:17.440122,mqtt_qos1,1,3,246,56408,0.000,24690688,52701,0.000,8814592,0.000
2026-09-06T00:24:17.640542,mqtt_qos1,1,3,247,56408,0.000,24690688,52701,0.000,8814592,0.000
2026-09-06T00:24:17.841004,mqtt_qos1,1,3,248,56408,5.000,24690688,52701,0.000,8814592,0.000
2026-09-06T00:24:18.041434,mqtt_qos1,1,3,249,56408,0.000,24690688,52701,0.000,8814592,0.000
2026-09-06T00:24:18.241882,mqtt_qos1,1,3,250,56408,0.000,24690688,52701,0.000,8814592,0.000
2026-09-06T00:24:18.442320,mqtt_qos1,1,3,251,56408,0.000,24690688,52701,0.000,8814592,0.000
2026-09-06T00:24:18.642750,mqtt_qos1,1,3,252,56408,0.000,24690688,52701,0.000,8814592,0.000
2026-09-06T00:24:18.843200,mqtt_qos1,1,3,253,56408,0.000,24690688,52701,0.000,8814592,0.000
2026-09-06T00:24:19.043624,mqtt_qos1,1,3,254,56408,0.000,24690688,52701,0.000,8814592,0.000
2026-09-06T00:24:19.244043,mqtt_qos1,1,3,255,56408,0.000,24690688,52701,0.000,8814592,0.000
2026-09-06T00:24:19.444447,mqtt_qos1,1,3,256,56408,0.000,24690688,52701,0.000,8814592,0.000
2026-09-06T00:24:19.644852,mqtt_qos1,1,3,257,56408,0.000,24690688,52701,0.000,8814592,0.000
2026-09-06T00:24:19.845295,mqtt_qos1,1,3,258,56408,0.000,24690688,52701,0.000,8814592,0.000
2026-09-06T00:24:20.045723,mqtt_qos1,1,3,259,56408,0.000,24690688,52701,0.000,8814592,0.000
2026-09-06T00:24:20.246146,mqtt_qos1,1,3,260,56408,0.000,24690688,52701,0.000,8814592,0.000
2026-09-06T00:24:20.446552,mqtt_qos1,1,3,261,56408,0.000,24690688,52701,0.000,8814592,0.000
2026-09-06T00:24:20.646971,mqtt_qos1,1,3,262,56408,0.000,24690688,52701,0.000,8814592,0.000
2026-09-06T00:24:20.847436,mqtt_qos1,1,3,263,56408,0.000,24690688,52701,0.000,8814592,1.200
2026-09-06T00:24:21.047875,mqtt_qos1,1,3,264,56408,0.000,24690688,52701,0.000,8814592,0.000
2026-09-06T00:24:21.248297,mqtt_qos1,1,3,265,56408,0.000,24690688,52701,0.000,8814592,0.000
2026-09-06T00:24:21.448689,mqtt_qos1,1,3,266,56408,0.000,24690688,52701,0.000,8814592,0.000
2026-09-06T00:24:21.649084,mqtt_qos1,1,3,267,56408,0.000,24690688,52701,0.000,8814592,0.000
2026-09-06T00:24:21.849546,mqtt_qos1,1,3,268,56408,0.000,24690688,52701,0.000,8814592,0.000
2026-09-06T00:24:22.049994,mqtt_qos1,1,3,269,56408,0.000,24690688,52701,0.000,8814592,0.000
2026-09-06T00:24:22.250426,mqtt_qos1,1,3,270,56408,0.000,24690688,52701,0.000,8814592,0.000
2026-09-06T00:24:22.450809,mqtt_qos1,1,3,271,56408,0.000,24690688,52701,0.000,8814592,0.000
2026-09-06T00:24:22.651154,mqtt_qos1,1,3,272,56408,0.000,24690688,52701,0.000,8814592,1.200
2026-09-06T00:24:22.851564,mqtt_qos1,1,3,273,56408,0.000,24690688,52701,0.000,8814592,0.000
2026-09-06T00:24:23.052234,mqtt_qos1,1,3,274,56408,0.000,24674304,52701,0.000,8814592,1.200
2026-09-06T00:24:23.252800,mqtt_qos1,1,3,275,56408,14.900,0,52701,0.000,8814592,2.500
2026-09-06T00:24:26.455310,mqtt_qos0,2,1,1,56411,49.900,24461312,52701,0.000,8814592,13.800
2026-09-06T00:24:26.655621,mqtt_qos0,2,1,2,56411,0.000,24461312,52701,0.000,8814592,0.000
2026-09-06T00:24:26.855922,mqtt_qos0,2,1,3,56411,0.000,24461312,52701,0.000,8814592,0.000
2026-09-06T00:24:27.056205,mqtt_qos0,2,1,4,56411,0.000,24461312,52701,0.000,8814592,0.000
2026-09-06T00:24:27.256458,mqtt_qos0,2,1,5,56411,0.000,24461312,52701,0.000,8814592,0.000
2026-09-06T00:24:27.456720,mqtt_qos0,2,1,6,56411,0.000,24526848,52701,0.000,8814592,0.000
2026-09-06T00:24:27.656995,mqtt_qos0,2,1,7,56411,0.000,24526848,52701,0.000,8814592,0.000
2026-09-06T00:24:27.857333,mqtt_qos0,2,1,8,56411,0.000,24526848,52701,0.000,8814592,0.000
2026-09-06T00:24:28.057628,mqtt_qos0,2,1,9,56411,0.000,24526848,52701,0.000,8814592,0.000
2026-09-06T00:24:28.257892,mqtt_qos0,2,1,10,56411,0.000,24526848,52701,0.000,8814592,0.000
2026-09-06T00:24:28.458153,mqtt_qos0,2,1,11,56411,0.000,24526848,52701,0.000,8814592,0.000
2026-09-06T00:24:28.658416,mqtt_qos0,2,1,12,56411,0.000,24526848,52701,0.000,8814592,0.000
2026-09-06T00:24:28.858754,mqtt_qos0,2,1,13,56411,0.000,24526848,52701,0.000,8814592,1.200
2026-09-06T00:24:29.059056,mqtt_qos0,2,1,14,56411,0.000,24526848,52701,5.000,8814592,0.000
2026-09-06T00:24:29.259323,mqtt_qos0,2,1,15,56411,0.000,24526848,52701,0.000,8814592,0.000
2026-09-06T00:24:29.459585,mqtt_qos0,2,1,16,56411,0.000,24526848,52701,0.000,8814592,0.000
2026-09-06T00:24:29.659847,mqtt_qos0,2,1,17,56411,0.000,24526848,52701,0.000,8814592,0.000
2026-09-06T00:24:29.860168,mqtt_qos0,2,1,18,56411,0.000,24543232,52701,0.000,8814592,0.000
2026-09-06T00:24:30.060464,mqtt_qos0,2,1,19,56411,0.000,24543232,52701,0.000,8814592,0.000
2026-09-06T00:24:30.260728,mqtt_qos0,2,1,20,56411,0.000,24543232,52701,0.000,8814592,0.000
2026-09-06T00:24:30.460988,mqtt_qos0,2,1,21,56411,0.000,24543232,52701,0.000,8814592,0.000
2026-09-06T00:24:30.661259,mqtt_qos0,2,1,22,56411,0.000,24543232,52701,0.000,8814592,0.000
2026-09-06T00:24:30.861565,mqtt_qos0,2,1,23,56411,0.000,24543232,52701,0.000,8814592,0.000
2026-09-06T00:24:31.061851,mqtt_qos0,2,1,24,56411,0.000,24543232,52701,0.000,8814592,0.000
2026-09-06T00:24:31.262111,mqtt_qos0,2,1,25,56411,0.000,24543232,52701,0.000,8814592,0.000
2026-09-06T00:24:31.462455,mqtt_qos0,2,1,26,56411,0.000,24543232,52701,0.000,8814592,0.000
2026-09-06T00:24:31.662848,mqtt_qos0,2,1,27,56411,0.000,24543232,52701,0.000,8814592,0.000
2026-09-06T00:24:31.863291,mqtt_qos0,2,1,28,56411,5.000,24543232,52701,0.000,8814592,0.000
2026-09-06T00:24:32.063706,mqtt_qos0,2,1,29,56411,0.000,24543232,52701,0.000,8814592,0.000
2026-09-06T00:24:32.264082,mqtt_qos0,2,1,30,56411,0.000,24543232,52701,0.000,8814592,0.000
2026-09-06T00:24:32.464448,mqtt_qos0,2,1,31,56411,0.000,24543232,52701,0.000,8814592,0.000
2026-09-06T00:24:32.664825,mqtt_qos0,2,1,32,56411,0.000,24543232,52701,0.000,8814592,0.000
2026-09-06T00:24:32.865264,mqtt_qos0,2,1,33,56411,0.000,24543232,52701,0.000,8814592,0.000
2026-09-06T00:24:33.065688,mqtt_qos0,2,1,34,56411,0.000,24543232,52701,0.000,8814592,0.000
2026-09-06T00:24:33.266067,mqtt_qos0,2,1,35,56411,0.000,24543232,52701,0.000,8814592,0.000
2026-09-06T00:24:33.466440,mqtt_qos0,2,1,36,56411,0.000,24543232,52701,0.000,8814592,0.000
2026-09-06T00:24:33.666831,mqtt_qos0,2,1,37,56411,0.000,24543232,52701,0.000,8814592,1.200
2026-09-06T00:24:33.867267,mqtt_qos0,2,1,38,56411,0.000,24543232,52701,0.000,8814592,0.000
2026-09-06T00:24:34.067677,mqtt_qos0,2,1,39,56411,0.000,24543232,52701,0.000,8814592,0.000
2026-09-06T00:24:34.268061,mqtt_qos0,2,1,40,56411,0.000,24543232,52701,0.000,8814592,0.000
2026-09-06T00:24:34.468440,mqtt_qos0,2,1,41,56411,0.000,24543232,52701,0.000,8814592,0.000
2026-09-06T00:24:34.668820,mqtt_qos0,2,1,42,56411,0.000,24543232,52701,0.000,8814592,0.000
2026-09-06T00:24:34.869269,mqtt_qos0,2,1,43,56411,0.000,24543232,52701,0.000,8814592,0.000
2026-09-06T00:24:35.069700,mqtt_qos0,2,1,44,56411,0.000,24543232,52701,0.000,8814592,0.000
2026-09-06T00:24:35.270101,mqtt_qos0,2,1,45,56411,0.000,24559616,52701,0.000,8814592,0.000
2026-09-06T00:24:35.470473,mqtt_qos0,2,1,46,56411,0.000,24559616,52701,0.000,8814592,0.000
2026-09-06T00:24:35.670899,mqtt_qos0,2,1,47,56411,0.000,24559616,52701,0.000,8814592,1.200
2026-09-06T00:24:35.871347,mqtt_qos0,2,1,48,56411,0.000,24559616,52701,0.000,8814592,0.000
2026-09-06T00:24:36.071757,mqtt_qos0,2,1,49,56411,0.000,24559616,52701,0.000,8814592,0.000
2026-09-06T00:24:36.272131,mqtt_qos0,2,1,50,56411,0.000,24559616,52701,0.000,8814592,0.000
2026-09-06T00:24:36.472514,mqtt_qos0,2,1,51,56411,0.000,24559616,52701,0.000,8814592,0.000
2026-09-06T00:24:36.672899,mqtt_qos0,2,1,52,56411,0.000,24576000,52701,0.000,8814592,0.000
2026-09-06T00:24:36.873328,mqtt_qos0,2,1,53,56411,0.000,24576000,52701,0.000,8814592,0.000
2026-09-06T00:24:37.073724,mqtt_qos0,2,1,54,56411,0.000,24576000,52701,0.000,8814592,0.000
2026-09-06T00:24:37.274109,mqtt_qos0,2,1,55,56411,0.000,24576000,52701,0.000,8814592,0.000
2026-09-06T00:24:37.474490,mqtt_qos0,2,1,56,56411,0.000,24576000,52701,0.000,8814592,0.000
2026-09-06T00:24:37.674896,mqtt_qos0,2,1,57,56411,0.000,24576000,52701,0.000,8814592,1.200
2026-09-06T00:24:37.875355,mqtt_qos0,2,1,58,56411,0.000,24576000,52701,0.000,8814592,0.000
2026-09-06T00:24:38.075778,mqtt_qos0,2,1,59,56411,0.000,24576000,52701,0.000,8814592,0.000
2026-09-06T00:24:38.276170,mqtt_qos0,2,1,60,56411,0.000,24576000,52701,0.000,8814592,0.000
2026-09-06T00:24:38.476545,mqtt_qos0,2,1,61,56411,0.000,24576000,52701,0.000,8814592,0.000
2026-09-06T00:24:38.676921,mqtt_qos0,2,1,62,56411,0.000,24576000,52701,0.000,8814592,0.000
2026-09-06T00:24:38.877340,mqtt_qos0,2,1,63,56411,0.000,24576000,52701,0.000,8814592,0.000
2026-09-06T00:24:39.077731,mqtt_qos0,2,1,64,56411,0.000,24576000,52701,0.000,8814592,1.200
2026-09-06T00:24:39.278089,mqtt_qos0,2,1,65,56411,0.000,24576000,52701,0.000,8814592,0.000
2026-09-06T00:24:39.478449,mqtt_qos0,2,1,66,56411,0.000,24576000,52701,0.000,8814592,0.000
2026-09-06T00:24:39.678836,mqtt_qos0,2,1,67,56411,0.000,24576000,52701,0.000,8814592,0.000
2026-09-06T00:24:39.879295,mqtt_qos0,2,1,68,56411,0.000,24576000,52701,0.000,8814592,0.000
2026-09-06T00:24:40.079722,mqtt_qos0,2,1,69,56411,0.000,24576000,52701,5.000,8814592,0.000
2026-09-06T00:24:40.280111,mqtt_qos0,2,1,70,56411,0.000,24576000,52701,0.000,8814592,0.000
2026-09-06T00:24:40.480475,mqtt_qos0,2,1,71,56411,0.000,24576000,52701,0.000,8814592,0.000
2026-09-06T00:24:40.680850,mqtt_qos0,2,1,72,56411,0.000,24576000,52701,0.000,8814592,0.000
2026-09-06T00:24:40.881280,mqtt_qos0,2,1,73,56411,0.000,24576000,52701,0.000,8814592,1.200
2026-09-06T00:24:41.081682,mqtt_qos0,2,1,74,56411,0.000,24576000,52701,0.000,8814592,0.000
2026-09-06T00:24:41.282056,mqtt_qos0,2,1,75,56411,0.000,24576000,52701,0.000,8814592,0.000
2026-09-06T00:24:41.482425,mqtt_qos0,2,1,76,56411,0.000,24576000,52701,0.000,8814592,0.000
2026-09-06T00:24:41.682823,mqtt_qos0,2,1,77,56411,0.000,24576000,52701,0.000,8814592,1.200
2026-09-06T00:24:41.883239,mqtt_qos0,2,1,78,56411,0.000,24576000,52701,0.000,8814592,0.000
2026-09-06T00:24:42.083623,mqtt_qos0,2,1,79,56411,0.000,24576000,52701,0.000,8814592,0.000
2026-09-06T00:24:42.283993,mqtt_qos0,2,1,80,56411,0.000,24592384,52701,0.000,8814592,0.000
2026-09-06T00:24:42.484356,mqtt_qos0,2,1,81,56411,5.000,24592384,52701,0.000,8814592,0.000
2026-09-06T00:24:42.684726,mqtt_qos0,2,1,82,56411,0.000,24592384,52701,0.000,8814592,0.000
2026-09-06T00:24:42.885139,mqtt_qos0,2,1,83,56411,0.000,24592384,52701,0.000,8814592,0.000
2026-09-06T00:24:43.085541,mqtt_qos0,2,1,84,56411,0.000,24592384,52701,0.000,8814592,0.000
2026-09-06T00:24:43.285917,mqtt_qos0,2,1,85,56411,0.000,24592384,52701,0.000,8814592,0.000
2026-09-06T00:24:43.486276,mqtt_qos0,2,1,86,56411,0.000,24592384,52701,0.000,8814592,0.000
2026-09-06T00:24:43.686655,mqtt_qos0,2,1,87,56411,0.000,24592384,52701,0.000,8814592,0.000
2026-09-06T00:24:43.887097,mqtt_qos0,2,1,88,56411,0.000,24592384,52701,0.000,8814592,0.000
2026-09-06T00:24:44.087490,mqtt_qos0,2,1,89,56411,0.000,24592384,52701,0.000,8814592,0.000
2026-09-06T00:24:44.287868,mqtt_qos0,2,1,90,56411,0.000,24592384,52701,0.000,8814592,0.000
2026-09-06T00:24:44.488247,mqtt_qos0,2,1,91,56411,0.000,24592384,52701,0.000,8814592,0.000
2026-09-06T00:24:44.688622,mqtt_qos0,2,1,92,56411,0.000,24592384,52701,0.000,8814592,0.000
2026-09-06T00:24:44.889050,mqtt_qos0,2,1,93,56411,0.000,24592384,52701,0.000,8814592,0.000
2026-09-06T00:24:45.089438,mqtt_qos0,2,1,94,56411,0.000,24592384,52701,0.000,8814592,0.000
2026-09-06T00:24:45.289809,mqtt_qos0,2,1,95,56411,0.000,24592384,52701,0.000,8814592,0.000
2026-09-06T00:24:45.490165,mqtt_qos0,2,1,96,56411,0.000,24592384,52701,0.000,8814592,0.000
2026-09-06T00:24:45.690528,mqtt_qos0,2,1,97,56411,0.000,24592384,52701,0.000,8814592,0.000
2026-09-06T00:24:45.891005,mqtt_qos0,2,1,98,56411,0.000,24592384,52701,0.000,8814592,0.000
2026-09-06T00:24:46.091421,mqtt_qos0,2,1,99,56411,0.000,24592384,52701,0.000,8814592,0.000
2026-09-06T00:24:46.291804,mqtt_qos0,2,1,100,56411,0.000,24592384,52701,0.000,8814592,0.000
2026-09-06T00:24:46.492174,mqtt_qos0,2,1,101,56411,0.000,24592384,52701,0.000,8814592,0.000
2026-09-06T00:24:46.692553,mqtt_qos0,2,1,102,56411,0.000,24592384,52701,0.000,8814592,0.000
2026-09-06T00:24:46.892986,mqtt_qos0,2,1,103,56411,0.000,24592384,52701,0.000,8814592,0.000
2026-09-06T00:24:47.093381,mqtt_qos0,2,1,104,56411,0.000,24592384,52701,0.000,8814592,0.000
2026-09-06T00:24:47.293755,mqtt_qos0,2,1,105,56411,0.000,24592384,52701,0.000,8814592,0.000
2026-09-06T00:24:47.494122,mqtt_qos0,2,1,106,56411,0.000,24592384,52701,0.000,8814592,0.000
2026-09-06T00:24:47.694492,mqtt_qos0,2,1,107,56411,0.000,24592384,52701,0.000,8814592,0.000
2026-09-06T00:24:47.894940,mqtt_qos0,2,1,108,56411,5.000,24592384,52701,0.000,8814592,1.200
2026-09-06T00:24:48.095335,mqtt_qos0,2,1,109,56411,0.000,24592384,52701,0.000,8814592,0.000
2026-09-06T00:24:48.295715,mqtt_qos0,2,1,110,56411,0.000,24592384,52701,0.000,8814592,0.000
2026-09-06T00:24:48.496084,mqtt_qos0,2,1,111,56411,0.000,24592384,52701,0.000,8814592,0.000
2026-09-06T00:24:48.696456,mqtt_qos0,2,1,112,56411,0.000,24592384,52701,0.000,8814592,0.000
2026-09-06T00:24:48.896898,mqtt_qos0,2,1,113,56411,0.000,24592384,52701,0.000,8814592,0.000
2026-09-06T00:24:49.097309,mqtt_qos0,2,1,114,56411,0.000,24592384,52701,0.000,8814592,0.000
2026-09-06T00:24:49.297689,mqtt_qos0,2,1,115,56411,0.000,24608768,52701,0.000,8814592,0.000
2026-09-06T00:24:49.498062,mqtt_qos0,2,1,116,56411,0.000,24608768,52701,0.000,8814592,0.000
2026-09-06T00:24:49.698438,mqtt_qos0,2,1,117,56411,0.000,24608768,52701,0.000,8814592,0.000
2026-09-06T00:24:49.898882,mqtt_qos0,2,1,118,56411,0.000,24608768,52701,0.000,8814592,0.000
2026-09-06T00:24:50.099278,mqtt_qos0,2,1,119,56411,0.000,24608768,52701,0.000,8814592,0.000
2026-09-06T00:24:50.299638,mqtt_qos0,2,1,120,56411,0.000,24608768,52701,0.000,8814592,0.000
2026-09-06T00:24:50.500001,mqtt_qos0,2,1,121,56411,0.000,24608768,52701,0.000,8814592,0.000
2026-09-06T00:24:50.700370,mqtt_qos0,2,1,122,56411,0.000,24608768,52701,0.000,8814592,0.000
2026-09-06T00:24:50.900793,mqtt_qos0,2,1,123,56411,0.000,24608768,52701,0.000,8814592,0.000
2026-09-06T00:24:51.101196,mqtt_qos0,2,1,124,56411,0.000,24608768,52701,0.000,8814592,0.000
2026-09-06T00:24:51.301561,mqtt_qos0,2,1,125,56411,0.000,24608768,52701,0.000,8814592,0.000
2026-09-06T00:24:51.501932,mqtt_qos0,2,1,126,56411,0.000,24608768,52701,0.000,8814592,0.000
2026-09-06T00:24:51.702294,mqtt_qos0,2,1,127,56411,0.000,24608768,52701,0.000,8814592,0.000
2026-09-06T00:24:51.902811,mqtt_qos0,2,1,128,56411,0.000,24608768,52701,0.000,8814592,0.000
2026-09-06T00:24:52.103256,mqtt_qos0,2,1,129,56411,0.000,24608768,52701,0.000,8814592,1.200
2026-09-06T00:24:52.303643,mqtt_qos0,2,1,130,56411,0.000,24608768,52701,0.000,8814592,0.000
2026-09-06T00:24:52.504007,mqtt_qos0,2,1,131,56411,0.000,24608768,52701,0.000,8814592,0.000
2026-09-06T00:24:52.704366,mqtt_qos0,2,1,132,56411,0.000,24608768,52701,0.000,8814592,0.000
2026-09-06T00:24:52.904808,mqtt_qos0,2,1,133,56411,0.000,24608768,52701,0.000,8814592,0.000
2026-09-06T00:24:53.105212,mqtt_qos0,2,1,134,56411,0.000,24608768,52701,0.000,8814592,0.000
2026-09-06T00:24:53.305591,mqtt_qos0,2,1,135,56411,0.000,24608768,52701,0.000,8814592,0.000
2026-09-06T00:24:53.505967,mqtt_qos0,2,1,136,56411,0.000,24608768,52701,0.000,8814592,0.000
2026-09-06T00:24:53.706345,mqtt_qos0,2,1,137,56411,0.000,24608768,52701,0.000,8814592,0.000
2026-09-06T00:24:53.906798,mqtt_qos0,2,1,138,56411,0.000,24608768,52701,0.000,8814592,0.000
2026-09-06T00:24:54.107209,mqtt_qos0,2,1,139,56411,0.000,24608768,52701,0.000,8814592,1.200
2026-09-06T00:24:54.307599,mqtt_qos0,2,1,140,56411,0.000,24608768,52701,0.000,8814592,0.000
2026-09-06T00:24:54.507992,mqtt_qos0,2,1,141,56411,0.000,24625152,52701,0.000,8814592,0.000
2026-09-06T00:24:54.708371,mqtt_qos0,2,1,142,56411,0.000,24625152,52701,0.000,8814592,0.000
2026-09-06T00:24:54.908824,mqtt_qos0,2,1,143,56411,0.000,24625152,52701,0.000,8814592,0.000
2026-09-06T00:24:55.109246,mqtt_qos0,2,1,144,56411,0.000,24625152,52701,0.000,8814592,0.000
2026-09-06T00:24:55.309647,mqtt_qos0,2,1,145,56411,0.000,24625152,52701,0.000,8814592,0.000
2026-09-06T00:24:55.510036,mqtt_qos0,2,1,146,56411,0.000,24625152,52701,0.000,8814592,0.000
2026-09-06T00:24:55.710424,mqtt_qos0,2,1,147,56411,0.000,24641536,52701,0.000,8814592,0.000
2026-09-06T00:24:55.910895,mqtt_qos0,2,1,148,56411,0.000,24641536,52701,0.000,8814592,0.000
2026-09-06T00:24:56.111308,mqtt_qos0,2,1,149,56411,0.000,24641536,52701,0.000,8814592,0.000
2026-09-06T00:24:56.311710,mqtt_qos0,2,1,150,56411,0.000,24641536,52701,0.000,8814592,0.000
2026-09-06T00:24:56.512097,mqtt_qos0,2,1,151,56411,0.000,24641536,52701,0.000,8814592,0.000
2026-09-06T00:24:56.712475,mqtt_qos0,2,1,152,56411,0.000,24641536,52701,0.000,8814592,0.000
2026-09-06T00:24:56.912951,mqtt_qos0,2,1,153,56411,0.000,24641536,52701,0.000,8814592,0.000
2026-09-06T00:24:57.113368,mqtt_qos0,2,1,154,56411,5.000,24641536,52701,0.000,8814592,0.000
2026-09-06T00:24:57.313743,mqtt_qos0,2,1,155,56411,0.000,24641536,52701,0.000,8814592,0.000
2026-09-06T00:24:57.514106,mqtt_qos0,2,1,156,56411,0.000,24657920,52701,0.000,8814592,0.000
2026-09-06T00:24:57.714467,mqtt_qos0,2,1,157,56411,0.000,24657920,52701,0.000,8814592,0.000
2026-09-06T00:24:57.914987,mqtt_qos0,2,1,158,56411,0.000,24657920,52701,0.000,8814592,1.200
2026-09-06T00:24:58.115418,mqtt_qos0,2,1,159,56411,0.000,24657920,52701,0.000,8814592,0.000
2026-09-06T00:24:58.315795,mqtt_qos0,2,1,160,56411,0.000,24657920,52701,0.000,8814592,0.000
2026-09-06T00:24:58.516173,mqtt_qos0,2,1,161,56411,0.000,24657920,52701,0.000,8814592,0.000
2026-09-06T00:24:58.716557,mqtt_qos0,2,1,162,56411,0.000,24657920,52701,0.000,8814592,0.000
2026-09-06T00:24:58.916999,mqtt_qos0,2,1,163,56411,0.000,24657920,52701,0.000,8814592,0.000
2026-09-06T00:24:59.117402,mqtt_qos0,2,1,164,56411,0.000,24657920,52701,0.000,8814592,0.000
2026-09-06T00:24:59.317785,mqtt_qos0,2,1,165,56411,0.000,24657920,52701,0.000,8814592,0.000
2026-09-06T00:24:59.518164,mqtt_qos0,2,1,166,56411,0.000,24657920,52701,0.000,8814592,0.000
2026-09-06T00:24:59.718547,mqtt_qos0,2,1,167,56411,0.000,24657920,52701,0.000,8814592,0.000
2026-09-06T00:24:59.919114,mqtt_qos0,2,1,168,56411,0.000,24657920,52701,0.000,8814592,0.000
2026-09-06T00:25:00.119535,mqtt_qos0,2,1,169,56411,0.000,24657920,52701,0.000,8814592,0.000
2026-09-06T00:25:00.319935,mqtt_qos0,2,1,170,56411,0.000,24657920,52701,0.000,8814592,0.000
2026-09-06T00:25:00.520318,mqtt_qos0,2,1,171,56411,0.000,24657920,52701,0.000,8814592,0.000
2026-09-06T00:25:00.720723,mqtt_qos0,2,1,172,56411,0.000,24657920,52701,0.000,8814592,0.000
2026-09-06T00:25:00.921180,mqtt_qos0,2,1,173,56411,0.000,24657920,52701,0.000,8814592,0.000
2026-09-06T00:25:01.121588,mqtt_qos0,2,1,174,56411,0.000,24657920,52701,0.000,8814592,0.000
2026-09-06T00:25:01.321990,mqtt_qos0,2,1,175,56411,0.000,24657920,52701,0.000,8814592,0.000
2026-09-06T00:25:01.522376,mqtt_qos0,2,1,176,56411,0.000,24657920,52701,0.000,8814592,0.000
2026-09-06T00:25:01.722771,mqtt_qos0,2,1,177,56411,0.000,24657920,52701,0.000,8814592,0.000
2026-09-06T00:25:01.923224,mqtt_qos0,2,1,178,56411,0.000,24657920,52701,0.000,8814592,0.000
2026-09-06T00:25:02.123640,mqtt_qos0,2,1,179,56411,0.000,24657920,52701,0.000,8814592,1.200
2026-09-06T00:25:02.324032,mqtt_qos0,2,1,180,56411,0.000,24657920,52701,0.000,8814592,1.200
2026-09-06T00:25:02.524403,mqtt_qos0,2,1,181,56411,0.000,24657920,52701,0.000,8814592,0.000
2026-09-06T00:25:02.724778,mqtt_qos0,2,1,182,56411,0.000,24657920,52701,0.000,8814592,0.000
2026-09-06T00:25:02.925230,mqtt_qos0,2,1,183,56411,0.000,24657920,52701,0.000,8814592,0.000
2026-09-06T00:25:03.125652,mqtt_qos0,2,1,184,56411,0.000,24657920,52701,0.000,8814592,0.000
2026-09-06T00:25:03.326054,mqtt_qos0,2,1,185,56411,0.000,24657920,52701,0.000,8814592,1.200
2026-09-06T00:25:03.526452,mqtt_qos0,2,1,186,56411,0.000,24657920,52701,0.000,8814592,0.000
2026-09-06T00:25:03.726859,mqtt_qos0,2,1,187,56411,0.000,24657920,52701,0.000,8814592,0.000
2026-09-06T00:25:03.927331,mqtt_qos0,2,1,188,56411,0.000,24657920,52701,0.000,8814592,0.000
2026-09-06T00:25:04.127744,mqtt_qos0,2,1,189,56411,0.000,24657920,52701,0.000,8814592,0.000
2026-09-06T00:25:04.328118,mqtt_qos0,2,1,190,56411,0.000,24657920,52701,0.000,8814592,0.000
2026-09-06T00:25:04.528492,mqtt_qos0,2,1,191,56411,0.000,24657920,52701,0.000,8814592,0.000
2026-09-06T00:25:04.728853,mqtt_qos0,2,1,192,56411,0.000,24657920,52701,0.000,8814592,0.000
2026-09-06T00:25:04.929289,mqtt_qos0,2,1,193,56411,0.000,24657920,52701,0.000,8814592,0.000
2026-09-06T00:25:05.129666,mqtt_qos0,2,1,194,56411,5.000,24657920,52701,0.000,8814592,0.000
2026-09-06T00:25:05.330033,mqtt_qos0,2,1,195,56411,0.000,24657920,52701,0.000,8814592,0.000
2026-09-06T00:25:05.530389,mqtt_qos0,2,1,196,56411,0.000,24657920,52701,0.000,8814592,0.000
2026-09-06T00:25:05.730757,mqtt_qos0,2,1,197,56411,0.000,24657920,52701,0.000,8814592,0.000
2026-09-06T00:25:05.931198,mqtt_qos0,2,1,198,56411,0.000,24657920,52701,0.000,8814592,0.000
2026-09-06T00:25:06.131587,mqtt_qos0,2,1,199,56411,0.000,24657920,52701,0.000,8814592,1.200
2026-09-06T00:25:06.331952,mqtt_qos0,2,1,200,56411,0.000,24674304,52701,0.000,8814592,0.000
2026-09-06T00:25:06.532332,mqtt_qos0,2,1,201,56411,0.000,24674304,52701,0.000,8814592,0.000
2026-09-06T00:25:06.732695,mqtt_qos0,2,1,202,56411,0.000,24674304,52701,0.000,8814592,0.000
2026-09-06T00:25:06.933140,mqtt_qos0,2,1,203,56411,0.000,24674304,52701,0.000,8814592,0.000
2026-09-06T00:25:07.133538,mqtt_qos0,2,1,204,56411,0.000,24674304,52701,0.000,8814592,0.000
2026-09-06T00:25:07.333908,mqtt_qos0,2,1,205,56411,0.000,24674304,52701,0.000,8814592,1.200
2026-09-06T00:25:07.534266,mqtt_qos0,2,1,206,56411,0.000,24674304,52701,0.000,8814592,0.000
2026-09-06T00:25:07.734615,mqtt_qos0,2,1,207,56411,0.000,24674304,52701,0.000,8814592,0.000
2026-09-06T00:25:07.935064,mqtt_qos0,2,1,208,56411,0.000,24674304,52701,0.000,8814592,0.000
2026-09-06T00:25:08.135435,mqtt_qos0,2,1,209,56411,0.000,24674304,52701,0.000,8814592,0.000
2026-09-06T00:25:08.335805,mqtt_qos0,2,1,210,56411,0.000,24674304,52701,0.000,8814592,0.000
2026-09-06T00:25:08.536184,mqtt_qos0,2,1,211,56411,5.000,24674304,52701,0.000,8814592,0.000
2026-09-06T00:25:08.736565,mqtt_qos0,2,1,212,56411,0.000,24674304,52701,0.000,8814592,0.000
2026-09-06T00:25:08.937025,mqtt_qos0,2,1,213,56411,0.000,24674304,52701,0.000,8814592,0.000
2026-09-06T00:25:09.137426,mqtt_qos0,2,1,214,56411,0.000,24674304,52701,0.000,8814592,0.000
2026-09-06T00:25:09.337800,mqtt_qos0,2,1,215,56411,0.000,24674304,52701,0.000,8814592,0.000
2026-09-06T00:25:09.538166,mqtt_qos0,2,1,216,56411,0.000,24674304,52701,0.000,8814592,0.000
2026-09-06T00:25:09.738521,mqtt_qos0,2,1,217,56411,0.000,24674304,52701,0.000,8814592,0.000
2026-09-06T00:25:09.938992,mqtt_qos0,2,1,218,56411,0.000,24674304,52701,0.000,8814592,0.000
2026-09-06T00:25:10.139387,mqtt_qos0,2,1,219,56411,0.000,24674304,52701,0.000,8814592,0.000
2026-09-06T00:25:10.339752,mqtt_qos0,2,1,220,56411,0.000,24674304,52701,0.000,8814592,0.000
2026-09-06T00:25:10.540092,mqtt_qos0,2,1,221,56411,0.000,24674304,52701,0.000,8814592,0.000
2026-09-06T00:25:10.740442,mqtt_qos0,2,1,222,56411,0.000,24674304,52701,0.000,8814592,0.000
2026-09-06T00:25:10.940856,mqtt_qos0,2,1,223,56411,0.000,24674304,52701,0.000,8814592,0.000
2026-09-06T00:25:11.141208,mqtt_qos0,2,1,224,56411,0.000,24674304,52701,0.000,8814592,0.000
2026-09-06T00:25:11.341728,mqtt_qos0,2,1,225,56411,10.000,24723456,52701,0.000,8814592,3.700
2026-09-06T00:25:11.542224,mqtt_qos0,2,1,226,56411,5.000,0,52701,0.000,8814592,0.000
2026-09-06T00:25:14.744594,mqtt_qos1,2,2,1,56413,44.900,24461312,52701,0.000,8814592,12.500
2026-09-06T00:25:14.944969,mqtt_qos1,2,2,2,56413,0.000,24461312,52701,0.000,8814592,0.000
2026-09-06T00:25:15.145235,mqtt_qos1,2,2,3,56413,0.000,24461312,52701,0.000,8814592,0.000
2026-09-06T00:25:15.345471,mqtt_qos1,2,2,4,56413,0.000,24461312,52701,0.000,8814592,0.000
2026-09-06T00:25:15.545705,mqtt_qos1,2,2,5,56413,0.000,24461312,52701,0.000,8814592,0.000
2026-09-06T00:25:15.745979,mqtt_qos1,2,2,6,56413,0.000,24526848,52701,0.000,8814592,1.200
2026-09-06T00:25:15.946330,mqtt_qos1,2,2,7,56413,0.000,24526848,52701,0.000,8814592,0.000
2026-09-06T00:25:16.146629,mqtt_qos1,2,2,8,56413,0.000,24526848,52701,0.000,8814592,0.000
2026-09-06T00:25:16.346904,mqtt_qos1,2,2,9,56413,0.000,24526848,52701,0.000,8814592,0.000
2026-09-06T00:25:16.547170,mqtt_qos1,2,2,10,56413,0.000,24526848,52701,0.000,8814592,0.000
2026-09-06T00:25:16.747441,mqtt_qos1,2,2,11,56413,0.000,24526848,52701,0.000,8814592,0.000
2026-09-06T00:25:16.947781,mqtt_qos1,2,2,12,56413,5.000,24526848,52701,0.000,8814592,1.200
2026-09-06T00:25:17.148071,mqtt_qos1,2,2,13,56413,0.000,24526848,52701,0.000,8814592,0.000
2026-09-06T00:25:17.348336,mqtt_qos1,2,2,14,56413,0.000,24526848,52701,0.000,8814592,0.000
2026-09-06T00:25:17.548597,mqtt_qos1,2,2,15,56413,0.000,24526848,52701,0.000,8814592,0.000
2026-09-06T00:25:17.748861,mqtt_qos1,2,2,16,56413,0.000,24526848,52701,0.000,8814592,0.000
2026-09-06T00:25:17.949191,mqtt_qos1,2,2,17,56413,0.000,24526848,52701,0.000,8814592,0.000
2026-09-06T00:25:18.149481,mqtt_qos1,2,2,18,56413,0.000,24526848,52701,0.000,8814592,0.000
2026-09-06T00:25:18.349770,mqtt_qos1,2,2,19,56413,0.000,24526848,52701,0.000,8814592,0.000
2026-09-06T00:25:18.550045,mqtt_qos1,2,2,20,56413,0.000,24526848,52701,0.000,8814592,0.000
2026-09-06T00:25:18.750317,mqtt_qos1,2,2,21,56413,0.000,24543232,52701,0.000,8814592,0.000
2026-09-06T00:25:18.950651,mqtt_qos1,2,2,22,56413,0.000,24543232,52701,0.000,8814592,0.000
2026-09-06T00:25:19.150940,mqtt_qos1,2,2,23,56413,0.000,24543232,52701,0.000,8814592,0.000
2026-09-06T00:25:19.351207,mqtt_qos1,2,2,24,56413,0.000,24543232,52701,0.000,8814592,0.000
2026-09-06T00:25:19.551461,mqtt_qos1,2,2,25,56413,0.000,24543232,52701,0.000,8814592,0.000
2026-09-06T00:25:19.751806,mqtt_qos1,2,2,26,56413,0.000,24543232,52701,0.000,8814592,0.000
2026-09-06T00:25:19.952280,mqtt_qos1,2,2,27,56413,0.000,24543232,52701,0.000,8814592,0.000
2026-09-06T00:25:20.152686,mqtt_qos1,2,2,28,56413,0.000,24543232,52701,0.000,8814592,0.000
2026-09-06T00:25:20.353043,mqtt_qos1,2,2,29,56413,0.000,24543232,52701,0.000,8814592,0.000
2026-09-06T00:25:20.553382,mqtt_qos1,2,2,30,56413,0.000,24543232,52701,0.000,8814592,0.000
2026-09-06T00:25:20.753752,mqtt_qos1,2,2,31,56413,0.000,24543232,52701,0.000,8814592,0.000
2026-09-06T00:25:20.954199,mqtt_qos1,2,2,32,56413,0.000,24543232,52701,0.000,8814592,1.200
2026-09-06T00:25:21.154586,mqtt_qos1,2,2,33,56413,0.000,24543232,52701,0.000,8814592,0.000
2026-09-06T00:25:21.354945,mqtt_qos1,2,2,34,56413,0.000,24543232,52701,0.000,8814592,0.000
2026-09-06T00:25:21.555290,mqtt_qos1,2,2,35,56413,0.000,24543232,52701,5.000,8814592,0.000
2026-09-06T00:25:21.755631,mqtt_qos1,2,2,36,56413,5.000,24543232,52701,0.000,8814592,0.000
2026-09-06T00:25:21.956095,mqtt_qos1,2,2,37,56413,0.000,24543232,52701,0.000,8814592,0.000
2026-09-06T00:25:22.156499,mqtt_qos1,2,2,38,56413,0.000,24543232,52701,0.000,8814592,0.000
2026-09-06T00:25:22.356868,mqtt_qos1,2,2,39,56413,0.000,24543232,52701,0.000,8814592,0.000
2026-09-06T00:25:22.557215,mqtt_qos1,2,2,40,56413,0.000,24543232,52701,0.000,8814592,0.000
2026-09-06T00:25:22.757562,mqtt_qos1,2,2,41,56413,0.000,24543232,52701,0.000,8814592,0.000
2026-09-06T00:25:22.958001,mqtt_qos1,2,2,42,56413,0.000,24543232,52701,0.000,8814592,0.000
2026-09-06T00:25:23.158385,mqtt_qos1,2,2,43,56413,0.000,24543232,52701,0.000,8814592,0.000
2026-09-06T00:25:23.358747,mqtt_qos1,2,2,44,56413,0.000,24543232,52701,0.000,8814592,0.000
2026-09-06T00:25:23.559091,mqtt_qos1,2,2,45,56413,0.000,24543232,52701,0.000,8814592,0.000
2026-09-06T00:25:23.759432,mqtt_qos1,2,2,46,56413,0.000,24543232,52701,0.000,8814592,0.000
2026-09-06T00:25:23.959864,mqtt_qos1,2,2,47,56413,0.000,24543232,52701,0.000,8814592,0.000
2026-09-06T00:25:24.160250,mqtt_qos1,2,2,48,56413,0.000,24543232,52701,0.000,8814592,0.000
2026-09-06T00:25:24.360601,mqtt_qos1,2,2,49,56413,0.000,24543232,52701,0.000,8814592,1.300
2026-09-06T00:25:24.560981,mqtt_qos1,2,2,50,56413,0.000,24543232,52701,0.000,8814592,0.000
2026-09-06T00:25:24.761335,mqtt_qos1,2,2,51,56413,0.000,24543232,52701,0.000,8814592,0.000
2026-09-06T00:25:24.961772,mqtt_qos1,2,2,52,56413,0.000,24543232,52701,0.000,8814592,0.000
2026-09-06T00:25:25.162173,mqtt_qos1,2,2,53,56413,0.000,24559616,52701,0.000,8814592,1.200
2026-09-06T00:25:25.362541,mqtt_qos1,2,2,54,56413,0.000,24559616,52701,0.000,8814592,0.000
2026-09-06T00:25:25.562905,mqtt_qos1,2,2,55,56413,0.000,24559616,52701,0.000,8814592,0.000
2026-09-06T00:25:25.763252,mqtt_qos1,2,2,56,56413,0.000,24559616,52701,0.000,8814592,0.000
2026-09-06T00:25:25.963694,mqtt_qos1,2,2,57,56413,0.000,24559616,52701,0.000,8814592,0.000
2026-09-06T00:25:26.164079,mqtt_qos1,2,2,58,56413,0.000,24559616,52701,0.000,8814592,1.200
2026-09-06T00:25:26.364436,mqtt_qos1,2,2,59,56413,0.000,24559616,52701,0.000,8814592,0.000
2026-09-06T00:25:26.564777,mqtt_qos1,2,2,60,56413,0.000,24559616,52701,0.000,8814592,0.000
2026-09-06T00:25:26.765118,mqtt_qos1,2,2,61,56413,0.000,24559616,52701,0.000,8814592,0.000
2026-09-06T00:25:26.965560,mqtt_qos1,2,2,62,56413,0.000,24559616,52701,0.000,8814592,0.000
2026-09-06T00:25:27.165941,mqtt_qos1,2,2,63,56413,0.000,24559616,52701,0.000,8814592,0.000
2026-09-06T00:25:27.366296,mqtt_qos1,2,2,64,56413,5.000,24559616,52701,0.000,8814592,0.000
2026-09-06T00:25:27.566639,mqtt_qos1,2,2,65,56413,0.000,24559616,52701,0.000,8814592,0.000
2026-09-06T00:25:27.766988,mqtt_qos1,2,2,66,56413,0.000,24559616,52701,0.000,8814592,0.000
2026-09-06T00:25:27.967452,mqtt_qos1,2,2,67,56413,0.000,24576000,52701,0.000,8814592,0.000
2026-09-06T00:25:28.167835,mqtt_qos1,2,2,68,56413,0.000,24576000,52701,0.000,8814592,0.000
2026-09-06T00:25:28.368181,mqtt_qos1,2,2,69,56413,0.000,24576000,52701,0.000,8814592,0.000
2026-09-06T00:25:28.568519,mqtt_qos1,2,2,70,56413,0.000,24576000,52701,0.000,8814592,0.000
2026-09-06T00:25:28.768861,mqtt_qos1,2,2,71,56413,0.000,24576000,52701,0.000,8814592,0.000
2026-09-06T00:25:28.969294,mqtt_qos1,2,2,72,56413,0.000,24576000,52701,0.000,8814592,0.000
2026-09-06T00:25:29.169667,mqtt_qos1,2,2,73,56413,0.000,24576000,52701,0.000,8814592,0.000
2026-09-06T00:25:29.370045,mqtt_qos1,2,2,74,56413,0.000,24576000,52701,0.000,8814592,0.000
2026-09-06T00:25:29.570399,mqtt_qos1,2,2,75,56413,0.000,24576000,52701,0.000,8814592,0.000
2026-09-06T00:25:29.770779,mqtt_qos1,2,2,76,56413,0.000,24576000,52701,0.000,8814592,0.000
2026-09-06T00:25:29.971233,mqtt_qos1,2,2,77,56413,0.000,24576000,52701,0.000,8814592,1.200
2026-09-06T00:25:30.171643,mqtt_qos1,2,2,78,56413,0.000,24576000,52701,0.000,8814592,0.000
2026-09-06T00:25:30.372036,mqtt_qos1,2,2,79,56413,0.000,24576000,52701,0.000,8814592,0.000
2026-09-06T00:25:30.572403,mqtt_qos1,2,2,80,56413,0.000,24576000,52701,0.000,8814592,0.000
2026-09-06T00:25:30.772783,mqtt_qos1,2,2,81,56413,0.000,24576000,52701,0.000,8814592,0.000
2026-09-06T00:25:30.973235,mqtt_qos1,2,2,82,56413,0.000,24576000,52701,0.000,8814592,0.000
2026-09-06T00:25:31.173640,mqtt_qos1,2,2,83,56413,0.000,24576000,52701,0.000,8814592,0.000
2026-09-06T00:25:31.374016,mqtt_qos1,2,2,84,56413,0.000,24576000,52701,0.000,8814592,0.000
2026-09-06T00:25:31.574382,mqtt_qos1,2,2,85,56413,0.000,24576000,52701,0.000,8814592,0.000
2026-09-06T00:25:31.774758,mqtt_qos1,2,2,86,56413,0.000,24576000,52701,0.000,8814592,0.000
2026-09-06T00:25:31.975218,mqtt_qos1,2,2,87,56413,0.000,24576000,52701,0.000,8814592,1.200
2026-09-06T00:25:32.175611,mqtt_qos1,2,2,88,56413,0.000,24576000,52701,0.000,8814592,0.000
2026-09-06T00:25:32.375984,mqtt_qos1,2,2,89,56413,0.000,24576000,52701,0.000,8814592,0.000
2026-09-06T00:25:32.576342,mqtt_qos1,2,2,90,56413,0.000,24576000,52701,0.000,8814592,0.000
2026-09-06T00:25:32.776693,mqtt_qos1,2,2,91,56413,0.000,24576000,52701,0.000,8814592,0.000
2026-09-06T00:25:32.977130,mqtt_qos1,2,2,92,56413,0.000,24576000,52701,0.000,8814592,0.000
2026-09-06T00:25:33.177509,mqtt_qos1,2,2,93,56413,0.000,24576000,52701,0.000,8814592,0.000
2026-09-06T00:25:33.377859,mqtt_qos1,2,2,94,56413,0.000,24576000,52701,0.000,8814592,0.000
2026-09-06T00:25:33.578200,mqtt_qos1,2,2,95,56413,0.000,24576000,52701,0.000,8814592,1.200
2026-09-06T00:25:33.778538,mqtt_qos1,2,2,96,56413,0.000,24592384,52701,0.000,8814592,0.000
2026-09-06T00:25:33.979006,mqtt_qos1,2,2,97,56413,0.000,24592384,52701,0.000,8814592,0.000
2026-09-06T00:25:34.179389,mqtt_qos1,2,2,98,56413,0.000,24592384,52701,0.000,8814592,0.000
2026-09-06T00:25:34.379737,mqtt_qos1,2,2,99,56413,0.000,24592384,52701,0.000,8814592,0.000
2026-09-06T00:25:34.580112,mqtt_qos1,2,2,100,56413,0.000,24592384,52701,0.000,8814592,0.000
2026-09-06T00:25:34.780469,mqtt_qos1,2,2,101,56413,0.000,24592384,52701,0.000,8814592,0.000
2026-09-06T00:25:34.980914,mqtt_qos1,2,2,102,56413,0.000,24592384,52701,0.000,8814592,0.000
2026-09-06T00:25:35.181295,mqtt_qos1,2,2,103,56413,5.000,24592384,52701,0.000,8814592,0.000
2026-09-06T00:25:35.381648,mqtt_qos1,2,2,104,56413,0.000,24592384,52701,0.000,8814592,0.000
2026-09-06T00:25:35.582032,mqtt_qos1,2,2,105,56413,0.000,24592384,52701,0.000,8814592,0.000
2026-09-06T00:25:35.782419,mqtt_qos1,2,2,106,56413,0.000,24592384,52701,0.000,8814592,0.000
2026-09-06T00:25:35.982902,mqtt_qos1,2,2,107,56413,0.000,24592384,52701,0.000,8814592,0.000
2026-09-06T00:25:36.183308,mqtt_qos1,2,2,108,56413,0.000,24592384,52701,0.000,8814592,0.000
2026-09-06T00:25:36.383698,mqtt_qos1,2,2,109,56413,0.000,24592384,52701,0.000,8814592,0.000
2026-09-06T00:25:36.584080,mqtt_qos1,2,2,110,56413,0.000,24592384,52701,0.000,8814592,0.000
2026-09-06T00:25:36.784536,mqtt_qos1,2,2,111,56413,0.000,24592384,52701,0.000,8814592,0.000
2026-09-06T00:25:36.984982,mqtt_qos1,2,2,112,56413,0.000,24592384,52701,0.000,8814592,1.200
2026-09-06T00:25:37.185388,mqtt_qos1,2,2,113,56413,0.000,24592384,52701,0.000,8814592,0.000
2026-09-06T00:25:37.385769,mqtt_qos1,2,2,114,56413,0.000,24592384,52701,0.000,8814592,0.000
2026-09-06T00:25:37.586158,mqtt_qos1,2,2,115,56413,0.000,24592384,52701,0.000,8814592,0.000
2026-09-06T00:25:37.786630,mqtt_qos1,2,2,116,56413,0.000,24592384,52701,0.000,8814592,0.000
2026-09-06T00:25:37.987071,mqtt_qos1,2,2,117,56413,0.000,24592384,52701,0.000,8814592,0.000
2026-09-06T00:25:38.187468,mqtt_qos1,2,2,118,56413,0.000,24592384,52701,0.000,8814592,0.000
2026-09-06T00:25:38.387870,mqtt_qos1,2,2,119,56413,0.000,24592384,52701,0.000,8814592,0.000
2026-09-06T00:25:38.588273,mqtt_qos1,2,2,120,56413,0.000,24592384,52701,0.000,8814592,0.000
2026-09-06T00:25:38.788741,mqtt_qos1,2,2,121,56413,0.000,24592384,52701,0.000,8814592,0.000
2026-09-06T00:25:38.989168,mqtt_qos1,2,2,122,56413,0.000,24592384,52701,0.000,8814592,0.000
2026-09-06T00:25:39.189564,mqtt_qos1,2,2,123,56413,0.000,24592384,52701,0.000,8814592,0.000
2026-09-06T00:25:39.389973,mqtt_qos1,2,2,124,56413,0.000,24592384,52701,0.000,8814592,0.000
2026-09-06T00:25:39.590358,mqtt_qos1,2,2,125,56413,0.000,24592384,52701,0.000,8814592,0.000
2026-09-06T00:25:39.790814,mqtt_qos1,2,2,126,56413,0.000,24592384,52701,0.000,8814592,0.000
2026-09-06T00:25:39.991269,mqtt_qos1,2,2,127,56413,0.000,24592384,52701,0.000,8814592,1.200
2026-09-06T00:25:40.191684,mqtt_qos1,2,2,128,56413,0.000,24592384,52701,0.000,8814592,0.000
2026-09-06T00:25:40.392083,mqtt_qos1,2,2,129,56413,0.000,24592384,52701,0.000,8814592,0.000
2026-09-06T00:25:40.592464,mqtt_qos1,2,2,130,56413,0.000,24592384,52701,0.000,8814592,0.000
2026-09-06T00:25:40.792941,mqtt_qos1,2,2,131,56413,5.000,24592384,52701,0.000,8814592,0.000
2026-09-06T00:25:40.993387,mqtt_qos1,2,2,132,56413,0.000,24592384,52701,0.000,8814592,0.000
2026-09-06T00:25:41.193798,mqtt_qos1,2,2,133,56413,0.000,24592384,52701,0.000,8814592,0.000
2026-09-06T00:25:41.394181,mqtt_qos1,2,2,134,56413,0.000,24592384,52701,0.000,8814592,0.000
2026-09-06T00:25:41.594579,mqtt_qos1,2,2,135,56413,0.000,24592384,52701,0.000,8814592,0.000
2026-09-06T00:25:41.795061,mqtt_qos1,2,2,136,56413,0.000,24608768,52701,0.000,8814592,1.200
2026-09-06T00:25:41.995492,mqtt_qos1,2,2,137,56413,0.000,24608768,52701,0.000,8814592,0.000
2026-09-06T00:25:42.195894,mqtt_qos1,2,2,138,56413,0.000,24608768,52701,0.000,8814592,0.000
2026-09-06T00:25:42.396291,mqtt_qos1,2,2,139,56413,0.000,24608768,52701,0.000,8814592,0.000
2026-09-06T00:25:42.596683,mqtt_qos1,2,2,140,56413,0.000,24608768,52701,0.000,8814592,0.000
2026-09-06T00:25:42.797146,mqtt_qos1,2,2,141,56413,0.000,24608768,52701,0.000,8814592,0.000
2026-09-06T00:25:42.997564,mqtt_qos1,2,2,142,56413,0.000,24608768,52701,0.000,8814592,0.000
2026-09-06T00:25:43.197965,mqtt_qos1,2,2,143,56413,0.000,24608768,52701,0.000,8814592,0.000
2026-09-06T00:25:43.398357,mqtt_qos1,2,2,144,56413,0.000,24608768,52701,0.000,8814592,0.000
2026-09-06T00:25:43.598758,mqtt_qos1,2,2,145,56413,0.000,24608768,52701,0.000,8814592,0.000
2026-09-06T00:25:43.799213,mqtt_qos1,2,2,146,56413,0.000,24608768,52701,0.000,8814592,1.200
2026-09-06T00:25:43.999647,mqtt_qos1,2,2,147,56413,0.000,24608768,52701,0.000,8814592,0.000
2026-09-06T00:25:44.200054,mqtt_qos1,2,2,148,56413,0.000,24608768,52701,0.000,8814592,0.000
2026-09-06T00:25:44.400449,mqtt_qos1,2,2,149,56413,0.000,24608768,52701,0.000,8814592,0.000
2026-09-06T00:25:44.600840,mqtt_qos1,2,2,150,56413,0.000,24608768,52701,0.000,8814592,0.000
2026-09-06T00:25:44.801302,mqtt_qos1,2,2,151,56413,0.000,24608768,52701,0.000,8814592,0.000
2026-09-06T00:25:45.001737,mqtt_qos1,2,2,152,56413,0.000,24608768,52701,0.000,8814592,0.000
2026-09-06T00:25:45.202142,mqtt_qos1,2,2,153,56413,0.000,24608768,52701,0.000,8814592,0.000
2026-09-06T00:25:45.402529,mqtt_qos1,2,2,154,56413,0.000,24608768,52701,0.000,8814592,0.000
2026-09-06T00:25:45.602931,mqtt_qos1,2,2,155,56413,0.000,24608768,52701,0.000,8814592,1.200
2026-09-06T00:25:45.803399,mqtt_qos1,2,2,156,56413,0.000,24608768,52701,0.000,8814592,0.000
2026-09-06T00:25:46.003851,mqtt_qos1,2,2,157,56413,0.000,24608768,52701,0.000,8814592,0.000
2026-09-06T00:25:46.204260,mqtt_qos1,2,2,158,56413,5.000,24608768,52701,0.000,8814592,0.000
2026-09-06T00:25:46.404656,mqtt_qos1,2,2,159,56413,0.000,24608768,52701,0.000,8814592,0.000
2026-09-06T00:25:46.605047,mqtt_qos1,2,2,160,56413,0.000,24608768,52701,0.000,8814592,1.200
2026-09-06T00:25:46.805511,mqtt_qos1,2,2,161,56413,0.000,24608768,52701,0.000,8814592,0.000
2026-09-06T00:25:47.005929,mqtt_qos1,2,2,162,56413,0.000,24608768,52701,0.000,8814592,0.000
2026-09-06T00:25:47.206323,mqtt_qos1,2,2,163,56413,0.000,24608768,52701,0.000,8814592,0.000
2026-09-06T00:25:47.406693,mqtt_qos1,2,2,164,56413,0.000,24608768,52701,0.000,8814592,0.000
2026-09-06T00:25:47.607061,mqtt_qos1,2,2,165,56413,0.000,24608768,52701,0.000,8814592,1.200
2026-09-06T00:25:47.807520,mqtt_qos1,2,2,166,56413,0.000,24608768,52701,0.000,8814592,0.000
2026-09-06T00:25:48.007942,mqtt_qos1,2,2,167,56413,5.000,24608768,52701,0.000,8814592,0.000
2026-09-06T00:25:48.208314,mqtt_qos1,2,2,168,56413,0.000,24625152,52701,0.000,8814592,0.000
2026-09-06T00:25:48.408676,mqtt_qos1,2,2,169,56413,0.000,24625152,52701,0.000,8814592,0.000
2026-09-06T00:25:48.609013,mqtt_qos1,2,2,170,56413,0.000,24625152,52701,0.000,8814592,0.000
2026-09-06T00:25:48.809445,mqtt_qos1,2,2,171,56413,0.000,24625152,52701,0.000,8814592,0.000
2026-09-06T00:25:49.009844,mqtt_qos1,2,2,172,56413,0.000,24625152,52701,5.000,8814592,0.000
2026-09-06T00:25:49.210204,mqtt_qos1,2,2,173,56413,0.000,24641536,52701,0.000,8814592,0.000
2026-09-06T00:25:49.410548,mqtt_qos1,2,2,174,56413,0.000,24641536,52701,0.000,8814592,0.000
2026-09-06T00:25:49.610909,mqtt_qos1,2,2,175,56413,0.000,24641536,52701,0.000,8814592,1.200
2026-09-06T00:25:49.811352,mqtt_qos1,2,2,176,56413,0.000,24641536,52701,0.000,8814592,0.000
2026-09-06T00:25:50.011738,mqtt_qos1,2,2,177,56413,0.000,24641536,52701,0.000,8814592,0.000
2026-09-06T00:25:50.212085,mqtt_qos1,2,2,178,56413,0.000,24641536,52701,0.000,8814592,0.000
2026-09-06T00:25:50.412424,mqtt_qos1,2,2,179,56413,0.000,24641536,52701,0.000,8814592,0.000
2026-09-06T00:25:50.612761,mqtt_qos1,2,2,180,56413,0.000,24641536,52701,0.000,8814592,0.000
2026-09-06T00:25:50.813225,mqtt_qos1,2,2,181,56413,0.000,24641536,52701,0.000,8814592,0.000
2026-09-06T00:25:51.013650,mqtt_qos1,2,2,182,56413,0.000,24641536,52701,0.000,8814592,0.000
2026-09-06T00:25:51.214032,mqtt_qos1,2,2,183,56413,0.000,24641536,52701,0.000,8814592,0.000
2026-09-06T00:25:51.414397,mqtt_qos1,2,2,184,56413,0.000,24641536,52701,0.000,8814592,0.000
2026-09-06T00:25:51.614770,mqtt_qos1,2,2,185,56413,0.000,24641536,52701,0.000,8814592,0.000
2026-09-06T00:25:51.815222,mqtt_qos1,2,2,186,56413,0.000,24657920,52701,0.000,8814592,0.000
2026-09-06T00:25:52.015642,mqtt_qos1,2,2,187,56413,0.000,24657920,52701,0.000,8814592,0.000
2026-09-06T00:25:52.216015,mqtt_qos1,2,2,188,56413,0.000,24657920,52701,0.000,8814592,0.000
2026-09-06T00:25:52.416366,mqtt_qos1,2,2,189,56413,0.000,24657920,52701,0.000,8814592,0.000
2026-09-06T00:25:52.616723,mqtt_qos1,2,2,190,56413,0.000,24674304,52701,0.000,8814592,0.000
2026-09-06T00:25:52.817158,mqtt_qos1,2,2,191,56413,0.000,24674304,52701,0.000,8814592,0.000
2026-09-06T00:25:53.017540,mqtt_qos1,2,2,192,56413,0.000,24674304,52701,0.000,8814592,0.000
2026-09-06T00:25:53.217911,mqtt_qos1,2,2,193,56413,0.000,24674304,52701,0.000,8814592,0.000
2026-09-06T00:25:53.418264,mqtt_qos1,2,2,194,56413,0.000,24674304,52701,0.000,8814592,0.000
2026-09-06T00:25:53.618605,mqtt_qos1,2,2,195,56413,0.000,24674304,52701,0.000,8814592,0.000
2026-09-06T00:25:53.819044,mqtt_qos1,2,2,196,56413,0.000,24674304,52701,0.000,8814592,1.200
2026-09-06T00:25:54.019422,mqtt_qos1,2,2,197,56413,0.000,24674304,52701,0.000,8814592,0.000
2026-09-06T00:25:54.219773,mqtt_qos1,2,2,198,56413,0.000,24674304,52701,0.000,8814592,0.000
2026-09-06T00:25:54.420114,mqtt_qos1,2,2,199,56413,0.000,24674304,52701,0.000,8814592,0.000
2026-09-06T00:25:54.620491,mqtt_qos1,2,2,200,56413,0.000,24674304,52701,0.000,8814592,0.000
2026-09-06T00:25:54.820941,mqtt_qos1,2,2,201,56413,0.000,24674304,52701,0.000,8814592,0.000
2026-09-06T00:25:55.021336,mqtt_qos1,2,2,202,56413,0.000,24674304,52701,0.000,8814592,0.000
2026-09-06T00:25:55.221688,mqtt_qos1,2,2,203,56413,0.000,24674304,52701,0.000,8814592,0.000
2026-09-06T00:25:55.422027,mqtt_qos1,2,2,204,56413,0.000,24674304,52701,0.000,8814592,0.000
2026-09-06T00:25:55.622364,mqtt_qos1,2,2,205,56413,0.000,24674304,52701,0.000,8814592,0.000
2026-09-06T00:25:55.822814,mqtt_qos1,2,2,206,56413,0.000,24674304,52701,0.000,8814592,0.000
2026-09-06T00:25:56.023227,mqtt_qos1,2,2,207,56413,0.000,24674304,52701,0.000,8814592,0.000
2026-09-06T00:25:56.223585,mqtt_qos1,2,2,208,56413,0.000,24674304,52701,0.000,8814592,0.000
2026-09-06T00:25:56.423948,mqtt_qos1,2,2,209,56413,0.000,24674304,52701,0.000,8814592,1.200
2026-09-06T00:25:56.624298,mqtt_qos1,2,2,210,56413,0.000,24674304,52701,0.000,8814592,0.000
2026-09-06T00:25:56.824731,mqtt_qos1,2,2,211,56413,0.000,24674304,52701,0.000,8814592,0.000
2026-09-06T00:25:57.025130,mqtt_qos1,2,2,212,56413,0.000,24674304,52701,0.000,8814592,0.000
2026-09-06T00:25:57.225499,mqtt_qos1,2,2,213,56413,0.000,24674304,52701,0.000,8814592,0.000
2026-09-06T00:25:57.425852,mqtt_qos1,2,2,214,56413,0.000,24674304,52701,0.000,8814592,0.000
2026-09-06T00:25:57.626192,mqtt_qos1,2,2,215,56413,0.000,24674304,52701,0.000,8814592,0.000
2026-09-06T00:25:57.826622,mqtt_qos1,2,2,216,56413,0.000,24674304,52701,0.000,8814592,0.000
2026-09-06T00:25:58.027028,mqtt_qos1,2,2,217,56413,0.000,24674304,52701,0.000,8814592,0.000
2026-09-06T00:25:58.227420,mqtt_qos1,2,2,218,56413,5.000,24674304,52701,0.000,8814592,0.000
2026-09-06T00:25:58.427783,mqtt_qos1,2,2,219,56413,0.000,24674304,52701,0.000,8814592,0.000
2026-09-06T00:25:58.628129,mqtt_qos1,2,2,220,56413,0.000,24674304,52701,0.000,8814592,0.000
2026-09-06T00:25:58.828557,mqtt_qos1,2,2,221,56413,0.000,24674304,52701,0.000,8814592,0.000
2026-09-06T00:25:59.028940,mqtt_qos1,2,2,222,56413,0.000,24674304,52701,0.000,8814592,0.000
2026-09-06T00:25:59.229291,mqtt_qos1,2,2,223,56413,0.000,24674304,52701,0.000,8814592,1.200
2026-09-06T00:25:59.429634,mqtt_qos1,2,2,224,56413,0.000,24674304,52701,0.000,8814592,0.000
2026-09-06T00:25:59.629972,mqtt_qos1,2,2,225,56413,0.000,24674304,52701,0.000,8814592,0.000
2026-09-06T00:25:59.830404,mqtt_qos1,2,2,226,56413,0.000,24674304,52701,0.000,8814592,0.000
2026-09-06T00:26:00.030826,mqtt_qos1,2,2,227,56413,5.000,24674304,52701,0.000,8814592,0.000
2026-09-06T00:26:00.231188,mqtt_qos1,2,2,228,56413,0.000,24674304,52701,0.000,8814592,0.000
2026-09-06T00:26:00.431528,mqtt_qos1,2,2,229,56413,0.000,24674304,52701,0.000,8814592,0.000
2026-09-06T00:26:00.631883,mqtt_qos1,2,2,230,56413,0.000,24674304,52701,0.000,8814592,0.000
2026-09-06T00:26:00.832332,mqtt_qos1,2,2,231,56413,0.000,24674304,52701,0.000,8814592,0.000
2026-09-06T00:26:01.032724,mqtt_qos1,2,2,232,56413,0.000,24674304,52701,0.000,8814592,0.000
2026-09-06T00:26:01.233085,mqtt_qos1,2,2,233,56413,0.000,24674304,52701,0.000,8814592,0.000
2026-09-06T00:26:01.433444,mqtt_qos1,2,2,234,56413,0.000,24674304,52701,0.000,8814592,0.000
2026-09-06T00:26:01.633796,mqtt_qos1,2,2,235,56413,0.000,24674304,52701,0.000,8814592,0.000
2026-09-06T00:26:01.834233,mqtt_qos1,2,2,236,56413,0.000,24674304,52701,0.000,8814592,1.200
2026-09-06T00:26:02.034611,mqtt_qos1,2,2,237,56413,0.000,24674304,52701,0.000,8814592,0.000
2026-09-06T00:26:02.234964,mqtt_qos1,2,2,238,56413,0.000,24674304,52701,0.000,8814592,1.200
2026-09-06T00:26:02.435310,mqtt_qos1,2,2,239,56413,0.000,24674304,52701,0.000,8814592,0.000
2026-09-06T00:26:02.635650,mqtt_qos1,2,2,240,56413,0.000,24674304,52701,0.000,8814592,0.000
2026-09-06T00:26:02.836114,mqtt_qos1,2,2,241,56413,0.000,24690688,52701,0.000,8814592,0.000
2026-09-06T00:26:03.036505,mqtt_qos1,2,2,242,56413,0.000,24690688,52701,0.000,8814592,0.000
2026-09-06T00:26:03.236891,mqtt_qos1,2,2,243,56413,0.000,24690688,52701,0.000,8814592,0.000
2026-09-06T00:26:03.437246,mqtt_qos1,2,2,244,56413,0.000,24690688,52701,0.000,8814592,0.000
2026-09-06T00:26:03.637586,mqtt_qos1,2,2,245,56413,0.000,24690688,52701,0.000,8814592,0.000
2026-09-06T00:26:03.838029,mqtt_qos1,2,2,246,56413,0.000,24690688,52701,0.000,8814592,0.000
2026-09-06T00:26:04.038452,mqtt_qos1,2,2,247,56413,0.000,24690688,52701,0.000,8814592,0.000
2026-09-06T00:26:04.238868,mqtt_qos1,2,2,248,56413,0.000,24690688,52701,0.000,8814592,1.200
2026-09-06T00:26:04.439263,mqtt_qos1,2,2,249,56413,0.000,24690688,52701,0.000,8814592,0.000
2026-09-06T00:26:04.639649,mqtt_qos1,2,2,250,56413,0.000,24690688,52701,0.000,8814592,0.000
2026-09-06T00:26:04.840088,mqtt_qos1,2,2,251,56413,0.000,24690688,52701,0.000,8814592,0.000
2026-09-06T00:26:05.040512,mqtt_qos1,2,2,252,56413,5.000,24690688,52701,0.000,8814592,0.000
2026-09-06T00:26:05.240918,mqtt_qos1,2,2,253,56413,0.000,24690688,52701,0.000,8814592,0.000
2026-09-06T00:26:05.441304,mqtt_qos1,2,2,254,56413,0.000,24690688,52701,0.000,8814592,0.000
2026-09-06T00:26:05.641684,mqtt_qos1,2,2,255,56413,0.000,24690688,52701,0.000,8814592,0.000
2026-09-06T00:26:05.842138,mqtt_qos1,2,2,256,56413,0.000,24690688,52701,0.000,8814592,0.000
2026-09-06T00:26:06.042564,mqtt_qos1,2,2,257,56413,0.000,24690688,52701,0.000,8814592,0.000
2026-09-06T00:26:06.242986,mqtt_qos1,2,2,258,56413,0.000,24690688,52701,0.000,8814592,0.000
2026-09-06T00:26:06.443372,mqtt_qos1,2,2,259,56413,0.000,24690688,52701,0.000,8814592,0.000
2026-09-06T00:26:06.643749,mqtt_qos1,2,2,260,56413,0.000,24690688,52701,0.000,8814592,0.000
2026-09-06T00:26:06.844232,mqtt_qos1,2,2,261,56413,0.000,24690688,52701,0.000,8814592,0.000
2026-09-06T00:26:07.044679,mqtt_qos1,2,2,262,56413,0.000,24690688,52701,0.000,8814592,0.000
2026-09-06T00:26:07.245083,mqtt_qos1,2,2,263,56413,0.000,24690688,52701,0.000,8814592,0.000
2026-09-06T00:26:07.445471,mqtt_qos1,2,2,264,56413,0.000,24690688,52701,0.000,8814592,0.000
2026-09-06T00:26:07.645852,mqtt_qos1,2,2,265,56413,0.000,24690688,52701,0.000,8814592,0.000
2026-09-06T00:26:07.846326,mqtt_qos1,2,2,266,56413,0.000,24690688,52701,0.000,8814592,0.000
2026-09-06T00:26:08.046776,mqtt_qos1,2,2,267,56413,0.000,24690688,52701,0.000,8814592,0.000
2026-09-06T00:26:08.247165,mqtt_qos1,2,2,268,56413,0.000,24690688,52701,0.000,8814592,1.200
2026-09-06T00:26:08.447519,mqtt_qos1,2,2,269,56413,0.000,24690688,52701,0.000,8814592,0.000
2026-09-06T00:26:08.647854,mqtt_qos1,2,2,270,56413,0.000,24690688,52701,0.000,8814592,0.000
2026-09-06T00:26:08.848256,mqtt_qos1,2,2,271,56413,0.000,24690688,52701,0.000,8814592,0.000
2026-09-06T00:26:09.048850,mqtt_qos1,2,2,272,56413,15.000,0,52701,0.000,8814592,3.700
2026-09-06T00:26:12.251328,http,2,3,1,56417,39.900,24330240,52701,0.000,8814592,11.400
2026-09-06T00:26:12.451671,http,2,3,2,56417,5.000,24330240,52701,0.000,8814592,0.000
2026-09-06T00:26:12.651950,http,2,3,3,56417,0.000,24330240,52701,0.000,8814592,0.000
2026-09-06T00:26:12.852289,http,2,3,4,56417,0.000,24330240,52701,0.000,8814592,1.200
2026-09-06T00:26:13.052573,http,2,3,5,56417,0.000,24330240,52701,0.000,8814592,0.000
2026-09-06T00:26:13.252827,http,2,3,6,56417,0.000,24330240,52701,0.000,8814592,0.000
2026-09-06T00:26:13.453081,http,2,3,7,56417,0.000,24330240,52701,0.000,8814592,0.000
2026-09-06T00:26:13.653332,http,2,3,8,56417,0.000,24330240,52701,0.000,8814592,0.000
2026-09-06T00:26:13.853663,http,2,3,9,56417,0.000,24330240,52701,0.000,8814592,0.000
2026-09-06T00:26:14.053946,http,2,3,10,56417,0.000,24346624,52701,0.000,8814592,0.000
2026-09-06T00:26:14.254220,http,2,3,11,56417,0.000,24346624,52701,0.000,8814592,0.000
2026-09-06T00:26:14.454505,http,2,3,12,56417,0.000,24346624,52701,0.000,8814592,1.200
2026-09-06T00:26:14.654795,http,2,3,13,56417,0.000,24346624,52701,0.000,8814592,0.000
2026-09-06T00:26:14.855136,http,2,3,14,56417,0.000,24346624,52701,0.000,8814592,0.000
2026-09-06T00:26:15.055416,http,2,3,15,56417,0.000,24346624,52701,0.000,8814592,0.000
2026-09-06T00:26:15.255671,http,2,3,16,56417,0.000,24346624,52701,0.000,8814592,0.000
2026-09-06T00:26:15.455928,http,2,3,17,56417,0.000,24346624,52701,0.000,8814592,0.000
2026-09-06T00:26:15.656177,http,2,3,18,56417,0.000,24346624,52701,0.000,8814592,0.000
2026-09-06T00:26:15.856520,http,2,3,19,56417,0.000,24346624,52701,0.000,8814592,0.000
2026-09-06T00:26:16.056799,http,2,3,20,56417,0.000,24346624,52701,0.000,8814592,0.000
2026-09-06T00:26:16.257049,http,2,3,21,56417,0.000,24346624,52701,0.000,8814592,0.000
2026-09-06T00:26:16.457299,http,2,3,22,56417,0.000,24346624,52701,0.000,8814592,0.000
2026-09-06T00:26:16.657542,http,2,3,23,56417,0.000,24346624,52701,0.000,8814592,0.000
2026-09-06T00:26:16.857876,http,2,3,24,56417,0.000,24346624,52701,0.000,8814592,0.000
2026-09-06T00:26:17.058156,http,2,3,25,56417,0.000,24346624,52701,0.000,8814592,0.000
2026-09-06T00:26:17.258504,http,2,3,26,56417,0.000,24346624,52701,0.000,8814592,0.000
2026-09-06T00:26:17.458877,http,2,3,27,56417,0.000,24346624,52701,0.000,8814592,1.200
2026-09-06T00:26:17.659239,http,2,3,28,56417,0.000,24346624,52701,0.000,8814592,0.000
2026-09-06T00:26:17.859689,http,2,3,29,56417,0.000,24346624,52701,0.000,8814592,0.000
2026-09-06T00:26:18.060087,http,2,3,30,56417,0.000,24346624,52701,0.000,8814592,0.000
2026-09-06T00:26:18.260451,http,2,3,31,56417,0.000,24346624,52701,0.000,8814592,0.000
2026-09-06T00:26:18.460815,http,2,3,32,56417,5.000,24346624,52701,0.000,8814592,0.000
2026-09-06T00:26:18.661169,http,2,3,33,56417,0.000,24346624,52701,0.000,8814592,0.000
2026-09-06T00:26:18.861619,http,2,3,34,56417,0.000,24346624,52701,0.000,8814592,0.000
2026-09-06T00:26:19.062017,http,2,3,35,56417,0.000,24346624,52701,0.000,8814592,0.000
2026-09-06T00:26:19.262376,http,2,3,36,56417,0.000,24346624,52701,0.000,8814592,0.000
2026-09-06T00:26:19.462739,http,2,3,37,56417,0.000,24346624,52701,0.000,8814592,0.000
2026-09-06T00:26:19.663094,http,2,3,38,56417,0.000,24363008,52701,0.000,8814592,1.200
2026-09-06T00:26:19.863554,http,2,3,39,56417,0.000,24363008,52701,0.000,8814592,0.000
2026-09-06T00:26:20.063975,http,2,3,40,56417,0.000,24363008,52701,0.000,8814592,0.000
2026-09-06T00:26:20.264366,http,2,3,41,56417,0.000,24363008,52701,0.000,8814592,0.000
2026-09-06T00:26:20.464757,http,2,3,42,56417,0.000,24363008,52701,0.000,8814592,0.000
2026-09-06T00:26:20.665153,http,2,3,43,56417,0.000,24363008,52701,0.000,8814592,0.000
2026-09-06T00:26:20.865650,http,2,3,44,56417,0.000,24363008,52701,0.000,8814592,0.000
2026-09-06T00:26:21.066107,http,2,3,45,56417,0.000,24363008,52701,0.000,8814592,0.000
2026-09-06T00:26:21.266530,http,2,3,46,56417,0.000,24363008,52701,0.000,8814592,0.000
2026-09-06T00:26:21.466954,http,2,3,47,56417,0.000,24363008,52701,0.000,8814592,0.000
2026-09-06T00:26:21.667361,http,2,3,48,56417,0.000,24363008,52701,0.000,8814592,1.200
2026-09-06T00:26:21.867869,http,2,3,49,56417,0.000,24363008,52701,0.000,8814592,0.000
2026-09-06T00:26:22.068328,http,2,3,50,56417,0.000,24363008,52701,0.000,8814592,0.000
2026-09-06T00:26:22.268742,http,2,3,51,56417,0.000,24363008,52701,0.000,8814592,0.000
2026-09-06T00:26:22.469135,http,2,3,52,56417,0.000,24363008,52701,0.000,8814592,0.000
2026-09-06T00:26:22.669537,http,2,3,53,56417,0.000,24363008,52701,0.000,8814592,1.200
2026-09-06T00:26:22.870034,http,2,3,54,56417,0.000,24363008,52701,0.000,8814592,0.000
2026-09-06T00:26:23.070490,http,2,3,55,56417,0.000,24363008,52701,0.000,8814592,0.000
2026-09-06T00:26:23.270930,http,2,3,56,56417,5.000,24363008,52701,0.000,8814592,0.000
2026-09-06T00:26:23.471333,http,2,3,57,56417,0.000,24363008,52701,0.000,8814592,0.000
2026-09-06T00:26:23.671742,http,2,3,58,56417,0.000,24363008,52701,0.000,8814592,0.000
2026-09-06T00:26:23.872203,http,2,3,59,56417,0.000,24363008,52701,0.000,8814592,0.000
2026-09-06T00:26:24.072633,http,2,3,60,56417,0.000,24363008,52701,0.000,8814592,0.000
2026-09-06T00:26:24.273048,http,2,3,61,56417,0.000,24363008,52701,0.000,8814592,1.200
2026-09-06T00:26:24.473441,http,2,3,62,56417,0.000,24363008,52701,0.000,8814592,0.000
2026-09-06T00:26:24.673837,http,2,3,63,56417,0.000,24363008,52701,0.000,8814592,0.000
2026-09-06T00:26:24.874326,http,2,3,64,56417,0.000,24363008,52701,0.000,8814592,0.000
2026-09-06T00:26:25.074787,http,2,3,65,56417,0.000,24363008,52701,0.000,8814592,0.000
2026-09-06T00:26:25.275208,http,2,3,66,56417,0.000,24363008,52701,0.000,8814592,0.000
2026-09-06T00:26:25.475620,http,2,3,67,56417,0.000,24363008,52701,0.000,8814592,0.000
2026-09-06T00:26:25.676024,http,2,3,68,56417,0.000,24363008,52701,0.000,8814592,0.000
2026-09-06T00:26:25.876495,http,2,3,69,56417,0.000,24363008,52701,0.000,8814592,0.000
2026-09-06T00:26:26.076925,http,2,3,70,56417,0.000,24363008,52701,0.000,8814592,0.000
2026-09-06T00:26:26.277333,http,2,3,71,56417,0.000,24363008,52701,0.000,8814592,0.000
2026-09-06T00:26:26.477740,http,2,3,72,56417,0.000,24379392,52701,0.000,8814592,0.000
2026-09-06T00:26:26.678132,http,2,3,73,56417,0.000,24379392,52701,0.000,8814592,0.000
2026-09-06T00:26:26.878601,http,2,3,74,56417,0.000,24379392,52701,0.000,8814592,2.400
2026-09-06T00:26:27.079050,http,2,3,75,56417,0.000,24379392,52701,0.000,8814592,1.200
2026-09-06T00:26:27.279461,http,2,3,76,56417,0.000,24379392,52701,0.000,8814592,0.000
2026-09-06T00:26:27.479876,http,2,3,77,56417,0.000,24379392,52701,0.000,8814592,0.000
2026-09-06T00:26:27.680277,http,2,3,78,56417,0.000,24379392,52701,0.000,8814592,0.000
2026-09-06T00:26:27.880802,http,2,3,79,56417,0.000,24379392,52701,0.000,8814592,0.000
2026-09-06T00:26:28.081294,http,2,3,80,56417,5.000,24379392,52701,0.000,8814592,0.000
2026-09-06T00:26:28.281735,http,2,3,81,56417,0.000,24395776,52701,0.000,8814592,0.000
2026-09-06T00:26:28.482153,http,2,3,82,56417,0.000,24395776,52701,0.000,8814592,0.000
2026-09-06T00:26:28.682560,http,2,3,83,56417,0.000,24395776,52701,0.000,8814592,0.000
2026-09-06T00:26:28.883038,http,2,3,84,56417,0.000,24395776,52701,0.000,8814592,0.000
2026-09-06T00:26:29.083446,http,2,3,85,56417,0.000,24395776,52701,0.000,8814592,0.000
2026-09-06T00:26:29.283838,http,2,3,86,56417,0.000,24395776,52701,0.000,8814592,0.000
2026-09-06T00:26:29.484232,http,2,3,87,56417,0.000,24395776,52701,0.000,8814592,0.000
2026-09-06T00:26:29.684626,http,2,3,88,56417,0.000,24395776,52701,0.000,8814592,0.000
2026-09-06T00:26:29.885106,http,2,3,89,56417,0.000,24395776,52701,0.000,8814592,1.200
2026-09-06T00:26:30.085547,http,2,3,90,56417,0.000,24395776,52701,0.000,8814592,0.000
2026-09-06T00:26:30.285962,http,2,3,91,56417,0.000,24395776,52701,0.000,8814592,0.000
2026-09-06T00:26:30.486363,http,2,3,92,56417,0.000,24395776,52701,0.000,8814592,0.000
2026-09-06T00:26:30.686777,http,2,3,93,56417,0.000,24395776,52701,0.000,8814592,0.000
2026-09-06T00:26:30.887252,http,2,3,94,56417,0.000,24395776,52701,0.000,8814592,1.200
2026-09-06T00:26:31.087669,http,2,3,95,56417,0.000,24395776,52701,0.000,8814592,0.000
2026-09-06T00:26:31.288056,http,2,3,96,56417,0.000,24395776,52701,0.000,8814592,0.000
2026-09-06T00:26:31.488445,http,2,3,97,56417,0.000,24395776,52701,0.000,8814592,0.000
2026-09-06T00:26:31.688834,http,2,3,98,56417,0.000,24395776,52701,0.000,8814592,0.000
2026-09-06T00:26:31.889314,http,2,3,99,56417,0.000,24395776,52701,0.000,8814592,0.000
2026-09-06T00:26:32.089762,http,2,3,100,56417,0.000,24395776,52701,0.000,8814592,0.000
2026-09-06T00:26:32.290179,http,2,3,101,56417,0.000,24395776,52701,0.000,8814592,0.000
2026-09-06T00:26:32.490585,http,2,3,102,56417,0.000,24395776,52701,0.000,8814592,0.000
2026-09-06T00:26:32.690993,http,2,3,103,56417,0.000,24395776,52701,0.000,8814592,0.000
2026-09-06T00:26:32.891463,http,2,3,104,56417,0.000,24395776,52701,0.000,8814592,0.000
2026-09-06T00:26:33.091882,http,2,3,105,56417,0.000,24395776,52701,0.000,8814592,0.000
2026-09-06T00:26:33.292294,http,2,3,106,56417,0.000,24395776,52701,0.000,8814592,0.000
2026-09-06T00:26:33.492698,http,2,3,107,56417,0.000,24395776,52701,0.000,8814592,0.000
2026-09-06T00:26:33.693100,http,2,3,108,56417,0.000,24395776,52701,0.000,8814592,0.000
2026-09-06T00:26:33.893615,http,2,3,109,56417,0.000,24395776,52701,0.000,8814592,0.000
2026-09-06T00:26:34.094070,http,2,3,110,56417,5.000,24395776,52701,0.000,8814592,0.000
2026-09-06T00:26:34.294488,http,2,3,111,56417,0.000,24395776,52701,0.000,8814592,0.000
2026-09-06T00:26:34.494916,http,2,3,112,56417,0.000,24395776,52701,0.000,8814592,0.000
2026-09-06T00:26:34.695317,http,2,3,113,56417,0.000,24395776,52701,0.000,8814592,0.000
2026-09-06T00:26:34.895777,http,2,3,114,56417,0.000,24395776,52701,0.000,8814592,0.000
2026-09-06T00:26:35.096193,http,2,3,115,56417,0.000,24395776,52701,0.000,8814592,0.000
2026-09-06T00:26:35.296590,http,2,3,116,56417,0.000,24395776,52701,0.000,8814592,0.000
2026-09-06T00:26:35.496977,http,2,3,117,56417,0.000,24395776,52701,0.000,8814592,0.000
2026-09-06T00:26:35.697366,http,2,3,118,56417,0.000,24395776,52701,0.000,8814592,0.000
2026-09-06T00:26:35.897851,http,2,3,119,56417,0.000,24395776,52701,0.000,8814592,0.000
2026-09-06T00:26:36.098299,http,2,3,120,56417,0.000,24395776,52701,0.000,8814592,0.000
2026-09-06T00:26:36.298719,http,2,3,121,56417,0.000,24395776,52701,0.000,8814592,1.200
2026-09-06T00:26:36.499142,http,2,3,122,56417,0.000,24395776,52701,0.000,8814592,0.000
2026-09-06T00:26:36.699544,http,2,3,123,56417,0.000,24395776,52701,0.000,8814592,0.000
2026-09-06T00:26:36.900011,http,2,3,124,56417,0.000,24395776,52701,0.000,8814592,0.000
2026-09-06T00:26:37.100431,http,2,3,125,56417,0.000,24395776,52701,0.000,8814592,0.000
2026-09-06T00:26:37.300835,http,2,3,126,56417,0.000,24395776,52701,0.000,8814592,0.000
2026-09-06T00:26:37.501230,http,2,3,127,56417,0.000,24395776,52701,0.000,8814592,1.200
2026-09-06T00:26:37.701612,http,2,3,128,56417,0.000,24395776,52701,0.000,8814592,0.000
2026-09-06T00:26:37.902098,http,2,3,129,56417,0.000,24395776,52701,0.000,8814592,0.000
2026-09-06T00:26:38.102548,http,2,3,130,56417,0.000,24412160,52701,0.000,8814592,0.000
2026-09-06T00:26:38.302982,http,2,3,131,56417,0.000,24412160,52701,0.000,8814592,1.200
2026-09-06T00:26:38.503410,http,2,3,132,56417,0.000,24412160,52701,0.000,8814592,0.000
2026-09-06T00:26:38.703819,http,2,3,133,56417,0.000,24412160,52701,0.000,8814592,0.000
2026-09-06T00:26:38.904287,http,2,3,134,56417,0.000,24428544,52701,0.000,8814592,0.000
2026-09-06T00:26:39.104713,http,2,3,135,56417,0.000,24444928,52701,0.000,8814592,0.000
2026-09-06T00:26:39.305115,http,2,3,136,56417,0.000,24444928,52701,0.000,8814592,0.000
2026-09-06T00:26:39.505510,http,2,3,137,56417,0.000,24444928,52701,0.000,8814592,0.000
2026-09-06T00:26:39.705894,http,2,3,138,56417,0.000,24444928,52701,0.000,8814592,0.000
2026-09-06T00:26:39.906388,http,2,3,139,56417,0.000,24444928,52701,0.000,8814592,0.000
2026-09-06T00:26:40.106864,http,2,3,140,56417,0.000,24444928,52701,0.000,8814592,0.000
2026-09-06T00:26:40.307282,http,2,3,141,56417,0.000,24444928,52701,0.000,8814592,0.000
2026-09-06T00:26:40.507692,http,2,3,142,56417,0.000,24444928,52701,0.000,8814592,0.000
2026-09-06T00:26:40.708098,http,2,3,143,56417,0.000,24444928,52701,0.000,8814592,0.000
2026-09-06T00:26:40.908564,http,2,3,144,56417,5.000,24444928,52701,0.000,8814592,0.000
2026-09-06T00:26:41.108988,http,2,3,145,56417,0.000,24444928,52701,0.000,8814592,0.000
2026-09-06T00:26:41.309394,http,2,3,146,56417,0.000,24444928,52701,0.000,8814592,0.000
2026-09-06T00:26:41.509799,http,2,3,147,56417,0.000,24444928,52701,0.000,8814592,0.000
2026-09-06T00:26:41.710189,http,2,3,148,56417,0.000,24444928,52701,0.000,8814592,0.000
2026-09-06T00:26:41.910656,http,2,3,149,56417,0.000,24444928,52701,0.000,8814592,0.000
2026-09-06T00:26:42.111101,http,2,3,150,56417,0.000,24444928,52701,0.000,8814592,1.200
2026-09-06T00:26:42.311508,http,2,3,151,56417,0.000,24444928,52701,0.000,8814592,0.000
2026-09-06T00:26:42.511911,http,2,3,152,56417,0.000,24444928,52701,0.000,8814592,0.000
2026-09-06T00:26:42.712308,http,2,3,153,56417,0.000,24444928,52701,0.000,8814592,0.000
2026-09-06T00:26:42.912775,http,2,3,154,56417,0.000,24444928,52701,0.000,8814592,0.000
2026-09-06T00:26:43.113211,http,2,3,155,56417,0.000,24444928,52701,0.000,8814592,0.000
2026-09-06T00:26:43.313619,http,2,3,156,56417,0.000,24444928,52701,0.000,8814592,0.000
2026-09-06T00:26:43.514018,http,2,3,157,56417,0.000,24444928,52701,0.000,8814592,0.000
2026-09-06T00:26:43.714430,http,2,3,158,56417,0.000,24444928,52701,0.000,8814592,0.000
2026-09-06T00:26:43.914914,http,2,3,159,56417,0.000,24444928,52701,0.000,8814592,1.200
2026-09-06T00:26:44.115327,http,2,3,160,56417,0.000,24444928,52701,0.000,8814592,0.000
2026-09-06T00:26:44.315715,http,2,3,161,56417,0.000,24444928,52701,0.000,8814592,0.000
2026-09-06T00:26:44.516106,http,2,3,162,56417,0.000,24444928,52701,0.000,8814592,0.000
2026-09-06T00:26:44.716504,http,2,3,163,56417,0.000,24444928,52701,0.000,8814592,0.000
2026-09-06T00:26:44.916994,http,2,3,164,56417,0.000,24444928,52701,0.000,8814592,0.000
2026-09-06T00:26:45.117445,http,2,3,165,56417,0.000,24444928,52701,0.000,8814592,0.000
2026-09-06T00:26:45.317859,http,2,3,166,56417,0.000,24444928,52701,0.000,8814592,0.000
2026-09-06T00:26:45.518263,http,2,3,167,56417,0.000,24444928,52701,0.000,8814592,0.000
2026-09-06T00:26:45.718659,http,2,3,168,56417,5.000,24444928,52701,0.000,8814592,0.000
2026-09-06T00:26:45.919148,http,2,3,169,56417,0.000,24444928,52701,0.000,8814592,0.000
2026-09-06T00:26:46.119580,http,2,3,170,56417,0.000,24444928,52701,0.000,8814592,0.000
2026-09-06T00:26:46.319975,http,2,3,171,56417,0.000,24444928,52701,0.000,8814592,0.000
2026-09-06T00:26:46.520371,http,2,3,172,56417,0.000,24444928,52701,0.000,8814592,0.000
2026-09-06T00:26:46.720777,http,2,3,173,56417,0.000,24444928,52701,0.000,8814592,0.000
2026-09-06T00:26:46.921268,http,2,3,174,56417,0.000,24444928,52701,0.000,8814592,0.000
2026-09-06T00:26:47.121720,http,2,3,175,56417,0.000,24444928,52701,0.000,8814592,1.200
2026-09-06T00:26:47.322133,http,2,3,176,56417,0.000,24444928,52701,0.000,8814592,0.000
2026-09-06T00:26:47.522535,http,2,3,177,56417,0.000,24444928,52701,0.000,8814592,0.000
2026-09-06T00:26:47.722943,http,2,3,178,56417,0.000,24444928,52701,0.000,8814592,0.000
2026-09-06T00:26:47.923418,http,2,3,179,56417,0.000,24444928,52701,0.000,8814592,0.000
2026-09-06T00:26:48.123854,http,2,3,180,56417,0.000,24444928,52701,0.000,8814592,0.000
2026-09-06T00:26:48.324262,http,2,3,181,56417,0.000,24444928,52701,0.000,8814592,0.000
2026-09-06T00:26:48.524656,http,2,3,182,56417,0.000,24444928,52701,0.000,8814592,0.000
2026-09-06T00:26:48.725055,http,2,3,183,56417,0.000,24444928,52701,0.000,8814592,0.000
2026-09-06T00:26:48.925555,http,2,3,184,56417,0.000,24444928,52701,0.000,8814592,0.000
2026-09-06T00:26:49.126006,http,2,3,185,56417,0.000,24444928,52701,0.000,8814592,0.000
2026-09-06T00:26:49.326424,http,2,3,186,56417,0.000,24444928,52701,0.000,8814592,0.000
2026-09-06T00:26:49.526847,http,2,3,187,56417,0.000,24444928,52701,0.000,8814592,1.200
2026-09-06T00:26:49.727250,http,2,3,188,56417,0.000,24444928,52701,0.000,8814592,0.000
2026-09-06T00:26:49.927709,http,2,3,189,56417,0.000,24444928,52701,0.000,8814592,0.000
2026-09-06T00:26:50.128127,http,2,3,190,56417,0.000,24444928,52701,0.000,8814592,0.000
2026-09-06T00:26:50.328531,http,2,3,191,56417,0.000,24444928,52701,0.000,8814592,0.000
2026-09-06T00:26:50.528922,http,2,3,192,56417,5.000,24444928,52701,0.000,8814592,0.000
2026-09-06T00:26:50.729313,http,2,3,193,56417,0.000,24444928,52701,0.000,8814592,1.200
2026-09-06T00:26:50.929793,http,2,3,194,56417,0.000,24444928,52701,0.000,8814592,0.000
2026-09-06T00:26:51.130233,http,2,3,195,56417,0.000,24444928,52701,0.000,8814592,0.000
2026-09-06T00:26:51.330651,http,2,3,196,56417,0.000,24444928,52701,0.000,8814592,0.000
2026-09-06T00:26:51.531051,http,2,3,197,56417,0.000,24444928,52701,0.000,8814592,0.000
2026-09-06T00:26:51.731452,http,2,3,198,56417,0.000,24444928,52701,0.000,8814592,0.000
2026-09-06T00:26:51.931950,http,2,3,199,56417,0.000,24444928,52701,0.000,8814592,0.000
2026-09-06T00:26:52.132403,http,2,3,200,56417,0.000,24444928,52701,0.000,8814592,0.000
2026-09-06T00:26:52.332824,http,2,3,201,56417,0.000,24444928,52701,0.000,8814592,0.000
2026-09-06T00:26:52.533226,http,2,3,202,56417,0.000,24444928,52701,0.000,8814592,0.000
2026-09-06T00:26:52.733618,http,2,3,203,56417,0.000,24444928,52701,0.000,8814592,0.000
2026-09-06T00:26:52.934100,http,2,3,204,56417,0.000,24444928,52701,0.000,8814592,0.000
2026-09-06T00:26:53.134546,http,2,3,205,56417,0.000,24444928,52701,0.000,8814592,0.000
2026-09-06T00:26:53.334984,http,2,3,206,56417,0.000,24444928,52701,0.000,8814592,0.000
2026-09-06T00:26:53.535394,http,2,3,207,56417,0.000,24444928,52701,0.000,8814592,0.000
2026-09-06T00:26:53.735794,http,2,3,208,56417,0.000,24444928,52701,0.000,8814592,0.000
2026-09-06T00:26:53.936259,http,2,3,209,56417,0.000,24444928,52701,0.000,8814592,0.000
2026-09-06T00:26:54.136695,http,2,3,210,56417,0.000,24444928,52701,0.000,8814592,0.000
2026-09-06T00:26:54.337106,http,2,3,211,56417,0.000,24444928,52701,0.000,8814592,0.000
2026-09-06T00:26:54.537511,http,2,3,212,56417,0.000,24444928,52701,0.000,8814592,0.000
2026-09-06T00:26:54.737919,http,2,3,213,56417,0.000,24444928,52701,0.000,8814592,0.000
2026-09-06T00:26:54.938389,http,2,3,214,56417,0.000,24444928,52701,0.000,8814592,0.000
2026-09-06T00:26:55.138829,http,2,3,215,56417,0.000,24444928,52701,0.000,8814592,1.200
2026-09-06T00:26:55.339220,http,2,3,216,56417,0.000,24444928,52701,0.000,8814592,0.000
2026-09-06T00:26:55.539625,http,2,3,217,56417,0.000,24444928,52701,0.000,8814592,0.000
2026-09-06T00:26:55.740009,http,2,3,218,56417,0.000,24444928,52701,0.000,8814592,0.000
2026-09-06T00:26:55.940477,http,2,3,219,56417,10.000,24444928,52701,0.000,8814592,0.000
2026-09-06T00:26:56.140892,http,2,3,220,56417,0.000,24444928,52701,0.000,8814592,0.000
2026-09-06T00:26:56.341401,http,2,3,221,56417,10.000,0,52701,0.000,8814592,3.700
2026-09-06T00:26:59.543759,mqtt_qos1,3,1,1,56418,44.900,24477696,52701,0.000,8814592,12.700
2026-09-06T00:26:59.744054,mqtt_qos1,3,1,2,56418,0.000,24477696,52701,0.000,8814592,0.000
2026-09-06T00:26:59.944370,mqtt_qos1,3,1,3,56418,0.000,24477696,52701,0.000,8814592,0.000
2026-09-06T00:27:00.144626,mqtt_qos1,3,1,4,56418,0.000,24477696,52701,0.000,8814592,0.000
2026-09-06T00:27:00.344859,mqtt_qos1,3,1,5,56418,0.000,24477696,52701,0.000,8814592,0.000
2026-09-06T00:27:00.545129,mqtt_qos1,3,1,6,56418,0.000,24543232,52701,0.000,8814592,0.000
2026-09-06T00:27:00.745399,mqtt_qos1,3,1,7,56418,0.000,24543232,52701,0.000,8814592,0.000
2026-09-06T00:27:00.945755,mqtt_qos1,3,1,8,56418,0.000,24543232,52701,0.000,8814592,0.000
2026-09-06T00:27:01.146074,mqtt_qos1,3,1,9,56418,0.000,24543232,52701,0.000,8814592,0.000
2026-09-06T00:27:01.346367,mqtt_qos1,3,1,10,56418,0.000,24543232,52701,0.000,8814592,0.000
2026-09-06T00:27:01.546654,mqtt_qos1,3,1,11,56418,5.000,24543232,52701,0.000,8814592,0.000
2026-09-06T00:27:01.746933,mqtt_qos1,3,1,12,56418,0.000,24543232,52701,0.000,8814592,0.000
2026-09-06T00:27:01.947281,mqtt_qos1,3,1,13,56418,0.000,24543232,52701,0.000,8814592,0.000
2026-09-06T00:27:02.147590,mqtt_qos1,3,1,14,56418,0.000,24543232,52701,0.000,8814592,0.000
2026-09-06T00:27:02.347870,mqtt_qos1,3,1,15,56418,0.000,24543232,52701,0.000,8814592,0.000
2026-09-06T00:27:02.548145,mqtt_qos1,3,1,16,56418,0.000,24543232,52701,0.000,8814592,0.000
2026-09-06T00:27:02.748411,mqtt_qos1,3,1,17,56418,0.000,24543232,52701,0.000,8814592,0.000
2026-09-06T00:27:02.948766,mqtt_qos1,3,1,18,56418,0.000,24543232,52701,0.000,8814592,0.000
2026-09-06T00:27:03.149082,mqtt_qos1,3,1,19,56418,0.000,24543232,52701,5.000,8814592,1.200
2026-09-06T00:27:03.349361,mqtt_qos1,3,1,20,56418,0.000,24543232,52701,0.000,8814592,0.000
2026-09-06T00:27:03.549626,mqtt_qos1,3,1,21,56418,0.000,24543232,52701,0.000,8814592,0.000
2026-09-06T00:27:03.749898,mqtt_qos1,3,1,22,56418,0.000,24559616,52701,0.000,8814592,0.000
2026-09-06T00:27:03.950278,mqtt_qos1,3,1,23,56418,0.000,24559616,52701,0.000,8814592,0.000
2026-09-06T00:27:04.150598,mqtt_qos1,3,1,24,56418,0.000,24559616,52701,0.000,8814592,0.000
2026-09-06T00:27:04.350895,mqtt_qos1,3,1,25,56418,0.000,24559616,52701,0.000,8814592,1.200
2026-09-06T00:27:04.551281,mqtt_qos1,3,1,26,56418,0.000,24559616,52701,0.000,8814592,0.000
2026-09-06T00:27:04.751691,mqtt_qos1,3,1,27,56418,0.000,24559616,52701,0.000,8814592,0.000
2026-09-06T00:27:04.952157,mqtt_qos1,3,1,28,56418,0.000,24559616,52701,0.000,8814592,0.000
2026-09-06T00:27:05.152557,mqtt_qos1,3,1,29,56418,0.000,24559616,52701,0.000,8814592,0.000
2026-09-06T00:27:05.352944,mqtt_qos1,3,1,30,56418,0.000,24559616,52701,0.000,8814592,0.000
2026-09-06T00:27:05.553339,mqtt_qos1,3,1,31,56418,0.000,24559616,52701,0.000,8814592,1.200
2026-09-06T00:27:05.753736,mqtt_qos1,3,1,32,56418,0.000,24559616,52701,0.000,8814592,0.000
2026-09-06T00:27:05.954195,mqtt_qos1,3,1,33,56418,0.000,24559616,52701,0.000,8814592,0.000
2026-09-06T00:27:06.154605,mqtt_qos1,3,1,34,56418,0.000,24559616,52701,0.000,8814592,0.000
2026-09-06T00:27:06.355013,mqtt_qos1,3,1,35,56418,0.000,24559616,52701,0.000,8814592,0.000
2026-09-06T00:27:06.555406,mqtt_qos1,3,1,36,56418,0.000,24559616,52701,0.000,8814592,0.000
2026-09-06T00:27:06.755798,mqtt_qos1,3,1,37,56418,0.000,24559616,52701,0.000,8814592,0.000
2026-09-06T00:27:06.956268,mqtt_qos1,3,1,38,56418,0.000,24559616,52701,0.000,8814592,0.000
2026-09-06T00:27:07.156696,mqtt_qos1,3,1,39,56418,0.000,24559616,52701,0.000,8814592,0.000
2026-09-06T00:27:07.357103,mqtt_qos1,3,1,40,56418,0.000,24559616,52701,0.000,8814592,0.000
2026-09-06T00:27:07.557518,mqtt_qos1,3,1,41,56418,0.000,24559616,52701,0.000,8814592,0.000
2026-09-06T00:27:07.757910,mqtt_qos1,3,1,42,56418,0.000,24559616,52701,0.000,8814592,0.000
2026-09-06T00:27:07.958374,mqtt_qos1,3,1,43,56418,0.000,24559616,52701,0.000,8814592,0.000
2026-09-06T00:27:08.158814,mqtt_qos1,3,1,44,56418,0.000,24559616,52701,0.000,8814592,0.000
2026-09-06T00:27:08.359219,mqtt_qos1,3,1,45,56418,0.000,24559616,52701,0.000,8814592,1.200
2026-09-06T00:27:08.559610,mqtt_qos1,3,1,46,56418,0.000,24559616,52701,0.000,8814592,0.000
2026-09-06T00:27:08.759999,mqtt_qos1,3,1,47,56418,0.000,24559616,52701,0.000,8814592,0.000
2026-09-06T00:27:08.960462,mqtt_qos1,3,1,48,56418,0.000,24559616,52701,0.000,8814592,0.000
2026-09-06T00:27:09.160896,mqtt_qos1,3,1,49,56418,0.000,24559616,52701,0.000,8814592,0.000
2026-09-06T00:27:09.361296,mqtt_qos1,3,1,50,56418,0.000,24559616,52701,0.000,8814592,0.000
2026-09-06T00:27:09.561675,mqtt_qos1,3,1,51,56418,0.000,24559616,52701,0.000,8814592,0.000
2026-09-06T00:27:09.762058,mqtt_qos1,3,1,52,56418,0.000,24559616,52701,0.000,8814592,0.000
2026-09-06T00:27:09.962571,mqtt_qos1,3,1,53,56418,5.000,24576000,52701,0.000,8814592,0.000
2026-09-06T00:27:10.163020,mqtt_qos1,3,1,54,56418,0.000,24576000,52701,0.000,8814592,1.200
2026-09-06T00:27:10.363410,mqtt_qos1,3,1,55,56418,0.000,24576000,52701,0.000,8814592,0.000
2026-09-06T00:27:10.563800,mqtt_qos1,3,1,56,56418,0.000,24576000,52701,0.000,8814592,0.000
2026-09-06T00:27:10.764187,mqtt_qos1,3,1,57,56418,0.000,24576000,52701,0.000,8814592,0.000
2026-09-06T00:27:10.964644,mqtt_qos1,3,1,58,56418,0.000,24576000,52701,0.000,8814592,0.000
2026-09-06T00:27:11.165042,mqtt_qos1,3,1,59,56418,0.000,24576000,52701,0.000,8814592,0.000
2026-09-06T00:27:11.365428,mqtt_qos1,3,1,60,56418,5.000,24576000,52701,0.000,8814592,0.000
2026-09-06T00:27:11.565810,mqtt_qos1,3,1,61,56418,0.000,24576000,52701,0.000,8814592,0.000
2026-09-06T00:27:11.766200,mqtt_qos1,3,1,62,56418,0.000,24576000,52701,0.000,8814592,2.400
2026-09-06T00:27:11.966654,mqtt_qos1,3,1,63,56418,0.000,24576000,52701,0.000,8814592,0.000
2026-09-06T00:27:12.167045,mqtt_qos1,3,1,64,56418,0.000,24576000,52701,0.000,8814592,0.000
2026-09-06T00:27:12.367429,mqtt_qos1,3,1,65,56418,0.000,24576000,52701,0.000,8814592,0.000
2026-09-06T00:27:12.567817,mqtt_qos1,3,1,66,56418,0.000,24576000,52701,0.000,8814592,0.000
2026-09-06T00:27:12.768203,mqtt_qos1,3,1,67,56418,0.000,24592384,52701,0.000,8814592,0.000
2026-09-06T00:27:12.968654,mqtt_qos1,3,1,68,56418,0.000,24592384,52701,0.000,8814592,0.000
2026-09-06T00:27:13.169068,mqtt_qos1,3,1,69,56418,0.000,24592384,52701,0.000,8814592,0.000
2026-09-06T00:27:13.369466,mqtt_qos1,3,1,70,56418,0.000,24592384,52701,0.000,8814592,0.000
2026-09-06T00:27:13.569856,mqtt_qos1,3,1,71,56418,0.000,24592384,52701,0.000,8814592,0.000
2026-09-06T00:27:13.770234,mqtt_qos1,3,1,72,56418,0.000,24592384,52701,0.000,8814592,0.000
2026-09-06T00:27:13.970707,mqtt_qos1,3,1,73,56418,0.000,24592384,52701,0.000,8814592,0.000
2026-09-06T00:27:14.171149,mqtt_qos1,3,1,74,56418,0.000,24592384,52701,0.000,8814592,0.000
2026-09-06T00:27:14.371550,mqtt_qos1,3,1,75,56418,0.000,24592384,52701,0.000,8814592,0.000
2026-09-06T00:27:14.571940,mqtt_qos1,3,1,76,56418,0.000,24592384,52701,0.000,8814592,0.000
2026-09-06T00:27:14.772325,mqtt_qos1,3,1,77,56418,0.000,24592384,52701,0.000,8814592,0.000
2026-09-06T00:27:14.972785,mqtt_qos1,3,1,78,56418,0.000,24592384,52701,0.000,8814592,0.000
2026-09-06T00:27:15.173213,mqtt_qos1,3,1,79,56418,0.000,24592384,52701,0.000,8814592,0.000
2026-09-06T00:27:15.373618,mqtt_qos1,3,1,80,56418,0.000,24592384,52701,0.000,8814592,1.200
2026-09-06T00:27:15.574015,mqtt_qos1,3,1,81,56418,0.000,24592384,52701,0.000,8814592,0.000
2026-09-06T00:27:15.774402,mqtt_qos1,3,1,82,56418,0.000,24592384,52701,0.000,8814592,0.000
2026-09-06T00:27:15.974886,mqtt_qos1,3,1,83,56418,0.000,24592384,52701,0.000,8814592,1.200
2026-09-06T00:27:16.175293,mqtt_qos1,3,1,84,56418,0.000,24592384,52701,0.000,8814592,0.000
2026-09-06T00:27:16.375688,mqtt_qos1,3,1,85,56418,0.000,24592384,52701,0.000,8814592,0.000
2026-09-06T00:27:16.576071,mqtt_qos1,3,1,86,56418,0.000,24592384,52701,0.000,8814592,0.000
2026-09-06T00:27:16.776462,mqtt_qos1,3,1,87,56418,0.000,24592384,52701,0.000,8814592,0.000
2026-09-06T00:27:16.976914,mqtt_qos1,3,1,88,56418,0.000,24592384,52701,0.000,8814592,0.000
2026-09-06T00:27:17.177312,mqtt_qos1,3,1,89,56418,0.000,24592384,52701,0.000,8814592,0.000
2026-09-06T00:27:17.377692,mqtt_qos1,3,1,90,56418,0.000,24592384,52701,0.000,8814592,0.000
2026-09-06T00:27:17.578074,mqtt_qos1,3,1,91,56418,0.000,24592384,52701,0.000,8814592,0.000
2026-09-06T00:27:17.778459,mqtt_qos1,3,1,92,56418,0.000,24592384,52701,0.000,8814592,0.000
2026-09-06T00:27:17.978933,mqtt_qos1,3,1,93,56418,0.000,24592384,52701,0.000,8814592,0.000
2026-09-06T00:27:18.179337,mqtt_qos1,3,1,94,56418,0.000,24592384,52701,0.000,8814592,0.000
2026-09-06T00:27:18.379750,mqtt_qos1,3,1,95,56418,0.000,24608768,52701,0.000,8814592,0.000
2026-09-06T00:27:18.580145,mqtt_qos1,3,1,96,56418,0.000,24608768,52701,0.000,8814592,0.000
2026-09-06T00:27:18.780537,mqtt_qos1,3,1,97,56418,0.000,24608768,52701,0.000,8814592,0.000
2026-09-06T00:27:18.980957,mqtt_qos1,3,1,98,56418,0.000,24608768,52701,0.000,8814592,0.000
2026-09-06T00:27:19.181356,mqtt_qos1,3,1,99,56418,0.000,24608768,52701,0.000,8814592,0.000
2026-09-06T00:27:19.381745,mqtt_qos1,3,1,100,56418,5.000,24608768,52701,0.000,8814592,0.000
2026-09-06T00:27:19.582123,mqtt_qos1,3,1,101,56418,0.000,24608768,52701,0.000,8814592,0.000
2026-09-06T00:27:19.782497,mqtt_qos1,3,1,102,56418,0.000,24608768,52701,0.000,8814592,0.000
2026-09-06T00:27:19.982964,mqtt_qos1,3,1,103,56418,0.000,24608768,52701,0.000,8814592,1.200
2026-09-06T00:27:20.183374,mqtt_qos1,3,1,104,56418,0.000,24608768,52701,0.000,8814592,0.000
2026-09-06T00:27:20.383771,mqtt_qos1,3,1,105,56418,0.000,24608768,52701,0.000,8814592,0.000
2026-09-06T00:27:20.584149,mqtt_qos1,3,1,106,56418,0.000,24608768,52701,0.000,8814592,0.000
2026-09-06T00:27:20.784590,mqtt_qos1,3,1,107,56418,0.000,24608768,52701,0.000,8814592,0.000
2026-09-06T00:27:20.985008,mqtt_qos1,3,1,108,56418,0.000,24608768,52701,0.000,8814592,0.000
2026-09-06T00:27:21.185406,mqtt_qos1,3,1,109,56418,0.000,24608768,52701,0.000,8814592,0.000
2026-09-06T00:27:21.385780,mqtt_qos1,3,1,110,56418,0.000,24608768,52701,0.000,8814592,0.000
2026-09-06T00:27:21.586160,mqtt_qos1,3,1,111,56418,0.000,24608768,52701,0.000,8814592,0.000
2026-09-06T00:27:21.786587,mqtt_qos1,3,1,112,56418,0.000,24608768,52701,0.000,8814592,0.000
2026-09-06T00:27:21.987052,mqtt_qos1,3,1,113,56418,5.000,24608768,52701,0.000,8814592,0.000
2026-09-06T00:27:22.187456,mqtt_qos1,3,1,114,56418,0.000,24608768,52701,0.000,8814592,0.000
2026-09-06T00:27:22.387843,mqtt_qos1,3,1,115,56418,0.000,24608768,52701,0.000,8814592,1.200
2026-09-06T00:27:22.588228,mqtt_qos1,3,1,116,56418,0.000,24608768,52701,0.000,8814592,0.000
2026-09-06T00:27:22.788661,mqtt_qos1,3,1,117,56418,0.000,24608768,52701,0.000,8814592,0.000
2026-09-06T00:27:22.989073,mqtt_qos1,3,1,118,56418,0.000,24608768,52701,0.000,8814592,0.000
2026-09-06T00:27:23.189466,mqtt_qos1,3,1,119,56418,0.000,24608768,52701,0.000,8814592,0.000
2026-09-06T00:27:23.389852,mqtt_qos1,3,1,120,56418,0.000,24608768,52701,0.000,8814592,0.000
2026-09-06T00:27:23.590240,mqtt_qos1,3,1,121,56418,0.000,24608768,52701,0.000,8814592,0.000
2026-09-06T00:27:23.790668,mqtt_qos1,3,1,122,56418,0.000,24608768,52701,0.000,8814592,1.200
2026-09-06T00:27:23.991087,mqtt_qos1,3,1,123,56418,0.000,24608768,52701,0.000,8814592,0.000
2026-09-06T00:27:24.191476,mqtt_qos1,3,1,124,56418,0.000,24608768,52701,0.000,8814592,0.000
2026-09-06T00:27:24.391860,mqtt_qos1,3,1,125,56418,0.000,24608768,52701,0.000,8814592,0.000
2026-09-06T00:27:24.592247,mqtt_qos1,3,1,126,56418,0.000,24608768,52701,0.000,8814592,1.200
2026-09-06T00:27:24.792677,mqtt_qos1,3,1,127,56418,0.000,24608768,52701,0.000,8814592,0.000
2026-09-06T00:27:24.993084,mqtt_qos1,3,1,128,56418,0.000,24608768,52701,0.000,8814592,0.000
2026-09-06T00:27:25.193481,mqtt_qos1,3,1,129,56418,0.000,24608768,52701,0.000,8814592,0.000
2026-09-06T00:27:25.393872,mqtt_qos1,3,1,130,56418,0.000,24608768,52701,0.000,8814592,0.000
2026-09-06T00:27:25.594268,mqtt_qos1,3,1,131,56418,0.000,24608768,52701,0.000,8814592,1.200
2026-09-06T00:27:25.794694,mqtt_qos1,3,1,132,56418,0.000,24608768,52701,0.000,8814592,0.000
2026-09-06T00:27:25.995129,mqtt_qos1,3,1,133,56418,0.000,24608768,52701,0.000,8814592,0.000
2026-09-06T00:27:26.195525,mqtt_qos1,3,1,134,56418,0.000,24608768,52701,0.000,8814592,0.000
2026-09-06T00:27:26.395914,mqtt_qos1,3,1,135,56418,0.000,24608768,52701,0.000,8814592,0.000
2026-09-06T00:27:26.596297,mqtt_qos1,3,1,136,56418,0.000,24625152,52701,0.000,8814592,0.000
2026-09-06T00:27:26.796731,mqtt_qos1,3,1,137,56418,0.000,24625152,52701,0.000,8814592,0.000
2026-09-06T00:27:26.997145,mqtt_qos1,3,1,138,56418,0.000,24625152,52701,0.000,8814592,0.000
2026-09-06T00:27:27.197545,mqtt_qos1,3,1,139,56418,0.000,24625152,52701,0.000,8814592,0.000
2026-09-06T00:27:27.397927,mqtt_qos1,3,1,140,56418,0.000,24625152,52701,0.000,8814592,0.000
2026-09-06T00:27:27.598308,mqtt_qos1,3,1,141,56418,0.000,24625152,52701,0.000,8814592,0.000
2026-09-06T00:27:27.798744,mqtt_qos1,3,1,142,56418,0.000,24625152,52701,0.000,8814592,0.000
2026-09-06T00:27:27.999206,mqtt_qos1,3,1,143,56418,0.000,24625152,52701,0.000,8814592,0.000
2026-09-06T00:27:28.199614,mqtt_qos1,3,1,144,56418,0.000,24625152,52701,0.000,8814592,0.000
2026-09-06T00:27:28.400009,mqtt_qos1,3,1,145,56418,0.000,24625152,52701,5.000,8814592,1.200
2026-09-06T00:27:28.600395,mqtt_qos1,3,1,146,56418,0.000,24625152,52701,0.000,8814592,0.000
2026-09-06T00:27:28.800821,mqtt_qos1,3,1,147,56418,0.000,24625152,52701,0.000,8814592,0.000
2026-09-06T00:27:29.001229,mqtt_qos1,3,1,148,56418,0.000,24625152,52701,0.000,8814592,0.000
2026-09-06T00:27:29.201618,mqtt_qos1,3,1,149,56418,0.000,24625152,52701,0.000,8814592,0.000
2026-09-06T00:27:29.401999,mqtt_qos1,3,1,150,56418,5.000,24625152,52701,0.000,8814592,0.000
2026-09-06T00:27:29.602387,mqtt_qos1,3,1,151,56418,0.000,24625152,52701,0.000,8814592,0.000
2026-09-06T00:27:29.802842,mqtt_qos1,3,1,152,56418,0.000,24625152,52701,0.000,8814592,0.000
2026-09-06T00:27:30.003241,mqtt_qos1,3,1,153,56418,0.000,24625152,52701,0.000,8814592,0.000
2026-09-06T00:27:30.203632,mqtt_qos1,3,1,154,56418,0.000,24625152,52701,0.000,8814592,0.000
2026-09-06T00:27:30.404021,mqtt_qos1,3,1,155,56418,0.000,24625152,52701,0.000,8814592,0.000
2026-09-06T00:27:30.604405,mqtt_qos1,3,1,156,56418,0.000,24625152,52701,0.000,8814592,0.000
2026-09-06T00:27:30.804838,mqtt_qos1,3,1,157,56418,0.000,24625152,52701,0.000,8814592,0.000
2026-09-06T00:27:31.005246,mqtt_qos1,3,1,158,56418,0.000,24625152,52701,0.000,8814592,0.000
2026-09-06T00:27:31.205634,mqtt_qos1,3,1,159,56418,0.000,24625152,52701,0.000,8814592,0.000
2026-09-06T00:27:31.406031,mqtt_qos1,3,1,160,56418,0.000,24625152,52701,0.000,8814592,0.000
2026-09-06T00:27:31.606406,mqtt_qos1,3,1,161,56418,0.000,24625152,52701,0.000,8814592,0.000
2026-09-06T00:27:31.806809,mqtt_qos1,3,1,162,56418,0.000,24625152,52701,0.000,8814592,0.000
2026-09-06T00:27:32.007208,mqtt_qos1,3,1,163,56418,0.000,24625152,52701,0.000,8814592,0.000
2026-09-06T00:27:32.207573,mqtt_qos1,3,1,164,56418,0.000,24625152,52701,0.000,8814592,1.200
2026-09-06T00:27:32.407917,mqtt_qos1,3,1,165,56418,0.000,24625152,52701,0.000,8814592,0.000
2026-09-06T00:27:32.608254,mqtt_qos1,3,1,166,56418,0.000,24641536,52701,0.000,8814592,0.000
2026-09-06T00:27:32.808635,mqtt_qos1,3,1,167,56418,0.000,24641536,52701,0.000,8814592,0.000
2026-09-06T00:27:33.009006,mqtt_qos1,3,1,168,56418,0.000,24641536,52701,0.000,8814592,0.000
2026-09-06T00:27:33.209376,mqtt_qos1,3,1,169,56418,0.000,24641536,52701,0.000,8814592,0.000
2026-09-06T00:27:33.409722,mqtt_qos1,3,1,170,56418,0.000,24641536,52701,0.000,8814592,0.000
2026-09-06T00:27:33.610058,mqtt_qos1,3,1,171,56418,0.000,24641536,52701,0.000,8814592,0.000
2026-09-06T00:27:33.810462,mqtt_qos1,3,1,172,56418,5.000,24657920,52701,0.000,8814592,0.000
2026-09-06T00:27:34.010881,mqtt_qos1,3,1,173,56418,0.000,24657920,52701,0.000,8814592,0.000
2026-09-06T00:27:34.211232,mqtt_qos1,3,1,174,56418,0.000,24657920,52701,0.000,8814592,0.000
2026-09-06T00:27:34.411569,mqtt_qos1,3,1,175,56418,0.000,24657920,52701,0.000,8814592,0.000
2026-09-06T00:27:34.611900,mqtt_qos1,3,1,176,56418,0.000,24657920,52701,0.000,8814592,0.000
2026-09-06T00:27:34.812275,mqtt_qos1,3,1,177,56418,0.000,24657920,52701,0.000,8814592,0.000
2026-09-06T00:27:35.012671,mqtt_qos1,3,1,178,56418,0.000,24657920,52701,0.000,8814592,0.000
2026-09-06T00:27:35.213043,mqtt_qos1,3,1,179,56418,0.000,24657920,52701,0.000,8814592,0.000
2026-09-06T00:27:35.413416,mqtt_qos1,3,1,180,56418,0.000,24657920,52701,0.000,8814592,0.000
2026-09-06T00:27:35.613765,mqtt_qos1,3,1,181,56418,0.000,24657920,52701,0.000,8814592,0.000
2026-09-06T00:27:35.814184,mqtt_qos1,3,1,182,56418,0.000,24657920,52701,0.000,8814592,0.000
2026-09-06T00:27:36.014594,mqtt_qos1,3,1,183,56418,0.000,24657920,52701,0.000,8814592,0.000
2026-09-06T00:27:36.214980,mqtt_qos1,3,1,184,56418,0.000,24657920,52701,0.000,8814592,1.200
2026-09-06T00:27:36.415358,mqtt_qos1,3,1,185,56418,0.000,24674304,52701,0.000,8814592,0.000
2026-09-06T00:27:36.615712,mqtt_qos1,3,1,186,56418,0.000,24674304,52701,0.000,8814592,0.000
2026-09-06T00:27:36.816131,mqtt_qos1,3,1,187,56418,0.000,24674304,52701,0.000,8814592,0.000
2026-09-06T00:27:37.016504,mqtt_qos1,3,1,188,56418,0.000,24674304,52701,0.000,8814592,0.000
2026-09-06T00:27:37.216851,mqtt_qos1,3,1,189,56418,0.000,24690688,52701,0.000,8814592,0.000
2026-09-06T00:27:37.417229,mqtt_qos1,3,1,190,56418,0.000,24690688,52701,0.000,8814592,0.000
2026-09-06T00:27:37.617585,mqtt_qos1,3,1,191,56418,0.000,24690688,52701,0.000,8814592,1.200
2026-09-06T00:27:37.818000,mqtt_qos1,3,1,192,56418,0.000,24690688,52701,0.000,8814592,0.000
2026-09-06T00:27:38.018383,mqtt_qos1,3,1,193,56418,0.000,24690688,52701,0.000,8814592,0.000
2026-09-06T00:27:38.218746,mqtt_qos1,3,1,194,56418,0.000,24690688,52701,0.000,8814592,0.000
2026-09-06T00:27:38.419111,mqtt_qos1,3,1,195,56418,0.000,24690688,52701,0.000,8814592,0.000
2026-09-06T00:27:38.619454,mqtt_qos1,3,1,196,56418,0.000,24690688,52701,0.000,8814592,0.000
2026-09-06T00:27:38.819865,mqtt_qos1,3,1,197,56418,0.000,24690688,52701,0.000,8814592,0.000
2026-09-06T00:27:39.020241,mqtt_qos1,3,1,198,56418,0.000,24690688,52701,0.000,8814592,0.000
2026-09-06T00:27:39.220583,mqtt_qos1,3,1,199,56418,0.000,24690688,52701,0.000,8814592,0.000
2026-09-06T00:27:39.420948,mqtt_qos1,3,1,200,56418,0.000,24690688,52701,0.000,8814592,0.000
2026-09-06T00:27:39.621307,mqtt_qos1,3,1,201,56418,0.000,24690688,52701,0.000,8814592,0.000
2026-09-06T00:27:39.821713,mqtt_qos1,3,1,202,56418,0.000,24690688,52701,0.000,8814592,0.000
2026-09-06T00:27:40.022128,mqtt_qos1,3,1,203,56418,0.000,24690688,52701,0.000,8814592,0.000
2026-09-06T00:27:40.222484,mqtt_qos1,3,1,204,56418,0.000,24690688,52701,0.000,8814592,0.000
2026-09-06T00:27:40.422871,mqtt_qos1,3,1,205,56418,5.000,24690688,52701,0.000,8814592,0.000
2026-09-06T00:27:40.623219,mqtt_qos1,3,1,206,56418,0.000,24690688,52701,0.000,8814592,0.000
2026-09-06T00:27:40.823628,mqtt_qos1,3,1,207,56418,0.000,24690688,52701,0.000,8814592,0.000
2026-09-06T00:27:41.024028,mqtt_qos1,3,1,208,56418,0.000,24690688,52701,0.000,8814592,0.000
2026-09-06T00:27:41.224409,mqtt_qos1,3,1,209,56418,0.000,24690688,52701,0.000,8814592,0.000
2026-09-06T00:27:41.424798,mqtt_qos1,3,1,210,56418,0.000,24690688,52701,0.000,8814592,0.000
2026-09-06T00:27:41.625172,mqtt_qos1,3,1,211,56418,0.000,24690688,52701,0.000,8814592,0.000
2026-09-06T00:27:41.825612,mqtt_qos1,3,1,212,56418,0.000,24690688,52701,0.000,8814592,0.000
2026-09-06T00:27:42.026001,mqtt_qos1,3,1,213,56418,0.000,24690688,52701,0.000,8814592,0.000
2026-09-06T00:27:42.226363,mqtt_qos1,3,1,214,56418,0.000,24690688,52701,0.000,8814592,0.000
2026-09-06T00:27:42.426756,mqtt_qos1,3,1,215,56418,0.000,24690688,52701,0.000,8814592,0.000
2026-09-06T00:27:42.627137,mqtt_qos1,3,1,216,56418,0.000,24690688,52701,0.000,8814592,1.200
2026-09-06T00:27:42.827580,mqtt_qos1,3,1,217,56418,0.000,24690688,52701,0.000,8814592,0.000
2026-09-06T00:27:43.027976,mqtt_qos1,3,1,218,56418,0.000,24690688,52701,0.000,8814592,0.000
2026-09-06T00:27:43.228338,mqtt_qos1,3,1,219,56418,0.000,24690688,52701,5.000,8814592,1.200
2026-09-06T00:27:43.428717,mqtt_qos1,3,1,220,56418,0.000,24690688,52701,0.000,8814592,0.000
2026-09-06T00:27:43.629082,mqtt_qos1,3,1,221,56418,0.000,24690688,52701,0.000,8814592,0.000
2026-09-06T00:27:43.829523,mqtt_qos1,3,1,222,56418,0.000,24690688,52701,0.000,8814592,0.000
2026-09-06T00:27:44.029949,mqtt_qos1,3,1,223,56418,0.000,24690688,52701,0.000,8814592,0.000
2026-09-06T00:27:44.230314,mqtt_qos1,3,1,224,56418,0.000,24690688,52701,0.000,8814592,0.000
2026-09-06T00:27:44.430692,mqtt_qos1,3,1,225,56418,0.000,24690688,52701,0.000,8814592,0.000
2026-09-06T00:27:44.631085,mqtt_qos1,3,1,226,56418,0.000,24690688,52701,0.000,8814592,0.000
2026-09-06T00:27:44.831544,mqtt_qos1,3,1,227,56418,0.000,24690688,52701,0.000,8814592,0.000
2026-09-06T00:27:45.031979,mqtt_qos1,3,1,228,56418,0.000,24690688,52701,0.000,8814592,0.000
2026-09-06T00:27:45.232382,mqtt_qos1,3,1,229,56418,5.000,24690688,52701,0.000,8814592,0.000
2026-09-06T00:27:45.432769,mqtt_qos1,3,1,230,56418,0.000,24690688,52701,0.000,8814592,0.000
2026-09-06T00:27:45.633142,mqtt_qos1,3,1,231,56418,0.000,24690688,52701,0.000,8814592,0.000
2026-09-06T00:27:45.833595,mqtt_qos1,3,1,232,56418,0.000,24690688,52701,0.000,8814592,0.000
2026-09-06T00:27:46.034036,mqtt_qos1,3,1,233,56418,0.000,24690688,52701,0.000,8814592,0.000
2026-09-06T00:27:46.234435,mqtt_qos1,3,1,234,56418,0.000,24690688,52701,0.000,8814592,0.000
2026-09-06T00:27:46.434846,mqtt_qos1,3,1,235,56418,0.000,24690688,52701,0.000,8814592,0.000
2026-09-06T00:27:46.635237,mqtt_qos1,3,1,236,56418,0.000,24690688,52701,0.000,8814592,0.000
2026-09-06T00:27:46.835692,mqtt_qos1,3,1,237,56418,0.000,24690688,52701,0.000,8814592,0.000
2026-09-06T00:27:47.036129,mqtt_qos1,3,1,238,56418,0.000,24690688,52701,0.000,8814592,0.000
2026-09-06T00:27:47.236521,mqtt_qos1,3,1,239,56418,0.000,24690688,52701,0.000,8814592,0.000
2026-09-06T00:27:47.436901,mqtt_qos1,3,1,240,56418,0.000,24707072,52701,0.000,8814592,0.000
2026-09-06T00:27:47.637300,mqtt_qos1,3,1,241,56418,0.000,24707072,52701,0.000,8814592,1.200
2026-09-06T00:27:47.837769,mqtt_qos1,3,1,242,56418,0.000,24707072,52701,0.000,8814592,0.000
2026-09-06T00:27:48.038202,mqtt_qos1,3,1,243,56418,0.000,24707072,52701,0.000,8814592,0.000
2026-09-06T00:27:48.238603,mqtt_qos1,3,1,244,56418,0.000,24707072,52701,0.000,8814592,0.000
2026-09-06T00:27:48.439006,mqtt_qos1,3,1,245,56418,0.000,24707072,52701,0.000,8814592,1.200
2026-09-06T00:27:48.639391,mqtt_qos1,3,1,246,56418,0.000,24707072,52701,0.000,8814592,0.000
2026-09-06T00:27:48.839841,mqtt_qos1,3,1,247,56418,0.000,24707072,52701,0.000,8814592,0.000
2026-09-06T00:27:49.040238,mqtt_qos1,3,1,248,56418,0.000,24707072,52701,0.000,8814592,0.000
2026-09-06T00:27:49.240638,mqtt_qos1,3,1,249,56418,5.000,24707072,52701,0.000,8814592,0.000
2026-09-06T00:27:49.441035,mqtt_qos1,3,1,250,56418,0.000,24707072,52701,0.000,8814592,0.000
2026-09-06T00:27:49.641421,mqtt_qos1,3,1,251,56418,0.000,24707072,52701,0.000,8814592,0.000
2026-09-06T00:27:49.841859,mqtt_qos1,3,1,252,56418,0.000,24707072,52701,0.000,8814592,0.000
2026-09-06T00:27:50.042284,mqtt_qos1,3,1,253,56418,0.000,24707072,52701,0.000,8814592,0.000
2026-09-06T00:27:50.242685,mqtt_qos1,3,1,254,56418,0.000,24707072,52701,0.000,8814592,0.000
2026-09-06T00:27:50.443086,mqtt_qos1,3,1,255,56418,0.000,24707072,52701,0.000,8814592,0.000
2026-09-06T00:27:50.643469,mqtt_qos1,3,1,256,56418,0.000,24707072,52701,0.000,8814592,0.000
2026-09-06T00:27:50.843903,mqtt_qos1,3,1,257,56418,0.000,24707072,52701,0.000,8814592,0.000
2026-09-06T00:27:51.044319,mqtt_qos1,3,1,258,56418,0.000,24707072,52701,0.000,8814592,0.000
2026-09-06T00:27:51.244713,mqtt_qos1,3,1,259,56418,0.000,24707072,52701,0.000,8814592,0.000
2026-09-06T00:27:51.445099,mqtt_qos1,3,1,260,56418,0.000,24707072,52701,0.000,8814592,0.000
2026-09-06T00:27:51.645499,mqtt_qos1,3,1,261,56418,0.000,24707072,52701,0.000,8814592,0.000
2026-09-06T00:27:51.845960,mqtt_qos1,3,1,262,56418,0.000,24707072,52701,0.000,8814592,0.000
2026-09-06T00:27:52.046397,mqtt_qos1,3,1,263,56418,0.000,24707072,52701,0.000,8814592,0.000
2026-09-06T00:27:52.246810,mqtt_qos1,3,1,264,56418,0.000,24707072,52701,0.000,8814592,0.000
2026-09-06T00:27:52.447189,mqtt_qos1,3,1,265,56418,0.000,24707072,52701,0.000,8814592,1.200
2026-09-06T00:27:52.647574,mqtt_qos1,3,1,266,56418,0.000,24707072,52701,0.000,8814592,0.000
2026-09-06T00:27:52.848004,mqtt_qos1,3,1,267,56418,0.000,24707072,52701,0.000,8814592,0.000
2026-09-06T00:27:53.048367,mqtt_qos1,3,1,268,56418,0.000,24707072,52701,0.000,8814592,0.000
2026-09-06T00:27:53.248745,mqtt_qos1,3,1,269,56418,0.000,24707072,52701,0.000,8814592,0.000
2026-09-06T00:27:53.449151,mqtt_qos1,3,1,270,56418,0.000,24707072,52701,0.000,8814592,0.000
2026-09-06T00:27:53.649685,mqtt_qos1,3,1,271,56418,15.000,0,52701,0.000,8814592,3.700
2026-09-06T00:27:56.852057,http,3,2,1,56420,39.900,24330240,52701,0.000,8814592,11.300
2026-09-06T00:27:57.052391,http,3,2,2,56420,0.000,24330240,52701,0.000,8814592,0.000
2026-09-06T00:27:57.252687,http,3,2,3,56420,0.000,24330240,52701,0.000,8814592,1.200
2026-09-06T00:27:57.452955,http,3,2,4,56420,0.000,24330240,52701,0.000,8814592,0.000
2026-09-06T00:27:57.653210,http,3,2,5,56420,0.000,24330240,52701,0.000,8814592,0.000
2026-09-06T00:27:57.853540,http,3,2,6,56420,0.000,24330240,52701,0.000,8814592,0.000
2026-09-06T00:27:58.053840,http,3,2,7,56420,0.000,24330240,52701,0.000,8814592,0.000
2026-09-06T00:27:58.254133,http,3,2,8,56420,5.000,24330240,52701,0.000,8814592,0.000
2026-09-06T00:27:58.454422,http,3,2,9,56420,0.000,24330240,52701,0.000,8814592,0.000
2026-09-06T00:27:58.654703,http,3,2,10,56420,0.000,24346624,52701,0.000,8814592,0.000
2026-09-06T00:27:58.855081,http,3,2,11,56420,0.000,24346624,52701,0.000,8814592,0.000
2026-09-06T00:27:59.055415,http,3,2,12,56420,0.000,24346624,52701,0.000,8814592,0.000
2026-09-06T00:27:59.255723,http,3,2,13,56420,0.000,24346624,52701,0.000,8814592,0.000
2026-09-06T00:27:59.456017,http,3,2,14,56420,0.000,24346624,52701,0.000,8814592,0.000
2026-09-06T00:27:59.656304,http,3,2,15,56420,0.000,24346624,52701,0.000,8814592,0.000
2026-09-06T00:27:59.856643,http,3,2,16,56420,0.000,24346624,52701,0.000,8814592,0.000
2026-09-06T00:28:00.056943,http,3,2,17,56420,0.000,24346624,52701,0.000,8814592,0.000
2026-09-06T00:28:00.257226,http,3,2,18,56420,0.000,24346624,52701,0.000,8814592,0.000
2026-09-06T00:28:00.457511,http,3,2,19,56420,0.000,24346624,52701,0.000,8814592,0.000
2026-09-06T00:28:00.657791,http,3,2,20,56420,0.000,24346624,52701,0.000,8814592,0.000
2026-09-06T00:28:00.858145,http,3,2,21,56420,0.000,24346624,52701,0.000,8814592,0.000
2026-09-06T00:28:01.058476,http,3,2,22,56420,0.000,24346624,52701,0.000,8814592,0.000
2026-09-06T00:28:01.258794,http,3,2,23,56420,0.000,24346624,52701,0.000,8814592,1.200
2026-09-06T00:28:01.459088,http,3,2,24,56420,0.000,24346624,52701,0.000,8814592,0.000
2026-09-06T00:28:01.659374,http,3,2,25,56420,0.000,24346624,52701,0.000,8814592,1.200
2026-09-06T00:28:01.859833,http,3,2,26,56420,0.000,24346624,52701,0.000,8814592,0.000
2026-09-06T00:28:02.060267,http,3,2,27,56420,5.000,24346624,52701,0.000,8814592,0.000
2026-09-06T00:28:02.260684,http,3,2,28,56420,0.000,24346624,52701,0.000,8814592,0.000
2026-09-06T00:28:02.461087,http,3,2,29,56420,0.000,24346624,52701,0.000,8814592,0.000
2026-09-06T00:28:02.661485,http,3,2,30,56420,0.000,24346624,52701,0.000,8814592,0.000
2026-09-06T00:28:02.861968,http,3,2,31,56420,0.000,24346624,52701,0.000,8814592,0.000
2026-09-06T00:28:03.062413,http,3,2,32,56420,0.000,24346624,52701,0.000,8814592,0.000
2026-09-06T00:28:03.262851,http,3,2,33,56420,0.000,24346624,52701,0.000,8814592,1.200
2026-09-06T00:28:03.463258,http,3,2,34,56420,0.000,24346624,52701,0.000,8814592,0.000
2026-09-06T00:28:03.663656,http,3,2,35,56420,0.000,24346624,52701,0.000,8814592,0.000
2026-09-06T00:28:03.864122,http,3,2,36,56420,0.000,24346624,52701,0.000,8814592,0.000
2026-09-06T00:28:04.064568,http,3,2,37,56420,0.000,24346624,52701,0.000,8814592,0.000
2026-09-06T00:28:04.264981,http,3,2,38,56420,0.000,24363008,52701,0.000,8814592,0.000
2026-09-06T00:28:04.465384,http,3,2,39,56420,0.000,24363008,52701,0.000,8814592,0.000
2026-09-06T00:28:04.665770,http,3,2,40,56420,0.000,24363008,52701,0.000,8814592,0.000
2026-09-06T00:28:04.866249,http,3,2,41,56420,0.000,24363008,52701,0.000,8814592,0.000
2026-09-06T00:28:05.066699,http,3,2,42,56420,0.000,24363008,52701,0.000,8814592,0.000
2026-09-06T00:28:05.267136,http,3,2,43,56420,0.000,24363008,52701,0.000,8814592,0.000
2026-09-06T00:28:05.467547,http,3,2,44,56420,0.000,24363008,52701,0.000,8814592,0.000
2026-09-06T00:28:05.667955,http,3,2,45,56420,0.000,24363008,52701,0.000,8814592,0.000
2026-09-06T00:28:05.868430,http,3,2,46,56420,0.000,24363008,52701,0.000,8814592,0.000
2026-09-06T00:28:06.068868,http,3,2,47,56420,0.000,24363008,52701,0.000,8814592,0.000
2026-09-06T00:28:06.269283,http,3,2,48,56420,0.000,24363008,52701,0.000,8814592,1.200
2026-09-06T00:28:06.469684,http,3,2,49,56420,0.000,24363008,52701,0.000,8814592,0.000
2026-09-06T00:28:06.670076,http,3,2,50,56420,0.000,24363008,52701,0.000,8814592,0.000
2026-09-06T00:28:06.870527,http,3,2,51,56420,0.000,24363008,52701,0.000,8814592,0.000
2026-09-06T00:28:07.070980,http,3,2,52,56420,0.000,24363008,52701,0.000,8814592,1.200
2026-09-06T00:28:07.271399,http,3,2,53,56420,0.000,24363008,52701,0.000,8814592,0.000
2026-09-06T00:28:07.471813,http,3,2,54,56420,0.000,24363008,52701,0.000,8814592,0.000
2026-09-06T00:28:07.672216,http,3,2,55,56420,0.000,24363008,52701,0.000,8814592,0.000
2026-09-06T00:28:07.872682,http,3,2,56,56420,0.000,24363008,52701,0.000,8814592,0.000
2026-09-06T00:28:08.073121,http,3,2,57,56420,0.000,24363008,52701,0.000,8814592,0.000
2026-09-06T00:28:08.273534,http,3,2,58,56420,0.000,24363008,52701,0.000,8814592,0.000
2026-09-06T00:28:08.473932,http,3,2,59,56420,0.000,24363008,52701,0.000,8814592,0.000
2026-09-06T00:28:08.674327,http,3,2,60,56420,0.000,24363008,52701,0.000,8814592,0.000
2026-09-06T00:28:08.874790,http,3,2,61,56420,0.000,24363008,52701,0.000,8814592,0.000
2026-09-06T00:28:09.075208,http,3,2,62,56420,0.000,24363008,52701,0.000,8814592,0.000
2026-09-06T00:28:09.275602,http,3,2,63,56420,0.000,24363008,52701,0.000,8814592,0.000
2026-09-06T00:28:09.475993,http,3,2,64,56420,5.000,24363008,52701,0.000,8814592,0.000
2026-09-06T00:28:09.676386,http,3,2,65,56420,0.000,24363008,52701,0.000,8814592,0.000
2026-09-06T00:28:09.876904,http,3,2,66,56420,0.000,24363008,52701,0.000,8814592,0.000
2026-09-06T00:28:10.077390,http,3,2,67,56420,0.000,24363008,52701,0.000,8814592,0.000
2026-09-06T00:28:10.277822,http,3,2,68,56420,0.000,24363008,52701,0.000,8814592,0.000
2026-09-06T00:28:10.478227,http,3,2,69,56420,0.000,24363008,52701,0.000,8814592,0.000
2026-09-06T00:28:10.678626,http,3,2,70,56420,0.000,24363008,52701,0.000,8814592,0.000
2026-09-06T00:28:10.879079,http,3,2,71,56420,0.000,24363008,52701,0.000,8814592,0.000
2026-09-06T00:28:11.079499,http,3,2,72,56420,0.000,24379392,52701,0.000,8814592,0.000
2026-09-06T00:28:11.279905,http,3,2,73,56420,0.000,24379392,52701,0.000,8814592,0.000
2026-09-06T00:28:11.480293,http,3,2,74,56420,0.000,24379392,52701,0.000,8814592,0.000
2026-09-06T00:28:11.680679,http,3,2,75,56420,0.000,24379392,52701,0.000,8814592,0.000
2026-09-06T00:28:11.881132,http,3,2,76,56420,0.000,24379392,52701,0.000,8814592,0.000
2026-09-06T00:28:12.081575,http,3,2,77,56420,0.000,24379392,52701,0.000,8814592,0.000
2026-09-06T00:28:12.281998,http,3,2,78,56420,0.000,24379392,52701,0.000,8814592,0.000
2026-09-06T00:28:12.482413,http,3,2,79,56420,0.000,24395776,52701,0.000,8814592,0.000
2026-09-06T00:28:12.682855,http,3,2,80,56420,0.000,24395776,52701,0.000,8814592,1.200
2026-09-06T00:28:12.883305,http,3,2,81,56420,0.000,24395776,52701,0.000,8814592,0.000
2026-09-06T00:28:13.083724,http,3,2,82,56420,0.000,24395776,52701,0.000,8814592,0.000
2026-09-06T00:28:13.284132,http,3,2,83,56420,0.000,24395776,52701,0.000,8814592,0.000
2026-09-06T00:28:13.484553,http,3,2,84,56420,0.000,24395776,52701,0.000,8814592,0.000
2026-09-06T00:28:13.684945,http,3,2,85,56420,0.000,24395776,52701,0.000,8814592,0.000
2026-09-06T00:28:13.885364,http,3,2,86,56420,0.000,24395776,52701,0.000,8814592,0.000
2026-09-06T00:28:14.085776,http,3,2,87,56420,0.000,24395776,52701,0.000,8814592,0.000
2026-09-06T00:28:14.286182,http,3,2,88,56420,0.000,24395776,52701,0.000,8814592,0.000
2026-09-06T00:28:14.486578,http,3,2,89,56420,0.000,24395776,52701,0.000,8814592,0.000
2026-09-06T00:28:14.686989,http,3,2,90,56420,5.000,24395776,52701,0.000,8814592,1.200
2026-09-06T00:28:14.887431,http,3,2,91,56420,0.000,24395776,52701,0.000,8814592,0.000
2026-09-06T00:28:15.087851,http,3,2,92,56420,0.000,24395776,52701,0.000,8814592,0.000
2026-09-06T00:28:15.288263,http,3,2,93,56420,0.000,24395776,52701,0.000,8814592,0.000
2026-09-06T00:28:15.488660,http,3,2,94,56420,0.000,24395776,52701,0.000,8814592,0.000
2026-09-06T00:28:15.689055,http,3,2,95,56420,0.000,24395776,52701,0.000,8814592,0.000
2026-09-06T00:28:15.889523,http,3,2,96,56420,0.000,24395776,52701,0.000,8814592,0.000
2026-09-06T00:28:16.089943,http,3,2,97,56420,0.000,24395776,52701,0.000,8814592,0.000
2026-09-06T00:28:16.290355,http,3,2,98,56420,0.000,24395776,52701,0.000,8814592,1.200
2026-09-06T00:28:16.490763,http,3,2,99,56420,0.000,24395776,52701,0.000,8814592,0.000
2026-09-06T00:28:16.691161,http,3,2,100,56420,0.000,24395776,52701,0.000,8814592,0.000
2026-09-06T00:28:16.891604,http,3,2,101,56420,0.000,24395776,52701,0.000,8814592,0.000
2026-09-06T00:28:17.092025,http,3,2,102,56420,0.000,24395776,52701,0.000,8814592,0.000
2026-09-06T00:28:17.292435,http,3,2,103,56420,0.000,24395776,52701,0.000,8814592,0.000
2026-09-06T00:28:17.492835,http,3,2,104,56420,0.000,24395776,52701,0.000,8814592,0.000
2026-09-06T00:28:17.693227,http,3,2,105,56420,0.000,24395776,52701,0.000,8814592,0.000
2026-09-06T00:28:17.893681,http,3,2,106,56420,0.000,24395776,52701,0.000,8814592,0.000
2026-09-06T00:28:18.094110,http,3,2,107,56420,0.000,24395776,52701,0.000,8814592,0.000
2026-09-06T00:28:18.294522,http,3,2,108,56420,0.000,24395776,52701,0.000,8814592,0.000
2026-09-06T00:28:18.494940,http,3,2,109,56420,0.000,24395776,52701,0.000,8814592,0.000
2026-09-06T00:28:18.695352,http,3,2,110,56420,0.000,24395776,52701,0.000,8814592,0.000
2026-09-06T00:28:18.895798,http,3,2,111,56420,0.000,24395776,52701,0.000,8814592,0.000
2026-09-06T00:28:19.096227,http,3,2,112,56420,0.000,24395776,52701,0.000,8814592,0.000
2026-09-06T00:28:19.296641,http,3,2,113,56420,0.000,24395776,52701,0.000,8814592,2.400
2026-09-06T00:28:19.497045,http,3,2,114,56420,0.000,24395776,52701,0.000,8814592,0.000
2026-09-06T00:28:19.697443,http,3,2,115,56420,5.000,24395776,52701,0.000,8814592,0.000
2026-09-06T00:28:19.897913,http,3,2,116,56420,0.000,24395776,52701,0.000,8814592,0.000
2026-09-06T00:28:20.098349,http,3,2,117,56420,0.000,24395776,52701,0.000,8814592,0.000
2026-09-06T00:28:20.298773,http,3,2,118,56420,0.000,24395776,52701,0.000,8814592,0.000
2026-09-06T00:28:20.499169,http,3,2,119,56420,0.000,24395776,52701,0.000,8814592,0.000
2026-09-06T00:28:20.699555,http,3,2,120,56420,0.000,24395776,52701,0.000,8814592,0.000
2026-09-06T00:28:20.900029,http,3,2,121,56420,0.000,24395776,52701,0.000,8814592,0.000
2026-09-06T00:28:21.100489,http,3,2,122,56420,0.000,24395776,52701,0.000,8814592,1.200
2026-09-06T00:28:21.300912,http,3,2,123,56420,0.000,24395776,52701,0.000,8814592,0.000
2026-09-06T00:28:21.501320,http,3,2,124,56420,0.000,24395776,52701,0.000,8814592,0.000
2026-09-06T00:28:21.701728,http,3,2,125,56420,0.000,24395776,52701,0.000,8814592,0.000
2026-09-06T00:28:21.902206,http,3,2,126,56420,0.000,24412160,52701,0.000,8814592,0.000
2026-09-06T00:28:22.102648,http,3,2,127,56420,0.000,24412160,52701,0.000,8814592,0.000
2026-09-06T00:28:22.303058,http,3,2,128,56420,0.000,24412160,52701,0.000,8814592,0.000
2026-09-06T00:28:22.503473,http,3,2,129,56420,0.000,24412160,52701,0.000,8814592,1.200
2026-09-06T00:28:22.703875,http,3,2,130,56420,0.000,24412160,52701,0.000,8814592,0.000
2026-09-06T00:28:22.904343,http,3,2,131,56420,0.000,24412160,52701,0.000,8814592,0.000
2026-09-06T00:28:23.104765,http,3,2,132,56420,0.000,24412160,52701,0.000,8814592,0.000
2026-09-06T00:28:23.305175,http,3,2,133,56420,0.000,24412160,52701,0.000,8814592,0.000
2026-09-06T00:28:23.505577,http,3,2,134,56420,0.000,24428544,52701,0.000,8814592,0.000
2026-09-06T00:28:23.705982,http,3,2,135,56420,0.000,24444928,52701,0.000,8814592,0.000
2026-09-06T00:28:23.906444,http,3,2,136,56420,0.000,24444928,52701,0.000,8814592,0.000
2026-09-06T00:28:24.106892,http,3,2,137,56420,0.000,24444928,52701,0.000,8814592,1.200
2026-09-06T00:28:24.307298,http,3,2,138,56420,0.000,24444928,52701,0.000,8814592,0.000
2026-09-06T00:28:24.507702,http,3,2,139,56420,5.000,24444928,52701,0.000,8814592,0.000
2026-09-06T00:28:24.708102,http,3,2,140,56420,0.000,24444928,52701,0.000,8814592,0.000
2026-09-06T00:28:24.908565,http,3,2,141,56420,0.000,24444928,52701,0.000,8814592,0.000
2026-09-06T00:28:25.108980,http,3,2,142,56420,0.000,24444928,52701,0.000,8814592,0.000
2026-09-06T00:28:25.309368,http,3,2,143,56420,0.000,24444928,52701,0.000,8814592,0.000
2026-09-06T00:28:25.509762,http,3,2,144,56420,0.000,24444928,52701,0.000,8814592,0.000
2026-09-06T00:28:25.710157,http,3,2,145,56420,0.000,24444928,52701,0.000,8814592,0.000
2026-09-06T00:28:25.910628,http,3,2,146,56420,0.000,24444928,52701,0.000,8814592,0.000
2026-09-06T00:28:26.111079,http,3,2,147,56420,0.000,24444928,52701,0.000,8814592,0.000
2026-09-06T00:28:26.311504,http,3,2,148,56420,0.000,24444928,52701,0.000,8814592,0.000
2026-09-06T00:28:26.511915,http,3,2,149,56420,0.000,24444928,52701,0.000,8814592,0.000
2026-09-06T00:28:26.712321,http,3,2,150,56420,0.000,24444928,52701,0.000,8814592,0.000
2026-09-06T00:28:26.912790,http,3,2,151,56420,0.000,24444928,52701,0.000,8814592,0.000
2026-09-06T00:28:27.113232,http,3,2,152,56420,0.000,24444928,52701,0.000,8814592,0.000
2026-09-06T00:28:27.313642,http,3,2,153,56420,0.000,24444928,52701,0.000,8814592,0.000
2026-09-06T00:28:27.514036,http,3,2,154,56420,0.000,24444928,52701,0.000,8814592,0.000
2026-09-06T00:28:27.714432,http,3,2,155,56420,0.000,24444928,52701,0.000,8814592,0.000
2026-09-06T00:28:27.914951,http,3,2,156,56420,0.000,24444928,52701,0.000,8814592,0.000
2026-09-06T00:28:28.115411,http,3,2,157,56420,0.000,24444928,52701,0.000,8814592,0.000
2026-09-06T00:28:28.315854,http,3,2,158,56420,0.000,24444928,52701,0.000,8814592,0.000
2026-09-06T00:28:28.516277,http,3,2,159,56420,0.000,24444928,52701,0.000,8814592,0.000
2026-09-06T00:28:28.716683,http,3,2,160,56420,0.000,24444928,52701,0.000,8814592,0.000
2026-09-06T00:28:28.917153,http,3,2,161,56420,0.000,24444928,52701,0.000,8814592,0.000
2026-09-06T00:28:29.117583,http,3,2,162,56420,0.000,24444928,52701,0.000,8814592,0.000
2026-09-06T00:28:29.317999,http,3,2,163,56420,5.000,24444928,52701,0.000,8814592,0.000
2026-09-06T00:28:29.518407,http,3,2,164,56420,0.000,24444928,52701,0.000,8814592,0.000
2026-09-06T00:28:29.718826,http,3,2,165,56420,0.000,24444928,52701,0.000,8814592,1.200
2026-09-06T00:28:29.919277,http,3,2,166,56420,0.000,24444928,52701,0.000,8814592,0.000
2026-09-06T00:28:30.119686,http,3,2,167,56420,0.000,24444928,52701,0.000,8814592,0.000
2026-09-06T00:28:30.320091,http,3,2,168,56420,0.000,24444928,52701,0.000,8814592,0.000
2026-09-06T00:28:30.520489,http,3,2,169,56420,0.000,24444928,52701,0.000,8814592,0.000
2026-09-06T00:28:30.720893,http,3,2,170,56420,0.000,24444928,52701,0.000,8814592,0.000
2026-09-06T00:28:30.921349,http,3,2,171,56420,0.000,24444928,52701,0.000,8814592,0.000
2026-09-06T00:28:31.121775,http,3,2,172,56420,0.000,24444928,52701,0.000,8814592,0.000
2026-09-06T00:28:31.322189,http,3,2,173,56420,0.000,24444928,52701,0.000,8814592,0.000
2026-09-06T00:28:31.522595,http,3,2,174,56420,0.000,24444928,52701,0.000,8814592,0.000
2026-09-06T00:28:31.723012,http,3,2,175,56420,0.000,24444928,52701,0.000,8814592,1.200
2026-09-06T00:28:31.923469,http,3,2,176,56420,0.000,24444928,52701,0.000,8814592,0.000
2026-09-06T00:28:32.123894,http,3,2,177,56420,0.000,24444928,52701,0.000,8814592,0.000
2026-09-06T00:28:32.324281,http,3,2,178,56420,0.000,24444928,52701,0.000,8814592,0.000
2026-09-06T00:28:32.524672,http,3,2,179,56420,0.000,24444928,52701,0.000,8814592,0.000
2026-09-06T00:28:32.725076,http,3,2,180,56420,0.000,24444928,52701,0.000,8814592,0.000
2026-09-06T00:28:32.925547,http,3,2,181,56420,0.000,24444928,52701,0.000,8814592,0.000
2026-09-06T00:28:33.125994,http,3,2,182,56420,0.000,24444928,52701,0.000,8814592,0.000
2026-09-06T00:28:33.326408,http,3,2,183,56420,0.000,24444928,52701,0.000,8814592,0.000
2026-09-06T00:28:33.526842,http,3,2,184,56420,0.000,24444928,52701,0.000,8814592,0.000
2026-09-06T00:28:33.727249,http,3,2,185,56420,0.000,24444928,52701,0.000,8814592,0.000
2026-09-06T00:28:33.927738,http,3,2,186,56420,0.000,24444928,52701,0.000,8814592,0.000
2026-09-06T00:28:34.128189,http,3,2,187,56420,0.000,24444928,52701,0.000,8814592,0.000
2026-09-06T00:28:34.328601,http,3,2,188,56420,0.000,24444928,52701,0.000,8814592,0.000
2026-09-06T00:28:34.528993,http,3,2,189,56420,0.000,24444928,52701,0.000,8814592,0.000
2026-09-06T00:28:34.729381,http,3,2,190,56420,5.000,24444928,52701,0.000,8814592,0.000
2026-09-06T00:28:34.929845,http,3,2,191,56420,0.000,24444928,52701,0.000,8814592,0.000
2026-09-06T00:28:35.130291,http,3,2,192,56420,0.000,24444928,52701,0.000,8814592,0.000
2026-09-06T00:28:35.330709,http,3,2,193,56420,0.000,24444928,52701,0.000,8814592,0.000
2026-09-06T00:28:35.531123,http,3,2,194,56420,0.000,24444928,52701,0.000,8814592,0.000
2026-09-06T00:28:35.731524,http,3,2,195,56420,0.000,24444928,52701,5.000,8814592,0.000
2026-09-06T00:28:35.931976,http,3,2,196,56420,0.000,24444928,52701,0.000,8814592,0.000
2026-09-06T00:28:36.132398,http,3,2,197,56420,0.000,24444928,52701,0.000,8814592,0.000
2026-09-06T00:28:36.332803,http,3,2,198,56420,0.000,24444928,52701,0.000,8814592,0.000
2026-09-06T00:28:36.533205,http,3,2,199,56420,0.000,24444928,52701,0.000,8814592,0.000
2026-09-06T00:28:36.733599,http,3,2,200,56420,0.000,24444928,52701,0.000,8814592,0.000
2026-09-06T00:28:36.934079,http,3,2,201,56420,0.000,24444928,52701,0.000,8814592,0.000
2026-09-06T00:28:37.134530,http,3,2,202,56420,0.000,24444928,52701,0.000,8814592,1.200
2026-09-06T00:28:37.334965,http,3,2,203,56420,0.000,24444928,52701,0.000,8814592,1.200
2026-09-06T00:28:37.535367,http,3,2,204,56420,0.000,24444928,52701,0.000,8814592,0.000
2026-09-06T00:28:37.735769,http,3,2,205,56420,0.000,24444928,52701,0.000,8814592,0.000
2026-09-06T00:28:37.936226,http,3,2,206,56420,0.000,24444928,52701,0.000,8814592,0.000
2026-09-06T00:28:38.136645,http,3,2,207,56420,0.000,24444928,52701,0.000,8814592,0.000
2026-09-06T00:28:38.337052,http,3,2,208,56420,0.000,24444928,52701,0.000,8814592,0.000
2026-09-06T00:28:38.537449,http,3,2,209,56420,0.000,24444928,52701,0.000,8814592,0.000
2026-09-06T00:28:38.737854,http,3,2,210,56420,0.000,24444928,52701,0.000,8814592,0.000
2026-09-06T00:28:38.938309,http,3,2,211,56420,0.000,24444928,52701,0.000,8814592,0.000
2026-09-06T00:28:39.138758,http,3,2,212,56420,0.000,24444928,52701,0.000,8814592,0.000
2026-09-06T00:28:39.339172,http,3,2,213,56420,0.000,24444928,52701,0.000,8814592,0.000
2026-09-06T00:28:39.539580,http,3,2,214,56420,0.000,24444928,52701,0.000,8814592,0.000
2026-09-06T00:28:39.739982,http,3,2,215,56420,0.000,24444928,52701,0.000,8814592,0.000
2026-09-06T00:28:39.940487,http,3,2,216,56420,5.000,24444928,52701,0.000,8814592,0.000
2026-09-06T00:28:40.140942,http,3,2,217,56420,0.000,24444928,52701,0.000,8814592,0.000
2026-09-06T00:28:40.341364,http,3,2,218,56420,0.000,24444928,52701,0.000,8814592,1.200
2026-09-06T00:28:40.541766,http,3,2,219,56420,0.000,24444928,52701,0.000,8814592,0.000
2026-09-06T00:28:40.742375,http,3,2,220,56420,10.000,0,52701,0.000,8814592,2.500
2026-09-06T00:28:43.944837,mqtt_qos0,3,3,1,56422,44.900,24477696,52701,0.000,8814592,12.300
2026-09-06T00:28:44.145259,mqtt_qos0,3,3,2,56422,0.000,24477696,52701,0.000,8814592,0.000
2026-09-06T00:28:44.345644,mqtt_qos0,3,3,3,56422,0.000,24477696,52701,0.000,8814592,0.000
2026-09-06T00:28:44.546005,mqtt_qos0,3,3,4,56422,0.000,24477696,52701,0.000,8814592,0.000
2026-09-06T00:28:44.746345,mqtt_qos0,3,3,5,56422,0.000,24477696,52701,0.000,8814592,0.000
2026-09-06T00:28:44.946819,mqtt_qos0,3,3,6,56422,0.000,24543232,52701,0.000,8814592,0.000
2026-09-06T00:28:45.147238,mqtt_qos0,3,3,7,56422,0.000,24543232,52701,0.000,8814592,1.200
2026-09-06T00:28:45.347634,mqtt_qos0,3,3,8,56422,5.000,24543232,52701,0.000,8814592,0.000
2026-09-06T00:28:45.548004,mqtt_qos0,3,3,9,56422,0.000,24543232,52701,0.000,8814592,1.200
2026-09-06T00:28:45.748371,mqtt_qos0,3,3,10,56422,0.000,24543232,52701,0.000,8814592,0.000
2026-09-06T00:28:45.948852,mqtt_qos0,3,3,11,56422,0.000,24543232,52701,0.000,8814592,0.000
2026-09-06T00:28:46.149275,mqtt_qos0,3,3,12,56422,0.000,24543232,52701,0.000,8814592,0.000
2026-09-06T00:28:46.349668,mqtt_qos0,3,3,13,56422,0.000,24543232,52701,0.000,8814592,0.000
2026-09-06T00:28:46.550046,mqtt_qos0,3,3,14,56422,0.000,24543232,52701,0.000,8814592,0.000
2026-09-06T00:28:46.750418,mqtt_qos0,3,3,15,56422,0.000,24543232,52701,0.000,8814592,0.000
2026-09-06T00:28:46.950884,mqtt_qos0,3,3,16,56422,0.000,24543232,52701,0.000,8814592,0.000
2026-09-06T00:28:47.151290,mqtt_qos0,3,3,17,56422,0.000,24543232,52701,0.000,8814592,0.000
2026-09-06T00:28:47.351671,mqtt_qos0,3,3,18,56422,0.000,24559616,52701,0.000,8814592,0.000
2026-09-06T00:28:47.552049,mqtt_qos0,3,3,19,56422,0.000,24559616,52701,0.000,8814592,0.000
2026-09-06T00:28:47.752411,mqtt_qos0,3,3,20,56422,0.000,24559616,52701,0.000,8814592,0.000
2026-09-06T00:28:47.952853,mqtt_qos0,3,3,21,56422,0.000,24559616,52701,0.000,8814592,0.000
2026-09-06T00:28:48.153259,mqtt_qos0,3,3,22,56422,0.000,24559616,52701,0.000,8814592,0.000
2026-09-06T00:28:48.353640,mqtt_qos0,3,3,23,56422,0.000,24559616,52701,0.000,8814592,0.000
2026-09-06T00:28:48.554000,mqtt_qos0,3,3,24,56422,0.000,24559616,52701,0.000,8814592,0.000
2026-09-06T00:28:48.754350,mqtt_qos0,3,3,25,56422,0.000,24559616,52701,0.000,8814592,0.000
2026-09-06T00:28:48.954813,mqtt_qos0,3,3,26,56422,0.000,24559616,52701,0.000,8814592,0.000
2026-09-06T00:28:49.155241,mqtt_qos0,3,3,27,56422,0.000,24559616,52701,0.000,8814592,1.200
2026-09-06T00:28:49.355629,mqtt_qos0,3,3,28,56422,0.000,24559616,52701,0.000,8814592,0.000
2026-09-06T00:28:49.555998,mqtt_qos0,3,3,29,56422,0.000,24559616,52701,0.000,8814592,0.000
2026-09-06T00:28:49.756357,mqtt_qos0,3,3,30,56422,0.000,24559616,52701,0.000,8814592,0.000
2026-09-06T00:28:49.956810,mqtt_qos0,3,3,31,56422,0.000,24559616,52701,0.000,8814592,0.000
2026-09-06T00:28:50.157249,mqtt_qos0,3,3,32,56422,0.000,24559616,52701,0.000,8814592,0.000
2026-09-06T00:28:50.357634,mqtt_qos0,3,3,33,56422,0.000,24559616,52701,0.000,8814592,0.000
2026-09-06T00:28:50.558008,mqtt_qos0,3,3,34,56422,0.000,24559616,52701,0.000,8814592,1.200
2026-09-06T00:28:50.758367,mqtt_qos0,3,3,35,56422,0.000,24559616,52701,0.000,8814592,0.000
2026-09-06T00:28:50.958819,mqtt_qos0,3,3,36,56422,0.000,24559616,52701,0.000,8814592,0.000
2026-09-06T00:28:51.159219,mqtt_qos0,3,3,37,56422,0.000,24559616,52701,0.000,8814592,0.000
2026-09-06T00:28:51.359585,mqtt_qos0,3,3,38,56422,0.000,24559616,52701,0.000,8814592,0.000
2026-09-06T00:28:51.559958,mqtt_qos0,3,3,39,56422,0.000,24559616,52701,0.000,8814592,0.000
2026-09-06T00:28:51.760316,mqtt_qos0,3,3,40,56422,0.000,24559616,52701,0.000,8814592,0.000
2026-09-06T00:28:51.960788,mqtt_qos0,3,3,41,56422,0.000,24559616,52701,0.000,8814592,0.000
2026-09-06T00:28:52.161210,mqtt_qos0,3,3,42,56422,0.000,24559616,52701,0.000,8814592,0.000
2026-09-06T00:28:52.361592,mqtt_qos0,3,3,43,56422,0.000,24559616,52701,0.000,8814592,0.000
2026-09-06T00:28:52.561972,mqtt_qos0,3,3,44,56422,0.000,24559616,52701,0.000,8814592,0.000
2026-09-06T00:28:52.762346,mqtt_qos0,3,3,45,56422,0.000,24576000,52701,0.000,8814592,1.200
2026-09-06T00:28:52.962828,mqtt_qos0,3,3,46,56422,0.000,24576000,52701,0.000,8814592,0.000
2026-09-06T00:28:53.163256,mqtt_qos0,3,3,47,56422,0.000,24576000,52701,0.000,8814592,0.000
2026-09-06T00:28:53.363657,mqtt_qos0,3,3,48,56422,0.000,24576000,52701,0.000,8814592,0.000
2026-09-06T00:28:53.564041,mqtt_qos0,3,3,49,56422,0.000,24576000,52701,0.000,8814592,0.000
2026-09-06T00:28:53.764406,mqtt_qos0,3,3,50,56422,5.000,24576000,52701,0.000,8814592,0.000
2026-09-06T00:28:53.964866,mqtt_qos0,3,3,51,56422,0.000,24576000,52701,0.000,8814592,0.000
2026-09-06T00:28:54.165284,mqtt_qos0,3,3,52,56422,0.000,24576000,52701,0.000,8814592,0.000
2026-09-06T00:28:54.365666,mqtt_qos0,3,3,53,56422,0.000,24576000,52701,0.000,8814592,0.000
2026-09-06T00:28:54.566047,mqtt_qos0,3,3,54,56422,0.000,24592384,52701,0.000,8814592,0.000
2026-09-06T00:28:54.766412,mqtt_qos0,3,3,55,56422,0.000,24592384,52701,0.000,8814592,0.000
2026-09-06T00:28:54.966891,mqtt_qos0,3,3,56,56422,0.000,24592384,52701,0.000,8814592,1.200
2026-09-06T00:28:55.167312,mqtt_qos0,3,3,57,56422,0.000,24592384,52701,0.000,8814592,0.000
2026-09-06T00:28:55.367697,mqtt_qos0,3,3,58,56422,0.000,24592384,52701,0.000,8814592,0.000
2026-09-06T00:28:55.568078,mqtt_qos0,3,3,59,56422,0.000,24592384,52701,0.000,8814592,0.000
2026-09-06T00:28:55.768445,mqtt_qos0,3,3,60,56422,0.000,24592384,52701,0.000,8814592,0.000
2026-09-06T00:28:55.968919,mqtt_qos0,3,3,61,56422,0.000,24592384,52701,0.000,8814592,0.000
2026-09-06T00:28:56.169334,mqtt_qos0,3,3,62,56422,0.000,24592384,52701,0.000,8814592,0.000
2026-09-06T00:28:56.369712,mqtt_qos0,3,3,63,56422,0.000,24592384,52701,0.000,8814592,0.000
2026-09-06T00:28:56.570091,mqtt_qos0,3,3,64,56422,0.000,24592384,52701,0.000,8814592,0.000
2026-09-06T00:28:56.770456,mqtt_qos0,3,3,65,56422,0.000,24592384,52701,0.000,8814592,0.000
2026-09-06T00:28:56.970939,mqtt_qos0,3,3,66,56422,0.000,24592384,52701,0.000,8814592,1.200
2026-09-06T00:28:57.171345,mqtt_qos0,3,3,67,56422,0.000,24592384,52701,0.000,8814592,0.000
2026-09-06T00:28:57.371721,mqtt_qos0,3,3,68,56422,0.000,24592384,52701,0.000,8814592,0.000
2026-09-06T00:28:57.572099,mqtt_qos0,3,3,69,56422,0.000,24592384,52701,0.000,8814592,0.000
2026-09-06T00:28:57.772463,mqtt_qos0,3,3,70,56422,0.000,24592384,52701,0.000,8814592,0.000
2026-09-06T00:28:57.972939,mqtt_qos0,3,3,71,56422,0.000,24592384,52701,0.000,8814592,0.000
2026-09-06T00:28:58.173365,mqtt_qos0,3,3,72,56422,0.000,24592384,52701,0.000,8814592,0.000
2026-09-06T00:28:58.373765,mqtt_qos0,3,3,73,56422,0.000,24592384,52701,0.000,8814592,0.000
2026-09-06T00:28:58.574151,mqtt_qos0,3,3,74,56422,0.000,24592384,52701,0.000,8814592,0.000
2026-09-06T00:28:58.774520,mqtt_qos0,3,3,75,56422,0.000,24592384,52701,0.000,8814592,0.000
2026-09-06T00:28:58.974994,mqtt_qos0,3,3,76,56422,0.000,24592384,52701,0.000,8814592,0.000
2026-09-06T00:28:59.175408,mqtt_qos0,3,3,77,56422,0.000,24592384,52701,0.000,8814592,0.000
2026-09-06T00:28:59.375788,mqtt_qos0,3,3,78,56422,0.000,24592384,52701,0.000,8814592,0.000
2026-09-06T00:28:59.576179,mqtt_qos0,3,3,79,56422,0.000,24608768,52701,0.000,8814592,0.000
2026-09-06T00:28:59.776548,mqtt_qos0,3,3,80,56422,0.000,24608768,52701,0.000,8814592,0.000
2026-09-06T00:28:59.977002,mqtt_qos0,3,3,81,56422,0.000,24608768,52701,0.000,8814592,0.000
2026-09-06T00:29:00.177399,mqtt_qos0,3,3,82,56422,0.000,24608768,52701,0.000,8814592,0.000
2026-09-06T00:29:00.377768,mqtt_qos0,3,3,83,56422,0.000,24608768,52701,0.000,8814592,0.000
2026-09-06T00:29:00.578142,mqtt_qos0,3,3,84,56422,0.000,24608768,52701,0.000,8814592,0.000
2026-09-06T00:29:00.778503,mqtt_qos0,3,3,85,56422,0.000,24608768,52701,0.000,8814592,0.000
2026-09-06T00:29:00.978991,mqtt_qos0,3,3,86,56422,0.000,24608768,52701,0.000,8814592,1.200
2026-09-06T00:29:01.179404,mqtt_qos0,3,3,87,56422,0.000,24608768,52701,0.000,8814592,0.000
2026-09-06T00:29:01.379777,mqtt_qos0,3,3,88,56422,0.000,24608768,52701,0.000,8814592,0.000
2026-09-06T00:29:01.580154,mqtt_qos0,3,3,89,56422,0.000,24608768,52701,0.000,8814592,0.000
2026-09-06T00:29:01.780519,mqtt_qos0,3,3,90,56422,0.000,24608768,52701,0.000,8814592,0.000
2026-09-06T00:29:01.980974,mqtt_qos0,3,3,91,56422,0.000,24608768,52701,0.000,8814592,0.000
2026-09-06T00:29:02.181381,mqtt_qos0,3,3,92,56422,5.000,24608768,52701,0.000,8814592,0.000
2026-09-06T00:29:02.381769,mqtt_qos0,3,3,93,56422,0.000,24608768,52701,0.000,8814592,0.000
2026-09-06T00:29:02.582145,mqtt_qos0,3,3,94,56422,0.000,24608768,52701,0.000,8814592,0.000
2026-09-06T00:29:02.782507,mqtt_qos0,3,3,95,56422,0.000,24608768,52701,0.000,8814592,0.000
2026-09-06T00:29:02.982985,mqtt_qos0,3,3,96,56422,0.000,24608768,52701,0.000,8814592,0.000
2026-09-06T00:29:03.183387,mqtt_qos0,3,3,97,56422,0.000,24608768,52701,0.000,8814592,0.000
2026-09-06T00:29:03.383746,mqtt_qos0,3,3,98,56422,0.000,24608768,52701,0.000,8814592,0.000
2026-09-06T00:29:03.584116,mqtt_qos0,3,3,99,56422,0.000,24608768,52701,0.000,8814592,0.000
2026-09-06T00:29:03.784563,mqtt_qos0,3,3,100,56422,0.000,24608768,52701,0.000,8814592,0.000
2026-09-06T00:29:03.984986,mqtt_qos0,3,3,101,56422,0.000,24608768,52701,0.000,8814592,0.000
2026-09-06T00:29:04.185385,mqtt_qos0,3,3,102,56422,0.000,24608768,52701,0.000,8814592,0.000
2026-09-06T00:29:04.385768,mqtt_qos0,3,3,103,56422,0.000,24608768,52701,0.000,8814592,0.000
2026-09-06T00:29:04.586133,mqtt_qos0,3,3,104,56422,0.000,24608768,52701,0.000,8814592,0.000
2026-09-06T00:29:04.786573,mqtt_qos0,3,3,105,56422,0.000,24608768,52701,0.000,8814592,0.000
2026-09-06T00:29:04.987018,mqtt_qos0,3,3,106,56422,0.000,24608768,52701,0.000,8814592,0.000
2026-09-06T00:29:05.187409,mqtt_qos0,3,3,107,56422,0.000,24608768,52701,0.000,8814592,0.000
2026-09-06T00:29:05.387785,mqtt_qos0,3,3,108,56422,0.000,24608768,52701,0.000,8814592,0.000
2026-09-06T00:29:05.588153,mqtt_qos0,3,3,109,56422,0.000,24608768,52701,0.000,8814592,0.000
2026-09-06T00:29:05.788566,mqtt_qos0,3,3,110,56422,0.000,24608768,52701,0.000,8814592,0.000
2026-09-06T00:29:05.988953,mqtt_qos0,3,3,111,56422,0.000,24608768,52701,0.000,8814592,0.000
2026-09-06T00:29:06.189338,mqtt_qos0,3,3,112,56422,0.000,24608768,52701,0.000,8814592,0.000
2026-09-06T00:29:06.389705,mqtt_qos0,3,3,113,56422,0.000,24608768,52701,0.000,8814592,0.000
2026-09-06T00:29:06.590059,mqtt_qos0,3,3,114,56422,0.000,24608768,52701,0.000,8814592,0.000
2026-09-06T00:29:06.790470,mqtt_qos0,3,3,115,56422,0.000,24625152,52701,0.000,8814592,0.000
2026-09-06T00:29:06.990878,mqtt_qos0,3,3,116,56422,0.000,24625152,52701,0.000,8814592,2.400
2026-09-06T00:29:07.191273,mqtt_qos0,3,3,117,56422,0.000,24625152,52701,0.000,8814592,0.000
2026-09-06T00:29:07.391649,mqtt_qos0,3,3,118,56422,0.000,24625152,52701,0.000,8814592,0.000
2026-09-06T00:29:07.592012,mqtt_qos0,3,3,119,56422,0.000,24625152,52701,0.000,8814592,0.000
2026-09-06T00:29:07.792433,mqtt_qos0,3,3,120,56422,0.000,24625152,52701,0.000,8814592,0.000
2026-09-06T00:29:07.992839,mqtt_qos0,3,3,121,56422,0.000,24625152,52701,0.000,8814592,0.000
2026-09-06T00:29:08.193227,mqtt_qos0,3,3,122,56422,0.000,24625152,52701,0.000,8814592,0.000
2026-09-06T00:29:08.393596,mqtt_qos0,3,3,123,56422,0.000,24625152,52701,0.000,8814592,0.000
2026-09-06T00:29:08.593959,mqtt_qos0,3,3,124,56422,0.000,24625152,52701,0.000,8814592,0.000
2026-09-06T00:29:08.794375,mqtt_qos0,3,3,125,56422,0.000,24625152,52701,0.000,8814592,0.000
2026-09-06T00:29:08.994802,mqtt_qos0,3,3,126,56422,0.000,24625152,52701,0.000,8814592,0.000
2026-09-06T00:29:09.195185,mqtt_qos0,3,3,127,56422,0.000,24625152,52701,0.000,8814592,1.200
2026-09-06T00:29:09.395550,mqtt_qos0,3,3,128,56422,0.000,24625152,52701,0.000,8814592,0.000
2026-09-06T00:29:09.595908,mqtt_qos0,3,3,129,56422,0.000,24625152,52701,0.000,8814592,0.000
2026-09-06T00:29:09.796328,mqtt_qos0,3,3,130,56422,0.000,24625152,52701,0.000,8814592,0.000
2026-09-06T00:29:09.996763,mqtt_qos0,3,3,131,56422,5.000,24625152,52701,0.000,8814592,0.000
2026-09-06T00:29:10.197161,mqtt_qos0,3,3,132,56422,0.000,24625152,52701,0.000,8814592,0.000
2026-09-06T00:29:10.397533,mqtt_qos0,3,3,133,56422,0.000,24625152,52701,0.000,8814592,0.000
2026-09-06T00:29:10.597899,mqtt_qos0,3,3,134,56422,0.000,24625152,52701,0.000,8814592,0.000
2026-09-06T00:29:10.798312,mqtt_qos0,3,3,135,56422,0.000,24625152,52701,0.000,8814592,0.000
2026-09-06T00:29:10.998740,mqtt_qos0,3,3,136,56422,0.000,24625152,52701,0.000,8814592,0.000
2026-09-06T00:29:11.199141,mqtt_qos0,3,3,137,56422,0.000,24625152,52701,0.000,8814592,0.000
2026-09-06T00:29:11.399506,mqtt_qos0,3,3,138,56422,0.000,24625152,52701,0.000,8814592,0.000
2026-09-06T00:29:11.599875,mqtt_qos0,3,3,139,56422,0.000,24625152,52701,0.000,8814592,0.000
2026-09-06T00:29:11.800303,mqtt_qos0,3,3,140,56422,0.000,24625152,52701,0.000,8814592,0.000
2026-09-06T00:29:12.000715,mqtt_qos0,3,3,141,56422,0.000,24641536,52701,0.000,8814592,0.000
2026-09-06T00:29:12.201098,mqtt_qos0,3,3,142,56422,0.000,24641536,52701,0.000,8814592,0.000
2026-09-06T00:29:12.401449,mqtt_qos0,3,3,143,56422,0.000,24641536,52701,0.000,8814592,0.000
2026-09-06T00:29:12.601815,mqtt_qos0,3,3,144,56422,0.000,24641536,52701,0.000,8814592,0.000
2026-09-06T00:29:12.802238,mqtt_qos0,3,3,145,56422,0.000,24641536,52701,0.000,8814592,0.000
2026-09-06T00:29:13.002650,mqtt_qos0,3,3,146,56422,0.000,24641536,52701,0.000,8814592,0.000
2026-09-06T00:29:13.203050,mqtt_qos0,3,3,147,56422,0.000,24641536,52701,0.000,8814592,0.000
2026-09-06T00:29:13.403422,mqtt_qos0,3,3,148,56422,0.000,24657920,52701,0.000,8814592,0.000
2026-09-06T00:29:13.603788,mqtt_qos0,3,3,149,56422,0.000,24657920,52701,0.000,8814592,0.000
2026-09-06T00:29:13.804206,mqtt_qos0,3,3,150,56422,0.000,24657920,52701,0.000,8814592,0.000
2026-09-06T00:29:14.004610,mqtt_qos0,3,3,151,56422,0.000,24657920,52701,0.000,8814592,0.000
2026-09-06T00:29:14.204996,mqtt_qos0,3,3,152,56422,0.000,24657920,52701,0.000,8814592,0.000
2026-09-06T00:29:14.405374,mqtt_qos0,3,3,153,56422,0.000,24657920,52701,0.000,8814592,0.000
2026-09-06T00:29:14.605745,mqtt_qos0,3,3,154,56422,0.000,24657920,52701,0.000,8814592,0.000
2026-09-06T00:29:14.806185,mqtt_qos0,3,3,155,56422,0.000,24674304,52701,0.000,8814592,0.000
2026-09-06T00:29:15.006593,mqtt_qos0,3,3,156,56422,0.000,24674304,52701,0.000,8814592,0.000
2026-09-06T00:29:15.207002,mqtt_qos0,3,3,157,56422,0.000,24674304,52701,0.000,8814592,0.000
2026-09-06T00:29:15.407374,mqtt_qos0,3,3,158,56422,0.000,24674304,52701,0.000,8814592,0.000
2026-09-06T00:29:15.607728,mqtt_qos0,3,3,159,56422,0.000,24674304,52701,0.000,8814592,0.000
2026-09-06T00:29:15.808149,mqtt_qos0,3,3,160,56422,0.000,24674304,52701,0.000,8814592,0.000
2026-09-06T00:29:16.008560,mqtt_qos0,3,3,161,56422,0.000,24674304,52701,0.000,8814592,0.000
2026-09-06T00:29:16.208953,mqtt_qos0,3,3,162,56422,0.000,24674304,52701,0.000,8814592,0.000
2026-09-06T00:29:16.409323,mqtt_qos0,3,3,163,56422,0.000,24674304,52701,0.000,8814592,0.000
2026-09-06T00:29:16.609691,mqtt_qos0,3,3,164,56422,0.000,24674304,52701,0.000,8814592,0.000
2026-09-06T00:29:16.810103,mqtt_qos0,3,3,165,56422,0.000,24674304,52701,0.000,8814592,0.000
2026-09-06T00:29:17.010515,mqtt_qos0,3,3,166,56422,0.000,24674304,52701,0.000,8814592,0.000
2026-09-06T00:29:17.210922,mqtt_qos0,3,3,167,56422,0.000,24674304,52701,5.000,8814592,0.000
2026-09-06T00:29:17.411303,mqtt_qos0,3,3,168,56422,0.000,24674304,52701,0.000,8814592,0.000
2026-09-06T00:29:17.611668,mqtt_qos0,3,3,169,56422,0.000,24674304,52701,0.000,8814592,0.000
2026-09-06T00:29:17.812089,mqtt_qos0,3,3,170,56422,0.000,24674304,52701,0.000,8814592,0.000
2026-09-06T00:29:18.012486,mqtt_qos0,3,3,171,56422,0.000,24674304,52701,0.000,8814592,0.000
2026-09-06T00:29:18.212891,mqtt_qos0,3,3,172,56422,5.000,24674304,52701,0.000,8814592,1.200
2026-09-06T00:29:18.413258,mqtt_qos0,3,3,173,56422,0.000,24674304,52701,0.000,8814592,0.000
2026-09-06T00:29:18.613623,mqtt_qos0,3,3,174,56422,0.000,24674304,52701,0.000,8814592,0.000
2026-09-06T00:29:18.814058,mqtt_qos0,3,3,175,56422,0.000,24674304,52701,0.000,8814592,0.000
2026-09-06T00:29:19.014461,mqtt_qos0,3,3,176,56422,0.000,24674304,52701,0.000,8814592,0.000
2026-09-06T00:29:19.214864,mqtt_qos0,3,3,177,56422,0.000,24674304,52701,0.000,8814592,1.200
2026-09-06T00:29:19.415236,mqtt_qos0,3,3,178,56422,0.000,24674304,52701,0.000,8814592,0.000
2026-09-06T00:29:19.615594,mqtt_qos0,3,3,179,56422,0.000,24674304,52701,0.000,8814592,0.000
2026-09-06T00:29:19.816037,mqtt_qos0,3,3,180,56422,0.000,24674304,52701,0.000,8814592,0.000
2026-09-06T00:29:20.016475,mqtt_qos0,3,3,181,56422,0.000,24674304,52701,0.000,8814592,0.000
2026-09-06T00:29:20.216889,mqtt_qos0,3,3,182,56422,0.000,24674304,52701,0.000,8814592,0.000
2026-09-06T00:29:20.417292,mqtt_qos0,3,3,183,56422,0.000,24674304,52701,0.000,8814592,0.000
2026-09-06T00:29:20.617684,mqtt_qos0,3,3,184,56422,0.000,24674304,52701,0.000,8814592,0.000
2026-09-06T00:29:20.818140,mqtt_qos0,3,3,185,56422,0.000,24674304,52701,0.000,8814592,0.000
2026-09-06T00:29:21.018561,mqtt_qos0,3,3,186,56422,0.000,24674304,52701,0.000,8814592,0.000
2026-09-06T00:29:21.218963,mqtt_qos0,3,3,187,56422,0.000,24674304,52701,0.000,8814592,0.000
2026-09-06T00:29:21.419326,mqtt_qos0,3,3,188,56422,0.000,24674304,52701,0.000,8814592,0.000
2026-09-06T00:29:21.619681,mqtt_qos0,3,3,189,56422,0.000,24674304,52701,0.000,8814592,0.000
2026-09-06T00:29:21.820098,mqtt_qos0,3,3,190,56422,0.000,24674304,52701,0.000,8814592,0.000
2026-09-06T00:29:22.020508,mqtt_qos0,3,3,191,56422,0.000,24674304,52701,0.000,8814592,1.200
2026-09-06T00:29:22.220896,mqtt_qos0,3,3,192,56422,0.000,24674304,52701,0.000,8814592,0.000
2026-09-06T00:29:22.421274,mqtt_qos0,3,3,193,56422,0.000,24674304,52701,0.000,8814592,1.200
2026-09-06T00:29:22.621637,mqtt_qos0,3,3,194,56422,0.000,24674304,52701,0.000,8814592,0.000
2026-09-06T00:29:22.822064,mqtt_qos0,3,3,195,56422,0.000,24674304,52701,0.000,8814592,0.000
2026-09-06T00:29:23.022459,mqtt_qos0,3,3,196,56422,0.000,24674304,52701,0.000,8814592,0.000
2026-09-06T00:29:23.222856,mqtt_qos0,3,3,197,56422,0.000,24674304,52701,0.000,8814592,1.200
2026-09-06T00:29:23.423228,mqtt_qos0,3,3,198,56422,0.000,24674304,52701,0.000,8814592,0.000
2026-09-06T00:29:23.623588,mqtt_qos0,3,3,199,56422,0.000,24674304,52701,0.000,8814592,0.000
2026-09-06T00:29:23.824022,mqtt_qos0,3,3,200,56422,0.000,24690688,52701,0.000,8814592,0.000
2026-09-06T00:29:24.024427,mqtt_qos0,3,3,201,56422,0.000,24690688,52701,0.000,8814592,0.000
2026-09-06T00:29:24.224801,mqtt_qos0,3,3,202,56422,0.000,24690688,52701,0.000,8814592,0.000
2026-09-06T00:29:24.425163,mqtt_qos0,3,3,203,56422,0.000,24690688,52701,0.000,8814592,0.000
2026-09-06T00:29:24.625518,mqtt_qos0,3,3,204,56422,0.000,24690688,52701,0.000,8814592,0.000
2026-09-06T00:29:24.825960,mqtt_qos0,3,3,205,56422,0.000,24690688,52701,0.000,8814592,0.000
2026-09-06T00:29:25.026380,mqtt_qos0,3,3,206,56422,0.000,24690688,52701,0.000,8814592,0.000
2026-09-06T00:29:25.226779,mqtt_qos0,3,3,207,56422,5.000,24690688,52701,0.000,8814592,0.000
2026-09-06T00:29:25.427148,mqtt_qos0,3,3,208,56422,0.000,24690688,52701,0.000,8814592,1.200
2026-09-06T00:29:25.627516,mqtt_qos0,3,3,209,56422,0.000,24690688,52701,0.000,8814592,0.000
2026-09-06T00:29:25.827944,mqtt_qos0,3,3,210,56422,0.000,24690688,52701,0.000,8814592,0.000
2026-09-06T00:29:26.028335,mqtt_qos0,3,3,211,56422,0.000,24690688,52701,0.000,8814592,0.000
2026-09-06T00:29:26.228699,mqtt_qos0,3,3,212,56422,0.000,24690688,52701,0.000,8814592,0.000
2026-09-06T00:29:26.429056,mqtt_qos0,3,3,213,56422,0.000,24690688,52701,0.000,8814592,0.000
2026-09-06T00:29:26.629406,mqtt_qos0,3,3,214,56422,0.000,24690688,52701,0.000,8814592,0.000
2026-09-06T00:29:26.829808,mqtt_qos0,3,3,215,56422,0.000,24690688,52701,0.000,8814592,0.000
2026-09-06T00:29:27.030190,mqtt_qos0,3,3,216,56422,0.000,24690688,52701,0.000,8814592,0.000
2026-09-06T00:29:27.230545,mqtt_qos0,3,3,217,56422,0.000,24690688,52701,0.000,8814592,0.000
2026-09-06T00:29:27.430938,mqtt_qos0,3,3,218,56422,0.000,24690688,52701,0.000,8814592,1.200
2026-09-06T00:29:27.631322,mqtt_qos0,3,3,219,56422,0.000,24690688,52701,0.000,8814592,0.000
2026-09-06T00:29:27.831782,mqtt_qos0,3,3,220,56422,0.000,24690688,52701,0.000,8814592,0.000
2026-09-06T00:29:28.032204,mqtt_qos0,3,3,221,56422,0.000,24690688,52701,0.000,8814592,0.000
2026-09-06T00:29:28.232565,mqtt_qos0,3,3,222,56422,0.000,24690688,52701,0.000,8814592,0.000
2026-09-06T00:29:28.432902,mqtt_qos0,3,3,223,56422,0.000,24690688,52701,0.000,8814592,0.000
2026-09-06T00:29:28.633260,mqtt_qos0,3,3,224,56422,0.000,24690688,52701,0.000,8814592,0.000
2026-09-06T00:29:28.833822,mqtt_qos0,3,3,225,56422,15.000,0,52701,0.000,8814592,2.500
