timestamp,protocol,run_id,round_id,position_in_round,seq,command_id,status,rtt_ms,esp_processing_us,esp_free_heap,esp_min_free_heap,esp_max_alloc_heap,rssi_dbm,qos,error
2026-09-04T10:25:34.186052,HTTP,1,1,1,1,http-main-1-1,success,23.296,361,220360,211508,110580,-46,,
2026-09-04T10:25:34.409585,HTTP,1,1,1,2,http-main-1-2,success,20.165,407,220080,211508,110580,-44,,
2026-09-04T10:25:34.629920,HTTP,1,1,1,3,http-main-1-3,success,24.793,358,220372,211508,110580,-40,,
2026-09-04T10:25:34.854875,HTTP,1,1,1,4,http-main-1-4,success,24.146,356,220360,211508,110580,-44,,
2026-09-04T10:25:35.079186,HTTP,1,1,1,5,http-main-1-5,success,22.424,359,220392,211508,110580,-40,,
2026-09-04T10:25:35.301765,HTTP,1,1,1,6,http-main-1-6,success,24.491,357,220372,211508,110580,-39,,
2026-09-04T10:25:35.526407,HTTP,1,1,1,7,http-main-1-7,success,28.660,358,220168,211508,110580,-40,,
2026-09-04T10:25:35.755216,HTTP,1,1,1,8,http-main-1-8,success,30.251,619,220188,211508,110580,-44,,
2026-09-04T10:25:35.985633,HTTP,1,1,1,9,http-main-1-9,success,20.092,358,220360,211508,110580,-44,,
2026-09-04T10:25:36.205889,HTTP,1,1,1,10,http-main-1-10,success,19.837,398,220392,211508,110580,-43,,
2026-09-04T10:25:36.425883,HTTP,1,1,1,11,http-main-1-11,success,19.859,407,220360,211508,110580,-42,,
2026-09-04T10:25:36.645896,HTTP,1,1,1,12,http-main-1-12,success,24.946,393,220376,211508,110580,-43,,
2026-09-04T10:25:36.870995,HTTP,1,1,1,13,http-main-1-13,success,24.162,388,220376,211508,110580,-41,,
2026-09-04T10:25:37.095321,HTTP,1,1,1,14,http-main-1-14,success,16.751,389,220372,211508,110580,-40,,
2026-09-04T10:25:37.312225,HTTP,1,1,1,15,http-main-1-15,success,17.327,473,220116,211508,110580,-41,,
2026-09-04T10:25:37.529703,HTTP,1,1,1,16,http-main-1-16,success,30.083,404,220396,211508,110580,-41,,
2026-09-04T10:25:37.759931,HTTP,1,1,1,17,http-main-1-17,success,18.011,415,220396,211508,110580,-39,,
2026-09-04T10:25:37.978090,HTTP,1,1,1,18,http-main-1-18,success,21.122,395,220368,211508,110580,-38,,
2026-09-04T10:25:38.199362,HTTP,1,1,1,19,http-main-1-19,success,17.439,389,220392,211508,110580,-40,,
2026-09-04T10:25:38.416950,HTTP,1,1,1,20,http-main-1-20,success,22.603,398,220360,211508,110580,-39,,
2026-09-04T10:25:38.639722,HTTP,1,1,1,21,http-main-1-21,success,18.092,393,220384,211508,110580,-40,,
2026-09-04T10:25:38.857963,HTTP,1,1,1,22,http-main-1-22,success,19.733,388,220376,211508,110580,-42,,
2026-09-04T10:25:39.077850,HTTP,1,1,1,23,http-main-1-23,success,17.319,393,220376,211508,110580,-39,,
2026-09-04T10:25:39.295316,HTTP,1,1,1,24,http-main-1-24,success,18.536,393,220372,211508,110580,-41,,
2026-09-04T10:25:39.513999,HTTP,1,1,1,25,http-main-1-25,success,21.765,393,220380,211508,110580,-41,,
2026-09-04T10:25:39.735912,HTTP,1,1,1,26,http-main-1-26,success,28.116,391,220176,211508,110580,-40,,
2026-09-04T10:25:39.964182,HTTP,1,1,1,27,http-main-1-27,success,18.345,392,220380,211508,110580,-41,,
2026-09-04T10:25:40.182703,HTTP,1,1,1,28,http-main-1-28,success,17.330,404,220384,211508,110580,-41,,
2026-09-04T10:25:40.400205,HTTP,1,1,1,29,http-main-1-29,success,16.295,402,220376,211508,110580,-41,,
2026-09-04T10:25:40.616653,HTTP,1,1,1,30,http-main-1-30,success,17.055,391,220376,211508,110580,-40,,
2026-09-04T10:25:40.833856,HTTP,1,1,1,31,http-main-1-31,success,17.005,390,220372,211508,110580,-40,,
2026-09-04T10:25:41.051020,HTTP,1,1,1,32,http-main-1-32,success,16.687,415,220380,211508,110580,-41,,
2026-09-04T10:25:41.267857,HTTP,1,1,1,33,http-main-1-33,success,21.750,389,220360,211508,110580,-41,,
2026-09-04T10:25:41.489754,HTTP,1,1,1,34,http-main-1-34,success,25.146,390,220360,211508,110580,-41,,
2026-09-04T10:25:41.715046,HTTP,1,1,1,35,http-main-1-35,success,19.207,390,220360,211508,110580,-40,,
2026-09-04T10:25:41.934402,HTTP,1,1,1,36,http-main-1-36,success,19.123,406,220380,211508,110580,-42,,
2026-09-04T10:25:42.153677,HTTP,1,1,1,37,http-main-1-37,success,19.917,400,217736,211508,110580,-39,,
2026-09-04T10:25:42.373742,HTTP,1,1,1,38,http-main-1-38,success,17.013,394,220368,211508,110580,-42,,
2026-09-04T10:25:42.590897,HTTP,1,1,1,39,http-main-1-39,success,17.624,395,220392,211508,110580,-41,,
2026-09-04T10:25:42.808665,HTTP,1,1,1,40,http-main-1-40,success,24.870,389,220360,211508,110580,-40,,
2026-09-04T10:25:43.033713,HTTP,1,1,1,41,http-main-1-41,success,21.529,401,220384,211508,110580,-41,,
2026-09-04T10:25:43.255393,HTTP,1,1,1,42,http-main-1-42,success,19.893,393,220376,211508,110580,-41,,
2026-09-04T10:25:43.475433,HTTP,1,1,1,43,http-main-1-43,success,17.094,407,220376,211508,110580,-40,,
2026-09-04T10:25:43.692668,HTTP,1,1,1,44,http-main-1-44,success,28.181,396,220376,211508,110580,-42,,
2026-09-04T10:25:43.920992,HTTP,1,1,1,45,http-main-1-45,success,17.512,390,220356,211508,110580,-41,,
2026-09-04T10:25:44.138660,HTTP,1,1,1,46,http-main-1-46,success,25.726,393,220384,211508,110580,-40,,
2026-09-04T10:25:44.364536,HTTP,1,1,1,47,http-main-1-47,success,22.246,392,220388,211508,110580,-40,,
2026-09-04T10:25:44.586929,HTTP,1,1,1,48,http-main-1-48,success,16.939,393,220348,211508,110580,-41,,
2026-09-04T10:25:44.804016,HTTP,1,1,1,49,http-main-1-49,success,24.158,393,220380,211508,110580,-42,,
2026-09-04T10:25:45.028334,HTTP,1,1,1,50,http-main-1-50,success,17.315,389,220388,211508,110580,-42,,
2026-09-04T10:25:45.245800,HTTP,1,1,1,51,http-main-1-51,success,17.800,389,220360,211508,110580,-45,,
2026-09-04T10:25:45.463744,HTTP,1,1,1,52,http-main-1-52,success,22.242,557,220136,211508,110580,-41,,
2026-09-04T10:25:45.686129,HTTP,1,1,1,53,http-main-1-53,success,25.292,388,220372,211508,110580,-42,,
2026-09-04T10:25:45.911571,HTTP,1,1,1,54,http-main-1-54,success,19.868,388,220396,211508,110580,-41,,
2026-09-04T10:25:46.131597,HTTP,1,1,1,55,http-main-1-55,success,21.227,438,220156,211508,110580,-51,,
2026-09-04T10:25:46.352974,HTTP,1,1,1,56,http-main-1-56,success,23.750,391,220388,211508,110580,-41,,
2026-09-04T10:25:46.576868,HTTP,1,1,1,57,http-main-1-57,success,17.375,395,220364,211508,110580,-41,,
2026-09-04T10:25:46.794386,HTTP,1,1,1,58,http-main-1-58,success,20.635,436,220348,211508,110580,-41,,
2026-09-04T10:25:47.015174,HTTP,1,1,1,59,http-main-1-59,success,27.240,384,220352,211508,110580,-42,,
2026-09-04T10:25:47.242560,HTTP,1,1,1,60,http-main-1-60,success,21.432,393,220360,211508,110580,-40,,
2026-09-04T10:25:47.464161,HTTP,1,1,1,61,http-main-1-61,success,17.561,645,218456,211508,110580,-41,,
2026-09-04T10:25:47.681866,HTTP,1,1,1,62,http-main-1-62,success,17.702,394,220384,211508,110580,-42,,
2026-09-04T10:25:47.899714,HTTP,1,1,1,63,http-main-1-63,success,22.835,392,220344,211508,110580,-42,,
2026-09-04T10:25:48.122701,HTTP,1,1,1,64,http-main-1-64,success,17.264,398,220380,211356,110580,-40,,
2026-09-04T10:25:48.340122,HTTP,1,1,1,65,http-main-1-65,success,22.891,392,220356,211356,110580,-41,,
2026-09-04T10:25:48.563158,HTTP,1,1,1,66,http-main-1-66,success,23.023,388,220376,211356,110580,-42,,
2026-09-04T10:25:48.786324,HTTP,1,1,1,67,http-main-1-67,success,24.649,387,220384,211356,110580,-42,,
2026-09-04T10:25:49.011126,HTTP,1,1,1,68,http-main-1-68,success,19.474,393,220368,211356,110580,-42,,
2026-09-04T10:25:49.230733,HTTP,1,1,1,69,http-main-1-69,success,13.100,404,220376,211356,110580,-39,,
2026-09-04T10:25:49.443978,HTTP,1,1,1,70,http-main-1-70,success,17.871,400,220384,211356,110580,-43,,
2026-09-04T10:25:49.661989,HTTP,1,1,1,71,http-main-1-71,success,19.672,389,220388,211356,110580,-42,,
2026-09-04T10:25:49.881805,HTTP,1,1,1,72,http-main-1-72,success,36.438,398,220376,211356,110580,-42,,
2026-09-04T10:25:50.118398,HTTP,1,1,1,73,http-main-1-73,success,18.643,395,220348,211356,110580,-41,,
2026-09-04T10:25:50.337190,HTTP,1,1,1,74,http-main-1-74,success,20.100,394,220384,211356,110580,-42,,
2026-09-04T10:25:50.557430,HTTP,1,1,1,75,http-main-1-75,success,17.596,416,220360,211356,110580,-40,,
2026-09-04T10:25:50.775166,HTTP,1,1,1,76,http-main-1-76,success,19.517,401,220380,211356,110580,-42,,
2026-09-04T10:25:50.994846,HTTP,1,1,1,77,http-main-1-77,success,17.717,405,220368,211356,110580,-41,,
2026-09-04T10:25:51.212714,HTTP,1,1,1,78,http-main-1-78,success,38.169,390,220384,211356,110580,-42,,
2026-09-04T10:25:51.451031,HTTP,1,1,1,79,http-main-1-79,success,18.836,408,220356,211356,110580,-41,,
2026-09-04T10:25:51.670017,HTTP,1,1,1,80,http-main-1-80,success,23.190,409,220376,211356,110580,-42,,
2026-09-04T10:25:51.893382,HTTP,1,1,1,81,http-main-1-81,success,17.128,394,220388,211356,110580,-41,,
2026-09-04T10:25:52.110674,HTTP,1,1,1,82,http-main-1-82,success,16.949,389,220356,211356,110580,-40,,
2026-09-04T10:25:52.327774,HTTP,1,1,1,83,http-main-1-83,success,17.907,402,220396,211356,110580,-42,,
2026-09-04T10:25:52.545829,HTTP,1,1,1,84,http-main-1-84,success,22.722,390,220372,211356,110580,-39,,
2026-09-04T10:25:52.768696,HTTP,1,1,1,85,http-main-1-85,success,14.062,389,220372,211356,110580,-41,,
2026-09-04T10:25:52.982907,HTTP,1,1,1,86,http-main-1-86,success,20.676,427,220164,211356,110580,-40,,
2026-09-04T10:25:53.203737,HTTP,1,1,1,87,http-main-1-87,success,19.636,398,220380,211356,110580,-42,,
2026-09-04T10:25:53.423519,HTTP,1,1,1,88,http-main-1-88,success,21.393,638,220308,211356,110580,-42,,
2026-09-04T10:25:53.645053,HTTP,1,1,1,89,http-main-1-89,success,17.520,394,220372,211356,110580,-42,,
2026-09-04T10:25:53.862717,HTTP,1,1,1,90,http-main-1-90,success,19.823,388,220356,211356,110580,-42,,
2026-09-04T10:25:54.082699,HTTP,1,1,1,91,http-main-1-91,success,21.308,395,220384,211356,110580,-40,,
2026-09-04T10:25:54.304159,HTTP,1,1,1,92,http-main-1-92,success,18.055,664,219956,211356,110580,-42,,
2026-09-04T10:25:54.522354,HTTP,1,1,1,93,http-main-1-93,success,18.249,468,220060,211356,110580,-42,,
2026-09-04T10:25:54.740745,HTTP,1,1,1,94,http-main-1-94,success,16.449,388,220368,211356,110580,-42,,
2026-09-04T10:25:54.957334,HTTP,1,1,1,95,http-main-1-95,success,17.826,451,220092,211356,110580,-42,,
2026-09-04T10:25:55.175309,HTTP,1,1,1,96,http-main-1-96,success,22.582,392,220384,211356,110580,-41,,
2026-09-04T10:25:55.398037,HTTP,1,1,1,97,http-main-1-97,success,17.971,402,220348,211356,110580,-39,,
2026-09-04T10:25:55.616152,HTTP,1,1,1,98,http-main-1-98,success,19.472,389,220380,211356,110580,-42,,
2026-09-04T10:25:55.835766,HTTP,1,1,1,99,http-main-1-99,success,18.535,432,219820,211356,110580,-41,,
2026-09-04T10:25:56.054477,HTTP,1,1,1,100,http-main-1-100,success,19.225,382,220300,211356,110580,-40,,
2026-09-04T10:25:56.273885,HTTP,1,1,1,101,http-main-1-101,success,17.049,690,220100,211356,110580,-41,,
2026-09-04T10:25:56.491082,HTTP,1,1,1,102,http-main-1-102,success,19.550,382,220304,211356,110580,-42,,
2026-09-04T10:25:56.710775,HTTP,1,1,1,103,http-main-1-103,success,26.153,385,220308,211356,110580,-42,,
2026-09-04T10:25:56.937078,HTTP,1,1,1,104,http-main-1-104,success,16.391,382,220284,211356,110580,-41,,
2026-09-04T10:25:57.153633,HTTP,1,1,1,105,http-main-1-105,success,31.061,385,220320,211356,110580,-41,,
2026-09-04T10:25:57.384840,HTTP,1,1,1,106,http-main-1-106,success,16.573,380,220288,211356,110580,-42,,
2026-09-04T10:25:57.601555,HTTP,1,1,1,107,http-main-1-107,success,16.849,401,220280,211356,110580,-42,,
2026-09-04T10:25:57.818547,HTTP,1,1,1,108,http-main-1-108,success,16.529,486,220068,211356,110580,-40,,
2026-09-04T10:25:58.035233,HTTP,1,1,1,109,http-main-1-109,success,21.086,434,220296,211356,110580,-41,,
2026-09-04T10:25:58.256470,HTTP,1,1,1,110,http-main-1-110,success,22.871,384,220312,211356,110580,-40,,
2026-09-04T10:25:58.479486,HTTP,1,1,1,111,http-main-1-111,success,33.281,388,220100,211356,110580,-42,,
2026-09-04T10:25:58.712907,HTTP,1,1,1,112,http-main-1-112,success,18.873,383,220308,211356,110580,-42,,
2026-09-04T10:25:58.931922,HTTP,1,1,1,113,http-main-1-113,success,15.964,512,220104,211356,110580,-41,,
2026-09-04T10:25:59.148039,HTTP,1,1,1,114,http-main-1-114,success,17.744,381,220300,211356,110580,-41,,
2026-09-04T10:25:59.365919,HTTP,1,1,1,115,http-main-1-115,success,20.154,385,220304,211356,110580,-42,,
2026-09-04T10:25:59.586209,HTTP,1,1,1,116,http-main-1-116,success,22.090,398,220320,211356,110580,-41,,
2026-09-04T10:25:59.808440,HTTP,1,1,1,117,http-main-1-117,success,28.878,384,220316,211356,110580,-40,,
2026-09-04T10:26:00.037476,HTTP,1,1,1,118,http-main-1-118,success,15.272,380,220316,211356,110580,-41,,
2026-09-04T10:26:00.252901,HTTP,1,1,1,119,http-main-1-119,success,19.788,384,220120,211356,110580,-41,,
2026-09-04T10:26:00.472831,HTTP,1,1,1,120,http-main-1-120,success,30.972,383,220320,211356,110580,-41,,
2026-09-04T10:26:00.703972,HTTP,1,1,1,121,http-main-1-121,success,18.680,386,220296,211356,110580,-41,,
2026-09-04T10:26:00.922815,HTTP,1,1,1,122,http-main-1-122,success,18.607,475,220300,211356,110580,-41,,
2026-09-04T10:26:01.141590,HTTP,1,1,1,123,http-main-1-123,success,17.084,386,220316,211356,110580,-40,,
2026-09-04T10:26:01.358833,HTTP,1,1,1,124,http-main-1-124,success,24.618,384,220316,211356,110580,-40,,
2026-09-04T10:26:01.583589,HTTP,1,1,1,125,http-main-1-125,success,18.746,394,220304,211356,110580,-41,,
2026-09-04T10:26:01.802477,HTTP,1,1,1,126,http-main-1-126,success,21.205,384,220292,211356,110580,-41,,
2026-09-04T10:26:02.023843,HTTP,1,1,1,127,http-main-1-127,success,15.891,381,220288,211356,110580,-41,,
2026-09-04T10:26:02.239875,HTTP,1,1,1,128,http-main-1-128,success,24.629,401,220064,211356,110580,-41,,
2026-09-04T10:26:02.464637,HTTP,1,1,1,129,http-main-1-129,success,31.331,386,220292,211356,110580,-40,,
2026-09-04T10:26:02.696103,HTTP,1,1,1,130,http-main-1-130,success,23.825,383,220300,211356,110580,-42,,
2026-09-04T10:26:02.920066,HTTP,1,1,1,131,http-main-1-131,success,19.108,389,220280,211356,110580,-42,,
2026-09-04T10:26:03.139327,HTTP,1,1,1,132,http-main-1-132,success,15.168,395,220308,211356,110580,-42,,
2026-09-04T10:26:03.354634,HTTP,1,1,1,133,http-main-1-133,success,18.895,384,220288,211356,110580,-40,,
2026-09-04T10:26:03.573664,HTTP,1,1,1,134,http-main-1-134,success,18.050,388,220292,211356,110580,-40,,
2026-09-04T10:26:03.791855,HTTP,1,1,1,135,http-main-1-135,success,18.658,392,217876,211356,110580,-40,,
2026-09-04T10:26:04.010669,HTTP,1,1,1,136,http-main-1-136,success,21.470,397,220284,211356,110580,-40,,
2026-09-04T10:26:04.232288,HTTP,1,1,1,137,http-main-1-137,success,17.902,496,219696,211356,110580,-41,,
2026-09-04T10:26:04.450329,HTTP,1,1,1,138,http-main-1-138,success,17.529,408,217668,211356,110580,-39,,
2026-09-04T10:26:04.667998,HTTP,1,1,1,139,http-main-1-139,success,17.718,384,220320,211356,110580,-39,,
2026-09-04T10:26:04.885861,HTTP,1,1,1,140,http-main-1-140,success,20.338,383,220284,211356,110580,-41,,
2026-09-04T10:26:05.106383,HTTP,1,1,1,141,http-main-1-141,success,22.363,381,220304,211356,110580,-40,,
2026-09-04T10:26:05.328888,HTTP,1,1,1,142,http-main-1-142,success,32.300,593,220120,211356,110580,-41,,
2026-09-04T10:26:05.561322,HTTP,1,1,1,143,http-main-1-143,success,20.880,384,220328,211356,110580,-42,,
2026-09-04T10:26:05.782338,HTTP,1,1,1,144,http-main-1-144,success,18.182,384,220324,211356,110580,-42,,
2026-09-04T10:26:06.000671,HTTP,1,1,1,145,http-main-1-145,success,26.644,382,220308,211356,110580,-42,,
2026-09-04T10:26:06.227466,HTTP,1,1,1,146,http-main-1-146,success,17.346,384,220308,211356,110580,-42,,
2026-09-04T10:26:06.444953,HTTP,1,1,1,147,http-main-1-147,success,25.783,382,220316,211356,110580,-41,,
2026-09-04T10:26:06.670874,HTTP,1,1,1,148,http-main-1-148,success,24.515,383,220320,211356,110580,-41,,
2026-09-04T10:26:06.895529,HTTP,1,1,1,149,http-main-1-149,success,20.048,394,220088,211356,110580,-42,,
2026-09-04T10:26:07.115733,HTTP,1,1,1,150,http-main-1-150,success,20.391,382,220300,211356,110580,-41,,
2026-09-04T10:26:07.336263,HTTP,1,1,1,151,http-main-1-151,success,15.314,381,220292,211356,110580,-41,,
2026-09-04T10:26:07.551713,HTTP,1,1,1,152,http-main-1-152,success,19.099,604,220060,211356,110580,-41,,
2026-09-04T10:26:07.770947,HTTP,1,1,1,153,http-main-1-153,success,19.810,381,220312,211356,110580,-40,,
2026-09-04T10:26:07.990911,HTTP,1,1,1,154,http-main-1-154,success,18.283,382,220292,211356,110580,-41,,
2026-09-04T10:26:08.209341,HTTP,1,1,1,155,http-main-1-155,success,22.489,382,220084,211356,110580,-41,,
2026-09-04T10:26:08.431966,HTTP,1,1,1,156,http-main-1-156,success,22.133,392,220300,211356,110580,-42,,
2026-09-04T10:26:08.654233,HTTP,1,1,1,157,http-main-1-157,success,23.552,381,220316,211356,110580,-39,,
2026-09-04T10:26:08.877944,HTTP,1,1,1,158,http-main-1-158,success,21.541,382,220320,211356,110580,-42,,
2026-09-04T10:26:09.099648,HTTP,1,1,1,159,http-main-1-159,success,15.383,385,220292,211356,110580,-42,,
2026-09-04T10:26:09.315179,HTTP,1,1,1,160,http-main-1-160,success,18.293,618,219876,211356,110580,-42,,
2026-09-04T10:26:09.533636,HTTP,1,1,1,161,http-main-1-161,success,38.620,382,220324,211356,110580,-41,,
2026-09-04T10:26:09.772394,HTTP,1,1,1,162,http-main-1-162,success,18.162,382,220320,211356,110580,-41,,
2026-09-04T10:26:09.990712,HTTP,1,1,1,163,http-main-1-163,success,15.708,416,220316,211356,110580,-41,,
2026-09-04T10:26:10.206588,HTTP,1,1,1,164,http-main-1-164,success,23.706,385,220312,211356,110580,-41,,
2026-09-04T10:26:10.430436,HTTP,1,1,1,165,http-main-1-165,success,18.679,429,220340,211356,110580,-42,,
2026-09-04T10:26:10.649255,HTTP,1,1,1,166,http-main-1-166,success,37.184,385,220312,211356,110580,-40,,
2026-09-04T10:26:10.886581,HTTP,1,1,1,167,http-main-1-167,success,18.624,391,220304,211356,110580,-40,,
2026-09-04T10:26:11.105360,HTTP,1,1,1,168,http-main-1-168,success,27.798,385,220304,211356,110580,-41,,
2026-09-04T10:26:11.333302,HTTP,1,1,1,169,http-main-1-169,success,22.395,382,220296,211356,110580,-40,,
2026-09-04T10:26:11.555837,HTTP,1,1,1,170,http-main-1-170,success,17.429,392,217868,211356,110580,-41,,
2026-09-04T10:26:11.773403,HTTP,1,1,1,171,http-main-1-171,success,19.710,383,220296,211356,110580,-40,,
2026-09-04T10:26:11.993268,HTTP,1,1,1,172,http-main-1-172,success,23.805,384,220312,211356,110580,-40,,
2026-09-04T10:26:12.217222,HTTP,1,1,1,173,http-main-1-173,success,20.978,380,220304,211356,110580,-41,,
2026-09-04T10:26:12.438340,HTTP,1,1,1,174,http-main-1-174,success,23.645,400,220292,211356,110580,-42,,
2026-09-04T10:26:12.662118,HTTP,1,1,1,175,http-main-1-175,success,20.382,383,220292,211356,110580,-41,,
2026-09-04T10:26:12.882640,HTTP,1,1,1,176,http-main-1-176,success,28.803,391,219672,211356,110580,-41,,
2026-09-04T10:26:13.111600,HTTP,1,1,1,177,http-main-1-177,success,20.546,380,220292,211356,110580,-39,,
2026-09-04T10:26:13.332286,HTTP,1,1,1,178,http-main-1-178,success,22.550,384,220288,211356,110580,-41,,
2026-09-04T10:26:13.554971,HTTP,1,1,1,179,http-main-1-179,success,18.568,434,220288,211356,110580,-42,,
2026-09-04T10:26:13.773674,HTTP,1,1,1,180,http-main-1-180,success,29.002,386,220312,211356,110580,-40,,
2026-09-04T10:26:14.002869,HTTP,1,1,1,181,http-main-1-181,success,20.269,383,220292,211356,110580,-40,,
2026-09-04T10:26:14.223296,HTTP,1,1,1,182,http-main-1-182,success,16.744,384,220320,211356,110580,-41,,
2026-09-04T10:26:14.440185,HTTP,1,1,1,183,http-main-1-183,success,16.686,383,220320,211356,110580,-42,,
2026-09-04T10:26:14.657006,HTTP,1,1,1,184,http-main-1-184,success,33.581,382,220288,211356,110580,-41,,
2026-09-04T10:26:14.890738,HTTP,1,1,1,185,http-main-1-185,success,16.519,408,220288,211356,110580,-41,,
2026-09-04T10:26:15.107415,HTTP,1,1,1,186,http-main-1-186,success,20.072,385,220292,211356,110580,-42,,
2026-09-04T10:26:15.327626,HTTP,1,1,1,187,http-main-1-187,success,18.571,383,220300,211356,110580,-41,,
2026-09-04T10:26:15.546336,HTTP,1,1,1,188,http-main-1-188,success,16.819,384,220316,211356,110580,-40,,
2026-09-04T10:26:15.763290,HTTP,1,1,1,189,http-main-1-189,success,19.780,382,220296,211356,110580,-40,,
2026-09-04T10:26:15.983216,HTTP,1,1,1,190,http-main-1-190,success,28.299,382,220300,211356,110580,-40,,
2026-09-04T10:26:16.211679,HTTP,1,1,1,191,http-main-1-191,success,25.576,379,220280,211356,110580,-42,,
2026-09-04T10:26:16.437397,HTTP,1,1,1,192,http-main-1-192,success,31.952,384,220324,211356,110580,-40,,
2026-09-04T10:26:16.669491,HTTP,1,1,1,193,http-main-1-193,success,17.749,380,220320,211356,110580,-42,,
2026-09-04T10:26:16.887388,HTTP,1,1,1,194,http-main-1-194,success,16.016,384,220320,211356,110580,-40,,
2026-09-04T10:26:17.103560,HTTP,1,1,1,195,http-main-1-195,success,19.009,454,220292,211356,110580,-42,,
2026-09-04T10:26:17.322710,HTTP,1,1,1,196,http-main-1-196,success,21.317,382,220308,211356,110580,-41,,
2026-09-04T10:26:17.544172,HTTP,1,1,1,197,http-main-1-197,success,17.899,511,220104,211356,110580,-41,,
2026-09-04T10:26:17.762205,HTTP,1,1,1,198,http-main-1-198,success,17.697,389,220292,211356,110580,-41,,
2026-09-04T10:26:17.980049,HTTP,1,1,1,199,http-main-1-199,success,16.385,382,220296,211356,110580,-41,,
2026-09-04T10:26:18.196593,HTTP,1,1,1,200,http-main-1-200,success,15.707,388,220316,211356,110580,-40,,
2026-09-04T10:29:44.077590,HTTP,2,2,3,1,http-main-2-1,success,25.399,358,224012,211356,110580,-33,,
2026-09-04T10:29:44.303215,HTTP,2,2,3,2,http-main-2-2,success,22.165,353,223744,211356,110580,-35,,
2026-09-04T10:29:44.525554,HTTP,2,2,3,3,http-main-2-3,success,18.422,503,222868,211356,110580,-33,,
2026-09-04T10:29:44.744137,HTTP,2,2,3,4,http-main-2-4,success,19.070,369,220804,211356,110580,-35,,
2026-09-04T10:29:44.963364,HTTP,2,2,3,5,http-main-2-5,success,18.950,357,222984,211356,110580,-36,,
2026-09-04T10:29:45.182482,HTTP,2,2,3,6,http-main-2-6,success,18.306,358,222720,211356,110580,-36,,
2026-09-04T10:29:45.400946,HTTP,2,2,3,7,http-main-2-7,success,23.691,352,222444,211356,110580,-36,,
2026-09-04T10:29:45.624787,HTTP,2,2,3,8,http-main-2-8,success,19.120,359,222176,211356,110580,-35,,
2026-09-04T10:29:45.844054,HTTP,2,2,3,9,http-main-2-9,success,17.112,357,221920,211356,110580,-34,,
2026-09-04T10:29:46.061329,HTTP,2,2,3,10,http-main-2-10,success,16.772,392,221692,211356,110580,-36,,
2026-09-04T10:29:46.278251,HTTP,2,2,3,11,http-main-2-11,success,22.321,392,221412,211356,110580,-34,,
2026-09-04T10:29:46.500718,HTTP,2,2,3,12,http-main-2-12,success,14.677,396,221152,211356,110580,-35,,
2026-09-04T10:29:46.715539,HTTP,2,2,3,13,http-main-2-13,success,20.129,393,220892,211356,110580,-33,,
2026-09-04T10:29:46.935818,HTTP,2,2,3,14,http-main-2-14,success,21.588,392,220632,211356,110580,-33,,
2026-09-04T10:29:47.157571,HTTP,2,2,3,15,http-main-2-15,success,19.174,395,220372,211356,110580,-32,,
2026-09-04T10:29:47.376899,HTTP,2,2,3,16,http-main-2-16,success,34.173,396,220372,211356,110580,-34,,
2026-09-04T10:29:47.611221,HTTP,2,2,3,17,http-main-2-17,success,16.964,392,220372,211356,110580,-34,,
2026-09-04T10:29:47.828333,HTTP,2,2,3,18,http-main-2-18,success,16.879,396,220380,211356,110580,-33,,
2026-09-04T10:29:48.045369,HTTP,2,2,3,19,http-main-2-19,success,19.548,394,220372,211356,110580,-33,,
2026-09-04T10:29:48.265071,HTTP,2,2,3,20,http-main-2-20,success,23.499,394,220360,211356,110580,-35,,
2026-09-04T10:29:48.488744,HTTP,2,2,3,21,http-main-2-21,success,22.588,395,220360,211356,110580,-33,,
2026-09-04T10:29:48.711474,HTTP,2,2,3,22,http-main-2-22,success,16.655,394,220388,211356,110580,-34,,
2026-09-04T10:29:48.928271,HTTP,2,2,3,23,http-main-2-23,success,21.942,395,220392,211356,110580,-33,,
2026-09-04T10:29:49.150375,HTTP,2,2,3,24,http-main-2-24,success,14.916,392,220392,211356,110580,-34,,
2026-09-04T10:29:49.365445,HTTP,2,2,3,25,http-main-2-25,success,20.195,466,219880,211356,110580,-33,,
2026-09-04T10:29:49.585788,HTTP,2,2,3,26,http-main-2-26,success,22.070,392,220388,211356,110580,-34,,
2026-09-04T10:29:49.808006,HTTP,2,2,3,27,http-main-2-27,success,18.338,543,220384,211356,110580,-34,,
2026-09-04T10:29:50.026510,HTTP,2,2,3,28,http-main-2-28,success,16.011,400,220368,211356,110580,-31,,
2026-09-04T10:29:50.242679,HTTP,2,2,3,29,http-main-2-29,success,19.400,394,220368,211356,110580,-35,,
2026-09-04T10:29:50.462231,HTTP,2,2,3,30,http-main-2-30,success,18.497,396,220176,211356,110580,-35,,
2026-09-04T10:29:50.680875,HTTP,2,2,3,31,http-main-2-31,success,16.159,392,220388,211356,110580,-35,,
2026-09-04T10:29:50.897181,HTTP,2,2,3,32,http-main-2-32,success,19.022,391,220380,211356,110580,-36,,
2026-09-04T10:29:51.116362,HTTP,2,2,3,33,http-main-2-33,success,21.041,394,220380,211356,110580,-34,,
2026-09-04T10:29:51.337555,HTTP,2,2,3,34,http-main-2-34,success,24.035,389,220372,211356,110580,-34,,
2026-09-04T10:29:51.561738,HTTP,2,2,3,35,http-main-2-35,success,18.116,394,220392,211356,110580,-34,,
2026-09-04T10:29:51.779998,HTTP,2,2,3,36,http-main-2-36,success,21.879,393,220380,211356,110580,-34,,
2026-09-04T10:29:52.002050,HTTP,2,2,3,37,http-main-2-37,success,18.383,389,220180,211356,110580,-36,,
2026-09-04T10:29:52.220605,HTTP,2,2,3,38,http-main-2-38,success,18.519,512,220188,211356,110580,-32,,
2026-09-04T10:29:52.439280,HTTP,2,2,3,39,http-main-2-39,success,18.608,407,219740,211356,110580,-31,,
2026-09-04T10:29:52.658036,HTTP,2,2,3,40,http-main-2-40,success,18.050,389,220396,211356,110580,-33,,
2026-09-04T10:29:52.876259,HTTP,2,2,3,41,http-main-2-41,success,22.624,579,220376,211356,110580,-33,,
2026-09-04T10:29:53.099052,HTTP,2,2,3,42,http-main-2-42,success,20.544,409,217948,211356,110580,-41,,
2026-09-04T10:29:53.319750,HTTP,2,2,3,43,http-main-2-43,success,18.280,456,219812,211356,110580,-39,,
2026-09-04T10:29:53.538177,HTTP,2,2,3,44,http-main-2-44,success,20.216,458,220164,211356,110580,-41,,
2026-09-04T10:29:53.758535,HTTP,2,2,3,45,http-main-2-45,success,15.157,392,220352,211356,110580,-39,,
2026-09-04T10:29:53.973838,HTTP,2,2,3,46,http-main-2-46,success,18.102,393,220360,211356,110580,-40,,
2026-09-04T10:29:54.192098,HTTP,2,2,3,47,http-main-2-47,success,20.827,389,220360,211356,110580,-40,,
2026-09-04T10:29:54.413074,HTTP,2,2,3,48,http-main-2-48,success,20.834,661,220372,211356,110580,-41,,
2026-09-04T10:29:54.634052,HTTP,2,2,3,49,http-main-2-49,success,19.179,392,220368,211356,110580,-41,,
2026-09-04T10:29:54.853376,HTTP,2,2,3,50,http-main-2-50,success,17.116,391,220368,211356,110580,-39,,
2026-09-04T10:29:55.070650,HTTP,2,2,3,51,http-main-2-51,success,16.731,392,220368,211356,110580,-40,,
2026-09-04T10:29:55.287530,HTTP,2,2,3,52,http-main-2-52,success,16.922,399,220368,211356,110580,-40,,
2026-09-04T10:29:55.504597,HTTP,2,2,3,53,http-main-2-53,success,19.787,403,220368,211356,110580,-40,,
2026-09-04T10:29:55.724529,HTTP,2,2,3,54,http-main-2-54,success,15.366,396,220368,211356,110580,-40,,
2026-09-04T10:29:55.940040,HTTP,2,2,3,55,http-main-2-55,success,29.513,386,220372,211356,110580,-39,,
2026-09-04T10:29:56.169713,HTTP,2,2,3,56,http-main-2-56,success,16.570,389,220384,211356,110580,-38,,
2026-09-04T10:29:56.386433,HTTP,2,2,3,57,http-main-2-57,success,19.868,394,220376,211356,110580,-38,,
2026-09-04T10:29:56.606444,HTTP,2,2,3,58,http-main-2-58,success,17.995,393,220372,211356,110580,-39,,
2026-09-04T10:29:56.824584,HTTP,2,2,3,59,http-main-2-59,success,19.236,395,220400,211356,110580,-39,,
2026-09-04T10:29:57.043973,HTTP,2,2,3,60,http-main-2-60,success,15.349,400,220364,211356,110580,-38,,
2026-09-04T10:29:57.259497,HTTP,2,2,3,61,http-main-2-61,success,20.564,401,220372,211356,110580,-39,,
2026-09-04T10:29:57.480204,HTTP,2,2,3,62,http-main-2-62,success,24.269,389,220352,211356,110580,-38,,
2026-09-04T10:29:57.704615,HTTP,2,2,3,63,http-main-2-63,success,19.282,440,220384,211356,110580,-37,,
2026-09-04T10:29:57.924041,HTTP,2,2,3,64,http-main-2-64,success,13.958,398,219984,211356,110580,-37,,
2026-09-04T10:29:58.138166,HTTP,2,2,3,65,http-main-2-65,success,20.172,402,220364,211356,110580,-38,,
2026-09-04T10:29:58.358491,HTTP,2,2,3,66,http-main-2-66,success,16.121,814,219952,211356,110580,-37,,
2026-09-04T10:29:58.574757,HTTP,2,2,3,67,http-main-2-67,success,15.857,413,220376,211356,110580,-37,,
2026-09-04T10:29:58.790758,HTTP,2,2,3,68,http-main-2-68,success,20.820,394,220384,211356,110580,-39,,
2026-09-04T10:29:59.011737,HTTP,2,2,3,69,http-main-2-69,success,17.711,393,220352,211356,110580,-39,,
2026-09-04T10:29:59.229598,HTTP,2,2,3,70,http-main-2-70,success,20.130,391,220388,211356,110580,-37,,
2026-09-04T10:29:59.449875,HTTP,2,2,3,71,http-main-2-71,success,18.973,390,220368,211004,110580,-38,,
2026-09-04T10:29:59.668992,HTTP,2,2,3,72,http-main-2-72,success,17.358,393,220364,211004,110580,-38,,
2026-09-04T10:29:59.886494,HTTP,2,2,3,73,http-main-2-73,success,16.718,389,220392,211004,110580,-38,,
2026-09-04T10:30:00.103371,HTTP,2,2,3,74,http-main-2-74,success,17.922,398,220392,211004,110580,-38,,
2026-09-04T10:30:00.321441,HTTP,2,2,3,75,http-main-2-75,success,21.186,395,220388,211004,110580,-38,,
2026-09-04T10:30:00.542769,HTTP,2,2,3,76,http-main-2-76,success,17.695,391,220368,211004,110580,-39,,
2026-09-04T10:30:00.760609,HTTP,2,2,3,77,http-main-2-77,success,31.760,393,220392,211004,110580,-40,,
2026-09-04T10:30:00.992529,HTTP,2,2,3,78,http-main-2-78,success,18.396,392,220364,211004,110580,-37,,
2026-09-04T10:30:01.211086,HTTP,2,2,3,79,http-main-2-79,success,18.452,391,220360,211004,110580,-38,,
2026-09-04T10:30:01.429688,HTTP,2,2,3,80,http-main-2-80,success,15.874,406,220364,211004,110580,-39,,
2026-09-04T10:30:01.645731,HTTP,2,2,3,81,http-main-2-81,success,21.299,394,220368,211004,110580,-39,,
2026-09-04T10:30:01.867176,HTTP,2,2,3,82,http-main-2-82,success,19.465,393,220388,211004,110580,-38,,
2026-09-04T10:30:02.086818,HTTP,2,2,3,83,http-main-2-83,success,27.406,390,220368,211004,110580,-36,,
2026-09-04T10:30:02.314375,HTTP,2,2,3,84,http-main-2-84,success,16.055,390,220352,211004,110580,-37,,
2026-09-04T10:30:02.530574,HTTP,2,2,3,85,http-main-2-85,success,15.419,394,220360,211004,110580,-39,,
2026-09-04T10:30:02.746136,HTTP,2,2,3,86,http-main-2-86,success,19.143,396,220380,211004,110580,-39,,
2026-09-04T10:30:02.965422,HTTP,2,2,3,87,http-main-2-87,success,20.721,393,220352,211004,110580,-39,,
2026-09-04T10:30:03.186303,HTTP,2,2,3,88,http-main-2-88,success,19.318,395,220380,211004,110580,-38,,
2026-09-04T10:30:03.405772,HTTP,2,2,3,89,http-main-2-89,success,17.559,403,220384,211004,110580,-38,,
2026-09-04T10:30:03.623474,HTTP,2,2,3,90,http-main-2-90,success,16.963,400,220384,211004,110580,-39,,
2026-09-04T10:30:03.840580,HTTP,2,2,3,91,http-main-2-91,success,22.975,388,220384,211004,110580,-39,,
2026-09-04T10:30:04.063721,HTTP,2,2,3,92,http-main-2-92,success,16.705,409,220380,211004,110580,-39,,
2026-09-04T10:30:04.280579,HTTP,2,2,3,93,http-main-2-93,success,16.556,393,220368,211004,110580,-38,,
2026-09-04T10:30:04.497283,HTTP,2,2,3,94,http-main-2-94,success,21.603,401,220368,211004,110580,-39,,
2026-09-04T10:30:04.719028,HTTP,2,2,3,95,http-main-2-95,success,17.671,399,220392,211004,110580,-38,,
2026-09-04T10:30:04.936843,HTTP,2,2,3,96,http-main-2-96,success,19.282,392,220376,211004,110580,-38,,
2026-09-04T10:30:05.156282,HTTP,2,2,3,97,http-main-2-97,success,17.975,391,220388,211004,110580,-39,,
2026-09-04T10:30:05.374408,HTTP,2,2,3,98,http-main-2-98,success,22.711,391,220380,211004,110580,-38,,
2026-09-04T10:30:05.597261,HTTP,2,2,3,99,http-main-2-99,success,17.047,394,220356,211004,110580,-37,,
2026-09-04T10:30:05.814452,HTTP,2,2,3,100,http-main-2-100,success,16.588,384,220304,211004,110580,-38,,
2026-09-04T10:30:06.031223,HTTP,2,2,3,101,http-main-2-101,success,16.789,382,220308,211004,110580,-37,,
2026-09-04T10:30:06.248165,HTTP,2,2,3,102,http-main-2-102,success,15.677,406,220292,211004,110580,-38,,
2026-09-04T10:30:06.463991,HTTP,2,2,3,103,http-main-2-103,success,19.338,395,220280,211004,110580,-39,,
2026-09-04T10:30:06.683485,HTTP,2,2,3,104,http-main-2-104,success,24.380,393,220324,211004,110580,-39,,
2026-09-04T10:30:06.908023,HTTP,2,2,3,105,http-main-2-105,success,19.161,380,220292,211004,110580,-39,,
2026-09-04T10:30:07.127353,HTTP,2,2,3,106,http-main-2-106,success,15.833,396,220084,211004,110580,-36,,
2026-09-04T10:30:07.343337,HTTP,2,2,3,107,http-main-2-107,success,17.680,385,220324,211004,110580,-38,,
2026-09-04T10:30:07.561163,HTTP,2,2,3,108,http-main-2-108,success,16.811,410,220320,211004,110580,-39,,
2026-09-04T10:30:07.778116,HTTP,2,2,3,109,http-main-2-109,success,18.197,382,220104,211004,110580,-38,,
2026-09-04T10:30:07.996483,HTTP,2,2,3,110,http-main-2-110,success,23.292,521,220104,211004,110580,-38,,
2026-09-04T10:30:08.219934,HTTP,2,2,3,111,http-main-2-111,success,17.574,555,217680,211004,110580,-38,,
2026-09-04T10:30:08.437655,HTTP,2,2,3,112,http-main-2-112,success,25.263,386,220324,211004,110580,-38,,
2026-09-04T10:30:08.663059,HTTP,2,2,3,113,http-main-2-113,success,15.489,396,217836,211004,110580,-38,,
2026-09-04T10:30:08.878698,HTTP,2,2,3,114,http-main-2-114,success,18.269,385,220312,211004,110580,-38,,
2026-09-04T10:30:09.097147,HTTP,2,2,3,115,http-main-2-115,success,23.630,384,220296,211004,110580,-38,,
2026-09-04T10:30:09.320946,HTTP,2,2,3,116,http-main-2-116,success,18.820,382,220312,211004,110580,-39,,
2026-09-04T10:30:09.539912,HTTP,2,2,3,117,http-main-2-117,success,17.944,395,220308,211004,110580,-38,,
2026-09-04T10:30:09.757997,HTTP,2,2,3,118,http-main-2-118,success,24.105,417,220304,211004,110580,-39,,
2026-09-04T10:30:09.982254,HTTP,2,2,3,119,http-main-2-119,success,24.296,381,220304,211004,110580,-38,,
2026-09-04T10:30:10.206739,HTTP,2,2,3,120,http-main-2-120,success,21.821,389,220284,211004,110580,-38,,
2026-09-04T10:30:10.428743,HTTP,2,2,3,121,http-main-2-121,success,30.584,384,220304,211004,110580,-40,,
2026-09-04T10:30:10.659469,HTTP,2,2,3,122,http-main-2-122,success,17.429,396,217880,211004,110580,-38,,
2026-09-04T10:30:10.877047,HTTP,2,2,3,123,http-main-2-123,success,16.505,386,220312,211004,110580,-38,,
2026-09-04T10:30:11.093726,HTTP,2,2,3,124,http-main-2-124,success,19.541,384,220300,211004,110580,-38,,
2026-09-04T10:30:11.313414,HTTP,2,2,3,125,http-main-2-125,success,16.321,387,220284,211004,110580,-39,,
2026-09-04T10:30:11.529874,HTTP,2,2,3,126,http-main-2-126,success,19.169,383,220300,211004,110580,-38,,
2026-09-04T10:30:11.749182,HTTP,2,2,3,127,http-main-2-127,success,17.490,385,220320,211004,110580,-38,,
2026-09-04T10:30:11.966827,HTTP,2,2,3,128,http-main-2-128,success,23.707,385,220320,211004,110580,-40,,
2026-09-04T10:30:12.190691,HTTP,2,2,3,129,http-main-2-129,success,17.048,453,220296,211004,110580,-39,,
2026-09-04T10:30:12.407879,HTTP,2,2,3,130,http-main-2-130,success,16.634,389,220304,211004,110580,-39,,
2026-09-04T10:30:12.624647,HTTP,2,2,3,131,http-main-2-131,success,19.779,452,220060,211004,110580,-38,,
2026-09-04T10:30:12.844566,HTTP,2,2,3,132,http-main-2-132,success,21.699,382,220312,211004,110580,-40,,
2026-09-04T10:30:13.066422,HTTP,2,2,3,133,http-main-2-133,success,19.518,383,220288,211004,110580,-39,,
2026-09-04T10:30:13.286089,HTTP,2,2,3,134,http-main-2-134,success,16.570,397,220304,211004,110580,-37,,
2026-09-04T10:30:13.502807,HTTP,2,2,3,135,http-main-2-135,success,18.390,385,220292,211004,110580,-38,,
2026-09-04T10:30:13.721331,HTTP,2,2,3,136,http-main-2-136,success,19.711,386,220292,211004,110580,-39,,
2026-09-04T10:30:13.941182,HTTP,2,2,3,137,http-main-2-137,success,32.811,385,220308,211004,110580,-38,,
2026-09-04T10:30:14.174148,HTTP,2,2,3,138,http-main-2-138,success,24.841,383,220284,211004,110580,-40,,
2026-09-04T10:30:14.399139,HTTP,2,2,3,139,http-main-2-139,success,18.681,382,220300,211004,110580,-39,,
2026-09-04T10:30:14.617960,HTTP,2,2,3,140,http-main-2-140,success,20.624,392,217860,211004,110580,-39,,
2026-09-04T10:30:14.838754,HTTP,2,2,3,141,http-main-2-141,success,15.243,384,220288,211004,110580,-39,,
2026-09-04T10:30:15.054168,HTTP,2,2,3,142,http-main-2-142,success,19.416,382,220300,211004,110580,-39,,
2026-09-04T10:30:15.273730,HTTP,2,2,3,143,http-main-2-143,success,18.561,418,220120,211004,110580,-38,,
2026-09-04T10:30:15.492430,HTTP,2,2,3,144,http-main-2-144,success,34.245,396,220304,211004,110580,-37,,
2026-09-04T10:30:15.726821,HTTP,2,2,3,145,http-main-2-145,success,19.680,385,220320,211004,110580,-40,,
2026-09-04T10:30:15.946645,HTTP,2,2,3,146,http-main-2-146,success,18.257,382,220328,211004,110580,-39,,
2026-09-04T10:30:16.165070,HTTP,2,2,3,147,http-main-2-147,success,18.154,383,220104,211004,110580,-39,,
2026-09-04T10:30:16.383365,HTTP,2,2,3,148,http-main-2-148,success,21.458,383,220300,211004,110580,-39,,
2026-09-04T10:30:16.604958,HTTP,2,2,3,149,http-main-2-149,success,17.021,385,220316,211004,110580,-40,,
2026-09-04T10:30:16.822125,HTTP,2,2,3,150,http-main-2-150,success,29.183,381,220320,211004,110580,-40,,
2026-09-04T10:30:17.051469,HTTP,2,2,3,151,http-main-2-151,success,24.009,395,220280,211004,110580,-38,,
2026-09-04T10:30:17.275620,HTTP,2,2,3,152,http-main-2-152,success,15.990,456,220308,211004,110580,-36,,
2026-09-04T10:30:17.491745,HTTP,2,2,3,153,http-main-2-153,success,21.364,384,220300,211004,110580,-40,,
2026-09-04T10:30:17.713244,HTTP,2,2,3,154,http-main-2-154,success,14.908,401,220316,211004,110580,-40,,
2026-09-04T10:30:17.928299,HTTP,2,2,3,155,http-main-2-155,success,14.785,431,220284,211004,110580,-39,,
2026-09-04T10:30:18.143248,HTTP,2,2,3,156,http-main-2-156,success,16.775,441,220312,211004,110580,-40,,
2026-09-04T10:30:18.360171,HTTP,2,2,3,157,http-main-2-157,success,19.814,394,220316,211004,110580,-40,,
2026-09-04T10:30:18.580134,HTTP,2,2,3,158,http-main-2-158,success,28.246,379,220320,211004,110580,-41,,
2026-09-04T10:30:18.808522,HTTP,2,2,3,159,http-main-2-159,success,17.053,385,220312,211004,110580,-38,,
2026-09-04T10:30:19.025732,HTTP,2,2,3,160,http-main-2-160,success,22.985,383,220300,211004,110580,-40,,
2026-09-04T10:30:19.248889,HTTP,2,2,3,161,http-main-2-161,success,18.350,385,220308,211004,110580,-40,,
2026-09-04T10:30:19.467383,HTTP,2,2,3,162,http-main-2-162,success,17.443,383,220312,211004,110580,-40,,
2026-09-04T10:30:19.684966,HTTP,2,2,3,163,http-main-2-163,success,14.394,387,220308,211004,110580,-40,,
2026-09-04T10:30:19.899507,HTTP,2,2,3,164,http-main-2-164,success,17.182,395,220288,211004,110580,-40,,
2026-09-04T10:30:20.116847,HTTP,2,2,3,165,http-main-2-165,success,20.115,382,220300,211004,110580,-39,,
2026-09-04T10:30:20.337102,HTTP,2,2,3,166,http-main-2-166,success,19.169,379,220296,211004,110580,-40,,
2026-09-04T10:30:20.556410,HTTP,2,2,3,167,http-main-2-167,success,16.133,385,220316,211004,110580,-40,,
2026-09-04T10:30:20.772680,HTTP,2,2,3,168,http-main-2-168,success,20.088,1027,220016,211004,110580,-38,,
2026-09-04T10:30:20.992923,HTTP,2,2,3,169,http-main-2-169,success,19.815,393,220328,211004,110580,-40,,
2026-09-04T10:30:21.212889,HTTP,2,2,3,170,http-main-2-170,success,26.364,386,220288,211004,110580,-40,,
2026-09-04T10:30:21.439400,HTTP,2,2,3,171,http-main-2-171,success,27.456,383,220304,211004,110580,-38,,
2026-09-04T10:30:21.667000,HTTP,2,2,3,172,http-main-2-172,success,20.891,385,220328,211004,110580,-40,,
2026-09-04T10:30:21.888047,HTTP,2,2,3,173,http-main-2-173,success,15.562,380,220288,211004,110580,-37,,
2026-09-04T10:30:22.103799,HTTP,2,2,3,174,http-main-2-174,success,17.560,385,220288,211004,110580,-39,,
2026-09-04T10:30:22.321524,HTTP,2,2,3,175,http-main-2-175,success,19.702,422,220304,211004,110580,-39,,
2026-09-04T10:30:22.541382,HTTP,2,2,3,176,http-main-2-176,success,18.101,385,220300,211004,110580,-38,,
2026-09-04T10:30:22.759637,HTTP,2,2,3,177,http-main-2-177,success,20.158,382,220316,211004,110580,-39,,
2026-09-04T10:30:22.979945,HTTP,2,2,3,178,http-main-2-178,success,24.490,386,220312,211004,110580,-38,,
2026-09-04T10:30:23.204595,HTTP,2,2,3,179,http-main-2-179,success,16.968,427,219976,211004,110580,-36,,
2026-09-04T10:30:23.421710,HTTP,2,2,3,180,http-main-2-180,success,19.233,384,220312,211004,110580,-40,,
2026-09-04T10:30:23.641110,HTTP,2,2,3,181,http-main-2-181,success,19.365,422,219448,211004,110580,-40,,
2026-09-04T10:30:23.860619,HTTP,2,2,3,182,http-main-2-182,success,22.994,385,220288,211004,110580,-38,,
2026-09-04T10:30:24.083772,HTTP,2,2,3,183,http-main-2-183,success,19.620,381,220296,211004,110580,-40,,
2026-09-04T10:30:24.303541,HTTP,2,2,3,184,http-main-2-184,success,17.357,383,220328,211004,110580,-40,,
2026-09-04T10:30:24.521041,HTTP,2,2,3,185,http-main-2-185,success,27.037,383,220292,211004,110580,-39,,
2026-09-04T10:30:24.748220,HTTP,2,2,3,186,http-main-2-186,success,19.523,386,220308,211004,110580,-40,,
2026-09-04T10:30:24.967892,HTTP,2,2,3,187,http-main-2-187,success,19.298,387,220300,211004,110580,-39,,
2026-09-04T10:30:25.187355,HTTP,2,2,3,188,http-main-2-188,success,17.163,400,220288,211004,110580,-38,,
2026-09-04T10:30:25.404669,HTTP,2,2,3,189,http-main-2-189,success,23.465,383,220296,211004,110580,-38,,
2026-09-04T10:30:25.628277,HTTP,2,2,3,190,http-main-2-190,success,20.547,385,220296,211004,110580,-40,,
2026-09-04T10:30:25.848972,HTTP,2,2,3,191,http-main-2-191,success,22.496,386,220304,211004,110580,-40,,
2026-09-04T10:30:26.071629,HTTP,2,2,3,192,http-main-2-192,success,17.605,383,220316,211004,110580,-40,,
2026-09-04T10:30:26.289382,HTTP,2,2,3,193,http-main-2-193,success,18.834,382,220284,211004,110580,-39,,
2026-09-04T10:30:26.508366,HTTP,2,2,3,194,http-main-2-194,success,16.729,387,220288,211004,110580,-38,,
2026-09-04T10:30:26.725235,HTTP,2,2,3,195,http-main-2-195,success,18.461,392,220312,211004,110580,-37,,
2026-09-04T10:30:26.943838,HTTP,2,2,3,196,http-main-2-196,success,20.372,385,220296,211004,110580,-39,,
2026-09-04T10:30:27.164364,HTTP,2,2,3,197,http-main-2-197,success,18.013,394,220312,211004,110580,-39,,
2026-09-04T10:30:27.382521,HTTP,2,2,3,198,http-main-2-198,success,23.628,391,220296,211004,110580,-40,,
2026-09-04T10:30:27.606289,HTTP,2,2,3,199,http-main-2-199,success,18.888,384,220320,211004,110580,-39,,
2026-09-04T10:30:27.825318,HTTP,2,2,3,200,http-main-2-200,success,14.878,391,220280,211004,110580,-39,,
2026-09-04T10:31:26.416244,HTTP,3,3,2,1,http-main-3-1,success,18.502,364,220356,211004,110580,-36,,
2026-09-04T10:31:26.634992,HTTP,3,3,2,2,http-main-3-2,success,16.277,352,220356,211004,110580,-39,,
2026-09-04T10:31:26.851437,HTTP,3,3,2,3,http-main-3-3,success,19.968,356,220364,211004,110580,-39,,
2026-09-04T10:31:27.071588,HTTP,3,3,2,4,http-main-3-4,success,19.154,355,220384,211004,110580,-38,,
2026-09-04T10:31:27.290896,HTTP,3,3,2,5,http-main-3-5,success,30.743,361,220372,211004,110580,-40,,
2026-09-04T10:31:27.521779,HTTP,3,3,2,6,http-main-3-6,success,22.933,359,220160,211004,110580,-38,,
2026-09-04T10:31:27.744855,HTTP,3,3,2,7,http-main-3-7,success,18.156,358,220388,211004,110580,-39,,
2026-09-04T10:31:27.963164,HTTP,3,3,2,8,http-main-3-8,success,17.958,353,220380,211004,110580,-40,,
2026-09-04T10:31:28.181312,HTTP,3,3,2,9,http-main-3-9,success,21.670,358,220380,211004,110580,-38,,
2026-09-04T10:31:28.403138,HTTP,3,3,2,10,http-main-3-10,success,20.419,414,220376,211004,110580,-41,,
2026-09-04T10:31:28.623701,HTTP,3,3,2,11,http-main-3-11,success,20.038,391,220404,211004,110580,-39,,
2026-09-04T10:31:28.843883,HTTP,3,3,2,12,http-main-3-12,success,16.380,403,220388,211004,110580,-42,,
2026-09-04T10:31:29.060431,HTTP,3,3,2,13,http-main-3-13,success,16.699,390,220392,211004,110580,-39,,
2026-09-04T10:31:29.277286,HTTP,3,3,2,14,http-main-3-14,success,19.465,399,220380,211004,110580,-40,,
2026-09-04T10:31:29.496898,HTTP,3,3,2,15,http-main-3-15,success,19.085,421,220360,211004,110580,-39,,
2026-09-04T10:31:29.716127,HTTP,3,3,2,16,http-main-3-16,success,21.462,389,220396,211004,110580,-39,,
2026-09-04T10:31:29.937733,HTTP,3,3,2,17,http-main-3-17,success,21.504,395,220380,211004,110580,-38,,
2026-09-04T10:31:30.159398,HTTP,3,3,2,18,http-main-3-18,success,20.114,388,220384,211004,110580,-39,,
2026-09-04T10:31:30.379668,HTTP,3,3,2,19,http-main-3-19,success,19.709,395,220356,211004,110580,-41,,
2026-09-04T10:31:30.599526,HTTP,3,3,2,20,http-main-3-20,success,21.966,388,220384,211004,110580,-39,,
2026-09-04T10:31:30.821666,HTTP,3,3,2,21,http-main-3-21,success,24.191,391,220388,211004,110580,-36,,
2026-09-04T10:31:31.046021,HTTP,3,3,2,22,http-main-3-22,success,19.777,391,220372,211004,110580,-40,,
2026-09-04T10:31:31.265948,HTTP,3,3,2,23,http-main-3-23,success,18.498,393,220392,211004,110580,-37,,
2026-09-04T10:31:31.484591,HTTP,3,3,2,24,http-main-3-24,success,25.966,391,220368,211004,110580,-37,,
2026-09-04T10:31:31.710702,HTTP,3,3,2,25,http-main-3-25,success,21.723,391,220376,211004,110580,-36,,
2026-09-04T10:31:31.932587,HTTP,3,3,2,26,http-main-3-26,success,20.808,501,220144,211004,110580,-39,,
2026-09-04T10:31:32.153556,HTTP,3,3,2,27,http-main-3-27,success,18.269,389,220372,211004,110580,-39,,
2026-09-04T10:31:32.371979,HTTP,3,3,2,28,http-main-3-28,success,19.425,394,220384,211004,110580,-41,,
2026-09-04T10:31:32.591555,HTTP,3,3,2,29,http-main-3-29,success,20.800,394,220384,211004,110580,-38,,
2026-09-04T10:31:32.812506,HTTP,3,3,2,30,http-main-3-30,success,19.608,395,220360,211004,110580,-39,,
2026-09-04T10:31:33.032275,HTTP,3,3,2,31,http-main-3-31,success,29.336,395,220384,211004,110580,-40,,
2026-09-04T10:31:33.261771,HTTP,3,3,2,32,http-main-3-32,success,24.778,397,220364,211004,110580,-40,,
2026-09-04T10:31:33.486700,HTTP,3,3,2,33,http-main-3-33,success,21.216,395,220384,211004,110580,-40,,
2026-09-04T10:31:33.708078,HTTP,3,3,2,34,http-main-3-34,success,17.355,393,220356,211004,110580,-39,,
2026-09-04T10:31:33.925589,HTTP,3,3,2,35,http-main-3-35,success,20.580,393,220172,211004,110580,-39,,
2026-09-04T10:31:34.146332,HTTP,3,3,2,36,http-main-3-36,success,25.486,392,220380,211004,110580,-41,,
2026-09-04T10:31:34.371972,HTTP,3,3,2,37,http-main-3-37,success,19.018,392,220372,211004,110580,-39,,
2026-09-04T10:31:34.591139,HTTP,3,3,2,38,http-main-3-38,success,26.679,391,220380,211004,110580,-41,,
2026-09-04T10:31:34.817971,HTTP,3,3,2,39,http-main-3-39,success,24.819,386,220156,211004,110580,-38,,
2026-09-04T10:31:35.042950,HTTP,3,3,2,40,http-main-3-40,success,23.908,404,220372,211004,110580,-38,,
2026-09-04T10:31:35.267037,HTTP,3,3,2,41,http-main-3-41,success,41.881,391,220384,211004,110580,-40,,
2026-09-04T10:31:35.509070,HTTP,3,3,2,42,http-main-3-42,success,18.896,430,220164,211004,110580,-38,,
2026-09-04T10:31:35.728114,HTTP,3,3,2,43,http-main-3-43,success,18.643,390,220368,211004,110580,-40,,
2026-09-04T10:31:35.946914,HTTP,3,3,2,44,http-main-3-44,success,19.436,399,220388,211004,110580,-39,,
2026-09-04T10:31:36.166511,HTTP,3,3,2,45,http-main-3-45,success,16.338,387,220368,211004,110580,-39,,
2026-09-04T10:31:36.382991,HTTP,3,3,2,46,http-main-3-46,success,24.622,484,220360,211004,110580,-37,,
2026-09-04T10:31:36.607753,HTTP,3,3,2,47,http-main-3-47,success,21.476,511,220356,211004,110580,-39,,
2026-09-04T10:31:36.829375,HTTP,3,3,2,48,http-main-3-48,success,17.008,470,219532,211004,110580,-41,,
2026-09-04T10:31:37.046546,HTTP,3,3,2,49,http-main-3-49,success,16.883,389,220384,211004,110580,-40,,
2026-09-04T10:31:37.263582,HTTP,3,3,2,50,http-main-3-50,success,22.451,391,220388,211004,110580,-40,,
2026-09-04T10:31:37.486179,HTTP,3,3,2,51,http-main-3-51,success,22.284,387,220384,211004,110580,-41,,
2026-09-04T10:31:37.708608,HTTP,3,3,2,52,http-main-3-52,success,17.138,399,220400,211004,110580,-40,,
2026-09-04T10:31:37.925895,HTTP,3,3,2,53,http-main-3-53,success,19.846,493,220180,211004,110580,-38,,
2026-09-04T10:31:38.145901,HTTP,3,3,2,54,http-main-3-54,success,20.589,396,220384,211004,110580,-40,,
2026-09-04T10:31:38.366638,HTTP,3,3,2,55,http-main-3-55,success,24.231,386,220384,211004,110580,-38,,
2026-09-04T10:31:38.591014,HTTP,3,3,2,56,http-main-3-56,success,16.713,391,220376,211004,110580,-41,,
2026-09-04T10:31:38.807869,HTTP,3,3,2,57,http-main-3-57,success,26.714,396,220376,211004,110580,-40,,
2026-09-04T10:31:39.034743,HTTP,3,3,2,58,http-main-3-58,success,27.435,390,220372,211004,110580,-38,,
2026-09-04T10:31:39.262326,HTTP,3,3,2,59,http-main-3-59,success,28.573,417,220392,211004,110580,-40,,
2026-09-04T10:31:39.491042,HTTP,3,3,2,60,http-main-3-60,success,17.016,391,220392,211004,110580,-37,,
2026-09-04T10:31:39.708225,HTTP,3,3,2,61,http-main-3-61,success,28.730,408,220392,211004,110580,-40,,
2026-09-04T10:31:39.937104,HTTP,3,3,2,62,http-main-3-62,success,24.034,392,220372,211004,110580,-41,,
2026-09-04T10:31:40.161317,HTTP,3,3,2,63,http-main-3-63,success,18.896,390,220384,211004,110580,-38,,
2026-09-04T10:31:40.380368,HTTP,3,3,2,64,http-main-3-64,success,17.505,397,220392,211004,110580,-38,,
2026-09-04T10:31:40.598018,HTTP,3,3,2,65,http-main-3-65,success,25.504,386,220368,211004,110580,-40,,
2026-09-04T10:31:40.823669,HTTP,3,3,2,66,http-main-3-66,success,17.687,400,220384,211004,110580,-40,,
2026-09-04T10:31:41.041516,HTTP,3,3,2,67,http-main-3-67,success,22.812,393,220380,211004,110580,-40,,
2026-09-04T10:31:41.264473,HTTP,3,3,2,68,http-main-3-68,success,20.539,404,220392,211004,110580,-38,,
2026-09-04T10:31:41.485155,HTTP,3,3,2,69,http-main-3-69,success,17.253,389,220384,211004,110580,-38,,
2026-09-04T10:31:41.702546,HTTP,3,3,2,70,http-main-3-70,success,21.494,401,220384,211004,110580,-39,,
2026-09-04T10:31:41.924184,HTTP,3,3,2,71,http-main-3-71,success,19.474,402,220176,211004,110580,-39,,
2026-09-04T10:31:42.143818,HTTP,3,3,2,72,http-main-3-72,success,25.752,391,220360,211004,110580,-41,,
2026-09-04T10:31:42.369716,HTTP,3,3,2,73,http-main-3-73,success,17.268,393,220372,211004,110580,-38,,
2026-09-04T10:31:42.587145,HTTP,3,3,2,74,http-main-3-74,success,20.127,402,220384,211004,110580,-39,,
2026-09-04T10:31:42.807415,HTTP,3,3,2,75,http-main-3-75,success,19.529,392,220384,211004,110580,-35,,
2026-09-04T10:31:43.027103,HTTP,3,3,2,76,http-main-3-76,success,15.907,408,220144,211004,110580,-36,,
2026-09-04T10:31:43.243157,HTTP,3,3,2,77,http-main-3-77,success,19.522,396,220356,211004,110580,-39,,
2026-09-04T10:31:43.462837,HTTP,3,3,2,78,http-main-3-78,success,27.253,396,220384,211004,110580,-41,,
2026-09-04T10:31:43.690228,HTTP,3,3,2,79,http-main-3-79,success,22.758,392,220384,210572,110580,-41,,
2026-09-04T10:31:43.913131,HTTP,3,3,2,80,http-main-3-80,success,22.778,393,220380,210572,110580,-42,,
2026-09-04T10:31:44.136094,HTTP,3,3,2,81,http-main-3-81,success,16.657,431,220384,210572,110580,-43,,
2026-09-04T10:31:44.352902,HTTP,3,3,2,82,http-main-3-82,success,19.433,414,220372,210572,110580,-40,,
2026-09-04T10:31:44.572479,HTTP,3,3,2,83,http-main-3-83,success,31.010,395,220384,210572,110580,-39,,
2026-09-04T10:31:44.803631,HTTP,3,3,2,84,http-main-3-84,success,22.029,396,220180,210572,110580,-42,,
2026-09-04T10:31:45.025816,HTTP,3,3,2,85,http-main-3-85,success,18.549,390,220356,210572,110580,-42,,
2026-09-04T10:31:45.244509,HTTP,3,3,2,86,http-main-3-86,success,17.223,392,220372,210572,110580,-41,,
2026-09-04T10:31:45.461873,HTTP,3,3,2,87,http-main-3-87,success,28.213,396,220392,210572,110580,-40,,
2026-09-04T10:31:45.690223,HTTP,3,3,2,88,http-main-3-88,success,18.213,395,220376,210572,110580,-40,,
2026-09-04T10:31:45.908586,HTTP,3,3,2,89,http-main-3-89,success,24.675,395,220392,210572,110580,-37,,
2026-09-04T10:31:46.133438,HTTP,3,3,2,90,http-main-3-90,success,20.295,396,220356,210572,110580,-39,,
2026-09-04T10:31:46.353883,HTTP,3,3,2,91,http-main-3-91,success,14.819,388,220352,210572,110580,-39,,
2026-09-04T10:31:46.568845,HTTP,3,3,2,92,http-main-3-92,success,18.681,413,220388,210572,110580,-39,,
2026-09-04T10:31:46.787672,HTTP,3,3,2,93,http-main-3-93,success,23.973,394,220384,210572,110580,-38,,
2026-09-04T10:31:47.011803,HTTP,3,3,2,94,http-main-3-94,success,24.215,634,220312,210572,110580,-39,,
2026-09-04T10:31:47.236161,HTTP,3,3,2,95,http-main-3-95,success,19.408,393,220388,210572,110580,-38,,
2026-09-04T10:31:47.455710,HTTP,3,3,2,96,http-main-3-96,success,28.786,391,220372,210572,110580,-39,,
2026-09-04T10:31:47.684639,HTTP,3,3,2,97,http-main-3-97,success,17.998,431,220160,210572,110580,-39,,
2026-09-04T10:31:47.902787,HTTP,3,3,2,98,http-main-3-98,success,19.877,397,220172,210572,110580,-37,,
2026-09-04T10:31:48.122846,HTTP,3,3,2,99,http-main-3-99,success,29.721,393,220364,210572,110580,-39,,
2026-09-04T10:31:48.352714,HTTP,3,3,2,100,http-main-3-100,success,18.342,436,220328,210572,110580,-39,,
2026-09-04T10:31:48.571228,HTTP,3,3,2,101,http-main-3-101,success,16.728,417,220312,210572,110580,-40,,
2026-09-04T10:31:48.788107,HTTP,3,3,2,102,http-main-3-102,success,18.076,384,220308,210572,110580,-39,,
2026-09-04T10:31:49.006339,HTTP,3,3,2,103,http-main-3-103,success,23.188,396,217896,210572,110580,-39,,
2026-09-04T10:31:49.229675,HTTP,3,3,2,104,http-main-3-104,success,19.394,384,220308,210572,110580,-40,,
2026-09-04T10:31:49.449210,HTTP,3,3,2,105,http-main-3-105,success,18.375,385,220332,210572,110580,-37,,
2026-09-04T10:31:49.667723,HTTP,3,3,2,106,http-main-3-106,success,17.611,432,219456,210572,110580,-38,,
2026-09-04T10:31:49.885476,HTTP,3,3,2,107,http-main-3-107,success,47.467,390,220300,210572,110580,-40,,
2026-09-04T10:31:50.133102,HTTP,3,3,2,108,http-main-3-108,success,26.102,377,220292,210572,110580,-38,,
2026-09-04T10:31:50.359349,HTTP,3,3,2,109,http-main-3-109,success,27.178,390,220280,210572,110580,-37,,
2026-09-04T10:31:50.586669,HTTP,3,3,2,110,http-main-3-110,success,18.557,383,220304,210572,110580,-38,,
2026-09-04T10:31:50.805367,HTTP,3,3,2,111,http-main-3-111,success,18.224,394,220292,210572,110580,-37,,
2026-09-04T10:31:51.023749,HTTP,3,3,2,112,http-main-3-112,success,18.086,382,220320,210572,110580,-38,,
2026-09-04T10:31:51.241984,HTTP,3,3,2,113,http-main-3-113,success,15.961,384,220292,210572,110580,-37,,
2026-09-04T10:31:51.458087,HTTP,3,3,2,114,http-main-3-114,success,18.877,727,220312,210572,110580,-38,,
2026-09-04T10:31:51.677104,HTTP,3,3,2,115,http-main-3-115,success,17.983,396,220308,210572,110580,-40,,
2026-09-04T10:31:51.895231,HTTP,3,3,2,116,http-main-3-116,success,21.255,383,220320,210572,110580,-41,,
2026-09-04T10:31:52.116655,HTTP,3,3,2,117,http-main-3-117,success,18.718,510,220316,210572,110580,-40,,
2026-09-04T10:31:52.335522,HTTP,3,3,2,118,http-main-3-118,success,17.609,381,220296,210572,110580,-39,,
2026-09-04T10:31:52.553272,HTTP,3,3,2,119,http-main-3-119,success,20.072,389,220304,210572,110580,-40,,
2026-09-04T10:31:52.773483,HTTP,3,3,2,120,http-main-3-120,success,20.282,386,220308,210572,110580,-37,,
2026-09-04T10:31:52.993952,HTTP,3,3,2,121,http-main-3-121,success,31.518,386,220292,210572,110580,-41,,
2026-09-04T10:31:53.225630,HTTP,3,3,2,122,http-main-3-122,success,42.797,392,220308,210572,110580,-37,,
2026-09-04T10:31:53.468574,HTTP,3,3,2,123,http-main-3-123,success,19.628,382,220300,210572,110580,-38,,
2026-09-04T10:31:53.688345,HTTP,3,3,2,124,http-main-3-124,success,23.264,385,220316,210572,110580,-40,,
2026-09-04T10:31:53.911758,HTTP,3,3,2,125,http-main-3-125,success,15.137,401,220292,210572,110580,-40,,
2026-09-04T10:31:54.127056,HTTP,3,3,2,126,http-main-3-126,success,22.346,394,220304,210572,110580,-41,,
2026-09-04T10:31:54.349546,HTTP,3,3,2,127,http-main-3-127,success,18.620,382,220316,210572,110580,-41,,
2026-09-04T10:31:54.568315,HTTP,3,3,2,128,http-main-3-128,success,27.799,427,217860,210572,110580,-38,,
2026-09-04T10:31:54.796261,HTTP,3,3,2,129,http-main-3-129,success,21.390,381,220328,210572,110580,-38,,
2026-09-04T10:31:55.017803,HTTP,3,3,2,130,http-main-3-130,success,24.758,606,220232,210572,110580,-38,,
2026-09-04T10:31:55.242699,HTTP,3,3,2,131,http-main-3-131,success,25.315,381,220308,210572,110580,-41,,
2026-09-04T10:31:55.468163,HTTP,3,3,2,132,http-main-3-132,success,19.684,384,220304,210572,110580,-38,,
2026-09-04T10:31:55.687982,HTTP,3,3,2,133,http-main-3-133,success,21.948,392,220312,210572,110580,-39,,
2026-09-04T10:31:55.910069,HTTP,3,3,2,134,http-main-3-134,success,19.764,382,220304,210572,110580,-39,,
2026-09-04T10:31:56.129985,HTTP,3,3,2,135,http-main-3-135,success,16.551,397,220264,210572,110580,-41,,
2026-09-04T10:31:56.346673,HTTP,3,3,2,136,http-main-3-136,success,19.504,397,220296,210572,110580,-41,,
2026-09-04T10:31:56.566310,HTTP,3,3,2,137,http-main-3-137,success,37.036,392,219680,210572,110580,-41,,
2026-09-04T10:31:56.803485,HTTP,3,3,2,138,http-main-3-138,success,17.139,384,220276,210572,110580,-39,,
2026-09-04T10:31:57.020775,HTTP,3,3,2,139,http-main-3-139,success,20.692,381,220112,210572,110580,-39,,
2026-09-04T10:31:57.241617,HTTP,3,3,2,140,http-main-3-140,success,22.859,396,220308,210572,110580,-39,,
2026-09-04T10:31:57.464652,HTTP,3,3,2,141,http-main-3-141,success,17.702,379,220324,210572,110580,-40,,
2026-09-04T10:31:57.682500,HTTP,3,3,2,142,http-main-3-142,success,20.068,385,220320,210572,110580,-39,,
2026-09-04T10:31:57.902718,HTTP,3,3,2,143,http-main-3-143,success,24.751,417,220096,210572,110580,-38,,
2026-09-04T10:31:58.127662,HTTP,3,3,2,144,http-main-3-144,success,18.258,383,220292,210572,110580,-37,,
2026-09-04T10:31:58.346102,HTTP,3,3,2,145,http-main-3-145,success,16.029,437,220308,210572,110580,-39,,
2026-09-04T10:31:58.562284,HTTP,3,3,2,146,http-main-3-146,success,18.428,383,220316,210572,110580,-38,,
2026-09-04T10:31:58.780855,HTTP,3,3,2,147,http-main-3-147,success,19.581,386,220320,210572,110580,-39,,
2026-09-04T10:31:59.000596,HTTP,3,3,2,148,http-main-3-148,success,27.388,385,220304,210572,110580,-38,,
2026-09-04T10:31:59.228133,HTTP,3,3,2,149,http-main-3-149,success,18.122,382,220328,210572,110580,-39,,
2026-09-04T10:31:59.446396,HTTP,3,3,2,150,http-main-3-150,success,21.019,386,220096,210572,110580,-37,,
2026-09-04T10:31:59.667553,HTTP,3,3,2,151,http-main-3-151,success,21.736,383,220316,210572,110580,-38,,
2026-09-04T10:31:59.889435,HTTP,3,3,2,152,http-main-3-152,success,21.301,428,217636,210572,110580,-39,,
2026-09-04T10:32:00.110888,HTTP,3,3,2,153,http-main-3-153,success,17.492,397,220300,210572,110580,-36,,
2026-09-04T10:32:00.328524,HTTP,3,3,2,154,http-main-3-154,success,27.934,387,220308,210572,110580,-38,,
2026-09-04T10:32:00.556602,HTTP,3,3,2,155,http-main-3-155,success,24.272,381,220324,210572,110580,-40,,
2026-09-04T10:32:00.781016,HTTP,3,3,2,156,http-main-3-156,success,27.603,387,220324,210572,110580,-38,,
2026-09-04T10:32:01.008774,HTTP,3,3,2,157,http-main-3-157,success,19.953,386,220308,210572,110580,-38,,
2026-09-04T10:32:01.228878,HTTP,3,3,2,158,http-main-3-158,success,22.931,385,220320,210572,110580,-39,,
2026-09-04T10:32:01.451951,HTTP,3,3,2,159,http-main-3-159,success,24.114,383,220320,210572,110580,-38,,
2026-09-04T10:32:01.676207,HTTP,3,3,2,160,http-main-3-160,success,17.832,384,220300,210572,110580,-37,,
2026-09-04T10:32:01.894210,HTTP,3,3,2,161,http-main-3-161,success,26.698,392,220316,210572,110580,-38,,
2026-09-04T10:32:02.121065,HTTP,3,3,2,162,http-main-3-162,success,19.495,468,220328,210572,110580,-38,,
2026-09-04T10:32:02.340710,HTTP,3,3,2,163,http-main-3-163,success,20.293,424,217664,210572,110580,-36,,
2026-09-04T10:32:02.561149,HTTP,3,3,2,164,http-main-3-164,success,17.690,385,220316,210572,110580,-38,,
2026-09-04T10:32:02.778977,HTTP,3,3,2,165,http-main-3-165,success,18.817,393,217880,210572,110580,-37,,
2026-09-04T10:32:02.997943,HTTP,3,3,2,166,http-main-3-166,success,23.524,384,220316,210572,110580,-37,,
2026-09-04T10:32:03.221614,HTTP,3,3,2,167,http-main-3-167,success,18.111,387,220316,210572,110580,-40,,
2026-09-04T10:32:03.439870,HTTP,3,3,2,168,http-main-3-168,success,24.782,379,220304,210572,110580,-38,,
2026-09-04T10:32:03.664793,HTTP,3,3,2,169,http-main-3-169,success,27.544,385,220312,210572,110580,-39,,
2026-09-04T10:32:03.892483,HTTP,3,3,2,170,http-main-3-170,success,19.739,382,220312,210572,110580,-39,,
2026-09-04T10:32:04.112396,HTTP,3,3,2,171,http-main-3-171,success,19.972,389,220324,210572,110580,-40,,
2026-09-04T10:32:04.332514,HTTP,3,3,2,172,http-main-3-172,success,19.442,385,220296,210572,110580,-38,,
2026-09-04T10:32:04.552098,HTTP,3,3,2,173,http-main-3-173,success,19.139,387,220296,210572,110580,-39,,
2026-09-04T10:32:04.771376,HTTP,3,3,2,174,http-main-3-174,success,25.193,396,217872,210572,110580,-39,,
2026-09-04T10:32:04.996727,HTTP,3,3,2,175,http-main-3-175,success,22.185,456,220276,210572,110580,-39,,
2026-09-04T10:32:05.219065,HTTP,3,3,2,176,http-main-3-176,success,33.584,385,220308,210572,110580,-40,,
2026-09-04T10:32:05.452798,HTTP,3,3,2,177,http-main-3-177,success,16.148,393,220312,210572,110580,-38,,
2026-09-04T10:32:05.669085,HTTP,3,3,2,178,http-main-3-178,success,26.717,382,220308,210572,110580,-40,,
2026-09-04T10:32:05.895945,HTTP,3,3,2,179,http-main-3-179,success,23.839,405,217872,210572,110580,-40,,
2026-09-04T10:32:06.119935,HTTP,3,3,2,180,http-main-3-180,success,19.383,387,220320,210572,110580,-37,,
2026-09-04T10:32:06.339486,HTTP,3,3,2,181,http-main-3-181,success,28.675,386,220296,210572,110580,-37,,
2026-09-04T10:32:06.568305,HTTP,3,3,2,182,http-main-3-182,success,14.651,433,220324,210572,110580,-40,,
2026-09-04T10:32:06.783097,HTTP,3,3,2,183,http-main-3-183,success,21.869,389,220336,210572,110580,-37,,
2026-09-04T10:32:07.005114,HTTP,3,3,2,184,http-main-3-184,success,20.721,382,220292,210572,110580,-37,,
2026-09-04T10:32:07.225980,HTTP,3,3,2,185,http-main-3-185,success,24.099,388,220108,210572,110580,-39,,
2026-09-04T10:32:07.450218,HTTP,3,3,2,186,http-main-3-186,success,19.060,379,220288,210572,110580,-38,,
2026-09-04T10:32:07.669416,HTTP,3,3,2,187,http-main-3-187,success,17.932,397,220312,210572,110580,-38,,
2026-09-04T10:32:07.887488,HTTP,3,3,2,188,http-main-3-188,success,17.626,394,219700,210572,110580,-40,,
2026-09-04T10:32:08.105267,HTTP,3,3,2,189,http-main-3-189,success,19.677,382,220320,210572,110580,-40,,
2026-09-04T10:32:08.325085,HTTP,3,3,2,190,http-main-3-190,success,21.334,382,220116,210572,110580,-40,,
2026-09-04T10:32:08.546561,HTTP,3,3,2,191,http-main-3-191,success,20.273,389,220320,210572,110580,-40,,
2026-09-04T10:32:08.766974,HTTP,3,3,2,192,http-main-3-192,success,26.122,438,219912,210572,110580,-40,,
2026-09-04T10:32:08.993252,HTTP,3,3,2,193,http-main-3-193,success,18.318,385,220308,210572,110580,-38,,
2026-09-04T10:32:09.211722,HTTP,3,3,2,194,http-main-3-194,success,19.716,383,220320,210572,110580,-41,,
2026-09-04T10:32:09.431580,HTTP,3,3,2,195,http-main-3-195,success,20.329,395,220292,210572,110580,-40,,
2026-09-04T10:32:09.652047,HTTP,3,3,2,196,http-main-3-196,success,18.743,436,220300,210572,110580,-40,,
2026-09-04T10:32:09.870936,HTTP,3,3,2,197,http-main-3-197,success,14.377,384,220304,210572,110580,-39,,
2026-09-04T10:32:10.085487,HTTP,3,3,2,198,http-main-3-198,success,18.495,382,220320,210572,110580,-39,,
2026-09-04T10:32:10.304132,HTTP,3,3,2,199,http-main-3-199,success,22.488,391,220320,210572,110580,-38,,
2026-09-04T10:32:10.526736,HTTP,3,3,2,200,http-main-3-200,success,20.928,382,220316,210572,110580,-39,,
2026-09-04T10:32:59.831845,HTTP,4,4,1,1,http-main-4-1,success,21.971,360,220380,210572,110580,-39,,
2026-09-04T10:33:00.054053,HTTP,4,4,1,2,http-main-4-2,success,33.270,450,220132,210572,110580,-39,,
2026-09-04T10:33:00.287506,HTTP,4,4,1,3,http-main-4-3,success,18.354,370,220384,210572,110580,-40,,
2026-09-04T10:33:00.506026,HTTP,4,4,1,4,http-main-4-4,success,18.211,360,220356,210572,110580,-39,,
2026-09-04T10:33:00.724394,HTTP,4,4,1,5,http-main-4-5,success,21.354,387,219572,210572,110580,-40,,
2026-09-04T10:33:00.945906,HTTP,4,4,1,6,http-main-4-6,success,16.940,405,220164,210572,110580,-39,,
2026-09-04T10:33:01.163015,HTTP,4,4,1,7,http-main-4-7,success,17.961,356,220364,210572,110580,-40,,
2026-09-04T10:33:01.381130,HTTP,4,4,1,8,http-main-4-8,success,19.177,351,220356,210572,110580,-41,,
2026-09-04T10:33:01.600457,HTTP,4,4,1,9,http-main-4-9,success,21.912,358,220364,210572,110580,-40,,
2026-09-04T10:33:01.822523,HTTP,4,4,1,10,http-main-4-10,success,23.630,391,220348,210572,110580,-40,,
2026-09-04T10:33:02.046326,HTTP,4,4,1,11,http-main-4-11,success,17.395,400,220368,210572,110580,-42,,
2026-09-04T10:33:02.263878,HTTP,4,4,1,12,http-main-4-12,success,16.343,391,220368,210572,110580,-38,,
2026-09-04T10:33:02.480370,HTTP,4,4,1,13,http-main-4-13,success,17.255,391,220368,210572,110580,-37,,
2026-09-04T10:33:02.697771,HTTP,4,4,1,14,http-main-4-14,success,15.967,390,220368,210572,110580,-39,,
2026-09-04T10:33:02.913890,HTTP,4,4,1,15,http-main-4-15,success,17.400,393,220368,210572,110580,-39,,
2026-09-04T10:33:03.131451,HTTP,4,4,1,16,http-main-4-16,success,30.189,387,220392,210572,110580,-39,,
2026-09-04T10:33:03.361789,HTTP,4,4,1,17,http-main-4-17,success,18.505,390,220356,210572,110580,-38,,
2026-09-04T10:33:03.580438,HTTP,4,4,1,18,http-main-4-18,success,14.970,391,220356,210572,110580,-38,,
2026-09-04T10:33:03.795559,HTTP,4,4,1,19,http-main-4-19,success,17.022,399,220384,210572,110580,-38,,
2026-09-04T10:33:04.012746,HTTP,4,4,1,20,http-main-4-20,success,20.984,391,220364,210572,110580,-38,,
2026-09-04T10:33:04.233929,HTTP,4,4,1,21,http-main-4-21,success,23.326,392,220364,210572,110580,-40,,
2026-09-04T10:33:04.457414,HTTP,4,4,1,22,http-main-4-22,success,18.190,391,220364,210572,110580,-39,,
2026-09-04T10:33:04.675756,HTTP,4,4,1,23,http-main-4-23,success,25.051,392,220372,210572,110580,-39,,
2026-09-04T10:33:04.900959,HTTP,4,4,1,24,http-main-4-24,success,17.668,390,220368,210572,110580,-39,,
2026-09-04T10:33:05.118814,HTTP,4,4,1,25,http-main-4-25,success,18.807,386,220364,210572,110580,-40,,
2026-09-04T10:33:05.337770,HTTP,4,4,1,26,http-main-4-26,success,21.288,394,220368,210572,110580,-37,,
2026-09-04T10:33:05.559201,HTTP,4,4,1,27,http-main-4-27,success,18.655,393,220392,210572,110580,-39,,
2026-09-04T10:33:05.777998,HTTP,4,4,1,28,http-main-4-28,success,18.835,388,220372,210572,110580,-39,,
2026-09-04T10:33:05.996993,HTTP,4,4,1,29,http-main-4-29,success,19.691,392,220376,210572,110580,-41,,
2026-09-04T10:33:06.216840,HTTP,4,4,1,30,http-main-4-30,success,26.161,391,220376,210572,110580,-39,,
2026-09-04T10:33:06.443159,HTTP,4,4,1,31,http-main-4-31,success,18.705,392,220352,210572,110580,-38,,
2026-09-04T10:33:06.662006,HTTP,4,4,1,32,http-main-4-32,success,13.576,400,220356,210572,110580,-40,,
2026-09-04T10:33:06.875728,HTTP,4,4,1,33,http-main-4-33,success,19.897,397,220372,210572,110580,-36,,
2026-09-04T10:33:07.095783,HTTP,4,4,1,34,http-main-4-34,success,22.861,395,220384,210572,110580,-39,,
2026-09-04T10:33:07.318797,HTTP,4,4,1,35,http-main-4-35,success,22.273,392,220356,210572,110580,-37,,
2026-09-04T10:33:07.541210,HTTP,4,4,1,36,http-main-4-36,success,26.620,387,220388,210572,110580,-36,,
2026-09-04T10:33:07.767967,HTTP,4,4,1,37,http-main-4-37,success,20.182,394,220380,210572,110580,-39,,
2026-09-04T10:33:07.988307,HTTP,4,4,1,38,http-main-4-38,success,27.694,394,220388,210572,110580,-35,,
2026-09-04T10:33:08.216152,HTTP,4,4,1,39,http-main-4-39,success,16.920,392,220380,210572,110580,-37,,
2026-09-04T10:33:08.433214,HTTP,4,4,1,40,http-main-4-40,success,16.778,393,220388,210572,110580,-37,,
2026-09-04T10:33:08.650158,HTTP,4,4,1,41,http-main-4-41,success,22.706,397,220360,210572,110580,-38,,
2026-09-04T10:33:08.873012,HTTP,4,4,1,42,http-main-4-42,success,21.776,398,220384,210572,110580,-39,,
2026-09-04T10:33:09.094952,HTTP,4,4,1,43,http-main-4-43,success,19.259,630,220192,210572,110580,-36,,
2026-09-04T10:33:09.314363,HTTP,4,4,1,44,http-main-4-44,success,19.457,576,220168,210572,110580,-38,,
2026-09-04T10:33:09.533968,HTTP,4,4,1,45,http-main-4-45,success,24.148,398,220356,210572,110580,-39,,
2026-09-04T10:33:09.758258,HTTP,4,4,1,46,http-main-4-46,success,22.961,392,220388,210572,110580,-36,,
2026-09-04T10:33:09.981372,HTTP,4,4,1,47,http-main-4-47,success,19.274,391,220380,210572,110580,-35,,
2026-09-04T10:33:10.200829,HTTP,4,4,1,48,http-main-4-48,success,21.492,390,220376,210572,110580,-37,,
2026-09-04T10:33:10.422485,HTTP,4,4,1,49,http-main-4-49,success,19.024,429,220388,210572,110580,-37,,
2026-09-04T10:33:10.641660,HTTP,4,4,1,50,http-main-4-50,success,19.113,389,220356,210572,110580,-39,,
2026-09-04T10:33:10.860928,HTTP,4,4,1,51,http-main-4-51,success,25.993,417,220372,210572,110580,-37,,
2026-09-04T10:33:11.087086,HTTP,4,4,1,52,http-main-4-52,success,25.440,396,220364,210572,110580,-37,,
2026-09-04T10:33:11.312678,HTTP,4,4,1,53,http-main-4-53,success,24.112,389,220344,210572,110580,-38,,
2026-09-04T10:33:11.536936,HTTP,4,4,1,54,http-main-4-54,success,18.805,387,220380,210572,110580,-37,,
2026-09-04T10:33:11.755884,HTTP,4,4,1,55,http-main-4-55,success,18.539,457,220356,210572,110580,-39,,
2026-09-04T10:33:11.974569,HTTP,4,4,1,56,http-main-4-56,success,21.526,514,220376,210572,110580,-37,,
2026-09-04T10:33:12.196254,HTTP,4,4,1,57,http-main-4-57,success,17.241,402,220384,210572,110580,-37,,
2026-09-04T10:33:12.413642,HTTP,4,4,1,58,http-main-4-58,success,15.959,388,220380,210572,110580,-39,,
2026-09-04T10:33:12.629743,HTTP,4,4,1,59,http-main-4-59,success,25.449,399,220380,210572,110580,-38,,
2026-09-04T10:33:12.855339,HTTP,4,4,1,60,http-main-4-60,success,14.817,439,220360,210572,110580,-38,,
2026-09-04T10:33:13.070344,HTTP,4,4,1,61,http-main-4-61,success,19.208,385,220384,210572,110580,-38,,
2026-09-04T10:33:13.289705,HTTP,4,4,1,62,http-main-4-62,success,16.725,387,220344,210572,110580,-39,,
2026-09-04T10:33:13.506576,HTTP,4,4,1,63,http-main-4-63,success,19.313,387,220380,210572,110580,-39,,
2026-09-04T10:33:13.726032,HTTP,4,4,1,64,http-main-4-64,success,16.660,391,220356,210572,110580,-39,,
2026-09-04T10:33:13.942848,HTTP,4,4,1,65,http-main-4-65,success,17.056,392,220376,210572,110580,-37,,
2026-09-04T10:33:14.160062,HTTP,4,4,1,66,http-main-4-66,success,19.677,390,220384,210572,110580,-37,,
2026-09-04T10:33:14.379883,HTTP,4,4,1,67,http-main-4-67,success,16.755,389,220368,210572,110580,-36,,
2026-09-04T10:33:14.596776,HTTP,4,4,1,68,http-main-4-68,success,20.996,393,220380,210572,110580,-36,,
2026-09-04T10:33:14.817917,HTTP,4,4,1,69,http-main-4-69,success,28.301,391,220356,210572,110580,-38,,
2026-09-04T10:33:15.046375,HTTP,4,4,1,70,http-main-4-70,success,16.644,444,220376,210572,110580,-39,,
2026-09-04T10:33:15.263171,HTTP,4,4,1,71,http-main-4-71,success,20.541,443,220388,210572,110580,-38,,
2026-09-04T10:33:15.483858,HTTP,4,4,1,72,http-main-4-72,success,17.588,397,220368,210572,110580,-40,,
2026-09-04T10:33:15.701588,HTTP,4,4,1,73,http-main-4-73,success,23.020,387,220368,210572,110580,-40,,
2026-09-04T10:33:15.924757,HTTP,4,4,1,74,http-main-4-74,success,20.139,424,220168,210572,110580,-41,,
2026-09-04T10:33:16.145058,HTTP,4,4,1,75,http-main-4-75,success,18.349,386,220344,210572,110580,-40,,
2026-09-04T10:33:16.363559,HTTP,4,4,1,76,http-main-4-76,success,23.733,392,220380,210572,110580,-40,,
2026-09-04T10:33:16.587447,HTTP,4,4,1,77,http-main-4-77,success,18.591,394,220368,210572,110580,-43,,
2026-09-04T10:33:16.806190,HTTP,4,4,1,78,http-main-4-78,success,16.045,393,220376,210572,110580,-41,,
2026-09-04T10:33:17.022402,HTTP,4,4,1,79,http-main-4-79,success,15.148,399,220380,210572,110580,-40,,
2026-09-04T10:33:17.237697,HTTP,4,4,1,80,http-main-4-80,success,18.863,391,220376,210572,110580,-40,,
2026-09-04T10:33:17.456729,HTTP,4,4,1,81,http-main-4-81,success,19.141,392,220388,210572,110580,-41,,
2026-09-04T10:33:17.676011,HTTP,4,4,1,82,http-main-4-82,success,21.477,388,220388,210572,110580,-41,,
2026-09-04T10:33:17.897635,HTTP,4,4,1,83,http-main-4-83,success,26.142,387,220360,210572,110580,-42,,
2026-09-04T10:33:18.123937,HTTP,4,4,1,84,http-main-4-84,success,23.555,397,220384,210572,110580,-41,,
2026-09-04T10:33:18.347643,HTTP,4,4,1,85,http-main-4-85,success,17.404,440,220360,210572,110580,-41,,
2026-09-04T10:33:18.565197,HTTP,4,4,1,86,http-main-4-86,success,17.487,391,220396,210572,110580,-41,,
2026-09-04T10:33:18.782837,HTTP,4,4,1,87,http-main-4-87,success,28.893,392,220392,210572,110580,-40,,
2026-09-04T10:33:19.011892,HTTP,4,4,1,88,http-main-4-88,success,18.930,385,220372,210572,110580,-41,,
2026-09-04T10:33:19.230978,HTTP,4,4,1,89,http-main-4-89,success,22.869,452,220372,210572,110580,-41,,
2026-09-04T10:33:19.453991,HTTP,4,4,1,90,http-main-4-90,success,20.416,389,220364,210572,110580,-41,,
2026-09-04T10:33:19.674545,HTTP,4,4,1,91,http-main-4-91,success,21.073,393,220344,210572,110580,-42,,
2026-09-04T10:33:19.895763,HTTP,4,4,1,92,http-main-4-92,success,16.806,388,220368,210572,110580,-41,,
2026-09-04T10:33:20.112722,HTTP,4,4,1,93,http-main-4-93,success,21.357,390,220360,210572,110580,-39,,
2026-09-04T10:33:20.334224,HTTP,4,4,1,94,http-main-4-94,success,29.667,413,220336,210572,110580,-40,,
2026-09-04T10:33:20.564028,HTTP,4,4,1,95,http-main-4-95,success,23.639,387,220364,210572,110580,-42,,
2026-09-04T10:33:20.787808,HTTP,4,4,1,96,http-main-4-96,success,21.882,402,220384,210572,110580,-42,,
2026-09-04T10:33:21.009853,HTTP,4,4,1,97,http-main-4-97,success,17.442,388,220356,210572,110580,-42,,
2026-09-04T10:33:21.227443,HTTP,4,4,1,98,http-main-4-98,success,16.525,427,220388,210572,110580,-40,,
2026-09-04T10:33:21.444112,HTTP,4,4,1,99,http-main-4-99,success,20.940,389,220380,210572,110580,-41,,
2026-09-04T10:33:21.665191,HTTP,4,4,1,100,http-main-4-100,success,16.495,384,220312,210572,110580,-38,,
2026-09-04T10:33:21.881865,HTTP,4,4,1,101,http-main-4-101,success,16.158,380,220288,210572,110580,-39,,
2026-09-04T10:33:22.098207,HTTP,4,4,1,102,http-main-4-102,success,25.136,381,220280,210572,110580,-41,,
2026-09-04T10:33:22.323494,HTTP,4,4,1,103,http-main-4-103,success,21.954,379,220308,210572,110580,-39,,
2026-09-04T10:33:22.545585,HTTP,4,4,1,104,http-main-4-104,success,21.402,383,220288,210572,110580,-40,,
2026-09-04T10:33:22.767122,HTTP,4,4,1,105,http-main-4-105,success,17.979,378,220312,210572,110580,-41,,
2026-09-04T10:33:22.985251,HTTP,4,4,1,106,http-main-4-106,success,23.449,382,220300,210572,110580,-42,,
2026-09-04T10:33:23.208845,HTTP,4,4,1,107,http-main-4-107,success,19.589,554,220308,210572,110580,-42,,
2026-09-04T10:33:23.428576,HTTP,4,4,1,108,http-main-4-108,success,19.487,383,220304,210572,110580,-38,,
2026-09-04T10:33:23.648201,HTTP,4,4,1,109,http-main-4-109,success,18.078,384,220296,210572,110580,-39,,
2026-09-04T10:33:23.866424,HTTP,4,4,1,110,http-main-4-110,success,16.365,398,220132,210572,110580,-37,,
2026-09-04T10:33:24.082936,HTTP,4,4,1,111,http-main-4-111,success,41.568,385,220328,210572,110580,-40,,
2026-09-04T10:33:24.324645,HTTP,4,4,1,112,http-main-4-112,success,16.870,388,220316,210572,110580,-40,,
2026-09-04T10:33:24.541654,HTTP,4,4,1,113,http-main-4-113,success,26.312,383,220300,210572,110580,-40,,
2026-09-04T10:33:24.768102,HTTP,4,4,1,114,http-main-4-114,success,17.474,382,220292,210572,110580,-39,,
2026-09-04T10:33:24.985725,HTTP,4,4,1,115,http-main-4-115,success,20.599,380,220328,210572,110580,-38,,
2026-09-04T10:33:25.206470,HTTP,4,4,1,116,http-main-4-116,success,15.609,472,220304,210572,110580,-39,,
2026-09-04T10:33:25.422222,HTTP,4,4,1,117,http-main-4-117,success,18.284,382,220308,210572,110580,-38,,
2026-09-04T10:33:25.640643,HTTP,4,4,1,118,http-main-4-118,success,18.262,383,220300,210572,110580,-38,,
2026-09-04T10:33:25.859043,HTTP,4,4,1,119,http-main-4-119,success,19.712,642,220108,210572,110580,-40,,
2026-09-04T10:33:26.078906,HTTP,4,4,1,120,http-main-4-120,success,17.956,382,220284,210572,110580,-40,,
2026-09-04T10:33:26.297031,HTTP,4,4,1,121,http-main-4-121,success,28.040,380,220300,210572,110580,-40,,
2026-09-04T10:33:26.525211,HTTP,4,4,1,122,http-main-4-122,success,18.779,382,220292,210572,110580,-39,,
2026-09-04T10:33:26.744129,HTTP,4,4,1,123,http-main-4-123,success,16.191,383,220284,210572,110580,-40,,
2026-09-04T10:33:26.960460,HTTP,4,4,1,124,http-main-4-124,success,20.487,389,220324,210572,110580,-40,,
2026-09-04T10:33:27.181093,HTTP,4,4,1,125,http-main-4-125,success,17.096,396,220292,210572,110580,-40,,
2026-09-04T10:33:27.398330,HTTP,4,4,1,126,http-main-4-126,success,18.291,381,220300,210572,110580,-40,,
2026-09-04T10:33:27.616756,HTTP,4,4,1,127,http-main-4-127,success,28.743,385,220292,210572,110580,-41,,
2026-09-04T10:33:27.845638,HTTP,4,4,1,128,http-main-4-128,success,21.504,382,220320,210572,110580,-40,,
2026-09-04T10:33:28.067314,HTTP,4,4,1,129,http-main-4-129,success,30.414,382,220292,210572,110580,-39,,
2026-09-04T10:33:28.297876,HTTP,4,4,1,130,http-main-4-130,success,19.009,381,220308,210572,110580,-41,,
2026-09-04T10:33:28.517028,HTTP,4,4,1,131,http-main-4-131,success,19.673,381,220292,210572,110580,-41,,
2026-09-04T10:33:28.736839,HTTP,4,4,1,132,http-main-4-132,success,22.137,389,220300,210572,110580,-39,,
2026-09-04T10:33:28.959118,HTTP,4,4,1,133,http-main-4-133,success,17.906,667,220092,210572,110580,-39,,
2026-09-04T10:33:29.177173,HTTP,4,4,1,134,http-main-4-134,success,19.401,382,220300,210572,110580,-42,,
2026-09-04T10:33:29.396713,HTTP,4,4,1,135,http-main-4-135,success,18.411,403,220296,210572,110580,-41,,
2026-09-04T10:33:29.615261,HTTP,4,4,1,136,http-main-4-136,success,18.279,383,220316,210572,110580,-40,,
2026-09-04T10:33:29.833677,HTTP,4,4,1,137,http-main-4-137,success,18.155,386,220320,210572,110580,-41,,
2026-09-04T10:33:30.051980,HTTP,4,4,1,138,http-main-4-138,success,19.858,383,220320,210572,110580,-41,,
2026-09-04T10:33:30.271974,HTTP,4,4,1,139,http-main-4-139,success,23.386,429,220108,210572,110580,-40,,
2026-09-04T10:33:30.495494,HTTP,4,4,1,140,http-main-4-140,success,16.658,382,220316,210572,110580,-42,,
2026-09-04T10:33:30.712312,HTTP,4,4,1,141,http-main-4-141,success,16.915,383,220292,210572,110580,-39,,
2026-09-04T10:33:30.929369,HTTP,4,4,1,142,http-main-4-142,success,35.833,383,220272,210572,110580,-42,,
2026-09-04T10:33:31.165349,HTTP,4,4,1,143,http-main-4-143,success,22.465,382,220292,210572,110580,-39,,
2026-09-04T10:33:31.387957,HTTP,4,4,1,144,http-main-4-144,success,18.809,381,220324,210572,110580,-41,,
2026-09-04T10:33:31.606911,HTTP,4,4,1,145,http-main-4-145,success,19.927,381,220300,210572,110580,-40,,
2026-09-04T10:33:31.826981,HTTP,4,4,1,146,http-main-4-146,success,17.723,409,220276,210572,110580,-41,,
2026-09-04T10:33:32.044858,HTTP,4,4,1,147,http-main-4-147,success,18.870,387,220296,210572,110580,-41,,
2026-09-04T10:33:32.263872,HTTP,4,4,1,148,http-main-4-148,success,18.169,381,220300,210572,110580,-39,,
2026-09-04T10:33:32.482187,HTTP,4,4,1,149,http-main-4-149,success,17.609,394,217872,210572,110580,-39,,
2026-09-04T10:33:32.699938,HTTP,4,4,1,150,http-main-4-150,success,17.043,382,220300,210572,110580,-40,,
2026-09-04T10:33:32.917122,HTTP,4,4,1,151,http-main-4-151,success,17.065,384,220280,210572,110580,-41,,
2026-09-04T10:33:33.134336,HTTP,4,4,1,152,http-main-4-152,success,17.357,383,220308,210572,110580,-40,,
2026-09-04T10:33:33.351833,HTTP,4,4,1,153,http-main-4-153,success,22.056,383,220308,210572,110580,-41,,
2026-09-04T10:33:33.574028,HTTP,4,4,1,154,http-main-4-154,success,16.079,380,220308,210572,110580,-39,,
2026-09-04T10:33:33.790247,HTTP,4,4,1,155,http-main-4-155,success,23.631,422,220336,210572,110580,-40,,
2026-09-04T10:33:34.014038,HTTP,4,4,1,156,http-main-4-156,success,19.206,386,220308,210572,110580,-39,,
2026-09-04T10:33:34.233419,HTTP,4,4,1,157,http-main-4-157,success,15.850,478,220068,210572,110580,-41,,
2026-09-04T10:33:34.449426,HTTP,4,4,1,158,http-main-4-158,success,17.958,381,220284,210572,110580,-40,,
2026-09-04T10:33:34.667539,HTTP,4,4,1,159,http-main-4-159,success,19.120,384,220308,210572,110580,-39,,
2026-09-04T10:33:34.886823,HTTP,4,4,1,160,http-main-4-160,success,28.457,379,220300,210572,110580,-41,,
2026-09-04T10:33:35.115462,HTTP,4,4,1,161,http-main-4-161,success,19.676,384,220280,210572,110580,-40,,
2026-09-04T10:33:35.335292,HTTP,4,4,1,162,http-main-4-162,success,19.179,382,220300,210572,110580,-41,,
2026-09-04T10:33:35.554618,HTTP,4,4,1,163,http-main-4-163,success,18.042,383,220292,210572,110580,-38,,
2026-09-04T10:33:35.772802,HTTP,4,4,1,164,http-main-4-164,success,19.300,403,220300,210572,110580,-40,,
2026-09-04T10:33:35.992256,HTTP,4,4,1,165,http-main-4-165,success,18.375,445,220112,210572,110580,-39,,
2026-09-04T10:33:36.210795,HTTP,4,4,1,166,http-main-4-166,success,24.044,382,220320,210572,110580,-37,,
2026-09-04T10:33:36.434983,HTTP,4,4,1,167,http-main-4-167,success,19.183,383,220320,210572,110580,-41,,
2026-09-04T10:33:36.654319,HTTP,4,4,1,168,http-main-4-168,success,16.445,387,220300,210572,110580,-39,,
2026-09-04T10:33:36.870920,HTTP,4,4,1,169,http-main-4-169,success,17.240,390,220328,210572,110580,-38,,
2026-09-04T10:33:37.088322,HTTP,4,4,1,170,http-main-4-170,success,16.852,515,220092,210572,110580,-41,,
2026-09-04T10:33:37.305325,HTTP,4,4,1,171,http-main-4-171,success,23.257,380,220292,210572,110580,-39,,
2026-09-04T10:33:37.528730,HTTP,4,4,1,172,http-main-4-172,success,17.887,379,220288,210572,110580,-38,,
2026-09-04T10:33:37.746760,HTTP,4,4,1,173,http-main-4-173,success,25.530,381,220296,210572,110580,-39,,
2026-09-04T10:33:37.972437,HTTP,4,4,1,174,http-main-4-174,success,18.624,381,220320,210572,110580,-39,,
2026-09-04T10:33:38.191219,HTTP,4,4,1,175,http-main-4-175,success,17.039,394,220312,210572,110580,-39,,
2026-09-04T10:33:38.408410,HTTP,4,4,1,176,http-main-4-176,success,16.743,389,220288,210572,110580,-40,,
2026-09-04T10:33:38.625301,HTTP,4,4,1,177,http-main-4-177,success,17.338,393,220320,210572,110580,-39,,
2026-09-04T10:33:38.842801,HTTP,4,4,1,178,http-main-4-178,success,17.772,384,220284,210572,110580,-41,,
2026-09-04T10:33:39.060731,HTTP,4,4,1,179,http-main-4-179,success,18.016,383,220320,210572,110580,-39,,
2026-09-04T10:33:39.278895,HTTP,4,4,1,180,http-main-4-180,success,24.988,422,220328,210572,110580,-41,,
2026-09-04T10:33:39.504052,HTTP,4,4,1,181,http-main-4-181,success,17.383,377,220304,210572,110580,-42,,
2026-09-04T10:33:39.721580,HTTP,4,4,1,182,http-main-4-182,success,20.464,393,217852,209036,110580,-41,,
2026-09-04T10:33:39.942198,HTTP,4,4,1,183,http-main-4-183,success,16.983,379,220300,209036,110580,-41,,
2026-09-04T10:33:40.159357,HTTP,4,4,1,184,http-main-4-184,success,16.664,383,220316,209036,110580,-40,,
2026-09-04T10:33:40.376181,HTTP,4,4,1,185,http-main-4-185,success,17.141,391,220292,209036,110580,-42,,
2026-09-04T10:33:40.593473,HTTP,4,4,1,186,http-main-4-186,success,18.771,383,220312,209036,110580,-40,,
2026-09-04T10:33:40.812393,HTTP,4,4,1,187,http-main-4-187,success,17.524,380,220300,209036,110580,-42,,
2026-09-04T10:33:41.030089,HTTP,4,4,1,188,http-main-4-188,success,21.992,384,220308,209036,110580,-42,,
2026-09-04T10:33:41.252238,HTTP,4,4,1,189,http-main-4-189,success,16.322,394,219912,209036,110580,-40,,
2026-09-04T10:33:41.468710,HTTP,4,4,1,190,http-main-4-190,success,18.656,384,220300,209036,110580,-40,,
2026-09-04T10:33:41.687510,HTTP,4,4,1,191,http-main-4-191,success,17.260,378,220308,209036,110580,-40,,
2026-09-04T10:33:41.904917,HTTP,4,4,1,192,http-main-4-192,success,17.332,385,220304,209036,110580,-40,,
2026-09-04T10:33:42.122411,HTTP,4,4,1,193,http-main-4-193,success,19.668,462,220304,209036,110580,-43,,
2026-09-04T10:33:42.342228,HTTP,4,4,1,194,http-main-4-194,success,20.524,380,220300,209036,110580,-41,,
2026-09-04T10:33:42.562897,HTTP,4,4,1,195,http-main-4-195,success,34.535,389,220296,209036,110580,-43,,
2026-09-04T10:33:42.797578,HTTP,4,4,1,196,http-main-4-196,success,19.745,390,220288,209036,110580,-42,,
2026-09-04T10:33:43.017477,HTTP,4,4,1,197,http-main-4-197,success,18.211,377,220300,209036,110580,-42,,
2026-09-04T10:33:43.235836,HTTP,4,4,1,198,http-main-4-198,success,19.658,383,220284,209036,110580,-40,,
2026-09-04T10:33:43.455635,HTTP,4,4,1,199,http-main-4-199,success,20.458,398,217856,209036,110580,-40,,
2026-09-04T10:33:43.676234,HTTP,4,4,1,200,http-main-4-200,success,33.766,385,220288,209036,110580,-39,,
2026-09-04T10:37:09.678991,HTTP,5,5,3,1,http-main-5-1,success,33.074,357,224012,209036,110580,-40,,
2026-09-04T10:37:09.912312,HTTP,5,5,3,2,http-main-5-2,success,16.381,350,223744,209036,110580,-39,,
2026-09-04T10:37:10.128902,HTTP,5,5,3,3,http-main-5-3,success,19.476,352,223488,209036,110580,-39,,
2026-09-04T10:37:10.348551,HTTP,5,5,3,4,http-main-5-4,success,15.538,345,223212,209036,110580,-41,,
2026-09-04T10:37:10.564243,HTTP,5,5,3,5,http-main-5-5,success,17.024,355,222972,209036,110580,-41,,
2026-09-04T10:37:10.781412,HTTP,5,5,3,6,http-main-5-6,success,17.796,353,222712,209036,110580,-41,,
2026-09-04T10:37:10.999381,HTTP,5,5,3,7,http-main-5-7,success,20.543,364,222452,209036,110580,-38,,
2026-09-04T10:37:11.220091,HTTP,5,5,3,8,http-main-5-8,success,15.381,351,222208,209036,110580,-41,,
2026-09-04T10:37:11.435626,HTTP,5,5,3,9,http-main-5-9,success,31.581,355,221932,209036,110580,-40,,
2026-09-04T10:37:11.667354,HTTP,5,5,3,10,http-main-5-10,success,23.758,394,221684,209036,110580,-42,,
2026-09-04T10:37:11.891261,HTTP,5,5,3,11,http-main-5-11,success,18.846,410,218952,209036,110580,-42,,
2026-09-04T10:37:12.110265,HTTP,5,5,3,12,http-main-5-12,success,21.798,383,221160,209036,110580,-42,,
2026-09-04T10:37:12.332214,HTTP,5,5,3,13,http-main-5-13,success,18.581,443,220576,209036,110580,-42,,
2026-09-04T10:37:12.550941,HTTP,5,5,3,14,http-main-5-14,success,18.559,431,220644,209036,110580,-41,,
2026-09-04T10:37:12.769645,HTTP,5,5,3,15,http-main-5-15,success,23.330,388,220380,209036,110580,-39,,
2026-09-04T10:37:12.993141,HTTP,5,5,3,16,http-main-5-16,success,24.393,386,220356,209036,110580,-38,,
2026-09-04T10:37:13.217696,HTTP,5,5,3,17,http-main-5-17,success,21.406,391,220372,209036,110580,-42,,
2026-09-04T10:37:13.439256,HTTP,5,5,3,18,http-main-5-18,success,18.651,387,220368,209036,110580,-40,,
2026-09-04T10:37:13.658053,HTTP,5,5,3,19,http-main-5-19,success,25.444,390,220380,209036,110580,-41,,
2026-09-04T10:37:13.883646,HTTP,5,5,3,20,http-main-5-20,success,34.275,387,220392,209036,110580,-40,,
2026-09-04T10:37:14.118106,HTTP,5,5,3,21,http-main-5-21,success,24.211,417,220384,209036,110580,-41,,
2026-09-04T10:37:14.342470,HTTP,5,5,3,22,http-main-5-22,success,19.749,405,220180,209036,110580,-41,,
2026-09-04T10:37:14.562379,HTTP,5,5,3,23,http-main-5-23,success,20.521,390,220380,209036,110580,-41,,
2026-09-04T10:37:14.783054,HTTP,5,5,3,24,http-main-5-24,success,14.676,398,219984,209036,110580,-41,,
2026-09-04T10:37:14.997896,HTTP,5,5,3,25,http-main-5-25,success,15.536,392,220364,209036,110580,-41,,
2026-09-04T10:37:15.213598,HTTP,5,5,3,26,http-main-5-26,success,20.969,389,220380,209036,110580,-40,,
2026-09-04T10:37:15.434734,HTTP,5,5,3,27,http-main-5-27,success,19.522,392,220356,209036,110580,-43,,
2026-09-04T10:37:15.654428,HTTP,5,5,3,28,http-main-5-28,success,26.926,407,220384,209036,110580,-40,,
2026-09-04T10:37:15.881525,HTTP,5,5,3,29,http-main-5-29,success,14.362,399,220392,209036,110580,-43,,
2026-09-04T10:37:16.096070,HTTP,5,5,3,30,http-main-5-30,success,14.731,384,220372,209036,110580,-40,,
2026-09-04T10:37:16.310956,HTTP,5,5,3,31,http-main-5-31,success,24.370,389,220384,209036,110580,-73,,
2026-09-04T10:37:16.535476,HTTP,5,5,3,32,http-main-5-32,success,38.312,398,220364,209036,110580,-40,,
2026-09-04T10:37:16.773937,HTTP,5,5,3,33,http-main-5-33,success,17.106,412,220380,209036,110580,-40,,
2026-09-04T10:37:16.991202,HTTP,5,5,3,34,http-main-5-34,success,18.826,390,220364,209036,110580,-41,,
2026-09-04T10:37:17.210183,HTTP,5,5,3,35,http-main-5-35,success,18.199,393,220364,209036,110580,-41,,
2026-09-04T10:37:17.428527,HTTP,5,5,3,36,http-main-5-36,success,15.604,408,220372,209036,110580,-39,,
2026-09-04T10:37:17.644274,HTTP,5,5,3,37,http-main-5-37,success,17.720,458,220360,209036,110580,-40,,
2026-09-04T10:37:17.862138,HTTP,5,5,3,38,http-main-5-38,success,21.451,392,220384,209036,110580,-39,,
2026-09-04T10:37:18.083746,HTTP,5,5,3,39,http-main-5-39,success,19.416,392,220376,209036,110580,-40,,
2026-09-04T10:37:18.303310,HTTP,5,5,3,40,http-main-5-40,success,21.633,390,220384,209036,110580,-39,,
2026-09-04T10:37:18.525123,HTTP,5,5,3,41,http-main-5-41,success,21.705,411,220372,209036,110580,-39,,
2026-09-04T10:37:18.746976,HTTP,5,5,3,42,http-main-5-42,success,19.115,406,220384,209036,110580,-40,,
2026-09-04T10:37:18.966237,HTTP,5,5,3,43,http-main-5-43,success,19.152,392,220384,209036,110580,-39,,
2026-09-04T10:37:19.185544,HTTP,5,5,3,44,http-main-5-44,success,20.464,395,220380,209036,110580,-38,,
2026-09-04T10:37:19.406154,HTTP,5,5,3,45,http-main-5-45,success,16.897,392,220384,209036,110580,-39,,
2026-09-04T10:37:19.623195,HTTP,5,5,3,46,http-main-5-46,success,21.843,393,220384,209036,110580,-40,,
2026-09-04T10:37:19.845183,HTTP,5,5,3,47,http-main-5-47,success,16.972,407,220384,209036,110580,-38,,
2026-09-04T10:37:20.062311,HTTP,5,5,3,48,http-main-5-48,success,24.019,395,220180,209036,110580,-39,,
2026-09-04T10:37:20.286475,HTTP,5,5,3,49,http-main-5-49,success,17.196,391,220384,209036,110580,-39,,
2026-09-04T10:37:20.503813,HTTP,5,5,3,50,http-main-5-50,success,18.743,397,220384,209036,110580,-40,,
2026-09-04T10:37:20.722694,HTTP,5,5,3,51,http-main-5-51,success,19.053,394,220384,209036,110580,-65,,
2026-09-04T10:37:20.941900,HTTP,5,5,3,52,http-main-5-52,success,21.776,388,220380,209036,110580,-41,,
2026-09-04T10:37:21.163847,HTTP,5,5,3,53,http-main-5-53,success,27.035,416,220372,209036,110580,-39,,
2026-09-04T10:37:21.391032,HTTP,5,5,3,54,http-main-5-54,success,20.526,387,220376,209036,110580,-36,,
2026-09-04T10:37:21.611702,HTTP,5,5,3,55,http-main-5-55,success,17.852,413,217948,209036,110580,-36,,
2026-09-04T10:37:21.829697,HTTP,5,5,3,56,http-main-5-56,success,19.855,390,220384,209036,110580,-38,,
2026-09-04T10:37:22.049721,HTTP,5,5,3,57,http-main-5-57,success,23.594,404,220384,209036,110580,-37,,
2026-09-04T10:37:22.273479,HTTP,5,5,3,58,http-main-5-58,success,16.871,402,220384,209036,110580,-36,,
2026-09-04T10:37:22.490502,HTTP,5,5,3,59,http-main-5-59,success,20.335,425,220180,209036,110580,-39,,
2026-09-04T10:37:22.710987,HTTP,5,5,3,60,http-main-5-60,success,17.062,443,220384,209036,110580,-38,,
2026-09-04T10:37:22.928226,HTTP,5,5,3,61,http-main-5-61,success,20.486,389,220384,209036,110580,-38,,
2026-09-04T10:37:23.148881,HTTP,5,5,3,62,http-main-5-62,success,16.090,393,220384,209036,110580,-37,,
2026-09-04T10:37:23.365130,HTTP,5,5,3,63,http-main-5-63,success,19.817,447,220184,209036,110580,-38,,
2026-09-04T10:37:23.585101,HTTP,5,5,3,64,http-main-5-64,success,18.437,512,219760,209036,110580,-40,,
2026-09-04T10:37:23.803687,HTTP,5,5,3,65,http-main-5-65,success,17.106,403,220384,209036,110580,-40,,
2026-09-04T10:37:24.020955,HTTP,5,5,3,66,http-main-5-66,success,17.036,396,220384,209036,110580,-38,,
2026-09-04T10:37:24.238144,HTTP,5,5,3,67,http-main-5-67,success,22.032,388,220384,209036,110580,-37,,
2026-09-04T10:37:24.460328,HTTP,5,5,3,68,http-main-5-68,success,23.089,395,220380,209036,110580,-37,,
2026-09-04T10:37:24.683561,HTTP,5,5,3,69,http-main-5-69,success,18.467,389,220384,209036,110580,-40,,
2026-09-04T10:37:24.902180,HTTP,5,5,3,70,http-main-5-70,success,18.153,392,220384,209036,110580,-37,,
2026-09-04T10:37:25.120503,HTTP,5,5,3,71,http-main-5-71,success,32.383,394,220384,209036,110580,-39,,
2026-09-04T10:37:25.353043,HTTP,5,5,3,72,http-main-5-72,success,19.218,396,220384,209036,110580,-39,,
2026-09-04T10:37:25.572415,HTTP,5,5,3,73,http-main-5-73,success,20.870,411,220384,209036,110580,-40,,
2026-09-04T10:37:25.793441,HTTP,5,5,3,74,http-main-5-74,success,21.778,400,220384,209036,110580,-37,,
2026-09-04T10:37:26.015381,HTTP,5,5,3,75,http-main-5-75,success,15.968,388,220384,209036,110580,-38,,
2026-09-04T10:37:26.231507,HTTP,5,5,3,76,http-main-5-76,success,18.273,396,220384,209036,110580,-39,,
2026-09-04T10:37:26.449930,HTTP,5,5,3,77,http-main-5-77,success,19.622,394,220384,209036,110580,-37,,
2026-09-04T10:37:26.669699,HTTP,5,5,3,78,http-main-5-78,success,22.117,408,220384,209036,110580,-38,,
2026-09-04T10:37:26.891966,HTTP,5,5,3,79,http-main-5-79,success,22.471,547,220180,209036,110580,-40,,
2026-09-04T10:37:27.114599,HTTP,5,5,3,80,http-main-5-80,success,44.656,392,220384,209036,110580,-37,,
2026-09-04T10:37:27.359435,HTTP,5,5,3,81,http-main-5-81,success,17.697,395,220384,209036,110580,-38,,
2026-09-04T10:37:27.577282,HTTP,5,5,3,82,http-main-5-82,success,19.538,392,220372,209036,110580,-36,,
2026-09-04T10:37:27.796970,HTTP,5,5,3,83,http-main-5-83,success,16.853,390,220384,209036,110580,-38,,
2026-09-04T10:37:28.013988,HTTP,5,5,3,84,http-main-5-84,success,16.242,388,220384,209036,110580,-36,,
2026-09-04T10:37:28.230394,HTTP,5,5,3,85,http-main-5-85,success,20.423,387,220384,209036,110580,-38,,
2026-09-04T10:37:28.450970,HTTP,5,5,3,86,http-main-5-86,success,19.821,388,220384,209036,110580,-38,,
2026-09-04T10:37:28.670940,HTTP,5,5,3,87,http-main-5-87,success,20.555,393,220384,209036,110580,-40,,
2026-09-04T10:37:28.891648,HTTP,5,5,3,88,http-main-5-88,success,15.331,440,220384,209036,110580,-40,,
2026-09-04T10:37:29.107144,HTTP,5,5,3,89,http-main-5-89,success,17.421,387,220384,209036,110580,-39,,
2026-09-04T10:37:29.324723,HTTP,5,5,3,90,http-main-5-90,success,22.743,516,220172,209036,110580,-37,,
2026-09-04T10:37:29.547615,HTTP,5,5,3,91,http-main-5-91,success,17.002,387,220380,209036,110580,-40,,
2026-09-04T10:37:29.764765,HTTP,5,5,3,92,http-main-5-92,success,16.722,392,220384,209036,110580,-39,,
2026-09-04T10:37:29.981630,HTTP,5,5,3,93,http-main-5-93,success,21.957,402,220384,209036,110580,-39,,
2026-09-04T10:37:30.203747,HTTP,5,5,3,94,http-main-5-94,success,18.268,392,220384,209036,110580,-39,,
2026-09-04T10:37:30.422165,HTTP,5,5,3,95,http-main-5-95,success,15.535,390,220384,209036,110580,-40,,
2026-09-04T10:37:30.637850,HTTP,5,5,3,96,http-main-5-96,success,27.074,391,220384,209036,110580,-38,,
2026-09-04T10:37:30.865071,HTTP,5,5,3,97,http-main-5-97,success,15.968,390,220384,209036,110580,-36,,
2026-09-04T10:37:31.081206,HTTP,5,5,3,98,http-main-5-98,success,17.218,392,220384,209036,110580,-38,,
2026-09-04T10:37:31.298580,HTTP,5,5,3,99,http-main-5-99,success,24.605,388,220384,209036,110580,-39,,
2026-09-04T10:37:31.523333,HTTP,5,5,3,100,http-main-5-100,success,16.201,381,220320,209036,110580,-38,,
2026-09-04T10:37:31.739706,HTTP,5,5,3,101,http-main-5-101,success,23.067,397,220308,209036,110580,-40,,
2026-09-04T10:37:31.962920,HTTP,5,5,3,102,http-main-5-102,success,17.700,381,220308,209036,110580,-37,,
2026-09-04T10:37:32.180779,HTTP,5,5,3,103,http-main-5-103,success,17.557,383,220304,209036,110580,-39,,
2026-09-04T10:37:32.398487,HTTP,5,5,3,104,http-main-5-104,success,19.434,382,220292,209036,110580,-41,,
2026-09-04T10:37:32.618071,HTTP,5,5,3,105,http-main-5-105,success,23.205,389,220324,209036,110580,-38,,
2026-09-04T10:37:32.841421,HTTP,5,5,3,106,http-main-5-106,success,20.456,382,220324,209036,110580,-40,,
2026-09-04T10:37:33.062038,HTTP,5,5,3,107,http-main-5-107,success,23.310,515,220296,209036,110580,-38,,
2026-09-04T10:37:33.285502,HTTP,5,5,3,108,http-main-5-108,success,17.035,388,220320,209036,110580,-38,,
2026-09-04T10:37:33.502684,HTTP,5,5,3,109,http-main-5-109,success,15.989,507,219472,209036,110580,-39,,
2026-09-04T10:37:33.718831,HTTP,5,5,3,110,http-main-5-110,success,16.907,383,220300,209036,110580,-73,,
2026-09-04T10:37:33.935892,HTTP,5,5,3,111,http-main-5-111,success,20.581,380,220324,209036,110580,-39,,
2026-09-04T10:37:34.156656,HTTP,5,5,3,112,http-main-5-112,success,20.896,384,220300,209036,110580,-37,,
2026-09-04T10:37:34.377717,HTTP,5,5,3,113,http-main-5-113,success,16.645,390,220304,209036,110580,-40,,
2026-09-04T10:37:34.594517,HTTP,5,5,3,114,http-main-5-114,success,31.410,378,220292,209036,110580,-37,,
2026-09-04T10:37:34.826081,HTTP,5,5,3,115,http-main-5-115,success,18.551,380,220320,209036,110580,-40,,
2026-09-04T10:37:35.044794,HTTP,5,5,3,116,http-main-5-116,success,22.737,398,217884,209036,110580,-41,,
2026-09-04T10:37:35.267688,HTTP,5,5,3,117,http-main-5-117,success,17.825,381,220300,209036,110580,-39,,
2026-09-04T10:37:35.485662,HTTP,5,5,3,118,http-main-5-118,success,16.726,389,217884,209036,110580,-40,,
2026-09-04T10:37:35.702536,HTTP,5,5,3,119,http-main-5-119,success,23.025,381,220308,209036,110580,-39,,
2026-09-04T10:37:35.925706,HTTP,5,5,3,120,http-main-5-120,success,18.653,383,220316,209036,110580,-40,,
2026-09-04T10:37:36.144549,HTTP,5,5,3,121,http-main-5-121,success,23.760,381,220308,209036,110580,-40,,
2026-09-04T10:37:36.368469,HTTP,5,5,3,122,http-main-5-122,success,16.291,380,220304,209036,110580,-40,,
2026-09-04T10:37:36.584908,HTTP,5,5,3,123,http-main-5-123,success,18.100,386,220292,209036,110580,-40,,
2026-09-04T10:37:36.803155,HTTP,5,5,3,124,http-main-5-124,success,18.362,384,220316,209036,110580,-39,,
2026-09-04T10:37:37.021674,HTTP,5,5,3,125,http-main-5-125,success,21.602,384,220308,209036,110580,-40,,
2026-09-04T10:37:37.243430,HTTP,5,5,3,126,http-main-5-126,success,15.666,395,220084,209036,110580,-40,,
2026-09-04T10:37:37.459240,HTTP,5,5,3,127,http-main-5-127,success,17.829,385,220312,209036,110580,-41,,
2026-09-04T10:37:37.677210,HTTP,5,5,3,128,http-main-5-128,success,19.978,386,220304,209036,110580,-39,,
2026-09-04T10:37:37.897332,HTTP,5,5,3,129,http-main-5-129,success,18.288,658,219844,209036,110580,-40,,
2026-09-04T10:37:38.115776,HTTP,5,5,3,130,http-main-5-130,success,17.006,384,220308,209036,110580,-40,,
2026-09-04T10:37:38.332932,HTTP,5,5,3,131,http-main-5-131,success,19.565,384,220300,209036,110580,-40,,
2026-09-04T10:37:38.552638,HTTP,5,5,3,132,http-main-5-132,success,18.234,383,220316,209036,110580,-39,,
2026-09-04T10:37:38.771014,HTTP,5,5,3,133,http-main-5-133,success,20.093,384,220316,209036,110580,-39,,
2026-09-04T10:37:38.991265,HTTP,5,5,3,134,http-main-5-134,success,16.593,382,220324,209036,110580,-39,,
2026-09-04T10:37:39.208014,HTTP,5,5,3,135,http-main-5-135,success,20.975,385,220324,209036,110580,-39,,
2026-09-04T10:37:39.429140,HTTP,5,5,3,136,http-main-5-136,success,18.973,402,220120,209036,110580,-40,,
2026-09-04T10:37:39.648256,HTTP,5,5,3,137,http-main-5-137,success,17.472,383,220312,209036,110580,-41,,
2026-09-04T10:37:39.865873,HTTP,5,5,3,138,http-main-5-138,success,15.047,383,220320,209036,110580,-38,,
2026-09-04T10:37:40.081083,HTTP,5,5,3,139,http-main-5-139,success,17.047,866,217684,209036,110580,-41,,
2026-09-04T10:37:40.298287,HTTP,5,5,3,140,http-main-5-140,success,28.030,383,220308,209036,110580,-40,,
2026-09-04T10:37:40.526490,HTTP,5,5,3,141,http-main-5-141,success,19.311,384,220284,209036,110580,-40,,
2026-09-04T10:37:40.745947,HTTP,5,5,3,142,http-main-5-142,success,20.728,382,220300,209036,110580,-40,,
2026-09-04T10:37:40.966834,HTTP,5,5,3,143,http-main-5-143,success,16.801,383,220088,209036,110580,-40,,
2026-09-04T10:37:41.183798,HTTP,5,5,3,144,http-main-5-144,success,15.002,384,220316,209036,110580,-40,,
2026-09-04T10:37:41.398956,HTTP,5,5,3,145,http-main-5-145,success,20.909,385,220312,209036,110580,-39,,
2026-09-04T10:37:41.620036,HTTP,5,5,3,146,http-main-5-146,success,22.252,382,220312,209036,110580,-41,,
2026-09-04T10:37:41.842440,HTTP,5,5,3,147,http-main-5-147,success,20.034,384,220312,209036,110580,-39,,
2026-09-04T10:37:42.062633,HTTP,5,5,3,148,http-main-5-148,success,17.369,398,220316,209036,110580,-40,,
2026-09-04T10:37:42.280157,HTTP,5,5,3,149,http-main-5-149,success,22.661,384,220304,209036,110580,-37,,
2026-09-04T10:37:42.502970,HTTP,5,5,3,150,http-main-5-150,success,16.914,381,220288,209036,110580,-40,,
2026-09-04T10:37:42.720031,HTTP,5,5,3,151,http-main-5-151,success,19.777,401,220300,209036,110580,-38,,
2026-09-04T10:37:42.939955,HTTP,5,5,3,152,http-main-5-152,success,21.116,384,220292,209036,110580,-40,,
2026-09-04T10:37:43.161229,HTTP,5,5,3,153,http-main-5-153,success,16.630,383,220292,209036,110580,-39,,
2026-09-04T10:37:43.378012,HTTP,5,5,3,154,http-main-5-154,success,17.716,505,220096,209036,110580,-39,,
2026-09-04T10:37:43.595875,HTTP,5,5,3,155,http-main-5-155,success,19.710,386,220316,209036,110580,-40,,
2026-09-04T10:37:43.815732,HTTP,5,5,3,156,http-main-5-156,success,22.591,437,220312,209036,110580,-38,,
2026-09-04T10:37:44.038479,HTTP,5,5,3,157,http-main-5-157,success,20.875,386,220304,209036,110580,-41,,
2026-09-04T10:37:44.259504,HTTP,5,5,3,158,http-main-5-158,success,19.968,383,220312,209036,110580,-37,,
2026-09-04T10:37:44.479620,HTTP,5,5,3,159,http-main-5-159,success,22.970,384,220304,209036,110580,-40,,
2026-09-04T10:37:44.702740,HTTP,5,5,3,160,http-main-5-160,success,16.683,383,220312,209036,110580,-39,,
2026-09-04T10:37:44.919595,HTTP,5,5,3,161,http-main-5-161,success,20.138,384,220328,209036,110580,-40,,
2026-09-04T10:37:45.139901,HTTP,5,5,3,162,http-main-5-162,success,16.535,384,220304,209036,110580,-40,,
2026-09-04T10:37:45.356588,HTTP,5,5,3,163,http-main-5-163,success,17.320,379,220308,209036,110580,-40,,
2026-09-04T10:37:45.574056,HTTP,5,5,3,164,http-main-5-164,success,18.297,383,220312,209036,110580,-41,,
2026-09-04T10:37:45.792503,HTTP,5,5,3,165,http-main-5-165,success,17.065,390,220324,209036,110580,-40,,
2026-09-04T10:37:46.009725,HTTP,5,5,3,166,http-main-5-166,success,20.037,397,220324,209036,110580,-38,,
2026-09-04T10:37:46.229919,HTTP,5,5,3,167,http-main-5-167,success,17.706,447,219996,209036,110580,-40,,
2026-09-04T10:37:46.447775,HTTP,5,5,3,168,http-main-5-168,success,22.508,382,220308,209036,110580,-40,,
2026-09-04T10:37:46.670432,HTTP,5,5,3,169,http-main-5-169,success,22.622,386,220304,209036,110580,-40,,
2026-09-04T10:37:46.893208,HTTP,5,5,3,170,http-main-5-170,success,20.440,384,220284,209036,110580,-38,,
2026-09-04T10:37:47.113810,HTTP,5,5,3,171,http-main-5-171,success,19.767,393,220272,209036,110580,-44,,
2026-09-04T10:37:47.333729,HTTP,5,5,3,172,http-main-5-172,success,15.416,442,220292,209036,110580,-37,,
2026-09-04T10:37:47.549291,HTTP,5,5,3,173,http-main-5-173,success,20.222,390,220312,209036,110580,-40,,
2026-09-04T10:37:47.769659,HTTP,5,5,3,174,http-main-5-174,success,24.672,411,220292,209036,110580,-38,,
2026-09-04T10:37:47.994488,HTTP,5,5,3,175,http-main-5-175,success,19.369,471,220316,209036,110580,-40,,
2026-09-04T10:37:48.214018,HTTP,5,5,3,176,http-main-5-176,success,20.568,406,220292,209036,110580,-38,,
2026-09-04T10:37:48.434737,HTTP,5,5,3,177,http-main-5-177,success,25.538,385,220284,209036,110580,-38,,
2026-09-04T10:37:48.660426,HTTP,5,5,3,178,http-main-5-178,success,15.732,386,220300,209036,110580,-40,,
2026-09-04T10:37:48.876308,HTTP,5,5,3,179,http-main-5-179,success,17.929,428,220076,209036,110580,-36,,
2026-09-04T10:37:49.094397,HTTP,5,5,3,180,http-main-5-180,success,17.070,380,220324,209036,110580,-40,,
2026-09-04T10:37:49.311646,HTTP,5,5,3,181,http-main-5-181,success,18.212,383,220304,209036,110580,-38,,
2026-09-04T10:37:49.530016,HTTP,5,5,3,182,http-main-5-182,success,18.083,383,220324,209036,110580,-39,,
2026-09-04T10:37:49.748253,HTTP,5,5,3,183,http-main-5-183,success,29.017,384,220304,209036,110580,-40,,
2026-09-04T10:37:49.977433,HTTP,5,5,3,184,http-main-5-184,success,27.013,382,220300,209036,110580,-38,,
2026-09-04T10:37:50.204619,HTTP,5,5,3,185,http-main-5-185,success,16.661,387,220324,209036,110580,-39,,
2026-09-04T10:37:50.421428,HTTP,5,5,3,186,http-main-5-186,success,20.503,386,220308,209036,110580,-40,,
2026-09-04T10:37:50.642077,HTTP,5,5,3,187,http-main-5-187,success,19.357,589,219244,209036,110580,-40,,
2026-09-04T10:37:50.861581,HTTP,5,5,3,188,http-main-5-188,success,18.335,389,220304,209036,110580,-40,,
2026-09-04T10:37:51.080086,HTTP,5,5,3,189,http-main-5-189,success,20.339,685,220108,209036,110580,-39,,
2026-09-04T10:37:51.300574,HTTP,5,5,3,190,http-main-5-190,success,27.129,389,220092,209036,110580,-41,,
2026-09-04T10:37:51.527846,HTTP,5,5,3,191,http-main-5-191,success,22.579,388,220308,209036,110580,-39,,
2026-09-04T10:37:51.750566,HTTP,5,5,3,192,http-main-5-192,success,17.990,381,220308,209036,110580,-40,,
2026-09-04T10:37:51.968708,HTTP,5,5,3,193,http-main-5-193,success,17.555,383,220308,209036,110580,-41,,
2026-09-04T10:37:52.186440,HTTP,5,5,3,194,http-main-5-194,success,18.598,382,220316,209036,110580,-38,,
2026-09-04T10:37:52.405187,HTTP,5,5,3,195,http-main-5-195,success,21.297,433,220108,209036,110580,-40,,
2026-09-04T10:37:52.626626,HTTP,5,5,3,196,http-main-5-196,success,40.361,378,220328,209036,110580,-39,,
2026-09-04T10:37:52.867137,HTTP,5,5,3,197,http-main-5-197,success,20.407,386,220304,209036,110580,-38,,
2026-09-04T10:37:53.087718,HTTP,5,5,3,198,http-main-5-198,success,21.207,411,220072,209036,110580,-39,,
2026-09-04T10:37:53.309076,HTTP,5,5,3,199,http-main-5-199,success,17.602,385,220328,209036,110580,-38,,
2026-09-04T10:37:53.526831,HTTP,5,5,3,200,http-main-5-200,success,20.084,393,220292,209036,110580,-37,,
